<?xml version="1.0" encoding="utf-8"?>
<COLLADA xmlns="http://www.collada.org/2005/11/COLLADASchema" version="1.4.1" xmlns:xsi="http://www.w3.org/2001/XMLSchema-instance">
  <asset>
    <contributor>
      <author>Blender User</author>
      <authoring_tool>Blender 3.0.1</authoring_tool>
    </contributor>
    <created>2026-01-20T12:14:16</created>
    <modified>2026-01-20T12:14:16</modified>
    <unit name="meter" meter="1"/>
    <up_axis>Z_UP</up_axis>
  </asset>
  <library_effects>
    <effect id="mat_1_002-effect">
      <profile_COMMON>
        <technique sid="common">
          <lambert>
            <emission>
              <color sid="emission">0 0 0 1</color>
            </emission>
            <diffuse>
              <color sid="diffuse">0 0 0 1</color>
            </diffuse>
            <reflectivity>
              <float sid="specular">1</float>
            </reflectivity>
            <index_of_refraction>
              <float sid="ior">1.45</float>
            </index_of_refraction>
          </lambert>
        </technique>
      </profile_COMMON>
    </effect>
    <effect id="mat_2_002-effect">
      <profile_COMMON>
        <technique sid="common">
          <lambert>
            <emission>
              <color sid="emission">0 0 0 1</color>
            </emission>
            <diffuse>
              <color sid="diffuse">0.3185468 0.3185468 0.3185468 1</color>
            </diffuse>
            <reflectivity>
              <float sid="specular">1</float>
            </reflectivity>
            <index_of_refraction>
              <float sid="ior">1.45</float>
            </index_of_refraction>
          </lambert>
        </technique>
      </profile_COMMON>
    </effect>
    <effect id="mat_4_003-effect">
      <profile_COMMON>
        <technique sid="common">
          <lambert>
            <emission>
              <color sid="emission">0 0 0 1</color>
            </emission>
            <diffuse>
              <color sid="diffuse">0.8 0.8 0.8 1</color>
            </diffuse>
            <reflectivity>
              <float sid="specular">1</float>
            </reflectivity>
            <index_of_refraction>
              <float sid="ior">1.45</float>
            </index_of_refraction>
          </lambert>
        </technique>
      </profile_COMMON>
    </effect>
    <effect id="Kuka_black_002-effect">
      <profile_COMMON>
        <technique sid="common">
          <lambert>
            <emission>
              <color sid="emission">0.0637207 0.0637207 0.0637207 1</color>
            </emission>
            <diffuse>
              <color sid="diffuse">0.09850427 0.09850427 0.09850436 1</color>
            </diffuse>
            <index_of_refraction>
              <float sid="ior">1.45</float>
            </index_of_refraction>
          </lambert>
        </technique>
      </profile_COMMON>
    </effect>
  </library_effects>
  <library_images/>
  <library_materials>
    <material id="mat_1_002-material" name="mat_1.002">
      <instance_effect url="#mat_1_002-effect"/>
    </material>
    <material id="mat_2_002-material" name="mat_2.002">
      <instance_effect url="#mat_2_002-effect"/>
    </material>
    <material id="mat_4_003-material" name="mat_4.003">
      <instance_effect url="#mat_4_003-effect"/>
    </material>
    <material id="Kuka_black_002-material" name="Kuka_black.002">
      <instance_effect url="#Kuka_black_002-effect"/>
    </material>
  </library_materials>
  <library_geometries>
    <geometry id="Mesh69_007-mesh" name="Mesh69.007">
      <mesh>
        <source id="Mesh69_007-mesh-positions">
          <float_array id="Mesh69_007-mesh-positions-array" count="8178">1.3865 -0.05573797 1.547458 1.3845 -0.05573797 1.547458 1.3845 -0.05514675 1.546322 1.3865 -0.05514675 1.546322 1.3845 -0.05630415 1.544191 1.3845 -0.05774235 1.538918 1.3845 -0.05757868 1.544068 1.3845 -0.0553655 1.545061 1.3845 -0.06211078 1.532392 1.3845 -0.0519669 1.549723 1.3845 -0.06129896 1.527193 1.3845 -0.05514675 1.546322 1.3845 -0.06430107 1.520061 1.3845 -0.05573797 1.547458 1.3845 -0.0625 1.515 1.3845 -0.04841434 1.557618 1.3845 -0.064067 1.507539 1.3845 -0.04419416 1.559194 1.3845 -0.06129896 1.502807 1.3845 -0.03926557 1.566171 1.3845 -0.0614174 1.495298 1.3845 -0.0347231 1.566967 1.3845 -0.05774235 1.491082 1.3845 -0.02863615 1.572795 1.3845 -0.05645215 1.4838 1.3845 -0.02391767 1.572742 1.3845 -0.0519669 1.480277 1.3845 -0.0169273 1.577239 1.3845 -0.04935824 1.473479 1.3845 -0.01219308 1.576299 1.3845 -0.04419416 1.470806 1.3845 -0.004579961 1.579337 1.3845 -0.04040366 1.464723 1.3845 0 1.5775 1.3845 -0.0347231 1.463033 1.3845 0.007939875 1.579009 1.3845 -0.0299257 1.457862 1.3845 0.01219308 1.576299 1.3845 -0.02391767 1.457258 1.3845 0.02016049 1.576268 1.3845 -0.01831912 1.453156 1.3845 0.02391767 1.572742 1.3845 -0.01219308 1.453701 1.3845 0.03162086 1.571217 1.3845 -0.006022155 1.450782 1.3845 0.0347231 1.566967 1.3845 0 1.4525 1.3845 0.04188919 1.564046 1.3845 0.006501853 1.450828 1.3845 0.04419416 1.559194 1.3845 0.01219308 1.453701 1.3845 0.05057787 1.555026 1.3845 0.01878076 1.453295 1.3845 0.0519669 1.549723 1.3845 0.02391767 1.457258 1.3845 0.05735987 1.544497 1.3845 0.03035163 1.458088 1.3845 0.05774235 1.538918 1.3845 0.0347231 1.463033 1.3845 0.06197893 1.532856 1.3845 0.04077816 1.465026 1.3845 0.06129896 1.527193 1.3845 0.04419416 1.470806 1.3845 0.06426149 1.520541 1.3845 0.04966717 1.473849 1.3845 0.0625 1.515 1.3845 0.0519669 1.480277 1.3845 0.064121 1.508018 1.3845 0.05668354 1.484223 1.3845 0.06129896 1.502807 1.3845 0.05774235 1.491082 1.3845 0.06156277 1.495758 1.3845 -0.05573797 1.547458 1.3865 -0.05573797 1.547458 1.3865 -0.04841434 1.557618 1.3845 -0.04841434 1.557618 1.3865 -0.03926557 1.566171 1.3845 -0.03926557 1.566171 1.3865 -0.02863615 1.572795 1.3845 -0.02863615 1.572795 1.3865 -0.0169273 1.577239 1.3845 -0.0169273 1.577239 1.3865 -0.004579961 1.579337 1.3845 -0.004579961 1.579337 1.3865 0 1.5795 1.3845 0 1.5795 1.3865 0.007939875 1.579009 1.3845 0.007939875 1.579009 1.3865 0.02016049 1.576268 1.3845 0.02016049 1.576268 1.3865 0.03162086 1.571217 1.3845 0.03162086 1.571217 1.3865 0.04188919 1.564046 1.3845 0.04188919 1.564046 1.3865 0.05057787 1.555026 1.3845 0.05057787 1.555026 1.3865 0.05735987 1.544497 1.3845 0.05735987 1.544497 1.3865 0.06197893 1.532856 1.3845 0.06197893 1.532856 1.3865 0.06426149 1.520541 1.3845 0.06426149 1.520541 1.3865 0.064121 1.508018 1.3845 0.064121 1.508018 1.3865 0.06156277 1.495758 1.3845 0.06156277 1.495758 1.3865 0.05668354 1.484223 1.3845 0.05668354 1.484223 1.3865 0.04966717 1.473849 1.3845 0.04966717 1.473849 1.3865 0.04077816 1.465026 1.3845 0.04077816 1.465026 1.3865 0.03035163 1.458088 1.3845 0.03035163 1.458088 1.3865 0.01878076 1.453295 1.3845 0.01878076 1.453295 1.3865 0.006501853 1.450828 1.3845 0.006501853 1.450828 1.3865 -0.006022155 1.450782 1.3845 -0.006022155 1.450782 1.3865 -0.01831912 1.453156 1.3845 -0.01831912 1.453156 1.3865 -0.0299257 1.457862 1.3845 -0.0299257 1.457862 1.3865 -0.04040366 1.464723 1.3845 -0.04040366 1.464723 1.3865 -0.04935824 1.473479 1.3845 -0.04935824 1.473479 1.3865 -0.05645215 1.4838 1.3845 -0.05645215 1.4838 1.3865 -0.0614174 1.495298 1.3845 -0.0614174 1.495298 1.3865 -0.064067 1.507539 1.3845 -0.064067 1.507539 1.3865 -0.06430107 1.520061 1.3845 -0.06430107 1.520061 1.3865 -0.06211078 1.532392 1.3845 -0.06211078 1.532392 1.3865 -0.05757868 1.544068 1.3845 -0.05757868 1.544068 1.3865 -0.05573797 1.547458 1.3865 -0.05514675 1.546322 1.3865 -0.05071943 1.54889 1.3865 -0.04841434 1.557618 1.3865 -0.04313337 1.558133 1.3865 -0.03926557 1.566171 1.3865 -0.03388977 1.56572 1.3865 -0.02863615 1.572795 1.3865 -0.02334368 1.571357 1.3865 -0.0169273 1.577239 1.3865 -0.01190048 1.574828 1.3865 -0.004579961 1.579337 1.3865 0 1.576 1.3865 0 1.5795 1.3865 0.007939875 1.579009 1.3865 0.01190048 1.574828 1.3865 0.02016049 1.576268 1.3865 0.02334368 1.571357 1.3865 0.03162086 1.571217 1.3865 0.03388977 1.56572 1.3865 0.04188919 1.564046 1.3865 0.04313337 1.558133 1.3865 0.05057787 1.555026 1.3865 0.05071943 1.54889 1.3865 0.05735987 1.544497 1.3865 0.05635654 1.538344 1.3865 0.06197893 1.532856 1.3865 0.05982786 1.526901 1.3865 0.06426149 1.520541 1.3865 0.06099987 1.515 1.3865 0.064121 1.508018 1.3865 0.05982786 1.503099 1.3865 0.06156277 1.495758 1.3865 0.05635654 1.491656 1.3865 0.05668354 1.484223 1.3865 0.05071943 1.48111 1.3865 0.04966717 1.473849 1.3865 0.04077816 1.465026 1.3865 0.04313337 1.471866 1.3865 0.03388977 1.46428 1.3865 0.02334368 1.458643 1.3865 0.03035163 1.458088 1.3865 0.01878076 1.453295 1.3865 0.006501853 1.450828 1.3865 0.01190048 1.455172 1.3865 0 1.454 1.3865 -0.006022155 1.450782 1.3865 -0.01190048 1.455172 1.3865 -0.02334368 1.458643 1.3865 -0.01831912 1.453156 1.3865 -0.0299257 1.457862 1.3865 -0.04040366 1.464723 1.3865 -0.03388977 1.46428 1.3865 -0.04313337 1.471866 1.3865 -0.04935824 1.473479 1.3865 -0.05071943 1.48111 1.3865 -0.05635654 1.491656 1.3865 -0.05645215 1.4838 1.3865 -0.0614174 1.495298 1.3865 -0.064067 1.507539 1.3865 -0.05982786 1.503099 1.3865 -0.06099987 1.515 1.3865 -0.06430107 1.520061 1.3865 -0.05982786 1.526901 1.3865 -0.05635654 1.538344 1.3865 -0.06211078 1.532392 1.3865 -0.05757868 1.544068 1.3865 -0.05712306 1.544015 1.3865 -0.05630415 1.544191 1.3865 -0.0553655 1.545061 1.38875 0.001722097 1.460842 1.38875 0 1.4605 1.395 0 1.4605 1.395 0.001722097 1.460842 1.38875 0.003181934 1.461818 1.395 0.003181934 1.461818 1.38875 0.004157483 1.463278 1.395 0.004157483 1.463278 1.38875 0.004499912 1.465 1.395 0.004499912 1.465 1.38875 0.004157483 1.466722 1.395 0.004157483 1.466722 1.38875 0.003181934 1.468182 1.395 0.003181934 1.468182 1.38875 0.001722097 1.469157 1.395 0.001722097 1.469157 1.395 0 1.4695 1.38875 0 1.4695 1.38875 -0.001722097 1.469157 1.395 -0.001722097 1.469157 1.38875 -0.003181934 1.468182 1.395 -0.003181934 1.468182 1.395 -0.004157483 1.466722 1.38875 -0.004157483 1.466722 1.395 -0.004499912 1.465 1.395 -0.004157483 1.463278 1.38875 -0.004499912 1.465 1.38875 -0.004157483 1.463278 1.38875 -0.003181934 1.461818 1.395 -0.003181934 1.461818 1.395 -0.001722097 1.460842 1.38875 -0.001722097 1.460842 1.38875 0.02672207 1.467541 1.38875 0.02499997 1.467199 1.395 0.02499997 1.467199 1.395 0.02672207 1.467541 1.38875 0.02818197 1.468517 1.395 0.02818197 1.468517 1.38875 0.0291574 1.469977 1.395 0.0291574 1.469977 1.38875 0.02949988 1.471699 1.395 0.02949988 1.471699 1.38875 0.0291574 1.473421 1.395 0.0291574 1.473421 1.38875 0.02818197 1.474881 1.395 0.02818197 1.474881 1.38875 0.02672207 1.475856 1.395 0.02672207 1.475856 1.395 0.02499997 1.476199 1.38875 0.02499997 1.476199 1.38875 0.02327775 1.475856 1.395 0.02327775 1.475856 1.38875 0.02181798 1.474881 1.395 0.02181798 1.474881 1.395 0.02084249 1.473421 1.38875 0.02084249 1.473421 1.395 0.0205 1.471699 1.395 0.02084249 1.469977 1.38875 0.0205 1.471699 1.38875 0.02084249 1.469977 1.38875 0.02181798 1.468517 1.395 0.02181798 1.468517 1.395 0.02327775 1.467541 1.38875 0.02327775 1.467541 1.38875 -0.02327775 1.467541 1.38875 -0.02499997 1.467199 1.395 -0.02499997 1.467199 1.395 -0.02327775 1.467541 1.38875 -0.02181798 1.468517 1.395 -0.02181798 1.468517 1.38875 -0.02084249 1.469977 1.395 -0.02084249 1.469977 1.38875 -0.0205 1.471699 1.395 -0.0205 1.471699 1.38875 -0.02084249 1.473421 1.395 -0.02084249 1.473421 1.38875 -0.02181798 1.474881 1.395 -0.02181798 1.474881 1.38875 -0.02327775 1.475856 1.395 -0.02327775 1.475856 1.395 -0.02499997 1.476199 1.38875 -0.02499997 1.476199 1.38875 -0.02672207 1.475856 1.395 -0.02672207 1.475856 1.38875 -0.02818197 1.474881 1.395 -0.02818197 1.474881 1.395 -0.0291574 1.473421 1.38875 -0.0291574 1.473421 1.395 -0.02949988 1.471699 1.395 -0.0291574 1.469977 1.38875 -0.02949988 1.471699 1.38875 -0.0291574 1.469977 1.38875 -0.02818197 1.468517 1.395 -0.02818197 1.468517 1.395 -0.02672207 1.467541 1.38875 -0.02672207 1.467541 1.38875 0.05172199 1.510842 1.38875 0.04999995 1.5105 1.395 0.04999995 1.5105 1.395 0.05172199 1.510842 1.38875 0.05318188 1.511818 1.395 0.05318188 1.511818 1.38875 0.05415737 1.513278 1.395 0.05415737 1.513278 1.38875 0.05449998 1.515 1.395 0.05449998 1.515 1.38875 0.05415737 1.516722 1.395 0.05415737 1.516722 1.38875 0.05318188 1.518182 1.395 0.05318188 1.518182 1.38875 0.05172199 1.519157 1.395 0.05172199 1.519157 1.395 0.04999995 1.5195 1.38875 0.04999995 1.5195 1.38875 0.04827785 1.519157 1.395 0.04827785 1.519157 1.38875 0.04681783 1.518182 1.395 0.04681783 1.518182 1.395 0.04584234 1.516722 1.38875 0.04584234 1.516722 1.395 0.04549998 1.515 1.395 0.04584234 1.513278 1.38875 0.04549998 1.515 1.38875 0.04584234 1.513278 1.38875 0.04681783 1.511818 1.395 0.04681783 1.511818 1.395 0.04827785 1.510842 1.38875 0.04827785 1.510842 1.38875 -0.04827785 1.510842 1.38875 -0.04999995 1.5105 1.395 -0.04999995 1.5105 1.395 -0.04827785 1.510842 1.38875 -0.04681783 1.511818 1.395 -0.04681783 1.511818 1.38875 -0.04584234 1.513278 1.395 -0.04584234 1.513278 1.38875 -0.04549998 1.515 1.395 -0.04549998 1.515 1.38875 -0.04584234 1.516722 1.395 -0.04584234 1.516722 1.38875 -0.04681783 1.518182 1.395 -0.04681783 1.518182 1.38875 -0.04827785 1.519157 1.395 -0.04827785 1.519157 1.395 -0.04999995 1.5195 1.38875 -0.04999995 1.5195 1.38875 -0.05172199 1.519157 1.395 -0.05172199 1.519157 1.38875 -0.05318188 1.518182 1.395 -0.05318188 1.518182 1.395 -0.05415737 1.516722 1.38875 -0.05415737 1.516722 1.395 -0.05449998 1.515 1.395 -0.05415737 1.513278 1.38875 -0.05449998 1.515 1.38875 -0.05415737 1.513278 1.38875 -0.05318188 1.511818 1.395 -0.05318188 1.511818 1.395 -0.05172199 1.510842 1.38875 -0.05172199 1.510842 1.38875 0.04502326 1.535842 1.38875 0.04330128 1.5355 1.395 0.04330128 1.5355 1.395 0.04502326 1.535842 1.38875 0.04648303 1.536818 1.395 0.04648303 1.536818 1.38875 0.04745852 1.538278 1.395 0.04745852 1.538278 1.38875 0.04780113 1.54 1.395 0.04780113 1.54 1.38875 0.04745852 1.541722 1.395 0.04745852 1.541722 1.38875 0.04648303 1.543182 1.395 0.04648303 1.543182 1.38875 0.04502326 1.544157 1.395 0.04502326 1.544157 1.38875 0.04330128 1.5445 1.38875 0.04157906 1.544157 1.395 0.04157906 1.544157 1.395 0.04330128 1.5445 1.395 0.04011929 1.543182 1.395 0.0391438 1.541722 1.38875 0.04011929 1.543182 1.38875 0.0391438 1.541722 1.38875 0.03880125 1.54 1.395 0.03880125 1.54 1.395 0.0391438 1.538278 1.38875 0.0391438 1.538278 1.395 0.04011929 1.536818 1.395 0.04157906 1.535842 1.38875 0.04011929 1.536818 1.38875 0.04157906 1.535842 1.38875 -0.04157906 1.535842 1.38875 -0.04330128 1.5355 1.395 -0.04330128 1.5355 1.395 -0.04157906 1.535842 1.38875 -0.04011929 1.536818 1.395 -0.04011929 1.536818 1.38875 -0.0391438 1.538278 1.395 -0.0391438 1.538278 1.38875 -0.03880125 1.54 1.395 -0.03880125 1.54 1.38875 -0.0391438 1.541722 1.395 -0.0391438 1.541722 1.38875 -0.04011929 1.543182 1.395 -0.04011929 1.543182 1.38875 -0.04157906 1.544157 1.395 -0.04157906 1.544157 1.38875 -0.04330128 1.5445 1.38875 -0.04502326 1.544157 1.395 -0.04502326 1.544157 1.395 -0.04330128 1.5445 1.395 -0.04648303 1.543182 1.395 -0.04745852 1.541722 1.38875 -0.04648303 1.543182 1.38875 -0.04745852 1.541722 1.38875 -0.04780113 1.54 1.395 -0.04780113 1.54 1.395 -0.04745852 1.538278 1.38875 -0.04745852 1.538278 1.395 -0.04648303 1.536818 1.395 -0.04502326 1.535842 1.38875 -0.04648303 1.536818 1.38875 -0.04502326 1.535842 1.38875 0.02672207 1.554144 1.38875 0.02499997 1.553801 1.395 0.02499997 1.553801 1.395 0.02672207 1.554144 1.38875 0.02818197 1.555119 1.395 0.02818197 1.555119 1.38875 0.0291574 1.556579 1.395 0.0291574 1.556579 1.38875 0.02949988 1.558301 1.395 0.02949988 1.558301 1.38875 0.0291574 1.560023 1.395 0.0291574 1.560023 1.38875 0.02818197 1.561483 1.395 0.02818197 1.561483 1.38875 0.02672207 1.562459 1.395 0.02672207 1.562459 1.38875 0.02499997 1.562801 1.38875 0.02327775 1.562459 1.395 0.02327775 1.562459 1.395 0.02499997 1.562801 1.395 0.02181798 1.561483 1.395 0.02084249 1.560023 1.38875 0.02181798 1.561483 1.38875 0.02084249 1.560023 1.38875 0.0205 1.558301 1.395 0.0205 1.558301 1.395 0.02084249 1.556579 1.38875 0.02084249 1.556579 1.395 0.02181798 1.555119 1.395 0.02327775 1.554144 1.38875 0.02181798 1.555119 1.38875 0.02327775 1.554144 1.38875 -0.02327775 1.554144 1.38875 -0.02499997 1.553801 1.395 -0.02499997 1.553801 1.395 -0.02327775 1.554144 1.38875 -0.02181798 1.555119 1.395 -0.02181798 1.555119 1.38875 -0.02084249 1.556579 1.395 -0.02084249 1.556579 1.38875 -0.0205 1.558301 1.395 -0.0205 1.558301 1.38875 -0.02084249 1.560023 1.395 -0.02084249 1.560023 1.38875 -0.02181798 1.561483 1.395 -0.02181798 1.561483 1.38875 -0.02327775 1.562459 1.395 -0.02327775 1.562459 1.38875 -0.02499997 1.562801 1.38875 -0.02672207 1.562459 1.395 -0.02672207 1.562459 1.395 -0.02499997 1.562801 1.395 -0.02818197 1.561483 1.395 -0.0291574 1.560023 1.38875 -0.02818197 1.561483 1.38875 -0.0291574 1.560023 1.38875 -0.02949988 1.558301 1.395 -0.02949988 1.558301 1.395 -0.0291574 1.556579 1.38875 -0.0291574 1.556579 1.395 -0.02818197 1.555119 1.395 -0.02672207 1.554144 1.38875 -0.02818197 1.555119 1.38875 -0.02672207 1.554144 1.395 0 1.569 1.38875 -0.001530647 1.568696 1.38875 0 1.569 1.395 -0.001530647 1.568696 1.38875 0.001530647 1.568696 1.395 0.001530647 1.568696 1.395 0.00282824 1.567828 1.38875 0.00282824 1.567828 1.395 0.003695428 1.566531 1.38875 0.003695428 1.566531 1.395 0.003999948 1.565 1.38875 0.003999948 1.565 1.395 0.003695428 1.563469 1.38875 0.003695428 1.563469 1.395 0.00282824 1.562171 1.38875 0.00282824 1.562171 1.395 0.001530647 1.561304 1.395 0 1.561 1.38875 0.001530647 1.561304 1.38875 0 1.561 1.38875 -0.001530647 1.561304 1.38875 -0.00282824 1.562171 1.395 -0.001530647 1.561304 1.395 -0.00282824 1.562171 1.38875 -0.003695428 1.563469 1.395 -0.003695428 1.563469 1.395 -0.003999948 1.565 1.38875 -0.003999948 1.565 1.38875 -0.003695428 1.566531 1.38875 -0.00282824 1.567828 1.395 -0.003695428 1.566531 1.395 -0.00282824 1.567828 1.395 0.001530647 1.561304 1.395 0 1.561 1.395 0 1.5465 1.395 0.006145298 1.545895 1.395 0.00282824 1.562171 1.395 0.02084249 1.556579 1.395 0.0205 1.558301 1.395 0.003695428 1.563469 1.395 0.02084249 1.560023 1.395 0.003999948 1.565 1.395 0.01199793 1.575318 1.395 0.003695428 1.566531 1.395 0.00282824 1.567828 1.395 0 1.5765 1.395 0.001530647 1.568696 1.395 0 1.569 1.395 -0.001530647 1.568696 1.395 -0.00282824 1.567828 1.395 -0.003695428 1.566531 1.395 -0.01199793 1.575318 1.395 -0.02084249 1.560023 1.395 -0.02181798 1.561483 1.395 -0.02353495 1.571819 1.395 -0.003999948 1.565 1.395 -0.003695428 1.563469 1.395 -0.0205 1.558301 1.395 -0.00282824 1.562171 1.395 -0.001530647 1.561304 1.395 -0.006145298 1.545895 1.395 -0.02084249 1.556579 1.395 -0.0120545 1.544102 1.395 -0.02181798 1.555119 1.395 -0.01750046 1.541191 1.395 -0.02327775 1.554144 1.395 -0.02499997 1.553801 1.395 -0.02227377 1.537274 1.395 -0.02672207 1.554144 1.395 -0.0391438 1.541722 1.395 -0.02818197 1.555119 1.395 -0.04011929 1.543182 1.395 -0.0291574 1.556579 1.395 -0.04157906 1.544157 1.395 -0.04348707 1.558487 1.395 -0.02949988 1.558301 1.395 -0.03416746 1.566135 1.395 -0.0291574 1.560023 1.395 -0.02818197 1.561483 1.395 -0.02672207 1.562459 1.395 -0.02499997 1.562801 1.395 -0.02327775 1.562459 1.395 -0.04330128 1.5445 1.395 -0.05113536 1.549168 1.395 -0.04502326 1.544157 1.395 -0.04648303 1.543182 1.395 -0.04745852 1.541722 1.395 -0.0568186 1.538535 1.395 -0.04780113 1.54 1.395 -0.04745852 1.538278 1.395 -0.04648303 1.536818 1.395 -0.06031829 1.526998 1.395 -0.04999995 1.5195 1.395 -0.05172199 1.519157 1.395 -0.05318188 1.518182 1.395 -0.05415737 1.516722 1.395 -0.06149995 1.515 1.395 -0.06031829 1.503002 1.395 -0.05449998 1.515 1.395 -0.05415737 1.513278 1.395 -0.05318188 1.511818 1.395 -0.05172199 1.510842 1.395 -0.04999995 1.5105 1.395 -0.0568186 1.491465 1.395 -0.04827785 1.510842 1.395 -0.0291022 1.502945 1.395 -0.04681783 1.511818 1.395 -0.03089457 1.508855 1.395 -0.04584234 1.513278 1.395 -0.04549998 1.515 1.395 -0.03149998 1.515 1.395 -0.04584234 1.516722 1.395 -0.03089457 1.521145 1.395 -0.04157906 1.535842 1.395 -0.0291022 1.527055 1.395 -0.04681783 1.518182 1.395 -0.04330128 1.5355 1.395 -0.04827785 1.519157 1.395 -0.04502326 1.535842 1.395 -0.02619129 1.5325 1.395 -0.04011929 1.536818 1.395 -0.0391438 1.538278 1.395 -0.03880125 1.54 1.395 -0.02619129 1.4975 1.395 -0.05113536 1.480832 1.395 -0.02818197 1.474881 1.395 -0.02672207 1.475856 1.395 -0.02227377 1.492726 1.395 -0.02499997 1.476199 1.395 -0.01750046 1.488809 1.395 -0.02327775 1.475856 1.395 -0.02181798 1.474881 1.395 -0.0120545 1.485898 1.395 -0.02084249 1.473421 1.395 -0.006145298 1.484105 1.395 -0.003181934 1.468182 1.395 -0.001722097 1.469157 1.395 0 1.4835 1.395 0.001722097 1.469157 1.395 0 1.4695 1.395 0.006145298 1.484105 1.395 0.02084249 1.473421 1.395 0.0120545 1.485898 1.395 0.003181934 1.468182 1.395 0.0205 1.471699 1.395 0.004157483 1.466722 1.395 0.004499912 1.465 1.395 0.02084249 1.469977 1.395 0.02181798 1.468517 1.395 0.02353495 1.458181 1.395 0.02327775 1.467541 1.395 0.01199793 1.454682 1.395 0.004157483 1.463278 1.395 0.003181934 1.461818 1.395 0.001722097 1.460842 1.395 0 1.4535 1.395 -0.01199793 1.454682 1.395 -0.001722097 1.460842 1.395 0 1.4605 1.395 -0.003181934 1.461818 1.395 -0.004157483 1.463278 1.395 -0.004499912 1.465 1.395 -0.02181798 1.468517 1.395 -0.02084249 1.469977 1.395 -0.004157483 1.466722 1.395 -0.0205 1.471699 1.395 -0.02353495 1.458181 1.395 -0.02327775 1.467541 1.395 -0.02499997 1.467199 1.395 -0.02672207 1.467541 1.395 -0.02818197 1.468517 1.395 -0.03416746 1.463865 1.395 -0.04348707 1.471513 1.395 -0.02949988 1.471699 1.395 -0.0291574 1.469977 1.395 -0.0291574 1.473421 1.395 0.02499997 1.467199 1.395 0.02672207 1.467541 1.395 0.02818197 1.468517 1.395 0.03416746 1.463865 1.395 0.0291574 1.469977 1.395 0.04348707 1.471513 1.395 0.02949988 1.471699 1.395 0.0291574 1.473421 1.395 0.02818197 1.474881 1.395 0.05113536 1.480832 1.395 0.02619129 1.4975 1.395 0.02672207 1.475856 1.395 0.02227377 1.492726 1.395 0.02499997 1.476199 1.395 0.01750046 1.488809 1.395 0.02327775 1.475856 1.395 0.02181798 1.474881 1.395 0.0291022 1.502945 1.395 0.0568186 1.491465 1.395 0.04827785 1.510842 1.395 0.04999995 1.5105 1.395 0.06031829 1.503002 1.395 0.05172199 1.510842 1.395 0.05415737 1.513278 1.395 0.05318188 1.511818 1.395 0.06149995 1.515 1.395 0.06031829 1.526998 1.395 0.05449998 1.515 1.395 0.05415737 1.516722 1.395 0.05318188 1.518182 1.395 0.05172199 1.519157 1.395 0.04999995 1.5195 1.395 0.04502326 1.535842 1.395 0.04827785 1.519157 1.395 0.04648303 1.536818 1.395 0.0568186 1.538535 1.395 0.04745852 1.538278 1.395 0.04780113 1.54 1.395 0.04745852 1.541722 1.395 0.05113536 1.549168 1.395 0.04648303 1.543182 1.395 0.04502326 1.544157 1.395 0.04330128 1.5445 1.395 0.04348707 1.558487 1.395 0.04157906 1.544157 1.395 0.04011929 1.543182 1.395 0.0291574 1.556579 1.395 0.02818197 1.555119 1.395 0.02949988 1.558301 1.395 0.0291574 1.560023 1.395 0.03416746 1.566135 1.395 0.02353495 1.571819 1.395 0.02818197 1.561483 1.395 0.02672207 1.562459 1.395 0.02499997 1.562801 1.395 0.02327775 1.562459 1.395 0.02181798 1.561483 1.395 0.0391438 1.541722 1.395 0.02672207 1.554144 1.395 0.02499997 1.553801 1.395 0.02227377 1.537274 1.395 0.01750046 1.541191 1.395 0.03880125 1.54 1.395 0.02619129 1.5325 1.395 0.0391438 1.538278 1.395 0.04011929 1.536818 1.395 0.0291022 1.527055 1.395 0.04157906 1.535842 1.395 0.03089457 1.521145 1.395 0.04681783 1.518182 1.395 0.04584234 1.516722 1.395 0.03149998 1.515 1.395 0.04549998 1.515 1.395 0.04584234 1.513278 1.395 0.03089457 1.508855 1.395 0.04681783 1.511818 1.395 0.04330128 1.5355 1.395 0.02327775 1.554144 1.395 0.0120545 1.544102 1.395 0.02181798 1.555119 1.395 0 1.4535 1.395 -0.01199793 1.454682 1.394 -0.01219308 1.453701 1.394 0 1.4525 1.394 0.01219308 1.453701 1.395 0.01199793 1.454682 1.394 0.02391767 1.457258 1.395 0.02353495 1.458181 1.394 0.0347231 1.463033 1.395 0.03416746 1.463865 1.394 0.04419416 1.470806 1.395 0.04348707 1.471513 1.394 0.0519669 1.480277 1.395 0.05113536 1.480832 1.394 0.05774235 1.491082 1.395 0.0568186 1.491465 1.394 0.06129896 1.502807 1.395 0.06031829 1.503002 1.394 0.0625 1.515 1.395 0.06149995 1.515 1.394 0.06129896 1.527193 1.395 0.06031829 1.526998 1.394 0.05774235 1.538918 1.395 0.0568186 1.538535 1.394 0.0519669 1.549723 1.395 0.05113536 1.549168 1.394 0.04419416 1.559194 1.395 0.04348707 1.558487 1.394 0.0347231 1.566967 1.395 0.03416746 1.566135 1.394 0.02391767 1.572742 1.395 0.02353495 1.571819 1.394 0.01219308 1.576299 1.395 0.01199793 1.575318 1.394 0 1.5775 1.395 0 1.5765 1.395 -0.01199793 1.575318 1.395 -0.02353495 1.571819 1.394 -0.01219308 1.576299 1.394 -0.02391767 1.572742 1.394 -0.0347231 1.566967 1.395 -0.03416746 1.566135 1.395 -0.04348707 1.558487 1.394 -0.04419416 1.559194 1.395 -0.05113536 1.549168 1.395 -0.0568186 1.538535 1.394 -0.0519669 1.549723 1.394 -0.05774235 1.538918 1.394 -0.06129896 1.527193 1.395 -0.06031829 1.526998 1.395 -0.06149995 1.515 1.394 -0.0625 1.515 1.395 -0.06031829 1.503002 1.395 -0.0568186 1.491465 1.394 -0.06129896 1.502807 1.394 -0.05774235 1.491082 1.394 -0.0519669 1.480277 1.395 -0.05113536 1.480832 1.395 -0.04348707 1.471513 1.394 -0.04419416 1.470806 1.395 -0.03416746 1.463865 1.395 -0.02353495 1.458181 1.394 -0.0347231 1.463033 1.394 -0.02391767 1.457258 1.38575 0.006145298 1.484105 1.38575 0 1.4835 1.395 0.006145298 1.484105 1.395 0.0120545 1.485898 1.38575 0.0120545 1.485898 1.395 0.01750046 1.488809 1.38575 0.01750046 1.488809 1.395 0.02227377 1.492726 1.38575 0.02227377 1.492726 1.395 0.02619129 1.4975 1.38575 0.02619129 1.4975 1.395 0.0291022 1.502945 1.38575 0.0291022 1.502945 1.395 0.03089457 1.508855 1.38575 0.03089457 1.508855 1.395 0.03149998 1.515 1.38575 0.03149998 1.515 1.395 0.03089457 1.521145 1.38575 0.03089457 1.521145 1.395 0.0291022 1.527055 1.38575 0.0291022 1.527055 1.395 0.02619129 1.5325 1.38575 0.02619129 1.5325 1.395 0.02227377 1.537274 1.38575 0.02227377 1.537274 1.395 0.01750046 1.541191 1.38575 0.01750046 1.541191 1.395 0.0120545 1.544102 1.38575 0.0120545 1.544102 1.395 0.006145298 1.545895 1.38575 0.006145298 1.545895 1.395 0 1.5465 1.38575 0 1.5465 1.38575 -0.006145298 1.545895 1.38575 -0.0120545 1.544102 1.395 -0.006145298 1.545895 1.395 -0.0120545 1.544102 1.395 -0.01750046 1.541191 1.38575 -0.01750046 1.541191 1.38575 -0.02227377 1.537274 1.38575 -0.02619129 1.5325 1.395 -0.02227377 1.537274 1.395 -0.02619129 1.5325 1.38575 -0.0291022 1.527055 1.395 -0.0291022 1.527055 1.395 -0.03089457 1.521145 1.38575 -0.03089457 1.521145 1.38575 -0.03149998 1.515 1.38575 -0.03089457 1.508855 1.395 -0.03149998 1.515 1.395 -0.03089457 1.508855 1.38575 -0.0291022 1.502945 1.395 -0.0291022 1.502945 1.395 -0.02619129 1.4975 1.38575 -0.02619129 1.4975 1.38575 -0.02227377 1.492726 1.38575 -0.01750046 1.488809 1.395 -0.02227377 1.492726 1.395 -0.01750046 1.488809 1.38575 -0.0120545 1.485898 1.395 -0.0120545 1.485898 1.395 -0.006145298 1.484105 1.38575 -0.006145298 1.484105 1.395 0 1.4835 1.38875 0.02899998 1.558301 1.37475 0.02899998 1.558301 1.37475 0.02869546 1.55677 1.38875 0.02869546 1.559832 1.38875 0.02869546 1.55677 1.37475 0.02782839 1.555473 1.38875 0.02782839 1.555473 1.37475 0.02653068 1.554606 1.38875 0.02653068 1.554606 1.37475 0.02499997 1.554301 1.38875 0.02499997 1.554301 1.38875 0.02346915 1.554606 1.37475 0.02346915 1.554606 1.37475 0.02217143 1.555473 1.38875 0.02217143 1.555473 1.37475 0.02130436 1.55677 1.38875 0.02130436 1.55677 1.37475 0.02099984 1.558301 1.38875 0.02099984 1.558301 1.38875 0.02130436 1.559832 1.37475 0.02130436 1.559832 1.37475 0.02217143 1.56113 1.37475 0.02346915 1.561997 1.38875 0.02217143 1.56113 1.38875 0.02346915 1.561997 1.38875 0.02499997 1.562301 1.37475 0.02499997 1.562301 1.37475 0.02653068 1.561997 1.38875 0.02653068 1.561997 1.37475 0.02782839 1.56113 1.37475 0.02869546 1.559832 1.38875 0.02782839 1.56113 1.38875 0.04730129 1.54 1.37475 0.04730129 1.54 1.37475 0.04699677 1.538469 1.38875 0.04699677 1.541531 1.38875 0.04699677 1.538469 1.37475 0.0461297 1.537171 1.38875 0.0461297 1.537171 1.37475 0.04483199 1.536304 1.38875 0.04483199 1.536304 1.37475 0.04330128 1.536 1.38875 0.04330128 1.536 1.38875 0.04177033 1.536304 1.37475 0.04177033 1.536304 1.37475 0.04047262 1.537171 1.38875 0.04047262 1.537171 1.37475 0.03960567 1.538469 1.38875 0.03960567 1.538469 1.37475 0.03930115 1.54 1.38875 0.03930115 1.54 1.38875 0.03960567 1.541531 1.37475 0.03960567 1.541531 1.37475 0.04047262 1.542828 1.37475 0.04177033 1.543696 1.38875 0.04047262 1.542828 1.38875 0.04177033 1.543696 1.38875 0.04330128 1.544 1.37475 0.04330128 1.544 1.37475 0.04483199 1.543696 1.38875 0.04483199 1.543696 1.37475 0.0461297 1.542828 1.37475 0.04699677 1.541531 1.38875 0.0461297 1.542828 1.38875 0.05399996 1.515 1.37475 0.05399996 1.515 1.37475 0.05369544 1.513469 1.38875 0.05369544 1.516531 1.38875 0.05369544 1.513469 1.37475 0.05282837 1.512171 1.38875 0.05282837 1.512171 1.37475 0.05153053 1.511304 1.38875 0.05153053 1.511304 1.37475 0.04999995 1.511 1.38875 0.04999995 1.511 1.38875 0.0484693 1.511304 1.37475 0.0484693 1.511304 1.37475 0.04717159 1.512171 1.38875 0.04717159 1.512171 1.37475 0.04630446 1.513469 1.38875 0.04630446 1.513469 1.37475 0.046 1.515 1.38875 0.046 1.515 1.38875 0.04630446 1.516531 1.37475 0.04630446 1.516531 1.37475 0.04717159 1.517828 1.37475 0.0484693 1.518696 1.38875 0.04717159 1.517828 1.38875 0.0484693 1.518696 1.38875 0.04999995 1.519 1.37475 0.04999995 1.519 1.37475 0.05153053 1.518696 1.38875 0.05153053 1.518696 1.37475 0.05282837 1.517828 1.37475 0.05369544 1.516531 1.38875 0.05282837 1.517828 1.38875 0.02899998 1.471699 1.37475 0.02899998 1.471699 1.37475 0.02869546 1.470168 1.38875 0.02869546 1.473229 1.38875 0.02869546 1.470168 1.37475 0.02782839 1.46887 1.38875 0.02782839 1.46887 1.37475 0.02653068 1.468003 1.38875 0.02653068 1.468003 1.37475 0.02499997 1.467699 1.38875 0.02499997 1.467699 1.38875 0.02346915 1.468003 1.37475 0.02346915 1.468003 1.37475 0.02217143 1.46887 1.38875 0.02217143 1.46887 1.37475 0.02130436 1.470168 1.38875 0.02130436 1.470168 1.37475 0.02099984 1.471699 1.38875 0.02099984 1.471699 1.38875 0.02130436 1.473229 1.37475 0.02130436 1.473229 1.37475 0.02217143 1.474527 1.37475 0.02346915 1.475394 1.38875 0.02217143 1.474527 1.38875 0.02346915 1.475394 1.38875 0.02499997 1.475699 1.37475 0.02499997 1.475699 1.37475 0.02653068 1.475394 1.38875 0.02653068 1.475394 1.37475 0.02782839 1.474527 1.37475 0.02869546 1.473229 1.38875 0.02782839 1.474527 1.38875 0.003999948 1.465 1.37475 0.003999948 1.465 1.37475 0.003695428 1.463469 1.38875 0.003695428 1.466531 1.38875 0.003695428 1.463469 1.37475 0.00282824 1.462171 1.38875 0.00282824 1.462171 1.38875 0.001530647 1.461304 1.37475 0.001530647 1.461304 1.38875 0 1.461 1.38875 -0.001530647 1.461304 1.37475 0 1.461 1.37475 -0.001530647 1.461304 1.37475 -0.00282824 1.462171 1.38875 -0.00282824 1.462171 1.37475 -0.003695428 1.463469 1.38875 -0.003695428 1.463469 1.37475 -0.003999948 1.465 1.37475 -0.003695428 1.466531 1.38875 -0.003999948 1.465 1.38875 -0.003695428 1.466531 1.37475 -0.00282824 1.467828 1.38875 -0.00282824 1.467828 1.38875 -0.001530647 1.468696 1.37475 -0.001530647 1.468696 1.38875 0 1.469 1.38875 0.001530647 1.468696 1.37475 0.001530647 1.468696 1.37475 0 1.469 1.37475 0.00282824 1.467828 1.37475 0.003695428 1.466531 1.38875 0.00282824 1.467828 1.38875 -0.02099984 1.471699 1.37475 -0.02099984 1.471699 1.37475 -0.02130436 1.470168 1.38875 -0.02130436 1.473229 1.38875 -0.02130436 1.470168 1.37475 -0.02217143 1.46887 1.38875 -0.02217143 1.46887 1.37475 -0.02346915 1.468003 1.38875 -0.02346915 1.468003 1.37475 -0.02499997 1.467699 1.38875 -0.02499997 1.467699 1.38875 -0.02653068 1.468003 1.37475 -0.02653068 1.468003 1.37475 -0.02782839 1.46887 1.38875 -0.02782839 1.46887 1.37475 -0.02869546 1.470168 1.38875 -0.02869546 1.470168 1.37475 -0.02899998 1.471699 1.38875 -0.02899998 1.471699 1.38875 -0.02869546 1.473229 1.37475 -0.02869546 1.473229 1.37475 -0.02782839 1.474527 1.37475 -0.02653068 1.475394 1.38875 -0.02782839 1.474527 1.38875 -0.02653068 1.475394 1.38875 -0.02499997 1.475699 1.37475 -0.02499997 1.475699 1.37475 -0.02346915 1.475394 1.38875 -0.02346915 1.475394 1.37475 -0.02217143 1.474527 1.37475 -0.02130436 1.473229 1.38875 -0.02217143 1.474527 1.38875 -0.046 1.515 1.37475 -0.046 1.515 1.37475 -0.04630446 1.513469 1.38875 -0.04630446 1.516531 1.38875 -0.04630446 1.513469 1.37475 -0.04717159 1.512171 1.38875 -0.04717159 1.512171 1.37475 -0.0484693 1.511304 1.38875 -0.0484693 1.511304 1.37475 -0.04999995 1.511 1.38875 -0.04999995 1.511 1.38875 -0.05153053 1.511304 1.37475 -0.05153053 1.511304 1.37475 -0.05282837 1.512171 1.38875 -0.05282837 1.512171 1.37475 -0.05369544 1.513469 1.38875 -0.05369544 1.513469 1.37475 -0.05399996 1.515 1.38875 -0.05399996 1.515 1.38875 -0.05369544 1.516531 1.37475 -0.05369544 1.516531 1.37475 -0.05282837 1.517828 1.37475 -0.05153053 1.518696 1.38875 -0.05282837 1.517828 1.38875 -0.05153053 1.518696 1.38875 -0.04999995 1.519 1.37475 -0.04999995 1.519 1.37475 -0.0484693 1.518696 1.38875 -0.0484693 1.518696 1.37475 -0.04717159 1.517828 1.37475 -0.04630446 1.516531 1.38875 -0.04717159 1.517828 1.38875 -0.03930115 1.54 1.37475 -0.03930115 1.54 1.37475 -0.03960567 1.538469 1.38875 -0.03960567 1.541531 1.38875 -0.03960567 1.538469 1.37475 -0.04047262 1.537171 1.38875 -0.04047262 1.537171 1.37475 -0.04177033 1.536304 1.38875 -0.04177033 1.536304 1.37475 -0.04330128 1.536 1.38875 -0.04330128 1.536 1.38875 -0.04483199 1.536304 1.37475 -0.04483199 1.536304 1.37475 -0.0461297 1.537171 1.38875 -0.0461297 1.537171 1.37475 -0.04699677 1.538469 1.38875 -0.04699677 1.538469 1.37475 -0.04730129 1.54 1.38875 -0.04730129 1.54 1.38875 -0.04699677 1.541531 1.37475 -0.04699677 1.541531 1.37475 -0.0461297 1.542828 1.37475 -0.04483199 1.543696 1.38875 -0.0461297 1.542828 1.38875 -0.04483199 1.543696 1.38875 -0.04330128 1.544 1.37475 -0.04330128 1.544 1.37475 -0.04177033 1.543696 1.38875 -0.04177033 1.543696 1.37475 -0.04047262 1.542828 1.37475 -0.03960567 1.541531 1.38875 -0.04047262 1.542828 1.38875 -0.02099984 1.558301 1.37475 -0.02099984 1.558301 1.37475 -0.02130436 1.55677 1.38875 -0.02130436 1.559832 1.38875 -0.02130436 1.55677 1.37475 -0.02217143 1.555473 1.38875 -0.02217143 1.555473 1.37475 -0.02346915 1.554606 1.38875 -0.02346915 1.554606 1.37475 -0.02499997 1.554301 1.38875 -0.02499997 1.554301 1.38875 -0.02653068 1.554606 1.37475 -0.02653068 1.554606 1.37475 -0.02782839 1.555473 1.38875 -0.02782839 1.555473 1.37475 -0.02869546 1.55677 1.38875 -0.02869546 1.55677 1.37475 -0.02899998 1.558301 1.38875 -0.02899998 1.558301 1.38875 -0.02869546 1.559832 1.37475 -0.02869546 1.559832 1.37475 -0.02782839 1.56113 1.37475 -0.02653068 1.561997 1.38875 -0.02782839 1.56113 1.38875 -0.02653068 1.561997 1.38875 -0.02499997 1.562301 1.37475 -0.02499997 1.562301 1.37475 -0.02346915 1.561997 1.38875 -0.02346915 1.561997 1.37475 -0.02217143 1.56113 1.37475 -0.02130436 1.559832 1.38875 -0.02217143 1.56113 1.38875 0.00282824 1.562171 1.38875 0 1.561 1.38875 0.001530647 1.561304 1.38875 0.003695428 1.563469 1.38875 -0.003695428 1.563469 1.38875 0.003695428 1.566531 1.38875 0.003999948 1.565 1.38875 -0.003695428 1.566531 1.38875 0 1.569 1.38875 0.00282824 1.567828 1.38875 0.001530647 1.568696 1.38875 -0.00282824 1.567828 1.38875 -0.001530647 1.568696 1.38875 -0.003999948 1.565 1.38875 -0.00282824 1.562171 1.38875 -0.001530647 1.561304 1.394 0 1.5775 1.394 0.01219308 1.576299 1.392 0.01219308 1.576299 1.392 0 1.5775 1.392 -0.01219308 1.576299 1.394 -0.01219308 1.576299 1.392 -0.02391767 1.572742 1.394 -0.02391767 1.572742 1.392 -0.0347231 1.566967 1.394 -0.0347231 1.566967 1.392 -0.04419416 1.559194 1.394 -0.04419416 1.559194 1.392 -0.0519669 1.549723 1.394 -0.0519669 1.549723 1.392 -0.05774235 1.538918 1.394 -0.05774235 1.538918 1.392 -0.06129896 1.527193 1.394 -0.06129896 1.527193 1.392 -0.0625 1.515 1.394 -0.0625 1.515 1.392 -0.06129896 1.502807 1.394 -0.06129896 1.502807 1.392 -0.05774235 1.491082 1.394 -0.05774235 1.491082 1.392 -0.0519669 1.480277 1.394 -0.0519669 1.480277 1.392 -0.04419416 1.470806 1.394 -0.04419416 1.470806 1.392 -0.0347231 1.463033 1.394 -0.0347231 1.463033 1.392 -0.02391767 1.457258 1.394 -0.02391767 1.457258 1.392 -0.01219308 1.453701 1.394 -0.01219308 1.453701 1.392 0 1.4525 1.394 0 1.4525 1.394 0.01219308 1.453701 1.394 0.02391767 1.457258 1.392 0.01219308 1.453701 1.392 0.02391767 1.457258 1.392 0.0347231 1.463033 1.394 0.0347231 1.463033 1.394 0.04419416 1.470806 1.392 0.04419416 1.470806 1.394 0.0519669 1.480277 1.394 0.05774235 1.491082 1.392 0.0519669 1.480277 1.392 0.05774235 1.491082 1.392 0.06129896 1.502807 1.394 0.06129896 1.502807 1.394 0.0625 1.515 1.392 0.0625 1.515 1.394 0.06129896 1.527193 1.394 0.05774235 1.538918 1.392 0.06129896 1.527193 1.392 0.05774235 1.538918 1.392 0.0519669 1.549723 1.394 0.0519669 1.549723 1.394 0.04419416 1.559194 1.392 0.04419416 1.559194 1.394 0.0347231 1.566967 1.394 0.02391767 1.572742 1.392 0.0347231 1.566967 1.392 0.02391767 1.572742 1.392 -0.01219308 1.576299 1.392 0 1.576 1.392 -0.01190048 1.574828 1.392 0 1.5775 1.392 -0.02334368 1.571357 1.392 -0.02391767 1.572742 1.392 -0.03388977 1.56572 1.392 -0.0347231 1.566967 1.392 -0.04313337 1.558133 1.392 -0.04419416 1.559194 1.392 -0.05071943 1.54889 1.392 -0.0519669 1.549723 1.392 -0.05635654 1.538344 1.392 -0.05774235 1.538918 1.392 -0.05982786 1.526901 1.392 -0.06129896 1.527193 1.392 -0.06099987 1.515 1.392 -0.0625 1.515 1.392 -0.05982786 1.503099 1.392 -0.06129896 1.502807 1.392 -0.05635654 1.491656 1.392 -0.05774235 1.491082 1.392 -0.05071943 1.48111 1.392 -0.0519669 1.480277 1.392 -0.04313337 1.471866 1.392 -0.04419416 1.470806 1.392 -0.03388977 1.46428 1.392 -0.0347231 1.463033 1.392 -0.02334368 1.458643 1.392 -0.02391767 1.457258 1.392 -0.01190048 1.455172 1.392 -0.01219308 1.453701 1.392 0 1.454 1.392 0 1.4525 1.392 0.01190048 1.455172 1.392 0.01219308 1.453701 1.392 0.02391767 1.457258 1.392 0.0347231 1.463033 1.392 0.02334368 1.458643 1.392 0.03388977 1.46428 1.392 0.04419416 1.470806 1.392 0.04313337 1.471866 1.392 0.05071943 1.48111 1.392 0.0519669 1.480277 1.392 0.05774235 1.491082 1.392 0.06129896 1.502807 1.392 0.05635654 1.491656 1.392 0.05982786 1.503099 1.392 0.0625 1.515 1.392 0.06099987 1.515 1.392 0.05982786 1.526901 1.392 0.06129896 1.527193 1.392 0.05774235 1.538918 1.392 0.0519669 1.549723 1.392 0.05635654 1.538344 1.392 0.05071943 1.54889 1.392 0.04419416 1.559194 1.392 0.04313337 1.558133 1.392 0.03388977 1.56572 1.392 0.0347231 1.566967 1.392 0.02391767 1.572742 1.392 0.01219308 1.576299 1.392 0.02334368 1.571357 1.392 0.01190048 1.574828 1.37475 0.05153053 1.511304 1.37475 0.05282837 1.512171 1.37475 0.04999995 1.511 1.37475 0.05369544 1.513469 1.37475 0.04630446 1.513469 1.37475 0.04717159 1.512171 1.37475 0.0484693 1.511304 1.37475 0.04630446 1.516531 1.37475 0.046 1.515 1.37475 0.05369544 1.516531 1.37475 0.04999995 1.519 1.37475 0.04717159 1.517828 1.37475 0.0484693 1.518696 1.37475 0.05282837 1.517828 1.37475 0.05153053 1.518696 1.37475 0.05399996 1.515 1.37475 0.04483199 1.536304 1.37475 0.0461297 1.537171 1.37475 0.04330128 1.536 1.37475 0.04699677 1.538469 1.37475 0.03960567 1.538469 1.37475 0.04047262 1.537171 1.37475 0.04177033 1.536304 1.37475 0.03960567 1.541531 1.37475 0.03930115 1.54 1.37475 0.04699677 1.541531 1.37475 0.04330128 1.544 1.37475 0.04047262 1.542828 1.37475 0.04177033 1.543696 1.37475 0.0461297 1.542828 1.37475 0.04483199 1.543696 1.37475 0.04730129 1.54 1.37475 0.02653068 1.554606 1.37475 0.02782839 1.555473 1.37475 0.02499997 1.554301 1.37475 0.02869546 1.55677 1.37475 0.02130436 1.55677 1.37475 0.02217143 1.555473 1.37475 0.02346915 1.554606 1.37475 0.02130436 1.559832 1.37475 0.02099984 1.558301 1.37475 0.02869546 1.559832 1.37475 0.02499997 1.562301 1.37475 0.02217143 1.56113 1.37475 0.02346915 1.561997 1.37475 0.02782839 1.56113 1.37475 0.02653068 1.561997 1.37475 0.02899998 1.558301 1.37475 0.02653068 1.468003 1.37475 0.02782839 1.46887 1.37475 0.02499997 1.467699 1.37475 0.02869546 1.470168 1.37475 0.02130436 1.470168 1.37475 0.02217143 1.46887 1.37475 0.02346915 1.468003 1.37475 0.02130436 1.473229 1.37475 0.02099984 1.471699 1.37475 0.02869546 1.473229 1.37475 0.02499997 1.475699 1.37475 0.02217143 1.474527 1.37475 0.02346915 1.475394 1.37475 0.02782839 1.474527 1.37475 0.02653068 1.475394 1.37475 0.02899998 1.471699 1.37475 0.001530647 1.461304 1.37475 0.00282824 1.462171 1.37475 0 1.461 1.37475 0.003695428 1.463469 1.37475 -0.003695428 1.463469 1.37475 -0.00282824 1.462171 1.37475 -0.001530647 1.461304 1.37475 0.003695428 1.466531 1.37475 -0.003695428 1.466531 1.37475 -0.003999948 1.465 1.37475 0 1.469 1.37475 -0.00282824 1.467828 1.37475 -0.001530647 1.468696 1.37475 0.00282824 1.467828 1.37475 0.001530647 1.468696 1.37475 0.003999948 1.465 1.37475 -0.02346915 1.554606 1.37475 -0.02217143 1.555473 1.37475 -0.02499997 1.554301 1.37475 -0.02130436 1.55677 1.37475 -0.02869546 1.55677 1.37475 -0.02782839 1.555473 1.37475 -0.02653068 1.554606 1.37475 -0.02869546 1.559832 1.37475 -0.02899998 1.558301 1.37475 -0.02130436 1.559832 1.37475 -0.02499997 1.562301 1.37475 -0.02782839 1.56113 1.37475 -0.02653068 1.561997 1.37475 -0.02217143 1.56113 1.37475 -0.02346915 1.561997 1.37475 -0.02099984 1.558301 1.37475 -0.02346915 1.468003 1.37475 -0.02217143 1.46887 1.37475 -0.02499997 1.467699 1.37475 -0.02130436 1.470168 1.37475 -0.02869546 1.470168 1.37475 -0.02782839 1.46887 1.37475 -0.02653068 1.468003 1.37475 -0.02869546 1.473229 1.37475 -0.02899998 1.471699 1.37475 -0.02130436 1.473229 1.37475 -0.02499997 1.475699 1.37475 -0.02782839 1.474527 1.37475 -0.02653068 1.475394 1.37475 -0.02217143 1.474527 1.37475 -0.02346915 1.475394 1.37475 -0.02099984 1.471699 1.37475 -0.04177033 1.536304 1.37475 -0.04047262 1.537171 1.37475 -0.04330128 1.536 1.37475 -0.03960567 1.538469 1.37475 -0.04699677 1.538469 1.37475 -0.0461297 1.537171 1.37475 -0.04483199 1.536304 1.37475 -0.04699677 1.541531 1.37475 -0.04730129 1.54 1.37475 -0.03960567 1.541531 1.37475 -0.04330128 1.544 1.37475 -0.0461297 1.542828 1.37475 -0.04483199 1.543696 1.37475 -0.04047262 1.542828 1.37475 -0.04177033 1.543696 1.37475 -0.03930115 1.54 1.37475 -0.0484693 1.511304 1.37475 -0.04717159 1.512171 1.37475 -0.04999995 1.511 1.37475 -0.04630446 1.513469 1.37475 -0.05369544 1.513469 1.37475 -0.05282837 1.512171 1.37475 -0.05153053 1.511304 1.37475 -0.05369544 1.516531 1.37475 -0.05399996 1.515 1.37475 -0.04630446 1.516531 1.37475 -0.04999995 1.519 1.37475 -0.05282837 1.517828 1.37475 -0.05153053 1.518696 1.37475 -0.04717159 1.517828 1.37475 -0.0484693 1.518696 1.37475 -0.046 1.515 1.38425 0 1.535 1.38425 0.00390172 1.534616 1.38075 0 1.537021 1.38425 -0.00390172 1.534616 1.38075 -0.004295945 1.536598 1.38425 -0.007653594 1.533477 1.38075 -0.008426964 1.535344 1.38075 -0.01223409 1.53331 1.38425 -0.01111125 1.531629 1.38425 -0.01414197 1.529142 1.38075 -0.01557087 1.530571 1.38425 -0.01662927 1.526111 1.38075 -0.01830959 1.527234 1.38425 -0.01847743 1.522654 1.38075 -0.02034449 1.523427 1.38425 -0.01961565 1.518902 1.38075 -0.02159756 1.519296 1.38075 -0.02202057 1.515 1.38425 -0.01999998 1.515 1.38425 -0.01961565 1.511098 1.38075 -0.02159756 1.510704 1.38075 -0.02034449 1.506573 1.38425 -0.01847743 1.507346 1.38075 -0.01830959 1.502766 1.38425 -0.01662927 1.503888 1.38425 -0.01414197 1.500858 1.38075 -0.01557087 1.499429 1.38425 -0.01111125 1.498371 1.38075 -0.01223409 1.49669 1.38425 -0.007653594 1.496522 1.38075 -0.008426964 1.494656 1.38075 -0.004295945 1.493402 1.38425 -0.00390172 1.495384 1.38075 0 1.492979 1.38425 0 1.495 1.38425 0.00390172 1.495384 1.38425 0.007653594 1.496522 1.38075 0.004295945 1.493402 1.38075 0.008426964 1.494656 1.38075 0.01223409 1.49669 1.38075 0.01557087 1.499429 1.38425 0.01414197 1.500858 1.38425 0.01111125 1.498371 1.38425 0.01662927 1.503888 1.38425 0.01847743 1.507346 1.38075 0.01830959 1.502766 1.38075 0.02034449 1.506573 1.38075 0.02159756 1.510704 1.38425 0.01961565 1.511098 1.38075 0.02202057 1.515 1.38425 0.01999998 1.515 1.38425 0.01961565 1.518902 1.38425 0.01847743 1.522654 1.38075 0.02034449 1.523427 1.38075 0.02159756 1.519296 1.38075 0.01830959 1.527234 1.38075 0.01557087 1.530571 1.38425 0.01414197 1.529142 1.38425 0.01662927 1.526111 1.38425 0.01111125 1.531629 1.38425 0.007653594 1.533477 1.38075 0.01223409 1.53331 1.38075 0.008426964 1.535344 1.38075 0.004295945 1.536598 1.38425 -0.007653594 1.496522 1.38425 -0.00390172 1.495384 1.38425 0 1.495 1.38425 0.007653594 1.496522 1.38425 -0.01414197 1.500858 1.38425 -0.01111125 1.498371 1.38425 -0.01847743 1.507346 1.38425 -0.01662927 1.503888 1.38425 0.01414197 1.529142 1.38425 -0.007653594 1.533477 1.38425 -0.01999998 1.515 1.38425 -0.01961565 1.511098 1.38425 -0.01662927 1.526111 1.38425 -0.01961565 1.518902 1.38425 -0.01847743 1.522654 1.38425 -0.01111125 1.531629 1.38425 -0.01414197 1.529142 1.38425 -0.00390172 1.534616 1.38425 0.007653594 1.533477 1.38425 0 1.535 1.38425 0.00390172 1.534616 1.38425 0.01111125 1.531629 1.38425 0.01961565 1.511098 1.38425 0.01999998 1.515 1.38425 0.01961565 1.518902 1.38425 0.01847743 1.522654 1.38425 0.01662927 1.526111 1.38425 0.01847743 1.507346 1.38425 0.01662927 1.503888 1.38425 0.01111125 1.498371 1.38425 0.01414197 1.500858 1.38425 0.00390172 1.495384 1.38075 0 1.492979 1.38075 -0.004295945 1.493402 1.38075 0 1.486 1.38075 0.004295945 1.493402 1.38075 0.005657494 1.486557 1.38075 0.01109766 1.488208 1.38075 0.008426964 1.494656 1.38075 0.01223409 1.49669 1.38075 0.01611149 1.490887 1.38075 0.02050608 1.494494 1.38075 0.01557087 1.499429 1.38075 0.02411258 1.498888 1.38075 0.01830959 1.502766 1.38075 0.02679234 1.503902 1.38075 0.02034449 1.506573 1.38075 0.02159756 1.510704 1.38075 0.0284428 1.509342 1.38075 0.02202057 1.515 1.38075 0.02899998 1.515 1.38075 0.0284428 1.520658 1.38075 0.02159756 1.519296 1.38075 0.02679234 1.526098 1.38075 0.02034449 1.523427 1.38075 0.01830959 1.527234 1.38075 0.02411258 1.531112 1.38075 0.01557087 1.530571 1.38075 0.02050608 1.535506 1.38075 0.01223409 1.53331 1.38075 0.01611149 1.539113 1.38075 0.01109766 1.541792 1.38075 0.008426964 1.535344 1.38075 0.004295945 1.536598 1.38075 0 1.537021 1.38075 0.005657494 1.543443 1.38075 0 1.544 1.38075 -0.005657494 1.543443 1.38075 -0.01109766 1.541792 1.38075 -0.004295945 1.536598 1.38075 -0.008426964 1.535344 1.38075 -0.01223409 1.53331 1.38075 -0.01557087 1.530571 1.38075 -0.02050608 1.535506 1.38075 -0.01611149 1.539113 1.38075 -0.02411258 1.531112 1.38075 -0.02679234 1.526098 1.38075 -0.01830959 1.527234 1.38075 -0.02034449 1.523427 1.38075 -0.02159756 1.519296 1.38075 -0.02202057 1.515 1.38075 -0.0284428 1.520658 1.38075 -0.02899998 1.515 1.38075 -0.02159756 1.510704 1.38075 -0.0284428 1.509342 1.38075 -0.02679234 1.503902 1.38075 -0.02034449 1.506573 1.38075 -0.01830959 1.502766 1.38075 -0.01557087 1.499429 1.38075 -0.02411258 1.498888 1.38075 -0.02050608 1.494494 1.38075 -0.01611149 1.490887 1.38075 -0.01223409 1.49669 1.38075 -0.01109766 1.488208 1.38075 -0.008426964 1.494656 1.38075 -0.005657494 1.486557 1.38575 0.005657494 1.543443 1.38575 0 1.544 1.38075 0 1.544 1.38075 0.005657494 1.543443 1.38075 0.01109766 1.541792 1.38575 0.01109766 1.541792 1.38075 0.01611149 1.539113 1.38575 0.01611149 1.539113 1.38075 0.02050608 1.535506 1.38575 0.02050608 1.535506 1.38075 0.02411258 1.531112 1.38575 0.02411258 1.531112 1.38075 0.02679234 1.526098 1.38575 0.02679234 1.526098 1.38075 0.0284428 1.520658 1.38575 0.0284428 1.520658 1.38075 0.02899998 1.515 1.38575 0.02899998 1.515 1.38075 0.0284428 1.509342 1.38575 0.0284428 1.509342 1.38075 0.02679234 1.503902 1.38575 0.02679234 1.503902 1.38075 0.02411258 1.498888 1.38575 0.02411258 1.498888 1.38075 0.02050608 1.494494 1.38575 0.02050608 1.494494 1.38075 0.01611149 1.490887 1.38575 0.01611149 1.490887 1.38075 0.01109766 1.488208 1.38575 0.01109766 1.488208 1.38075 0.005657494 1.486557 1.38575 0.005657494 1.486557 1.38075 0 1.486 1.38575 0 1.486 1.38575 -0.005657494 1.486557 1.38075 -0.005657494 1.486557 1.38075 -0.01109766 1.488208 1.38075 -0.01611149 1.490887 1.38575 -0.01109766 1.488208 1.38575 -0.01611149 1.490887 1.38575 -0.02050608 1.494494 1.38075 -0.02050608 1.494494 1.38075 -0.02411258 1.498888 1.38575 -0.02411258 1.498888 1.38075 -0.02679234 1.503902 1.38075 -0.0284428 1.509342 1.38575 -0.02679234 1.503902 1.38575 -0.0284428 1.509342 1.38575 -0.02899998 1.515 1.38075 -0.02899998 1.515 1.38075 -0.0284428 1.520658 1.38575 -0.0284428 1.520658 1.38075 -0.02679234 1.526098 1.38075 -0.02411258 1.531112 1.38575 -0.02679234 1.526098 1.38575 -0.02411258 1.531112 1.38575 -0.02050608 1.535506 1.38075 -0.02050608 1.535506 1.38075 -0.01611149 1.539113 1.38575 -0.01611149 1.539113 1.38075 -0.01109766 1.541792 1.38075 -0.005657494 1.543443 1.38575 -0.01109766 1.541792 1.38575 -0.005657494 1.543443 1.38575 -0.005657494 1.543443 1.38575 0 1.544 1.38575 -0.006145298 1.545895 1.38575 -0.01109766 1.541792 1.38575 -0.0120545 1.544102 1.38575 -0.01611149 1.539113 1.38575 -0.01750046 1.541191 1.38575 -0.02050608 1.535506 1.38575 -0.02227377 1.537274 1.38575 -0.02411258 1.531112 1.38575 -0.02619129 1.5325 1.38575 -0.02679234 1.526098 1.38575 -0.0291022 1.527055 1.38575 -0.0284428 1.520658 1.38575 -0.03089457 1.521145 1.38575 -0.02899998 1.515 1.38575 -0.03149998 1.515 1.38575 -0.0284428 1.509342 1.38575 -0.03089457 1.508855 1.38575 -0.02679234 1.503902 1.38575 -0.0291022 1.502945 1.38575 -0.02411258 1.498888 1.38575 -0.02619129 1.4975 1.38575 -0.02050608 1.494494 1.38575 -0.02227377 1.492726 1.38575 -0.01611149 1.490887 1.38575 -0.01750046 1.488809 1.38575 -0.01109766 1.488208 1.38575 -0.0120545 1.485898 1.38575 -0.005657494 1.486557 1.38575 -0.006145298 1.484105 1.38575 0 1.486 1.38575 0.005657494 1.486557 1.38575 0 1.4835 1.38575 0.006145298 1.484105 1.38575 0.0120545 1.485898 1.38575 0.01750046 1.488809 1.38575 0.01109766 1.488208 1.38575 0.01611149 1.490887 1.38575 0.02227377 1.492726 1.38575 0.02050608 1.494494 1.38575 0.02411258 1.498888 1.38575 0.02619129 1.4975 1.38575 0.0291022 1.502945 1.38575 0.03089457 1.508855 1.38575 0.02679234 1.503902 1.38575 0.0284428 1.509342 1.38575 0.03149998 1.515 1.38575 0.02899998 1.515 1.38575 0.0284428 1.520658 1.38575 0.03089457 1.521145 1.38575 0.0291022 1.527055 1.38575 0.02619129 1.5325 1.38575 0.02679234 1.526098 1.38575 0.02411258 1.531112 1.38575 0.02227377 1.537274 1.38575 0.02050608 1.535506 1.38575 0.01611149 1.539113 1.38575 0.01750046 1.541191 1.38575 0.0120545 1.544102 1.38575 0.006145298 1.545895 1.38575 0.01109766 1.541792 1.38575 0.005657494 1.543443 1.38575 0 1.5465 1.392 0.06099987 1.515 1.392 0.05982786 1.503099 1.3865 0.05982786 1.503099 1.3865 0.06099987 1.515 1.392 0.05982786 1.526901 1.3865 0.05982786 1.526901 1.392 0.05635654 1.538344 1.3865 0.05635654 1.538344 1.392 0.05071943 1.54889 1.3865 0.05071943 1.54889 1.3865 0.04313337 1.558133 1.392 0.04313337 1.558133 1.3865 0.03388977 1.56572 1.392 0.03388977 1.56572 1.3865 0.02334368 1.571357 1.392 0.02334368 1.571357 1.392 0.01190048 1.574828 1.3865 0.01190048 1.574828 1.3865 0 1.576 1.392 0 1.576 1.3865 -0.01190048 1.574828 1.392 -0.01190048 1.574828 1.3865 -0.02334368 1.571357 1.392 -0.02334368 1.571357 1.392 -0.03388977 1.56572 1.3865 -0.03388977 1.56572 1.392 -0.04313337 1.558133 1.3865 -0.04313337 1.558133 1.392 -0.05071943 1.54889 1.3865 -0.05071943 1.54889 1.392 -0.05635654 1.538344 1.3865 -0.05635654 1.538344 1.392 -0.05982786 1.526901 1.392 -0.06099987 1.515 1.3865 -0.05982786 1.526901 1.3865 -0.06099987 1.515 1.3865 -0.05982786 1.503099 1.392 -0.05982786 1.503099 1.392 -0.05635654 1.491656 1.3865 -0.05635654 1.491656 1.392 -0.05071943 1.48111 1.392 -0.04313337 1.471866 1.3865 -0.04313337 1.471866 1.3865 -0.05071943 1.48111 1.3865 -0.03388977 1.46428 1.392 -0.02334368 1.458643 1.3865 -0.02334368 1.458643 1.392 -0.03388977 1.46428 1.3865 -0.01190048 1.455172 1.3865 0 1.454 1.392 -0.01190048 1.455172 1.392 0 1.454 1.392 0.01190048 1.455172 1.392 0.02334368 1.458643 1.3865 0.01190048 1.455172 1.3865 0.02334368 1.458643 1.3865 0.03388977 1.46428 1.3865 0.04313337 1.471866 1.392 0.03388977 1.46428 1.392 0.04313337 1.471866 1.3865 0.05071943 1.48111 1.392 0.05071943 1.48111 1.392 0.05635654 1.491656 1.3865 0.05635654 1.491656 1.365 0.04999995 1.515 1.365 0.0490393 1.524755 1.355 0.04999995 1.515 1.355 0.0490393 1.505245 1.365 0.0490393 1.505245 1.355 0.04619383 1.495866 1.365 0.04619383 1.495866 1.355 0.04157346 1.487221 1.365 0.04157346 1.487221 1.355 0.03535521 1.479645 1.365 0.03535521 1.479645 1.355 0.0277785 1.473427 1.365 0.0277785 1.473427 1.355 0.01913416 1.468806 1.365 0.01913416 1.468806 1.355 0.009754478 1.465961 1.365 0.009754478 1.465961 1.355 0 1.465 1.365 0 1.465 1.365 -0.009754478 1.465961 1.355 -0.009754478 1.465961 1.365 -0.01913416 1.468806 1.355 -0.01913416 1.468806 1.365 -0.0277785 1.473427 1.355 -0.0277785 1.473427 1.365 -0.03535521 1.479645 1.355 -0.03535521 1.479645 1.365 -0.04157346 1.487221 1.355 -0.04157346 1.487221 1.365 -0.04619383 1.495866 1.355 -0.04619383 1.495866 1.365 -0.0490393 1.505245 1.355 -0.0490393 1.505245 1.365 -0.04999995 1.515 1.365 -0.0490393 1.524755 1.355 -0.04999995 1.515 1.355 -0.0490393 1.524755 1.355 -0.04619383 1.534134 1.365 -0.04619383 1.534134 1.365 -0.04157346 1.542779 1.365 -0.03535521 1.550355 1.355 -0.04157346 1.542779 1.355 -0.03535521 1.550355 1.365 -0.0277785 1.556573 1.355 -0.0277785 1.556573 1.355 -0.01913416 1.561194 1.365 -0.01913416 1.561194 1.365 -0.009754478 1.564039 1.365 0 1.565 1.355 -0.009754478 1.564039 1.355 0 1.565 1.355 0.009754478 1.564039 1.355 0.01913416 1.561194 1.365 0.009754478 1.564039 1.365 0.01913416 1.561194 1.355 0.0277785 1.556573 1.365 0.0277785 1.556573 1.365 0.03535521 1.550355 1.355 0.03535521 1.550355 1.355 0.04157346 1.542779 1.355 0.04619383 1.534134 1.365 0.04157346 1.542779 1.365 0.04619383 1.534134 1.355 0.0490393 1.524755 1.355 0 1.565 1.355 -0.009754478 1.564039 1.355 0 1.5775 1.355 0.009754478 1.564039 1.355 0.01219308 1.576299 1.355 0.02391767 1.572742 1.355 0.01913416 1.561194 1.355 0.0347231 1.566967 1.355 0.0277785 1.556573 1.355 0.04419416 1.559194 1.355 0.03535521 1.550355 1.355 0.0519669 1.549723 1.355 0.04157346 1.542779 1.355 0.05774235 1.538918 1.355 0.04619383 1.534134 1.355 0.06129896 1.527193 1.355 0.0490393 1.524755 1.355 0.0625 1.515 1.355 0.04999995 1.515 1.355 0.06129896 1.502807 1.355 0.0490393 1.505245 1.355 0.05774235 1.491082 1.355 0.04619383 1.495866 1.355 0.04157346 1.487221 1.355 0.0519669 1.480277 1.355 0.03535521 1.479645 1.355 0.04419416 1.470806 1.355 0.0277785 1.473427 1.355 0.0347231 1.463033 1.355 0.01913416 1.468806 1.355 0.02391767 1.457258 1.355 0.009754478 1.465961 1.355 0 1.4525 1.355 0.01219308 1.453701 1.355 0 1.465 1.355 -0.009754478 1.465961 1.355 -0.01913416 1.468806 1.355 -0.02391767 1.457258 1.355 -0.01219308 1.453701 1.355 -0.0347231 1.463033 1.355 -0.04419416 1.470806 1.355 -0.0277785 1.473427 1.355 -0.03535521 1.479645 1.355 -0.0519669 1.480277 1.355 -0.04157346 1.487221 1.355 -0.05774235 1.491082 1.355 -0.04619383 1.495866 1.355 -0.0490393 1.505245 1.355 -0.04999995 1.515 1.355 -0.06129896 1.502807 1.355 -0.0625 1.515 1.355 -0.0490393 1.524755 1.355 -0.06129896 1.527193 1.355 -0.05774235 1.538918 1.355 -0.04619383 1.534134 1.355 -0.04157346 1.542779 1.355 -0.03535521 1.550355 1.355 -0.0519669 1.549723 1.355 -0.04419416 1.559194 1.355 -0.0277785 1.556573 1.355 -0.0347231 1.566967 1.355 -0.02391767 1.572742 1.355 -0.01913416 1.561194 1.355 -0.01219308 1.576299 1.355 0.01219308 1.453701 1.355 0.02391767 1.457258 1.3845 0.01219308 1.453701 1.3845 0 1.4525 1.355 0 1.4525 1.355 -0.01219308 1.453701 1.3845 -0.01219308 1.453701 1.355 -0.02391767 1.457258 1.3845 -0.02391767 1.457258 1.355 -0.0347231 1.463033 1.3845 -0.0347231 1.463033 1.355 -0.04419416 1.470806 1.3845 -0.04419416 1.470806 1.355 -0.0519669 1.480277 1.3845 -0.0519669 1.480277 1.355 -0.05774235 1.491082 1.3845 -0.05774235 1.491082 1.355 -0.06129896 1.502807 1.3845 -0.06129896 1.502807 1.355 -0.0625 1.515 1.3845 -0.0625 1.515 1.355 -0.06129896 1.527193 1.3845 -0.06129896 1.527193 1.355 -0.05774235 1.538918 1.3845 -0.05774235 1.538918 1.355 -0.0519669 1.549723 1.3845 -0.0519669 1.549723 1.355 -0.04419416 1.559194 1.3845 -0.04419416 1.559194 1.355 -0.0347231 1.566967 1.3845 -0.0347231 1.566967 1.355 -0.02391767 1.572742 1.3845 -0.02391767 1.572742 1.355 -0.01219308 1.576299 1.3845 -0.01219308 1.576299 1.355 0 1.5775 1.355 0.01219308 1.576299 1.3845 0.01219308 1.576299 1.3845 0 1.5775 1.3845 0.02391767 1.572742 1.3845 0.0347231 1.566967 1.355 0.02391767 1.572742 1.355 0.0347231 1.566967 1.3845 0.04419416 1.559194 1.355 0.04419416 1.559194 1.355 0.0519669 1.549723 1.3845 0.0519669 1.549723 1.3845 0.05774235 1.538918 1.3845 0.06129896 1.527193 1.355 0.05774235 1.538918 1.355 0.06129896 1.527193 1.3845 0.0625 1.515 1.355 0.0625 1.515 1.355 0.06129896 1.502807 1.3845 0.06129896 1.502807 1.3845 0.05774235 1.491082 1.3845 0.0519669 1.480277 1.355 0.05774235 1.491082 1.355 0.0519669 1.480277 1.3845 0.04419416 1.470806 1.355 0.04419416 1.470806 1.355 0.0347231 1.463033 1.3845 0.0347231 1.463033 1.3845 0.02391767 1.457258 1.37675 -0.01213729 1.464763 1.37675 -0.012941 1.464604 1.38075 -0.012941 1.464604 1.38075 -0.01213729 1.464763 1.38075 -0.01145595 1.465219 1.37675 -0.01145595 1.465219 1.38075 -0.01100075 1.4659 1.37675 -0.01100075 1.4659 1.38075 -0.01084095 1.466704 1.37675 -0.01084095 1.466704 1.38075 -0.01100075 1.467507 1.37675 -0.01100075 1.467507 1.38075 -0.01145595 1.468189 1.37675 -0.01145595 1.468189 1.38075 -0.01213729 1.468644 1.37675 -0.01213729 1.468644 1.38075 -0.012941 1.468804 1.37675 -0.012941 1.468804 1.37675 -0.01374459 1.468644 1.38075 -0.01374459 1.468644 1.38075 -0.01442587 1.468189 1.38075 -0.01488107 1.467507 1.37675 -0.01442587 1.468189 1.37675 -0.01488107 1.467507 1.37675 -0.01504099 1.466704 1.38075 -0.01504099 1.466704 1.38075 -0.01488107 1.4659 1.37675 -0.01488107 1.4659 1.38075 -0.01442587 1.465219 1.38075 -0.01374459 1.464763 1.37675 -0.01442587 1.465219 1.37675 -0.01374459 1.464763 1.375488 -0.012941 1.466704 1.37675 -0.012941 1.464604 1.37675 -0.01213729 1.464763 1.37675 -0.01374459 1.464763 1.37675 -0.01145595 1.465219 1.37675 -0.01442587 1.465219 1.37675 -0.01100075 1.4659 1.37675 -0.01488107 1.4659 1.37675 -0.01084095 1.466704 1.37675 -0.01504099 1.466704 1.37675 -0.01100075 1.467507 1.37675 -0.01488107 1.467507 1.37675 -0.01145595 1.468189 1.37675 -0.01442587 1.468189 1.37675 -0.01213729 1.468644 1.37675 -0.01374459 1.468644 1.37675 -0.012941 1.468804 1.38875 -0.01157003 1.468794 1.38875 -0.01198405 1.469013 1.39075 -0.01157003 1.468794 1.38875 -0.01117306 1.468471 1.39075 -0.01087445 1.468111 1.38875 -0.01063126 1.46766 1.39075 -0.01049315 1.467213 1.38875 -0.01044088 1.466704 1.39075 -0.01048475 1.466237 1.38875 -0.01063126 1.465747 1.39075 -0.01085019 1.465333 1.38875 -0.01117306 1.464936 1.39075 -0.01153373 1.464637 1.38875 -0.01198405 1.464394 1.39075 -0.0124318 1.464256 1.38875 -0.012941 1.464204 1.39075 -0.01340723 1.464248 1.38875 -0.01389753 1.464394 1.38875 -0.01470857 1.464936 1.39075 -0.01431167 1.464613 1.39075 -0.01500725 1.465297 1.38875 -0.01525068 1.465747 1.39075 -0.01538842 1.466195 1.39075 -0.01539707 1.46717 1.38875 -0.015441 1.466704 1.38875 -0.01525068 1.46766 1.38875 -0.01470857 1.468471 1.39075 -0.01503157 1.468074 1.39075 -0.01434797 1.46877 1.38875 -0.01389753 1.469013 1.39075 -0.01344996 1.469151 1.39075 -0.01247447 1.46916 1.38875 -0.012941 1.469204 1.39075 -0.01399326 1.469244 1.39075 -0.01434797 1.46877 1.39075 -0.01488536 1.468648 1.39075 -0.01344996 1.469151 1.39075 -0.012941 1.469454 1.39075 -0.01247447 1.46916 1.39075 -0.01188856 1.469244 1.39075 -0.01157003 1.468794 1.39075 -0.0109964 1.468648 1.39075 -0.01087445 1.468111 1.39075 -0.01040017 1.467756 1.39075 -0.01049315 1.467213 1.39075 -0.01019096 1.466704 1.39075 -0.01048475 1.466237 1.39075 -0.01040017 1.465651 1.39075 -0.01085019 1.465333 1.39075 -0.0109964 1.464759 1.39075 -0.01188856 1.464163 1.39075 -0.01153373 1.464637 1.39075 -0.0124318 1.464256 1.39075 -0.01340723 1.464248 1.39075 -0.012941 1.463954 1.39075 -0.01399326 1.464163 1.39075 -0.01488536 1.464759 1.39075 -0.01431167 1.464613 1.39075 -0.01500725 1.465297 1.39075 -0.01538842 1.466195 1.39075 -0.01548159 1.465651 1.39075 -0.01569098 1.466704 1.39075 -0.01539707 1.46717 1.39075 -0.01548159 1.467756 1.39075 -0.01503157 1.468074 1.38875 -0.01063126 1.465747 1.38875 -0.01117306 1.464936 1.38875 -0.0109964 1.464759 1.38875 -0.01040017 1.465651 1.38875 -0.01044088 1.466704 1.38875 -0.01019096 1.466704 1.38875 -0.01040017 1.467756 1.38875 -0.01063126 1.46766 1.38875 -0.0109964 1.468648 1.38875 -0.01117306 1.468471 1.38875 -0.01157003 1.468794 1.38875 -0.01188856 1.469244 1.38875 -0.01198405 1.469013 1.38875 -0.012941 1.469454 1.38875 -0.012941 1.469204 1.38875 -0.01399326 1.469244 1.38875 -0.01389753 1.469013 1.38875 -0.01470857 1.468471 1.38875 -0.01488536 1.468648 1.38875 -0.01548159 1.467756 1.38875 -0.01525068 1.46766 1.38875 -0.01569098 1.466704 1.38875 -0.01548159 1.465651 1.38875 -0.01525068 1.465747 1.38875 -0.015441 1.466704 1.38875 -0.01470857 1.464936 1.38875 -0.01389753 1.464394 1.38875 -0.01488536 1.464759 1.38875 -0.01399326 1.464163 1.38875 -0.012941 1.464204 1.38875 -0.012941 1.463954 1.38875 -0.01188856 1.464163 1.38875 -0.01198405 1.464394 1.38875 -0.01399326 1.469244 1.38875 -0.012941 1.469454 1.39075 -0.012941 1.469454 1.39075 -0.01399326 1.469244 1.39075 -0.01488536 1.468648 1.38875 -0.01488536 1.468648 1.39075 -0.01548159 1.467756 1.38875 -0.01548159 1.467756 1.39075 -0.01569098 1.466704 1.38875 -0.01569098 1.466704 1.39075 -0.01548159 1.465651 1.38875 -0.01548159 1.465651 1.39075 -0.01488536 1.464759 1.38875 -0.01488536 1.464759 1.39075 -0.01399326 1.464163 1.38875 -0.01399326 1.464163 1.39075 -0.012941 1.463954 1.38875 -0.012941 1.463954 1.38875 -0.01188856 1.464163 1.38875 -0.0109964 1.464759 1.39075 -0.01188856 1.464163 1.39075 -0.0109964 1.464759 1.39075 -0.01040017 1.465651 1.38875 -0.01040017 1.465651 1.38875 -0.01019096 1.466704 1.39075 -0.01019096 1.466704 1.38875 -0.01040017 1.467756 1.38875 -0.0109964 1.468648 1.39075 -0.01040017 1.467756 1.39075 -0.0109964 1.468648 1.38875 -0.01188856 1.469244 1.39075 -0.01188856 1.469244 1.37675 0.03615885 1.548415 1.37675 0.03535521 1.548255 1.38075 0.03535521 1.548255 1.38075 0.03615885 1.548415 1.38075 0.03684026 1.54887 1.37675 0.03684026 1.54887 1.38075 0.03729546 1.549552 1.37675 0.03729546 1.549552 1.38075 0.03745526 1.550355 1.37675 0.03745526 1.550355 1.38075 0.03729546 1.551159 1.37675 0.03729546 1.551159 1.38075 0.03684026 1.55184 1.37675 0.03684026 1.55184 1.38075 0.03615885 1.552295 1.37675 0.03615885 1.552295 1.38075 0.03535521 1.552455 1.37675 0.03535521 1.552455 1.37675 0.03455168 1.552295 1.38075 0.03455168 1.552295 1.38075 0.03387027 1.55184 1.37675 0.03387027 1.55184 1.38075 0.03341507 1.551159 1.38075 0.03325515 1.550355 1.37675 0.03341507 1.551159 1.37675 0.03325515 1.550355 1.37675 0.03341507 1.549552 1.38075 0.03341507 1.549552 1.38075 0.03387027 1.54887 1.37675 0.03387027 1.54887 1.38075 0.03455168 1.548415 1.37675 0.03455168 1.548415 1.375488 0.03535521 1.550355 1.37675 0.03535521 1.548255 1.37675 0.03615885 1.548415 1.37675 0.03455168 1.548415 1.37675 0.03684026 1.54887 1.37675 0.03387027 1.54887 1.37675 0.03729546 1.549552 1.37675 0.03341507 1.549552 1.37675 0.03745526 1.550355 1.37675 0.03325515 1.550355 1.37675 0.03341507 1.551159 1.37675 0.03387027 1.55184 1.37675 0.03615885 1.552295 1.37675 0.03455168 1.552295 1.37675 0.03535521 1.552455 1.37675 0.03729546 1.551159 1.37675 0.03684026 1.55184 1.38875 0.03672593 1.552446 1.38875 0.03631198 1.552665 1.39075 0.03672593 1.552446 1.38875 0.03712308 1.552123 1.39075 0.03742176 1.551762 1.38875 0.03766489 1.551312 1.39075 0.03780299 1.550864 1.38875 0.03785514 1.550355 1.39075 0.03781133 1.549889 1.38875 0.03766489 1.549399 1.39075 0.03744608 1.548985 1.38875 0.03712308 1.548587 1.39075 0.03676223 1.548289 1.38875 0.03631198 1.548046 1.39075 0.03586435 1.547908 1.38875 0.03535521 1.547855 1.39075 0.03488898 1.547899 1.38875 0.03439843 1.548046 1.39075 0.0339846 1.548265 1.38875 0.03358757 1.548587 1.38875 0.03304553 1.549399 1.39075 0.03328877 1.548948 1.39075 0.03290766 1.549846 1.39075 0.0328992 1.550822 1.38875 0.03285527 1.550355 1.38875 0.03304553 1.551312 1.39075 0.03326445 1.551726 1.38875 0.03358757 1.552123 1.38875 0.03439843 1.552665 1.39075 0.0339483 1.552422 1.39075 0.03484606 1.552803 1.39075 0.03582143 1.552811 1.38875 0.03535521 1.552855 1.39075 0.03430289 1.552896 1.39075 0.0339483 1.552422 1.39075 0.03341066 1.5523 1.39075 0.03484606 1.552803 1.39075 0.03535521 1.553105 1.39075 0.03582143 1.552811 1.39075 0.03640753 1.552896 1.39075 0.03672593 1.552446 1.39075 0.03729987 1.5523 1.39075 0.03742176 1.551762 1.39075 0.03789585 1.551408 1.39075 0.03780299 1.550864 1.39075 0.03810513 1.550355 1.39075 0.03781133 1.549889 1.39075 0.03789585 1.549303 1.39075 0.03744608 1.548985 1.39075 0.03729987 1.548411 1.39075 0.03640753 1.547815 1.39075 0.03676223 1.548289 1.39075 0.03586435 1.547908 1.39075 0.03488898 1.547899 1.39075 0.03535521 1.547605 1.39075 0.03430289 1.547815 1.39075 0.03341066 1.548411 1.39075 0.0339846 1.548265 1.39075 0.03328877 1.548948 1.39075 0.03281468 1.549303 1.39075 0.03290766 1.549846 1.39075 0.0328992 1.550822 1.39075 0.03260529 1.550355 1.39075 0.03281468 1.551408 1.39075 0.03326445 1.551726 1.38875 0.03640753 1.552896 1.38875 0.03535521 1.553105 1.38875 0.03535521 1.552855 1.38875 0.03631198 1.552665 1.38875 0.03672593 1.552446 1.38875 0.03729987 1.5523 1.38875 0.03712308 1.552123 1.38875 0.03789585 1.551408 1.38875 0.03766489 1.551312 1.38875 0.03810513 1.550355 1.38875 0.03785514 1.550355 1.38875 0.03789585 1.549303 1.38875 0.03766489 1.549399 1.38875 0.03729987 1.548411 1.38875 0.03712308 1.548587 1.38875 0.03631198 1.548046 1.38875 0.03640753 1.547815 1.38875 0.03535521 1.547605 1.38875 0.03535521 1.547855 1.38875 0.03439843 1.548046 1.38875 0.03358757 1.548587 1.38875 0.03430289 1.547815 1.38875 0.03341066 1.548411 1.38875 0.03304553 1.549399 1.38875 0.03281468 1.549303 1.38875 0.03260529 1.550355 1.38875 0.03285527 1.550355 1.38875 0.03304553 1.551312 1.38875 0.03358757 1.552123 1.38875 0.03281468 1.551408 1.38875 0.03341066 1.5523 1.38875 0.03430289 1.552896 1.38875 0.03439843 1.552665 1.38875 0.03430289 1.552896 1.38875 0.03535521 1.553105 1.39075 0.03535521 1.553105 1.39075 0.03430289 1.552896 1.39075 0.03341066 1.5523 1.38875 0.03341066 1.5523 1.39075 0.03281468 1.551408 1.38875 0.03281468 1.551408 1.39075 0.03260529 1.550355 1.38875 0.03260529 1.550355 1.39075 0.03281468 1.549303 1.38875 0.03281468 1.549303 1.39075 0.03341066 1.548411 1.38875 0.03341066 1.548411 1.39075 0.03430289 1.547815 1.38875 0.03430289 1.547815 1.39075 0.03535521 1.547605 1.38875 0.03535521 1.547605 1.38875 0.03640753 1.547815 1.38875 0.03729987 1.548411 1.39075 0.03640753 1.547815 1.39075 0.03729987 1.548411 1.38875 0.03789585 1.549303 1.39075 0.03789585 1.549303 1.39075 0.03810513 1.550355 1.38875 0.03810513 1.550355 1.38875 0.03789585 1.551408 1.38875 0.03729987 1.5523 1.39075 0.03789585 1.551408 1.39075 0.03729987 1.5523 1.39075 0.03640753 1.552896 1.38875 0.03640753 1.552896 1.38875 0.0205 1.558301 1.38875 0.02130436 1.55677 1.38875 0.02099984 1.558301 1.38875 0.02084249 1.556579 1.38875 0.02130436 1.559832 1.38875 0.02084249 1.560023 1.38875 0.02217143 1.56113 1.38875 0.02181798 1.561483 1.38875 0.02346915 1.561997 1.38875 0.02327775 1.562459 1.38875 0.02499997 1.562301 1.38875 0.02499997 1.562801 1.38875 0.02653068 1.561997 1.38875 0.02672207 1.562459 1.38875 0.02782839 1.56113 1.38875 0.02818197 1.561483 1.38875 0.0291574 1.560023 1.38875 0.02949988 1.558301 1.38875 0.02869546 1.559832 1.38875 0.02899998 1.558301 1.38875 0.02869546 1.55677 1.38875 0.02782839 1.555473 1.38875 0.0291574 1.556579 1.38875 0.02818197 1.555119 1.38875 0.02672207 1.554144 1.38875 0.02499997 1.553801 1.38875 0.02653068 1.554606 1.38875 0.02499997 1.554301 1.38875 0.02346915 1.554606 1.38875 0.02327775 1.554144 1.38875 0.02181798 1.555119 1.38875 0.02217143 1.555473 1.38875 0.03880125 1.54 1.38875 0.03960567 1.538469 1.38875 0.03930115 1.54 1.38875 0.0391438 1.538278 1.38875 0.03960567 1.541531 1.38875 0.0391438 1.541722 1.38875 0.04047262 1.542828 1.38875 0.04011929 1.543182 1.38875 0.04177033 1.543696 1.38875 0.04157906 1.544157 1.38875 0.04330128 1.544 1.38875 0.04330128 1.5445 1.38875 0.04483199 1.543696 1.38875 0.04502326 1.544157 1.38875 0.0461297 1.542828 1.38875 0.04648303 1.543182 1.38875 0.04745852 1.541722 1.38875 0.04780113 1.54 1.38875 0.04699677 1.541531 1.38875 0.04730129 1.54 1.38875 0.04699677 1.538469 1.38875 0.0461297 1.537171 1.38875 0.04745852 1.538278 1.38875 0.04648303 1.536818 1.38875 0.04502326 1.535842 1.38875 0.04330128 1.5355 1.38875 0.04483199 1.536304 1.38875 0.04330128 1.536 1.38875 0.04177033 1.536304 1.38875 0.04157906 1.535842 1.38875 0.04011929 1.536818 1.38875 0.04047262 1.537171 1.38875 0.04999995 1.5195 1.38875 0.04827785 1.519157 1.38875 0.0484693 1.518696 1.38875 0.04999995 1.519 1.38875 0.05153053 1.518696 1.38875 0.05172199 1.519157 1.38875 0.05282837 1.517828 1.38875 0.05318188 1.518182 1.38875 0.05415737 1.516722 1.38875 0.05369544 1.516531 1.38875 0.05449998 1.515 1.38875 0.05399996 1.515 1.38875 0.05369544 1.513469 1.38875 0.05415737 1.513278 1.38875 0.05282837 1.512171 1.38875 0.05318188 1.511818 1.38875 0.05172199 1.510842 1.38875 0.05153053 1.511304 1.38875 0.04999995 1.5105 1.38875 0.04827785 1.510842 1.38875 0.0484693 1.511304 1.38875 0.04999995 1.511 1.38875 0.04717159 1.512171 1.38875 0.04630446 1.513469 1.38875 0.04584234 1.513278 1.38875 0.04681783 1.511818 1.38875 0.04549998 1.515 1.38875 0.04584234 1.516722 1.38875 0.04630446 1.516531 1.38875 0.046 1.515 1.38875 0.04717159 1.517828 1.38875 0.04681783 1.518182 1.38875 0.0205 1.471699 1.38875 0.02130436 1.470168 1.38875 0.02099984 1.471699 1.38875 0.02084249 1.469977 1.38875 0.02130436 1.473229 1.38875 0.02084249 1.473421 1.38875 0.02217143 1.474527 1.38875 0.02181798 1.474881 1.38875 0.02346915 1.475394 1.38875 0.02327775 1.475856 1.38875 0.02499997 1.475699 1.38875 0.02499997 1.476199 1.38875 0.02653068 1.475394 1.38875 0.02672207 1.475856 1.38875 0.02782839 1.474527 1.38875 0.02818197 1.474881 1.38875 0.0291574 1.473421 1.38875 0.02949988 1.471699 1.38875 0.02869546 1.473229 1.38875 0.02899998 1.471699 1.38875 0.02869546 1.470168 1.38875 0.02782839 1.46887 1.38875 0.0291574 1.469977 1.38875 0.02818197 1.468517 1.38875 0.02672207 1.467541 1.38875 0.02499997 1.467199 1.38875 0.02653068 1.468003 1.38875 0.02499997 1.467699 1.38875 0.02346915 1.468003 1.38875 0.02327775 1.467541 1.38875 0.02181798 1.468517 1.38875 0.02217143 1.46887 1.38875 -0.004499912 1.465 1.38875 -0.003695428 1.463469 1.38875 -0.003999948 1.465 1.38875 -0.004157483 1.463278 1.38875 -0.003695428 1.466531 1.38875 -0.004157483 1.466722 1.38875 -0.00282824 1.467828 1.38875 -0.003181934 1.468182 1.38875 -0.001530647 1.468696 1.38875 -0.001722097 1.469157 1.38875 0 1.469 1.38875 0 1.4695 1.38875 0.001530647 1.468696 1.38875 0.001722097 1.469157 1.38875 0.00282824 1.467828 1.38875 0.003181934 1.468182 1.38875 0.003695428 1.466531 1.38875 0.004157483 1.466722 1.38875 0.003999948 1.465 1.38875 0.004499912 1.465 1.38875 0.004157483 1.463278 1.38875 0.003181934 1.461818 1.38875 0.003695428 1.463469 1.38875 0.00282824 1.462171 1.38875 0.001530647 1.461304 1.38875 0.001722097 1.460842 1.38875 0 1.4605 1.38875 0 1.461 1.38875 -0.001722097 1.460842 1.38875 -0.003181934 1.461818 1.38875 -0.001530647 1.461304 1.38875 -0.00282824 1.462171 1.38875 -0.02949988 1.471699 1.38875 -0.02869546 1.470168 1.38875 -0.02899998 1.471699 1.38875 -0.0291574 1.469977 1.38875 -0.02869546 1.473229 1.38875 -0.0291574 1.473421 1.38875 -0.02782839 1.474527 1.38875 -0.02818197 1.474881 1.38875 -0.02653068 1.475394 1.38875 -0.02672207 1.475856 1.38875 -0.02499997 1.475699 1.38875 -0.02499997 1.476199 1.38875 -0.02346915 1.475394 1.38875 -0.02327775 1.475856 1.38875 -0.02217143 1.474527 1.38875 -0.02181798 1.474881 1.38875 -0.02084249 1.473421 1.38875 -0.0205 1.471699 1.38875 -0.02130436 1.473229 1.38875 -0.02099984 1.471699 1.38875 -0.02130436 1.470168 1.38875 -0.02217143 1.46887 1.38875 -0.02084249 1.469977 1.38875 -0.02181798 1.468517 1.38875 -0.02327775 1.467541 1.38875 -0.02499997 1.467199 1.38875 -0.02346915 1.468003 1.38875 -0.02499997 1.467699 1.38875 -0.02653068 1.468003 1.38875 -0.02672207 1.467541 1.38875 -0.02818197 1.468517 1.38875 -0.02782839 1.46887 1.38875 -0.04999995 1.5195 1.38875 -0.05172199 1.519157 1.38875 -0.05153053 1.518696 1.38875 -0.04999995 1.519 1.38875 -0.0484693 1.518696 1.38875 -0.04827785 1.519157 1.38875 -0.04717159 1.517828 1.38875 -0.04681783 1.518182 1.38875 -0.04584234 1.516722 1.38875 -0.04630446 1.516531 1.38875 -0.04549998 1.515 1.38875 -0.046 1.515 1.38875 -0.04630446 1.513469 1.38875 -0.04584234 1.513278 1.38875 -0.04717159 1.512171 1.38875 -0.04681783 1.511818 1.38875 -0.04827785 1.510842 1.38875 -0.0484693 1.511304 1.38875 -0.04999995 1.5105 1.38875 -0.05172199 1.510842 1.38875 -0.05153053 1.511304 1.38875 -0.04999995 1.511 1.38875 -0.05282837 1.512171 1.38875 -0.05369544 1.513469 1.38875 -0.05415737 1.513278 1.38875 -0.05318188 1.511818 1.38875 -0.05449998 1.515 1.38875 -0.05415737 1.516722 1.38875 -0.05369544 1.516531 1.38875 -0.05399996 1.515 1.38875 -0.05282837 1.517828 1.38875 -0.05318188 1.518182 1.38875 -0.04330128 1.5445 1.38875 -0.04502326 1.544157 1.38875 -0.04483199 1.543696 1.38875 -0.04330128 1.544 1.38875 -0.04177033 1.543696 1.38875 -0.04157906 1.544157 1.38875 -0.04047262 1.542828 1.38875 -0.04011929 1.543182 1.38875 -0.0391438 1.541722 1.38875 -0.03960567 1.541531 1.38875 -0.03880125 1.54 1.38875 -0.03930115 1.54 1.38875 -0.03960567 1.538469 1.38875 -0.0391438 1.538278 1.38875 -0.04047262 1.537171 1.38875 -0.04011929 1.536818 1.38875 -0.04157906 1.535842 1.38875 -0.04177033 1.536304 1.38875 -0.04330128 1.5355 1.38875 -0.04502326 1.535842 1.38875 -0.04483199 1.536304 1.38875 -0.04330128 1.536 1.38875 -0.0461297 1.537171 1.38875 -0.04699677 1.538469 1.38875 -0.04745852 1.538278 1.38875 -0.04648303 1.536818 1.38875 -0.04780113 1.54 1.38875 -0.04745852 1.541722 1.38875 -0.04699677 1.541531 1.38875 -0.04730129 1.54 1.38875 -0.0461297 1.542828 1.38875 -0.04648303 1.543182 1.38875 -0.02949988 1.558301 1.38875 -0.02869546 1.55677 1.38875 -0.02899998 1.558301 1.38875 -0.0291574 1.556579 1.38875 -0.02869546 1.559832 1.38875 -0.0291574 1.560023 1.38875 -0.02782839 1.56113 1.38875 -0.02818197 1.561483 1.38875 -0.02653068 1.561997 1.38875 -0.02672207 1.562459 1.38875 -0.02499997 1.562301 1.38875 -0.02499997 1.562801 1.38875 -0.02346915 1.561997 1.38875 -0.02327775 1.562459 1.38875 -0.02217143 1.56113 1.38875 -0.02181798 1.561483 1.38875 -0.02084249 1.560023 1.38875 -0.0205 1.558301 1.38875 -0.02130436 1.559832 1.38875 -0.02099984 1.558301 1.38875 -0.02130436 1.55677 1.38875 -0.02217143 1.555473 1.38875 -0.02084249 1.556579 1.38875 -0.02181798 1.555119 1.38875 -0.02327775 1.554144 1.38875 -0.02499997 1.553801 1.38875 -0.02346915 1.554606 1.38875 -0.02499997 1.554301 1.38875 -0.02653068 1.554606 1.38875 -0.02672207 1.554144 1.38875 -0.02818197 1.555119 1.38875 -0.02782839 1.555473 1.365 -0.009754478 1.465961 1.365 -0.01913416 1.468806 1.365 -0.0277785 1.473427 1.365 -0.009754478 1.564039 1.365 0.009754478 1.465961 1.365 0 1.465 1.365 0.009754478 1.564039 1.365 0.0277785 1.473427 1.365 0.01913416 1.468806 1.365 0.04619383 1.534134 1.365 0.04619383 1.495866 1.365 0.04157346 1.487221 1.365 0.03535521 1.479645 1.365 0.0490393 1.524755 1.365 0.04999995 1.515 1.365 0.0490393 1.505245 1.365 0.0277785 1.556573 1.365 0.04157346 1.542779 1.365 0.03535521 1.550355 1.365 0.01913416 1.561194 1.365 0 1.565 1.365 -0.04619383 1.495866 1.365 -0.04619383 1.534134 1.365 -0.0277785 1.556573 1.365 -0.01913416 1.561194 1.365 -0.04157346 1.542779 1.365 -0.03535521 1.550355 1.365 -0.0490393 1.524755 1.365 -0.0490393 1.505245 1.365 -0.04999995 1.515 1.365 -0.04157346 1.487221 1.365 -0.03535521 1.479645 1.38075 -0.01213729 1.464763 1.38075 -0.012941 1.464604 1.38075 -0.01374459 1.464763 1.38075 -0.01145595 1.465219 1.38075 -0.01442587 1.468189 1.38075 -0.012941 1.468804 1.38075 -0.01213729 1.468644 1.38075 -0.01084095 1.466704 1.38075 -0.01100075 1.4659 1.38075 -0.01145595 1.468189 1.38075 -0.01100075 1.467507 1.38075 -0.01374459 1.468644 1.38075 -0.01488107 1.467507 1.38075 -0.01504099 1.466704 1.38075 -0.01442587 1.465219 1.38075 -0.01488107 1.4659 1.38075 0.03535521 1.548255 1.38075 0.03455168 1.548415 1.38075 0.03387027 1.54887 1.38075 0.03325515 1.550355 1.38075 0.03387027 1.55184 1.38075 0.03684026 1.55184 1.38075 0.03684026 1.54887 1.38075 0.03615885 1.548415 1.38075 0.03745526 1.550355 1.38075 0.03729546 1.549552 1.38075 0.03729546 1.551159 1.38075 0.03535521 1.552455 1.38075 0.03615885 1.552295 1.38075 0.03455168 1.552295 1.38075 0.03341507 1.551159 1.38075 0.03341507 1.549552 1.3865 -0.05757868 1.544068 1.3865 -0.05712306 1.544015 1.3845 -0.05757868 1.544068 1.3845 -0.05712306 1.544015 1.3865 -0.05630415 1.544191 1.3845 -0.05630415 1.544191 1.3865 -0.0553655 1.545061 1.3845 -0.0553655 1.545061 1.3845 -0.05630415 1.544191 1.3865 -0.05630415 1.544191 1.3865 -0.0553655 1.545061 1.3865 -0.05514675 1.546322 1.3845 -0.0553655 1.545061 1.3845 -0.05514675 1.546322</float_array>
          <technique_common>
            <accessor source="#Mesh69_007-mesh-positions-array" count="2726" stride="3">
              <param name="X" type="float"/>
              <param name="Y" type="float"/>
              <param name="Z" type="float"/>
            </accessor>
          </technique_common>
        </source>
        <source id="Mesh69_007-mesh-normals">
          <float_array id="Mesh69_007-mesh-normals-array" count="2709">0 -0.8870654 -0.4616439 -1 0 0 -1 -1.25913e-4 0 -1 1.42569e-4 0 -1 -8.28089e-5 0 -1 -2.14335e-5 0 -1 5.03948e-5 0 -1 -6.65015e-5 0 -1 -6.44441e-5 0 -1 5.86914e-5 0 -1 -4.35844e-5 0 -1 -7.53433e-5 0 -1 7.84598e-6 0 -1 -4.36338e-5 0 -1 -1.01111e-5 0 -1 -1.67123e-5 0 -1 -6.63017e-5 0 -1 8.34669e-6 0 -1 -8.12251e-6 0 -1 -8.33556e-6 0 -1 -8.75273e-5 0 -1 6.61726e-5 0 -1 -4.34631e-5 0 -1 -2.89275e-5 0 -1 -5.47477e-6 0 -1 4.35313e-5 0 -1 -3.32187e-5 0 -1 4.35872e-5 0 -1 -3.31846e-5 0 -1 -1.65246e-5 0 -1 4.36424e-5 0 -1 -3.31581e-5 0 -1 -1.09601e-5 0 -1 8.73763e-5 0 -1 6.62548e-5 0 -1 2.4777e-5 0 -1 -3.28976e-5 0 -1 -8.74489e-5 0 -1 4.38654e-5 0 -1 8.75273e-5 0 -1 6.61365e-5 0 -1 8.76415e-5 0 -1 -8.7677e-5 0 -1 3.30469e-5 0 -1 -6.60807e-5 0 0 -0.8112205 0.5847404 0 -0.7506167 0.660738 0 -0.6087679 0.7933484 0 -0.4439268 0.8960632 0 -0.2624046 0.964958 0 -0.1017516 0.9948099 0 0.01309251 0.9999143 0 0.1407248 0.9900488 0 0.3125448 0.9499031 0 0.4902511 0.8715813 0 0.6494432 0.7604101 0 0.7841511 0.6205701 0 0.8892974 0.4573294 0 0.960917 0.2768366 0 0.9963027 0.08591181 0 0.9941237 -0.1082506 0 0.9544638 -0.2983271 0 0.8788096 -0.4771727 0 0.7700319 -0.6380055 0 0.6322101 -0.774797 0 0.4705107 -0.8823944 0 0.291215 -0.9566576 0 0.1008029 -0.9949065 0 -0.09335863 -0.9956325 0 -0.2839834 -0.9588293 0 -0.4639568 -0.8858578 0 -0.6264094 -0.7794944 0 -0.7652412 -0.6437438 0 -0.8752205 -0.4837242 0 -0.9522113 -0.3054401 0 -0.9932883 -0.1156654 0 -0.9969193 0.07843506 0 -0.9969169 0.0784654 0 -0.9629628 0.2696344 0 -0.9322416 0.3618364 1 7.11238e-5 0 1 0 0 1 2.88111e-6 0 1 1.03473e-5 0 1 1.15393e-5 0 1 -5.81024e-5 0 1 1.0322e-5 0 1 -1.03135e-5 0 1 -4.12235e-5 0 1 -4.63886e-5 0 1 4.11726e-5 0 1 -4.64231e-5 0 1 -2.05546e-5 0 1 -4.64889e-5 0 1 4.10922e-5 0 1 -4.65078e-5 0 1 4.65311e-5 0 1 -4.65419e-5 0 1 -3.33662e-5 0 1 4.65528e-5 0 1 2.3278e-5 0 1 -1.16344e-5 0 1 -9.08853e-6 0 1 1.02669e-5 0 1 4.10813e-5 0 1 -4.65095e-5 0 1 2.05736e-5 0 1 2.06122e-5 0 1 3.14717e-4 0 1 -1.27893e-4 0 1 3.42197e-4 0 1 9.273e-5 0 1 -3.39755e-5 0 0 -0.3826447 0.9238957 0 0 1 0 -0.7071983 0.7070152 0 -0.9238957 0.3826447 0 -1 0 0 -0.9238803 -0.3826816 0 -0.7070305 -0.7071831 0 -0.9238957 -0.3826447 0 -0.3826816 -0.9238803 0 -0.3827076 -0.9238696 0 0 -1 0 0.3826816 -0.9238803 0 0.3827076 -0.9238696 0 0.7070305 -0.7071831 0 0.9238957 -0.3826447 0 0.9238803 -0.3826816 0 1 0 0 0.9238957 0.3826447 0 0.7071983 0.7070152 0 0.3826447 0.9238957 0 -0.7072136 0.707 0 0.7072136 0.707 0 -0.3826816 0.9238803 0 -0.9238803 0.3826816 0 -0.7070457 -0.7071678 0 0.7070457 -0.7071678 0 0.3826555 0.9238911 0 -0.3826555 0.9238911 0 0.9238803 0.3826816 0 0.3826816 0.9238803 0 -0.9238696 0.3827076 0 -0.707061 -0.7071526 0 0.707061 -0.7071526 0 0.9238911 -0.3826555 0 -0.9238911 -0.3826555 0 0.9238696 0.3827076 0 -0.3827076 0.9238696 0 -0.7070305 0.7071831 0 -0.7070457 0.7071678 0 -0.7072136 -0.707 0 -0.3826447 -0.9238957 0 0.3826447 -0.9238957 0 0.7072136 -0.707 0 0.7070457 0.7071678 0 0.7070305 0.7071831 0 0.3827076 0.9238696 0 0.3828334 -0.9238174 0 -0.3828334 -0.9238174 0 -0.7071983 -0.7070152 0 -0.9238327 -0.3827965 0 -0.9239065 0.3826187 0 -0.7071373 0.7070763 0 -0.3824928 0.9239584 0 0.3824928 0.9239584 0 0.7071373 0.7070763 0 0.9239065 0.3826187 0 0.9238327 -0.3827965 0 0.7071983 -0.7070152 1 1.55243e-4 0 1 -3.2002e-5 0 1 3.54208e-5 0 1 -3.033e-5 0 1 1.70566e-5 0 1 -3.02618e-5 0 1 -6.59176e-5 0 1 6.59176e-5 0 1 -9.24864e-6 0 1 3.02618e-5 0 1 1.48709e-5 0 1 -3.54208e-5 0 1 3.03288e-5 0 1 -7.76232e-5 0 1 3.2002e-5 0 1 -3.72533e-5 0 1 4.15921e-5 0 1 -1.35336e-4 0 1 -2.30968e-5 0 1 -1.28123e-4 0 1 1.28139e-4 0 1 2.30926e-5 0 1 -9.23463e-6 0 1 1.71349e-5 0 1 1.84311e-5 0 1 -2.28807e-5 0 1 -3.63077e-5 0 1 1.21511e-4 0 1 1.71344e-5 0 1 1.47449e-4 0 1 -2.28791e-5 0 1 -1.45248e-5 0 1 -3.47126e-5 0 1 -3.52262e-5 0 1 2.70539e-5 0 1 4.89668e-5 0 1 4.20554e-5 0 1 -2.56414e-5 0 1 2.30922e-5 0 1 -2.08144e-5 0 1 -8.54172e-5 0 1 1.24824e-4 0 1 -5.26513e-5 0 1 2.7934e-5 0 1 -5.19837e-6 0 1 1.49822e-5 0 1 4.26612e-5 0 1 -2.6727e-5 0 1 7.01066e-6 0 1 -1.30532e-6 0 1 -6.51859e-5 0 1 6.51859e-5 0 1 -7.01066e-6 0 1 2.6727e-5 0 1 -1.38862e-4 0 1 9.08364e-6 0 1 1.1325e-4 0 1 -1.2239e-5 0 1 2.70574e-6 0 1 1.54512e-4 0 1 -1.06227e-4 0 1 7.43561e-6 0 1 1.38865e-4 0 1 3.87309e-5 0 1 8.68772e-5 0 1 -7.01459e-5 0 1 -9.69443e-6 0 1 -3.87309e-5 0 1 -8.68772e-5 0 1 9.69443e-6 0 1 -4.26612e-5 0 1 1.35336e-4 0 1 -2.07961e-5 0 1 2.56414e-5 0 1 -3.54078e-5 0 1 -2.16431e-5 0 1 1.76893e-5 0 1 1.73563e-5 0 1 1.14396e-5 0 1 -1.47449e-4 0 1 -2.30926e-5 0 1 1.84693e-5 0 1 -1.28139e-4 0 1 8.68696e-5 0 1 -1.7135e-5 0 1 2.28812e-5 0 1 -1.84311e-5 0 1 -3.87321e-5 0 1 3.63077e-5 0 1 -1.21511e-4 0 1 -1.48709e-5 0 1 1.28123e-4 0 1 -7.03383e-6 0 1 -1.69137e-5 0 1 2.08144e-5 0 1 -2.7934e-5 0 1 -1.40218e-5 0 1 2.09767e-5 0 1 -2.30922e-5 0 1 1.30157e-4 0 1 -1.24821e-4 0 1 2.15674e-5 0 1 -2.84614e-5 0 1 -1.26672e-6 0 0.7070915 0 -0.707122 0.7071949 -0.1379475 -0.6934307 0.7072131 -0.1379146 -0.6934186 0.7071979 0.1379176 -0.6934335 0.7071949 0.1379475 -0.6934307 0.7068618 0.2706773 -0.6535137 0.7068477 0.2706719 -0.6535313 0.7072422 0.3927767 -0.5878222 0.7072549 0.3927837 -0.5878023 0.7070798 0.5000038 -0.5000343 0.7070101 0.5880153 -0.3929054 0.7070143 0.5879883 -0.3929383 0.7070708 0.6533263 -0.270584 0.7070766 0.6533316 -0.2705557 0.7070288 0.6936005 -0.1379449 0.7070437 0.6935846 -0.1379478 0.7071068 0.7071068 0 0.707059 0.6935697 0.1379448 0.7070437 0.6935846 0.1379478 0.7071295 0.6532632 0.2705831 0.7071002 0.6532948 0.2705835 0.7070339 0.5880097 0.3928712 0.7070381 0.5879827 0.3929041 0.707069 0.5000267 0.5000267 0.7070798 0.5000343 0.5000038 0.7072871 0.3927236 0.5878037 0.7072787 0.3927495 0.5877966 0.7067914 0.2707347 0.6535661 0.7067972 0.2707065 0.6535715 0.7071527 0.1379147 0.6934802 0.7071556 0.1378848 0.6934831 0.7072288 0 0.7069847 0.7071706 -0.1378877 0.6934673 0.7071527 -0.1379147 0.6934802 0.7067914 -0.2707347 0.6535661 0.7072787 -0.3927495 0.5877966 0.7072871 -0.3927236 0.5878037 0.7070798 -0.5000343 0.5000038 0.707069 -0.5000267 0.5000267 0.7070101 -0.5880153 0.3929054 0.7070186 -0.5880224 0.3928797 0.707086 -0.6533122 0.2705782 0.7071002 -0.6532948 0.2705835 0.7070136 -0.6936155 0.1379479 0.7070317 -0.6936034 0.137915 0.7071068 -0.7071068 0 0.7070136 -0.6936155 -0.1379479 0.707106 -0.6533001 -0.2705553 0.7071002 -0.6532948 -0.2705835 0.7070143 -0.5879883 -0.3929383 0.7070101 -0.5880153 -0.3929054 0.7070798 -0.5000038 -0.5000343 0.7072185 -0.392811 -0.5878279 0.707227 -0.3927852 -0.587835 0.7068535 -0.2706436 -0.6535366 0 -0.1951066 0.9807821 0 -0.555538 0.8314912 0 -0.7071068 0.7071068 0 -0.8314677 0.5555732 0 -0.9807938 0.1950478 0 -0.9807938 -0.1950478 0 -0.8314677 -0.5555732 0 -0.707122 -0.7070915 0 -0.7071068 -0.7071068 0 -0.555538 -0.8314912 0 -0.1951066 -0.9807821 0 0.1951066 -0.9807821 0 0.555538 -0.8314912 0 0.7071068 -0.7071068 0 0.707122 -0.7070915 0 0.8314677 -0.5555732 0 0.9807938 -0.1950478 0 0.9807938 0.1950478 0 0.8314677 0.5555732 0 0.7071068 0.7071068 0 0.555538 0.8314912 0 0.1951066 0.9807821 0 -0.9239065 -0.3826187 0 -0.9238435 0.3827705 0 -0.707 0.7072136 0 -0.3827965 0.9238327 0 0.3827705 0.9238435 0 0.707 0.7072136 0 0.9238435 0.3827705 0 0.9239065 -0.3826187 0 0.3825558 -0.9239324 0 -0.3825558 -0.9239324 0 -0.9238435 -0.3827705 0 -0.707122 0.7070915 0 -0.3825036 0.923954 0 0.7071526 0.707061 0 0.9239172 0.3825926 0 0.9238544 -0.3827444 0 0.7072288 -0.7069847 0 0.3827705 -0.9238435 0 -0.3827705 -0.9238435 0 0.3825297 0.9239432 0 0.707122 0.7070915 0 0.9238435 -0.3827705 0 0.7071678 -0.7070457 0 -0.7071831 -0.7070305 0 -1 -3.05185e-5 0 -1 -6.1037e-5 0 -0.3824668 0.9239692 0 0.3824668 0.9239692 0 1 -3.05185e-5 0 -0.3827965 -0.9238327 0 0.7071831 -0.7070305 0 0.3827965 -0.9238327 0 -0.9239172 0.3825926 0 -0.3825297 0.9239432 0 -0.7071678 -0.7070457 0 -0.9238544 -0.3827444 0 -0.7071526 0.707061 0 0.3825036 0.923954 0 -0.7072288 -0.7069847 0 -0.3827705 0.9238435 0 0.3827965 0.9238327 1 -1.87219e-4 0 1 4.99376e-4 0 0.9999996 -9.98751e-4 0 1 2.49626e-4 0 0 0.1950772 0.9807879 0 -0.1950772 0.9807879 0 -0.9807879 0.1950772 0 -0.9807879 -0.1950772 0 -0.8314535 -0.5555943 0 -0.5555732 -0.8314677 0 0.5555732 -0.8314677 0 0.8314535 -0.5555943 0 0.9807879 -0.1950772 0 0.9807879 0.1950772 -1 5.21703e-5 0 -1 -5.0958e-5 0 -1 -1.30463e-5 0 -1 -1.01823e-4 0 -1 2.60855e-5 0 -1 -5.21669e-5 0 -1 -1.01843e-4 0 -1 2.08703e-4 0 -1 -2.03702e-4 0 -1 2.08697e-4 0 -1 1.08211e-4 0 -1 9.78423e-5 0 -1 1.04341e-4 0 -1 1.27333e-5 0 -1 9.13337e-5 0 -1 -7.63786e-5 0 -1 -1.01895e-4 0 -1 2.60892e-5 0 -1 -1.30426e-5 0 -1 2.54634e-5 0 -1 5.09476e-5 0 -1 -2.60892e-5 0 -1 1.01833e-4 0 -1 -1.04384e-4 0 -1 -1.04341e-4 0 -1 -9.78423e-5 0 -1 -2.03692e-4 0 -1 -1.10871e-4 0 -1 1.08217e-4 0 -1 -2.08703e-4 0 -1 1.01843e-4 0 -1 -1.04339e-4 0 -1 1.0433e-4 0 -1 -2.60855e-5 0 -1 1.01823e-4 0 -1 2.54657e-5 0 -1 1.30463e-5 0 -1 5.0958e-5 0 -1 -2.60857e-5 0 1 -1.75254e-4 0 1 8.75964e-5 0 0.9999999 -4.99532e-4 0 0.9999999 4.99532e-4 0 1 -1.75377e-4 0 1 8.76885e-5 0 0.5000844 0 0.8659768 0.5000527 0.1690138 0.8493419 0.5000254 0 0.8660107 0.5000501 -0.1690435 0.8493375 0.499994 -0.1690146 0.8493763 0.5000556 -0.3314375 0.8000585 0.5000256 -0.3314073 0.8000898 0.5000824 -0.4810692 0.7200626 0.5000934 -0.4810797 0.7200478 0.5000321 -0.6123746 0.6123441 0.5000228 -0.6123937 0.6123327 0.500033 -0.7200487 0.4811413 0.5000205 -0.8000817 0.3314345 0.5000027 -0.800102 0.3314124 0.4999992 -0.8493852 0.1689553 0.4999887 -0.849398 0.1689213 0.4999893 -0.8660317 0 0.5000025 -0.866024 0 0.5000017 -0.8493895 -0.1689257 0.4999659 -0.8494109 -0.1689239 0.4999905 -0.800113 -0.3314043 0.5000027 -0.800102 -0.3314124 0.4999991 -0.7200744 -0.4811381 0.4999386 -0.7200752 -0.4811997 0.5 -0.612342 -0.612403 0.5000644 -0.6123462 -0.6123462 0.5001199 -0.4811979 -0.7199504 0.5000559 -0.481134 -0.7200377 0.4999626 -0.3314365 -0.8001171 0.4998237 -0.3314456 -0.8002001 0.4999633 -0.1689535 -0.8494065 0.5000272 -0.1688934 -0.8493809 0.5000254 0 -0.8660107 0.5000615 0 -0.8659899 0.5000272 0.1688934 -0.8493809 0.4999763 0.1689579 -0.8493981 0.4999626 0.3314365 -0.8001171 0.4998186 0.3314728 -0.800192 0.500033 0.4811413 -0.7200487 0.5000322 0.6123136 -0.6124052 0.4999999 0.6123725 -0.6123725 0.5001575 0.4811437 -0.7199607 0.4999688 0.7200748 -0.4811689 0.4999652 0.7201001 -0.4811348 0.5000027 0.800102 -0.3314124 0.4999905 0.800113 -0.3314043 0.4999659 0.8494109 -0.1689239 0.5000017 0.8493895 -0.1689257 0.4999893 0.8660317 0 0.4999992 0.8493852 0.1689553 0.5000027 0.800102 0.3314124 0.5000205 0.8000817 0.3314345 0.4999659 0.8494109 0.1689239 0.500022 0.7200635 0.4811308 0.5000228 0.6123631 0.6123631 0.5000321 0.6123441 0.6123746 0.5000559 0.7200377 0.481134 0.5000861 0.4811032 0.7200373 0.5000934 0.4810797 0.7200478 0.5000556 0.3314375 0.8000585 0.5000306 0.3313801 0.8000979 0.499994 0.1690146 0.8493763 1 3.87958e-5 0 1 3.78017e-6 0 1 -3.10318e-4 0 1 -6.30053e-6 0 1 1.06906e-4 0 1 2.48688e-5 0 1 -3.10511e-4 0 1 -1.04822e-4 0 1 3.87837e-5 0 1 -1.55231e-4 0 1 3.10752e-4 0 1 -3.87958e-5 0 1 -2.65355e-5 0 1 2.35849e-5 0 1 -6.21296e-5 0 1 1.17936e-5 0 1 1.55289e-5 0 1 -3.88271e-6 0 1 -2.35838e-5 0 1 -1.55299e-5 0 1 -2.35869e-5 0 1 -1.17925e-5 0 1 1.55299e-5 0 1 -7.76422e-6 0 1 -3.88283e-6 0 1 -1.55323e-5 0 1 2.35869e-5 0 1 -3.10617e-5 0 1 3.88271e-6 0 1 -1.17936e-5 0 1 -1.55289e-5 0 1 3.10646e-5 0 1 -2.35849e-5 0 1 4.71743e-5 0 0 -0.3826555 -0.9238911 0 -0.5555169 0.8315052 0 0.3826555 -0.9238911 1 3.29207e-5 0 1 3.29186e-5 0 1 6.58545e-5 0 1 -6.58415e-5 0 1 1.21234e-4 0 1 -8.23154e-6 0 1 6.06097e-5 0 1 6.58371e-5 0 1 -3.29164e-5 0 1 3.03141e-5 0 1 -3.29327e-5 0 1 -3.29251e-5 0 1 3.03104e-5 0 1 -1.64625e-5 0 1 7.57759e-6 0 1 -1.51552e-5 0 1 3.29327e-5 0 1 -3.03141e-5 0 1 3.29164e-5 0 1 -6.58371e-5 0 1 -6.06097e-5 0 1 8.23154e-6 0 1 -1.21234e-4 0 1 -6.58545e-5 0 1 3.03067e-5 0 1 -3.29207e-5 0 1 7.57851e-6 0 0 0.8314535 0.5555943 0 0.5555943 0.8314535 0 -0.5555943 0.8314535 0 -0.1950478 -0.9807938 0 0.1950478 -0.9807938 0 -0.7070915 0.707122 0 -0.5555732 0.8314677 0 0.5555732 0.8314677 0 0.7070915 0.707122 0 0.7070915 -0.707122 0 0.1950772 -0.9807879 0 -0.1950772 -0.9807879 0 -0.7070915 -0.707122 -1 -1.22214e-5 0 -1 6.68388e-6 0 -1 -7.63732e-6 0 -1 -6.11068e-6 0 -1 -7.63755e-6 0 -1 -1.90948e-6 0 -1 1.22217e-5 0 -1 5.34658e-6 0 -1 1.22214e-5 0 -1 7.63755e-6 0 -1 6.11053e-6 0 -1 -7.63872e-6 0 -1 7.63732e-6 0 -1 -6.68388e-6 0 0 -0.3825558 0.9239324 0 -0.7072899 0.7069237 0 -1 -1.22074e-4 0 -0.9239584 -0.3824928 0 -0.3826187 -0.9239065 0 0.9239324 -0.3825558 0 1 -1.22074e-4 0 0.7073051 0.7069084 0 0.3825818 0.9239217 0.8571987 0.1969723 0.4758281 0.8571427 0 0.5150792 1 0 -3.05185e-5 0.8572192 -0.1969699 0.4757921 0.8571493 -0.3642541 0.3641625 0.8571668 0.3642181 0.364157 0.8571906 -0.4757931 0.1970925 0.8572308 0.4757069 0.1971252 0.8571642 -0.5150432 -6.10385e-5 0.8571427 0.5150792 -6.10392e-5 0.8571276 -0.4759446 -0.1970005 0.8570946 0.4760043 -0.1969999 0.8571668 -0.3642486 -0.3641265 0.8571397 0.3642805 -0.3641585 0.8571606 -0.197001 -0.4758849 0.8571091 0.1970643 -0.4759513 0.8571427 0 -0.5150792 0 0.5519787 0.8338583 -0.006500482 0.3421769 0.9396132 0.02056992 0.5481857 0.8361037 -0.006744623 0.7344052 0.6786778 0.01675486 0.8263612 0.5628913 -0.01709091 0.9237339 0.3826535 0.01681619 0.9789108 0.2035951 -0.01702946 0.9998551 1.52594e-4 0.01687681 0.9822753 -0.1866829 -0.016999 0.9237767 -0.3825544 0.01687699 0.8361288 -0.5482737 -0.01699906 0.7071267 -0.7068825 0.01690775 0.562687 -0.8264971 -0.01696878 0.3825914 -0.9237618 0.01687681 0.2032548 -0.9789804 -0.01693791 -3.05188e-5 -0.9998566 0.01690739 -0.1865005 -0.9823094 -0.01690757 -0.3824661 -0.9238149 -0.01687705 -0.7070061 -0.7070061 0.01693814 -0.5482164 -0.8361651 0.0169993 -0.8265578 -0.5625953 -0.0168159 -0.9237166 -0.3827074 0.01699936 -0.9789139 -0.2035652 0.01693803 -0.9822855 0.1866238 -0.01687687 -0.9998577 3.05188e-5 -0.01690763 -0.923726 0.3826808 0.01690763 -0.8361051 0.5483087 -0.01690757 -0.7070362 0.7069752 0.01681596 -0.5627088 0.8264843 -0.01690775 -0.3829584 0.9236109 0.01693797 -0.2038055 0.9788649 0.01696842 0.1866532 0.9822794 -0.01687687 -1.22075e-4 0.9998577 -1 -2.00321e-4 0 -1 4.13223e-4 0 -1 -2.0008e-4 0 -1 2.75179e-4 0 -1 4.00641e-4 0 -1 -4.00882e-4 0 -1 4.004e-4 0 -1 -2.74876e-4 0 -1 2.00321e-4 0 -1 -1.0016e-4 0 -1 -4.12541e-4 0 -1 1.002e-4 0 -1 -1.37514e-4 0 -1 -4.004e-4 0 -1 -2e-4 0 -0.9999999 5.49149e-4 0 -1 4.0008e-4 0 -1 -4.00561e-4 0 -1 2.74876e-4 0 1 -2.4325e-4 0 0.9999999 5.52608e-4 0 0.9999999 -4.86855e-4 0 0.9999997 8.83782e-4 0 1 -2.43427e-4 0 0.9999999 -4.57456e-4 0 1 -2.43191e-4 0 1 2.21043e-4 0 1 2.43427e-4 0 0.9999998 -6.63423e-4 0 0.9999999 4.865e-4 0 1 4.4238e-4 0 0.9999999 -4.87211e-4 0 0 0.3829591 -0.9237653 0 0.3829483 -0.9237698 0 0.7070152 -0.7071983 0 0.9238282 -0.3828073 0 1 -6.10389e-5 0 1 -6.1037e-5 0 0.707061 0.7071526 0 -0.707061 0.7071526 0 -0.9238911 0.3826555 0 -0.7070152 -0.7071983 0 -0.3829483 -0.9237698 0 -0.3829223 -0.9237806 0 -0.3826187 0.9239065 0 -0.9239584 0.3824928 0 -1 1.22074e-4 0 -0.9238696 -0.3827076 0 -0.7069542 -0.7072594 0 -0.7069389 -0.7072746 0 0.7069542 -0.7072594 0 0.7069389 -0.7072746 0 1 1.22074e-4 0 0.9239324 0.3825558 0.8571606 0.197001 0.4758849 0.8571292 -3.05191e-5 0.5151016 0.8571555 -0.1970304 0.4758821 0.8571668 -0.3642486 0.3641265 0.8571573 0.3642445 0.364153 0.8571019 -0.4759778 0.1970321 0.8571172 0.4759389 0.1970591 0.8571292 -0.5151016 3.05191e-5 0.8571427 0.5150792 3.05196e-5 0.8571318 -0.4758859 -0.1971235 0.8571391 0.4758595 -0.1971557 0.8571763 0.3640695 -0.3642831 0.8571348 0.1970326 -0.4759181 0.8571863 -0.1969694 -0.4758517 0.857194 -0.3640946 -0.3642166 -0.006408929 0.3416601 0.9398018 0.02069193 0.5480923 0.836162 -0.006622672 0.7344503 0.6786302 0.01696848 0.826544 0.5626164 -0.01693785 0.9237408 0.3826438 0.01690751 0.9789288 0.2035009 -0.01699894 0.9998555 -6.10375e-5 0.01687693 0.9822808 -0.1866534 -0.0169382 0.9238513 -0.3823769 0.01696878 0.8362017 -0.5481594 -0.01681602 0.7069763 -0.7070373 0.01699918 0.5625602 -0.8265816 -0.01684671 0.3825923 -0.9237638 0.01693809 0.2037763 -0.978871 -0.01693791 9.15564e-5 -0.9998566 0.01693797 -0.1866533 -0.9822799 -0.01687687 -0.3826442 -0.9237418 0.01706033 -0.5481586 -0.8362005 -0.01675498 -0.7068244 -0.7071906 -0.01693791 -0.9238036 -0.382492 0.01699942 -0.8264101 -0.5628122 0.01687681 -0.9789171 -0.2035595 -0.01693791 -0.9998566 -1.52594e-4 0.01690751 -0.982286 0.1866239 -0.01693779 -0.9237667 0.3825809 0.01687723 -0.8361427 0.5482523 -0.01702958 -0.7070958 0.7069127 -0.01709043 -0.3826428 0.9237383 0.01684641 -0.2032257 0.978987 -0.01693791 0 0.9998566 0.0169683 0.1865298 0.9823028 -1 2.00481e-4 0 -1 4.00481e-4 0 -0.9999999 -5.49375e-4 0 -0.9999998 -5.49904e-4 0 -1 4.01043e-4 0 -1 2.00401e-4 0 -1 -2.00401e-4 0 -1 -4.00802e-4 0 -0.9999999 5.50358e-4 0 -1 4.00922e-4 0 -0.9999999 -5.50282e-4 0 -1 2.75028e-4 0 0.9999995 -9.73709e-4 0 0.9999997 -8.84955e-4 0 0.9999995 9.74421e-4 0 1 -4.42282e-4 0 0.9999999 -4.86973e-4 0 1 2.20946e-4 0 1 -2.21141e-4 0 0.9999999 4.86618e-4 0 1 2.21533e-4 0 0 0.3824928 -0.9239584 0 0.3824668 -0.9239692 0 0.7070763 -0.7071373 0 1 9.15555e-5 0 0.9238588 0.3827337 0 0.3828963 0.9237914 0 0.3829223 0.9237806 0 -0.3828855 0.9237958 0 -0.3828334 0.9238174 0 -0.7070763 0.7071373 0 -1 9.15555e-5 0 -0.9239172 -0.3825926 0 -0.3824668 -0.9239692 0 -0.3824408 -0.9239801 1 -3.04275e-4 0 1 2.70599e-4 0 1 -1.52277e-4 0 1 1.35181e-4 0 1 1.52161e-4 0 1 -1.35163e-4 0 1 3.04159e-4 0 1 -2.70636e-4 0 1 -2.70563e-4 0 1 3.04229e-4 0 1 -1.3519e-4 0 1 -1.35153e-4 0 1 3.04252e-4 0 1 -1.35135e-4 0 1 -1.52022e-4 0 1 1.35135e-4 0 1 1.35153e-4 0 1 1.5186e-4 0 1 -1.35281e-4 0 1 1.52068e-4 0 1 3.04321e-4 0 1 -4.06064e-4 0 1 -1.35355e-4 0 1 -1.35172e-4 0 1 -1.52346e-4 0 1 4.06064e-4 0 1 -3.04229e-4 0 1 1.3541e-4 0 1 -1.52068e-4 0 1 -1.3541e-4 0 1 1.52277e-4 0 1 -1.35117e-4 0 0.9999999 -5.40833e-4 0 1 -4.05734e-4 0 1 3.03998e-4 0 1 1.35208e-4 0 1 -3.04136e-4 0 1 4.05679e-4 0 1 1.35263e-4 0 0.9999999 5.4076e-4 0 1 1.3508e-4 0 1 -1.5223e-4 0 1 1.35117e-4 0 1 -2.02812e-4 0 1 -7.59994e-5 0 1 -1.51999e-4 0 1 7.59878e-5 0 1 -1.35245e-4 0 1 -1.35318e-4 0 1 -1.35199e-4 0 1 1.35217e-4 0 1 1.35245e-4 0 1 1.51953e-4 0 1 -1.52091e-4 0 1 -1.52138e-4 0 1 -1.353e-4 0 1 -1.35236e-4 0 1 1.353e-4 0 1 -2.02785e-4 0 1 -7.59878e-5 0 1 -1.52045e-4 0 1 7.59994e-5 0 1 -1.35126e-4 0 1 1.35144e-4 0 1 1.5223e-4 0 1 -1.3508e-4 0 0.9999999 -5.4076e-4 0 1 -4.05679e-4 0 1 -1.35263e-4 0 1 -1.35208e-4 0 1 3.04136e-4 0 1 -3.03998e-4 0 1 -3.04321e-4 0 1 4.05734e-4 0 1 1.35281e-4 0 0.9999999 5.40833e-4 0 1 3.04275e-4 0 1 1.35172e-4 0 1 -1.52161e-4 0 1 1.35355e-4 0 1 1.3519e-4 0 1 2.70563e-4 0 1 1.35108e-4 0 1 1.52253e-4 0 1 -2.70673e-4 0 1 -2.70599e-4 0 -1 -3.16102e-6 0 -1 -5.39342e-6 0 -1 -6.7113e-5 0 -1 6.84234e-5 0 -1 9.93542e-5 0 -1 -6.84234e-5 0 -1 -9.93813e-5 0 -1 6.71062e-5 0 -1 4.28449e-5 0 -1 1.43096e-4 0 -1 -1.49337e-4 0 0 0.1153909 0.9933203 0 -0.04797548 0.9988485 0 -0.2100647 0.9776875 0 -0.6797784 0.7334176 0 -0.6797238 0.7334682 0 -0.9852865 0.1709107 0 -0.9852839 0.170926</float_array>
          <technique_common>
            <accessor source="#Mesh69_007-mesh-normals-array" count="903" stride="3">
              <param name="X" type="float"/>
              <param name="Y" type="float"/>
              <param name="Z" type="float"/>
            </accessor>
          </technique_common>
        </source>
        <vertices id="Mesh69_007-mesh-vertices">
          <input semantic="POSITION" source="#Mesh69_007-mesh-positions"/>
        </vertices>
        <triangles material="Kuka_black_002-material" count="2706">
          <input semantic="VERTEX" source="#Mesh69_007-mesh-vertices" offset="0"/>
          <input semantic="NORMAL" source="#Mesh69_007-mesh-normals" offset="1"/>
          <p>0 0 1 0 2 0 3 0 0 0 2 0 4 1 5 1 6 1 8 1 6 1 5 1 5 2 4 2 7 2 5 1 7 1 9 1 9 3 7 3 11 3 11 4 13 4 9 4 15 5 9 5 13 5 9 6 15 6 17 6 5 7 10 7 8 7 12 1 8 1 10 1 19 8 17 8 15 8 17 9 19 9 21 9 12 1 10 1 14 1 16 10 12 10 14 10 23 11 21 11 19 11 21 12 23 12 25 12 18 1 16 1 14 1 20 13 16 13 18 13 27 14 25 14 23 14 25 15 27 15 29 15 22 16 20 16 18 16 22 1 24 1 20 1 31 1 29 1 27 1 31 17 33 17 29 17 22 1 26 1 24 1 28 1 24 1 26 1 33 18 31 18 35 18 35 19 37 19 33 19 26 1 30 1 28 1 32 20 28 20 30 20 39 1 37 1 35 1 37 1 39 1 41 1 30 21 34 21 32 21 36 1 32 1 34 1 43 22 41 22 39 22 41 1 43 1 45 1 34 23 38 23 36 23 40 24 36 24 38 24 47 25 45 25 43 25 45 26 47 26 49 26 38 1 42 1 40 1 44 1 40 1 42 1 51 27 49 27 47 27 49 28 51 28 53 28 42 29 46 29 44 29 44 1 46 1 48 1 55 30 53 30 51 30 53 31 55 31 57 31 50 1 48 1 46 1 48 32 50 32 52 32 59 33 57 33 55 33 57 34 59 34 61 34 54 35 52 35 50 35 52 36 54 36 56 36 63 37 61 37 59 37 61 1 63 1 65 1 56 1 54 1 58 1 60 38 56 38 58 38 63 39 67 39 65 39 69 1 65 1 67 1 67 1 71 1 69 1 70 40 69 40 71 40 71 41 68 41 70 41 66 1 70 1 68 1 68 42 64 42 66 42 66 43 64 43 62 43 64 1 60 1 62 1 58 44 62 44 60 44 72 45 73 45 74 46 72 45 74 46 75 46 76 47 75 46 74 46 75 46 76 47 77 47 77 47 76 47 78 48 79 48 77 47 78 48 78 48 80 49 79 48 80 49 81 49 79 48 80 49 82 50 81 49 83 50 81 49 82 50 82 50 84 51 83 50 84 51 85 51 83 50 86 52 85 51 84 51 85 51 86 52 87 52 87 52 86 52 88 53 87 52 88 53 89 53 90 54 89 53 88 53 91 54 89 53 90 54 90 54 92 55 91 54 93 55 91 54 92 55 94 56 93 55 92 55 93 55 94 56 95 56 96 57 95 56 94 56 97 57 95 56 96 57 97 57 96 57 98 58 98 58 99 58 97 57 100 59 99 58 98 58 99 58 100 59 101 59 101 59 100 59 102 60 102 60 103 60 101 59 104 61 103 60 102 60 103 60 104 61 105 61 106 62 105 61 104 61 105 61 106 62 107 62 106 62 108 63 107 62 108 63 109 63 107 62 109 63 108 63 110 64 111 64 109 63 110 64 111 64 110 64 112 65 113 65 111 64 112 65 113 65 112 65 114 66 113 65 114 66 115 66 116 67 115 66 114 66 117 67 115 66 116 67 116 67 118 68 117 67 118 68 119 68 117 67 120 69 119 68 118 68 121 69 119 68 120 69 122 70 121 69 120 69 121 69 122 70 123 70 124 71 123 70 122 70 125 71 123 70 124 71 124 71 126 72 125 71 125 71 126 72 127 72 127 72 126 72 128 73 127 72 128 73 129 73 129 73 128 73 130 74 130 74 131 74 129 73 131 74 130 74 132 75 131 74 132 75 133 75 132 75 134 76 133 75 133 75 134 76 135 77 134 76 136 78 135 77 135 77 136 78 137 78 136 78 138 79 137 78 139 79 137 78 138 79 140 80 141 80 142 80 142 81 143 81 140 81 143 81 142 81 144 81 144 81 145 81 143 81 147 82 145 82 146 82 145 81 144 81 146 81 146 83 148 83 147 83 149 84 147 84 148 84 151 81 149 81 150 81 150 81 149 81 148 81 150 81 152 81 151 81 153 85 151 85 152 85 153 81 152 81 154 81 156 81 154 81 155 81 154 86 152 86 155 86 157 87 156 87 155 87 157 81 158 81 156 81 158 88 157 88 159 88 159 81 160 81 158 81 160 81 159 81 161 81 161 89 162 89 160 89 162 90 161 90 163 90 163 91 164 91 162 91 164 81 163 81 165 81 165 81 166 81 164 81 165 81 167 81 166 81 166 81 167 81 168 81 167 92 169 92 168 92 168 93 169 93 170 93 171 94 170 94 169 94 170 95 171 95 172 95 172 81 171 81 173 81 173 81 174 81 172 81 174 81 173 81 175 81 175 96 176 96 174 96 178 97 177 97 176 97 176 81 175 81 178 81 177 81 178 81 179 81 179 98 180 98 181 98 179 99 181 99 177 99 181 100 180 100 182 100 184 81 182 81 180 81 183 101 182 101 184 101 184 81 185 81 183 81 185 102 186 102 183 102 186 103 185 103 187 103 189 81 187 81 188 81 187 81 189 81 186 81 188 81 190 81 189 81 190 104 188 104 192 104 192 105 191 105 190 105 191 81 192 81 193 81 193 81 194 81 191 81 194 81 193 81 195 81 197 81 195 81 196 81 195 81 197 81 194 81 198 81 197 81 196 81 200 106 198 106 196 106 200 81 199 81 198 81 201 81 199 81 200 81 201 81 202 81 199 81 201 81 203 81 202 81 204 107 205 107 203 107 203 81 205 81 202 81 204 81 206 81 205 81 204 108 207 108 206 108 204 109 208 109 207 109 209 110 208 110 204 110 209 111 142 111 141 111 204 112 142 112 209 112 210 113 211 114 212 114 210 113 212 114 213 113 214 115 210 113 213 113 215 115 214 115 213 113 214 115 215 115 216 116 218 117 216 116 217 116 216 116 215 115 217 116 219 117 218 117 217 116 220 118 218 117 219 117 222 119 220 118 221 120 220 118 219 117 221 120 223 119 222 119 221 120 223 119 224 121 222 119 225 122 226 123 224 121 224 121 223 119 225 122 224 121 226 123 227 123 226 123 228 124 227 123 228 124 226 123 229 125 231 126 228 124 229 125 231 126 230 126 228 124 230 126 231 126 232 127 230 126 232 127 233 128 234 129 233 128 232 127 236 129 234 129 235 130 233 128 234 129 236 129 237 130 236 129 235 130 239 131 237 130 235 130 239 131 238 131 237 130 238 131 239 131 240 132 240 132 212 114 241 132 240 132 241 132 238 131 241 132 212 114 211 114 242 113 243 114 244 114 242 113 244 114 245 113 246 133 242 113 245 113 247 133 246 133 245 113 246 133 247 133 248 116 250 117 248 116 249 116 248 116 247 133 249 116 251 117 250 117 249 116 252 120 250 117 251 117 254 119 252 120 253 120 252 120 251 117 253 120 255 119 254 119 253 120 255 119 256 121 254 119 257 121 258 123 256 121 256 121 255 119 257 121 256 121 258 123 259 123 258 123 260 125 259 123 260 125 258 123 261 124 263 126 260 125 261 124 263 126 262 126 260 125 262 126 263 126 264 127 262 126 264 127 265 127 266 129 265 127 264 127 268 129 266 129 267 130 265 127 266 129 268 129 269 130 268 129 267 130 271 134 269 130 267 130 271 134 270 134 269 130 270 134 271 134 272 132 272 132 244 114 273 132 272 132 273 132 270 134 273 132 244 114 243 114 274 113 275 114 276 114 274 113 276 114 277 113 278 133 274 113 277 113 279 133 278 133 277 113 278 133 279 133 280 116 282 117 280 116 281 116 280 116 279 133 281 116 283 117 282 117 281 116 284 120 282 117 283 117 286 119 284 120 285 120 284 120 283 117 285 120 287 119 286 119 285 120 287 119 288 122 286 119 289 121 290 123 288 122 288 122 287 119 289 121 288 122 290 123 291 123 290 123 292 124 291 123 292 124 290 123 293 124 295 126 292 124 293 124 295 126 294 126 292 124 294 126 295 126 296 127 294 126 296 127 297 127 298 129 297 127 296 127 300 129 298 129 299 130 297 127 298 129 300 129 301 130 300 129 299 130 303 134 301 130 299 130 303 134 302 134 301 130 302 134 303 134 304 132 304 132 276 114 305 132 304 132 305 132 302 134 305 132 276 114 275 114 306 135 307 114 308 114 306 135 308 114 309 135 310 115 306 135 309 135 311 133 310 115 309 135 310 115 311 133 312 136 314 117 312 136 313 136 312 136 311 133 313 136 315 117 314 117 313 136 316 118 314 117 315 117 318 119 316 118 317 118 316 118 315 117 317 118 319 137 318 119 317 118 319 137 320 121 318 119 321 121 322 123 320 121 320 121 319 137 321 121 320 121 322 123 323 123 322 123 324 124 323 123 324 124 322 123 325 124 327 138 324 124 325 124 327 138 326 126 324 124 326 126 327 138 328 127 326 126 328 127 329 127 330 129 329 127 328 127 332 129 330 129 331 130 329 127 330 129 332 129 333 130 332 129 331 130 335 134 333 130 331 130 335 134 334 131 333 130 334 131 335 134 336 139 336 139 308 114 337 139 336 139 337 139 334 131 337 139 308 114 307 114 338 140 339 114 340 114 338 140 340 114 341 140 342 115 338 140 341 140 343 133 342 115 341 140 342 115 343 133 344 116 346 117 344 116 345 116 344 116 343 133 345 116 347 117 346 117 345 116 348 120 346 117 347 117 350 119 348 120 349 120 348 120 347 117 349 120 351 137 350 119 349 120 351 137 352 121 350 119 353 121 354 123 352 121 352 121 351 137 353 121 352 121 354 123 355 123 354 123 356 124 355 123 356 124 354 123 357 124 359 138 356 124 357 124 359 138 358 126 356 124 358 126 359 138 360 128 358 126 360 128 361 128 362 129 361 128 360 128 364 129 362 129 363 141 361 128 362 129 364 129 365 141 364 129 363 141 367 134 365 141 363 141 367 134 366 131 365 141 366 131 367 134 368 142 368 142 340 114 369 142 368 142 369 142 366 131 369 142 340 114 339 114 370 135 371 114 372 114 370 135 372 114 373 135 374 133 370 135 373 135 375 133 374 133 373 135 374 133 375 133 376 143 378 117 376 143 377 136 376 143 375 133 377 136 379 117 378 117 377 136 380 118 378 117 379 117 382 137 380 118 381 118 380 118 379 117 381 118 383 144 382 137 381 118 383 144 384 122 382 137 385 122 386 123 384 122 384 122 383 144 385 122 387 124 386 123 388 125 385 122 389 123 386 123 386 123 389 123 388 125 390 145 387 124 388 125 392 138 390 145 391 146 392 138 387 124 390 145 393 146 392 138 391 146 395 129 393 146 391 146 393 146 395 129 394 129 394 129 395 129 396 141 396 141 397 141 394 129 398 134 397 141 396 141 400 134 398 134 399 142 398 134 400 134 397 141 401 142 400 134 399 142 399 142 372 114 401 142 401 142 372 114 371 114 402 135 403 114 404 114 402 135 404 114 405 135 406 133 402 135 405 135 407 133 406 133 405 135 406 133 407 133 408 136 410 117 408 136 409 136 408 136 407 133 409 136 411 117 410 117 409 136 412 147 410 117 411 117 414 137 412 147 413 147 412 147 411 117 413 147 415 144 414 137 413 147 415 144 416 121 414 137 417 122 418 123 416 121 416 121 415 144 417 122 419 125 418 123 420 125 417 122 421 123 418 123 418 123 421 123 420 125 422 145 419 125 420 125 424 138 422 145 423 128 424 138 419 125 422 145 425 128 424 138 423 128 427 129 425 128 423 128 425 128 427 129 426 129 426 129 427 129 428 141 428 141 429 148 426 129 430 134 429 148 428 141 432 134 430 134 431 142 430 134 432 134 429 148 433 142 432 134 431 142 431 142 404 114 433 142 433 142 404 114 403 114 434 149 435 114 436 114 434 149 436 114 437 149 438 150 434 149 437 149 439 151 438 150 437 149 438 150 439 151 440 136 442 117 440 136 441 116 440 136 439 151 441 116 443 117 442 117 441 116 444 120 442 117 443 117 446 152 444 120 445 120 444 120 443 117 445 120 447 152 446 152 445 120 447 152 448 153 446 152 449 153 450 123 448 153 448 153 447 152 449 153 451 154 450 123 452 154 449 153 453 123 450 123 450 123 453 123 452 154 454 155 451 154 452 154 456 155 454 155 455 127 456 155 451 154 454 155 457 127 456 155 455 127 459 129 457 127 455 127 457 127 459 129 458 129 458 129 459 129 460 130 460 130 461 141 458 129 462 156 461 141 460 130 464 157 462 156 463 158 462 156 464 157 461 141 465 158 464 157 463 158 463 158 436 114 465 158 465 158 436 114 435 114 466 149 467 114 468 114 466 149 468 114 469 149 470 150 466 149 469 149 471 151 470 150 469 149 470 150 471 151 472 136 474 117 472 136 473 116 472 136 471 151 473 116 475 117 474 117 473 116 476 120 474 117 475 117 478 152 476 120 477 120 476 120 475 117 477 120 479 152 478 152 477 120 479 152 480 153 478 152 481 153 482 123 480 153 480 153 479 152 481 153 483 154 482 123 484 154 481 153 485 123 482 123 482 123 485 123 484 154 486 155 483 154 484 154 488 155 486 155 487 127 488 155 483 154 486 155 489 127 488 155 487 127 491 129 489 127 487 127 489 127 491 129 490 129 490 129 491 129 492 130 492 130 493 141 490 129 494 156 493 141 492 130 496 157 494 156 495 158 494 156 496 157 493 141 497 158 496 157 495 158 495 158 468 114 497 158 497 158 468 114 467 114 499 159 498 123 501 159 498 123 499 159 500 123 502 160 498 123 500 123 503 160 498 123 502 160 504 161 503 160 502 160 504 161 502 160 505 161 505 161 506 162 504 161 505 161 507 162 506 162 506 162 507 162 508 117 507 162 509 117 508 117 508 117 509 117 510 163 509 117 511 163 510 163 510 163 511 163 512 164 513 164 512 164 511 163 512 164 513 164 514 165 513 164 516 165 514 165 516 165 515 114 514 165 516 165 517 114 515 114 518 166 515 114 517 114 520 166 515 114 518 166 518 166 519 167 520 166 521 167 520 166 519 167 521 167 519 167 522 168 521 167 522 168 523 168 523 168 525 129 524 129 522 168 525 129 523 168 526 169 524 129 525 129 524 129 526 169 528 169 528 169 526 169 527 170 529 170 528 169 527 170 499 159 501 159 529 170 529 170 527 170 499 159 530 81 531 81 532 81 532 81 533 81 530 81 530 171 533 171 534 171 535 81 534 81 533 81 535 172 536 172 534 172 537 173 534 173 536 173 537 174 536 174 538 174 538 175 539 175 537 175 540 81 539 81 538 81 540 176 541 176 539 176 541 81 540 81 542 81 543 81 542 81 540 81 543 81 544 81 542 81 543 177 545 177 544 177 543 178 546 178 545 178 543 81 547 81 546 81 548 81 547 81 549 81 547 179 543 179 549 179 550 81 549 81 551 81 550 81 553 81 549 81 549 180 553 180 548 180 549 181 552 181 551 181 553 81 550 81 554 81 554 182 555 182 556 182 555 183 554 183 550 183 558 184 557 184 556 184 559 81 558 81 556 81 555 185 559 185 556 185 560 81 558 81 559 81 560 186 559 186 561 186 560 81 561 81 562 81 561 81 563 81 562 81 563 81 564 81 562 81 565 187 562 187 564 187 566 188 565 188 564 188 567 189 566 189 568 189 565 81 566 81 567 81 567 190 568 190 569 190 568 191 570 191 569 191 570 192 571 192 569 192 571 193 570 193 572 193 572 81 570 81 573 81 572 194 573 194 574 194 575 81 574 81 573 81 574 81 575 81 576 81 574 195 576 195 577 195 552 196 574 196 577 196 578 81 552 81 577 81 552 197 578 197 579 197 552 198 579 198 551 198 580 199 572 199 581 199 580 81 571 81 572 81 582 81 580 81 581 81 582 81 581 81 583 81 584 200 583 200 581 200 584 201 581 201 585 201 586 202 585 202 587 202 584 81 585 81 586 81 587 203 585 203 588 203 588 81 585 81 589 81 588 81 589 81 590 81 590 81 589 81 591 81 589 204 592 204 591 204 593 81 592 81 589 81 589 205 594 205 593 205 593 81 594 81 596 81 594 81 595 81 597 81 596 81 594 81 597 81 595 206 598 206 597 206 599 81 598 81 595 81 600 81 599 81 595 81 601 207 602 207 600 207 600 208 595 208 601 208 603 209 604 209 602 209 601 81 603 81 602 81 605 81 606 81 604 81 604 81 603 81 605 81 606 81 605 81 608 81 608 81 607 81 606 81 607 81 608 81 609 81 609 81 608 81 610 81 611 210 610 210 612 210 613 81 610 81 611 81 610 81 613 81 609 81 613 211 611 211 614 211 615 81 613 81 614 81 614 212 616 212 615 212 616 213 590 213 615 213 616 81 588 81 590 81 617 81 618 81 612 81 612 214 618 214 611 214 619 81 618 81 617 81 620 81 619 81 617 81 617 215 565 215 620 215 620 81 565 81 567 81 603 81 601 81 621 81 621 81 601 81 622 81 623 81 621 81 622 81 621 216 623 216 624 216 621 217 624 217 625 217 625 187 626 187 627 187 624 188 626 188 625 188 626 81 628 81 627 81 629 81 627 81 628 81 629 81 630 81 627 81 632 81 630 81 631 81 630 81 629 81 631 81 632 218 633 218 634 218 633 219 632 219 631 219 634 220 635 220 632 220 635 81 636 81 638 81 635 221 637 221 636 221 635 222 634 222 637 222 640 81 638 81 639 81 641 223 639 223 638 223 638 224 636 224 641 224 639 81 641 81 642 81 642 81 641 81 643 81 644 81 645 81 643 81 643 81 645 81 642 81 645 81 644 81 646 81 646 225 647 225 648 225 647 81 646 81 649 81 646 226 644 226 649 226 650 227 649 227 644 227 649 81 650 81 651 81 649 228 651 228 652 228 649 81 652 81 653 81 655 229 654 229 653 229 656 230 653 230 652 230 653 231 656 231 655 231 657 81 654 81 655 81 657 81 658 81 654 81 659 81 654 81 658 81 659 81 660 81 654 81 661 81 660 81 659 81 661 81 659 81 662 81 633 81 663 81 662 81 662 81 663 81 661 81 633 81 631 81 663 81 660 232 664 232 654 232 665 233 664 233 660 233 666 81 664 81 665 81 664 234 666 234 667 234 667 81 669 81 664 81 668 81 669 81 667 81 671 81 670 81 669 81 669 235 672 235 671 235 672 236 669 236 668 236 673 237 670 237 671 237 670 81 673 81 623 81 623 81 622 81 670 81 648 81 647 81 674 81 647 238 675 238 674 238 676 81 675 81 677 81 675 81 647 81 677 81 677 239 680 239 678 239 676 81 677 81 678 81 680 81 677 81 679 81 681 240 680 240 679 240 681 81 679 81 682 81 682 81 683 81 684 81 682 81 679 81 683 81 682 81 684 81 685 81 684 241 686 241 685 241 685 242 686 242 687 242 687 243 686 243 688 243 687 81 688 81 689 81 690 81 689 81 688 81 690 81 688 81 640 81 690 81 640 81 639 81 692 81 684 81 683 81 692 81 691 81 684 81 694 81 693 81 692 81 693 81 691 81 692 81 694 244 692 244 695 244 698 81 696 81 695 81 695 245 696 245 694 245 698 81 695 81 697 81 699 81 697 81 695 81 699 246 700 246 702 246 697 81 699 81 701 81 702 81 701 81 699 81 702 81 700 81 703 81 703 81 700 81 704 81 700 247 705 247 704 247 708 81 706 81 705 81 705 81 706 81 707 81 705 81 700 81 708 81 708 248 709 248 710 248 708 81 700 81 709 81 709 81 711 81 710 81 711 81 709 81 712 81 713 249 712 249 709 249 712 250 713 250 714 250 715 81 714 81 713 81 716 81 715 81 713 81 713 81 717 81 716 81 718 81 716 81 717 81 720 251 719 251 718 251 717 252 720 252 718 252 721 253 719 253 720 253 717 81 722 81 720 81 724 254 723 254 722 254 722 255 717 255 724 255 727 256 724 256 725 256 726 81 723 81 724 81 724 257 727 257 726 257 725 258 728 258 727 258 725 259 729 259 728 259 725 260 730 260 729 260 730 81 540 81 538 81 540 261 730 261 725 261 719 262 721 262 731 262 721 81 732 81 731 81 732 242 733 242 734 242 732 263 734 263 731 263 733 243 735 243 734 243 734 264 736 264 731 264 734 81 737 81 736 81 739 81 738 81 737 81 736 81 737 81 738 81 737 81 740 81 739 81 741 265 740 265 742 265 740 266 741 266 739 266 743 81 742 81 744 81 742 267 743 267 741 267 745 81 744 81 742 81 746 81 745 81 747 81 745 81 746 81 744 81 747 81 745 81 748 81 748 268 691 268 749 268 749 81 747 81 748 81 691 269 693 269 749 269 743 81 707 81 750 81 750 270 741 270 743 270 706 271 750 271 707 271 735 272 733 272 751 272 735 273 751 273 753 273 735 81 753 81 752 81 753 81 535 81 752 81 752 81 535 81 533 81 557 274 558 274 532 274 531 81 557 81 532 81 754 275 755 276 756 277 756 277 757 275 754 275 754 275 757 275 758 278 759 279 754 275 758 278 758 278 760 280 759 279 761 281 759 279 760 280 760 280 762 282 761 281 762 282 763 283 761 281 763 283 762 282 764 284 765 284 763 283 764 284 766 285 765 284 764 284 766 285 767 286 765 284 766 285 768 287 767 286 767 286 768 287 769 288 768 287 770 289 769 288 770 289 771 290 769 288 772 291 771 290 770 289 772 291 773 291 771 290 772 291 774 292 773 291 775 293 773 291 774 292 776 294 775 293 774 292 775 293 776 294 777 295 777 295 776 294 778 296 779 297 777 295 778 296 780 298 779 297 778 296 781 299 779 297 780 298 781 299 780 298 782 300 783 301 781 299 782 300 782 300 784 302 783 301 784 302 785 303 783 301 786 304 785 303 784 302 787 305 785 303 786 304 789 306 787 305 788 306 788 306 787 305 786 304 789 306 788 306 790 307 792 308 791 309 790 307 790 307 788 306 792 308 791 309 792 308 793 309 795 310 791 309 793 309 795 310 793 309 794 311 794 311 796 312 795 310 797 313 796 312 794 311 797 313 798 314 796 312 798 314 800 315 799 316 798 314 797 313 800 315 800 315 801 317 799 316 801 317 803 318 799 316 803 318 801 317 802 319 802 319 804 320 803 318 804 320 802 319 805 320 804 320 805 320 806 321 806 321 808 321 807 322 808 321 806 321 805 320 808 321 809 323 807 322 807 322 809 323 811 324 810 325 811 324 809 323 810 325 812 326 811 324 810 325 813 326 812 326 812 326 813 326 814 327 814 327 816 328 815 329 816 328 814 327 813 326 815 329 816 328 817 329 756 277 755 276 817 329 817 329 755 276 815 329 818 330 819 114 820 330 818 330 820 330 821 149 821 149 822 149 818 330 823 331 822 149 821 149 822 149 823 331 824 331 825 332 826 332 824 331 825 332 824 331 823 331 825 332 827 333 826 332 828 333 826 332 827 333 828 333 829 136 830 136 829 136 828 333 827 333 830 136 829 136 831 334 830 136 831 334 832 334 834 117 832 334 833 117 831 334 833 117 832 334 835 335 834 117 833 117 834 117 835 335 836 335 837 118 838 118 836 335 836 335 835 335 837 118 837 118 839 336 838 118 839 336 840 336 838 118 840 336 841 337 842 338 841 337 840 336 839 336 841 337 843 339 842 338 843 339 844 339 842 338 844 339 845 122 846 122 844 339 843 339 845 122 847 340 846 122 845 122 847 340 848 340 846 122 850 123 848 340 849 123 847 340 849 123 848 340 851 341 850 123 849 123 851 341 853 341 852 125 851 341 849 123 853 341 854 125 852 125 853 341 856 342 854 125 855 342 854 125 856 342 852 125 856 342 855 342 857 343 859 344 857 343 855 342 857 343 859 344 858 345 859 344 860 345 858 345 860 345 861 128 858 345 860 345 862 128 861 128 862 128 863 346 864 346 862 128 864 346 861 128 864 346 863 346 865 129 863 346 867 129 865 129 865 129 867 129 866 347 866 347 867 129 868 347 866 347 868 347 869 141 868 347 870 141 869 141 871 348 872 348 870 141 872 348 869 141 870 141 871 348 873 349 872 348 871 348 875 349 873 349 873 349 875 349 874 350 874 350 875 349 876 350 876 350 877 158 874 350 877 158 876 350 878 158 878 158 879 351 880 351 877 158 878 158 880 351 879 351 819 114 880 351 819 114 879 351 881 114 820 330 819 114 881 114 883 117 882 117 885 352 882 117 883 117 884 353 882 117 884 353 886 353 886 353 884 353 887 354 887 354 888 354 886 353 888 354 887 354 889 355 888 354 889 355 890 355 890 355 889 355 891 114 891 114 892 114 890 355 893 356 892 114 891 114 893 356 894 356 895 357 893 356 891 114 894 356 895 357 896 357 893 356 896 357 895 357 897 358 896 357 897 358 898 358 898 358 897 358 899 129 899 129 900 129 898 358 900 129 902 359 901 359 900 129 899 129 902 359 901 359 902 359 903 344 905 344 903 344 904 360 903 344 905 344 901 359 905 344 904 360 906 360 906 360 904 360 908 123 908 123 907 123 906 360 909 361 907 123 908 123 909 361 910 361 907 123 910 361 909 361 911 337 913 337 911 337 912 352 911 337 913 337 910 361 913 337 912 352 885 352 885 352 912 352 883 117 915 117 914 117 917 362 914 117 915 117 916 163 914 117 916 163 918 163 918 163 916 163 919 363 919 363 920 363 918 163 920 363 919 363 921 364 920 363 921 364 922 364 922 364 921 364 923 114 923 114 924 114 922 364 925 166 924 114 923 114 925 166 926 166 927 365 925 166 923 114 926 166 927 365 928 365 925 166 928 365 927 365 929 366 928 365 929 366 930 366 930 366 929 366 931 129 931 129 932 129 930 366 932 129 934 367 933 367 932 129 931 129 934 367 933 367 934 367 935 368 937 368 935 368 936 369 935 368 937 368 933 367 937 368 936 369 938 369 938 369 936 369 940 123 940 123 939 123 938 369 941 370 939 123 940 123 941 370 942 370 939 123 942 370 941 370 943 152 945 152 943 152 944 362 943 152 945 152 942 370 945 152 944 362 917 362 917 362 944 362 915 117 947 117 946 117 949 162 946 117 947 117 948 163 946 117 948 163 950 163 950 163 948 163 951 363 951 363 952 363 950 163 952 363 951 363 953 165 952 363 953 165 954 165 954 165 953 165 955 114 955 114 956 114 954 165 957 371 956 114 955 114 957 371 958 371 959 372 957 371 955 114 958 371 959 372 960 372 957 371 960 372 959 372 961 168 960 372 961 168 962 168 962 168 961 168 963 129 963 129 964 129 962 168 964 129 966 373 965 373 964 129 963 129 966 373 965 373 966 373 967 374 969 374 967 374 968 369 967 374 969 374 965 373 969 374 968 369 970 369 970 369 968 369 972 123 972 123 971 123 970 369 973 370 971 123 972 123 973 370 974 370 971 123 974 370 973 370 975 375 977 375 975 375 976 162 975 375 977 375 974 370 977 375 976 162 949 162 949 162 976 162 947 117 979 376 978 377 981 118 978 377 979 376 980 163 978 377 980 163 982 163 982 163 980 163 983 363 983 363 984 363 982 163 984 363 983 363 985 378 984 363 985 378 986 378 986 378 985 378 987 114 987 114 988 114 986 378 989 379 988 114 987 114 989 379 990 379 991 372 989 379 987 114 990 379 991 372 992 372 989 379 992 372 991 372 993 366 992 372 993 366 994 168 994 168 993 366 995 380 995 380 996 380 994 168 996 380 998 128 997 128 996 380 995 380 998 128 997 128 998 128 999 344 1001 344 999 344 1000 369 999 344 1001 344 997 128 1001 344 1000 369 1002 369 1002 369 1000 369 1004 123 1004 123 1003 123 1002 369 1005 381 1003 123 1004 123 1005 381 1006 381 1003 123 1006 381 1005 381 1007 337 1009 337 1007 337 1008 118 1007 337 1009 337 1006 381 1009 337 1008 118 981 118 981 118 1008 118 979 376 1011 117 1010 117 1013 162 1010 117 1011 117 1012 163 1010 117 1012 163 1014 163 1014 163 1012 163 1015 164 1015 164 1016 164 1014 163 1016 164 1015 164 1017 165 1018 165 1019 114 1017 165 1017 165 1015 164 1018 165 1019 114 1018 165 1021 114 1020 166 1019 114 1021 114 1020 166 1021 114 1022 166 1020 166 1022 166 1023 167 1023 167 1024 167 1020 166 1024 167 1023 167 1025 168 1026 168 1025 168 1027 129 1024 167 1025 168 1026 168 1027 129 1029 129 1026 168 1029 129 1027 129 1028 169 1029 129 1028 169 1030 169 1030 169 1028 169 1031 382 1031 382 1032 382 1030 169 1032 382 1031 382 1033 383 1033 383 1031 382 1034 383 1034 383 1035 123 1033 383 1037 381 1036 381 1035 123 1037 381 1035 123 1038 123 1035 123 1034 383 1038 123 1036 381 1037 381 1039 375 1041 375 1039 375 1040 162 1039 375 1041 375 1036 381 1041 375 1040 162 1013 162 1013 162 1040 162 1011 117 1043 376 1042 377 1045 118 1042 377 1043 376 1044 163 1042 377 1044 163 1046 384 1046 384 1044 163 1047 363 1047 363 1048 363 1046 384 1048 363 1047 363 1049 378 1048 363 1049 378 1050 378 1050 378 1049 378 1051 114 1051 114 1052 114 1050 378 1053 379 1052 114 1051 114 1053 379 1054 379 1055 372 1053 379 1051 114 1054 379 1055 372 1056 372 1053 379 1056 372 1055 372 1057 168 1056 372 1057 168 1058 168 1058 168 1057 168 1059 380 1059 380 1060 380 1058 168 1060 380 1062 128 1061 128 1060 380 1059 380 1062 128 1061 128 1062 128 1063 344 1065 344 1063 344 1064 383 1063 344 1065 344 1061 128 1065 344 1064 383 1066 383 1066 383 1064 383 1068 123 1068 123 1067 123 1066 383 1069 370 1067 123 1068 123 1069 370 1070 370 1067 123 1070 370 1069 370 1071 337 1073 337 1071 337 1072 118 1071 337 1073 337 1070 370 1073 337 1072 118 1045 118 1045 118 1072 118 1043 376 1075 117 1074 117 1077 362 1074 117 1075 117 1076 163 1074 117 1076 163 1078 163 1078 163 1076 163 1079 363 1079 363 1080 363 1078 163 1080 363 1079 363 1081 385 1080 363 1081 385 1082 385 1082 385 1081 385 1083 114 1083 114 1084 114 1082 385 1085 166 1084 114 1083 114 1085 166 1086 166 1087 372 1085 166 1083 114 1086 166 1087 372 1088 372 1085 166 1088 372 1087 372 1089 168 1088 372 1089 168 1090 168 1090 168 1089 168 1091 129 1091 129 1092 129 1090 168 1092 129 1094 169 1093 373 1092 129 1091 129 1094 169 1093 373 1094 169 1095 374 1097 382 1095 374 1096 369 1095 374 1097 382 1093 373 1097 382 1096 369 1098 369 1098 369 1096 369 1100 123 1100 123 1099 123 1098 369 1101 370 1099 123 1100 123 1101 370 1102 370 1099 123 1102 370 1101 370 1103 386 1105 375 1103 386 1104 362 1103 386 1105 375 1102 370 1105 375 1104 362 1077 362 1077 362 1104 362 1075 117 1107 117 1106 117 1109 387 1106 117 1107 117 1108 384 1106 117 1108 384 1110 384 1110 384 1108 384 1111 388 1111 388 1112 388 1110 384 1112 388 1111 388 1113 165 1112 388 1113 165 1114 165 1114 165 1113 165 1115 114 1115 114 1116 114 1114 165 1117 389 1116 114 1115 114 1117 389 1118 389 1119 372 1117 389 1115 114 1118 389 1119 372 1120 372 1117 389 1120 372 1119 372 1121 168 1120 372 1121 168 1122 168 1122 168 1121 168 1123 129 1123 129 1124 129 1122 168 1124 129 1126 373 1125 373 1124 129 1123 129 1126 373 1125 373 1126 373 1127 155 1129 155 1127 155 1128 369 1127 155 1129 155 1125 373 1129 155 1128 369 1130 369 1130 369 1128 369 1132 123 1132 123 1131 123 1130 369 1133 370 1131 123 1132 123 1133 370 1134 370 1131 123 1134 370 1133 370 1135 390 1137 390 1135 390 1136 387 1135 390 1137 390 1134 370 1137 390 1136 387 1109 387 1109 387 1136 387 1107 117 1139 117 1138 117 1141 352 1138 117 1139 117 1140 353 1138 117 1140 353 1142 353 1142 353 1140 353 1143 354 1143 354 1144 354 1142 353 1144 354 1143 354 1145 391 1144 354 1145 391 1146 391 1146 391 1145 391 1147 114 1147 114 1148 114 1146 391 1149 392 1148 114 1147 114 1149 392 1150 392 1151 357 1149 392 1147 114 1150 392 1151 357 1152 357 1149 392 1152 357 1151 357 1153 358 1152 357 1153 358 1154 358 1154 358 1153 358 1155 129 1155 129 1156 129 1154 358 1156 129 1158 359 1157 359 1156 129 1155 129 1158 359 1157 359 1158 359 1159 344 1161 344 1159 344 1160 360 1159 344 1161 344 1157 359 1161 344 1160 360 1162 360 1162 360 1160 360 1164 123 1164 123 1163 123 1162 360 1165 361 1163 123 1164 123 1165 361 1166 361 1163 123 1166 361 1165 361 1167 337 1169 337 1167 337 1168 352 1167 337 1169 337 1166 361 1169 337 1168 352 1141 352 1141 352 1168 352 1139 117 1171 81 1170 81 1173 81 1170 393 1171 393 1172 393 1173 81 1175 81 1174 81 1174 81 1171 81 1173 81 1173 394 1176 394 1175 394 1175 81 1177 81 1174 81 1177 81 1175 81 1178 81 1175 81 1179 81 1178 81 1179 81 1180 81 1178 81 1181 81 1178 81 1182 81 1178 81 1181 81 1177 81 1183 395 1174 395 1177 395 1171 81 1174 81 1184 81 1171 396 1184 396 1185 396 1186 114 1187 397 1188 397 1186 114 1188 397 1189 114 1186 114 1189 114 1190 398 1191 398 1186 114 1190 398 1192 135 1191 398 1190 398 1192 135 1193 135 1191 398 1192 135 1194 331 1193 135 1193 135 1194 331 1195 331 1196 332 1195 331 1194 331 1196 332 1197 332 1195 331 1198 333 1197 332 1196 332 1197 332 1198 333 1199 333 1198 333 1200 136 1199 333 1201 136 1199 333 1200 136 1200 136 1202 399 1201 136 1202 399 1203 399 1201 136 1204 117 1203 399 1202 399 1204 117 1205 117 1203 399 1206 400 1205 117 1204 117 1207 400 1205 117 1206 400 1208 118 1207 400 1206 400 1208 118 1209 118 1207 400 1209 118 1208 118 1210 336 1210 336 1211 401 1209 118 1210 336 1212 338 1211 401 1211 401 1212 338 1213 338 1214 402 1213 338 1212 338 1215 402 1213 338 1214 402 1214 402 1216 153 1215 402 1216 153 1217 153 1215 402 1218 340 1217 153 1216 153 1219 340 1217 153 1218 340 1221 123 1219 340 1220 123 1218 340 1220 123 1219 340 1221 123 1220 123 1222 341 1222 341 1224 341 1223 154 1222 341 1220 123 1224 341 1224 341 1225 154 1223 154 1225 154 1227 403 1223 154 1226 403 1227 403 1225 154 1228 343 1227 403 1226 403 1226 403 1229 343 1228 343 1228 343 1229 343 1230 404 1231 128 1230 404 1232 345 1230 404 1229 343 1232 345 1233 128 1231 128 1232 345 1233 128 1235 405 1231 128 1234 405 1235 405 1233 128 1234 405 1236 129 1235 405 1236 129 1234 405 1237 129 1237 129 1238 406 1236 129 1239 141 1238 406 1240 406 1240 406 1238 406 1237 129 1240 406 1241 141 1239 141 1239 141 1241 141 1243 348 1241 141 1242 348 1243 348 1242 348 1244 349 1243 348 1245 349 1244 349 1242 348 1244 349 1245 349 1246 350 1246 350 1248 350 1247 142 1245 349 1248 350 1246 350 1249 142 1247 142 1248 350 1249 142 1188 397 1187 397 1249 142 1187 397 1247 142 1251 1 1250 1 1253 1 1250 1 1251 1 1252 1 1252 407 1254 407 1250 407 1254 408 1255 408 1250 408 1256 409 1255 409 1254 409 1257 1 1255 1 1256 1 1258 410 1259 410 1257 410 1258 411 1257 411 1256 411 1260 412 1259 412 1258 412 1259 1 1260 1 1261 1 1262 413 1263 413 1261 413 1260 1 1262 1 1261 1 1262 414 1264 414 1263 414 1265 415 1263 415 1264 415 1266 1 1267 1 1265 1 1264 416 1266 416 1265 416 1266 1 1268 1 1267 1 1267 417 1268 417 1269 417 1270 1 1271 1 1269 1 1270 418 1269 418 1268 418 1271 419 1270 419 1272 419 1272 1 1273 1 1271 1 1273 420 1274 420 1275 420 1274 1 1273 1 1272 1 1276 421 1275 421 1274 421 1275 422 1276 422 1277 422 1278 423 1279 423 1277 423 1278 424 1277 424 1276 424 1279 1 1278 1 1280 1 1280 1 1281 1 1279 1 1281 1 1282 1 1283 1 1282 1 1281 1 1280 1 1283 425 1282 425 1284 425 1285 1 1283 1 1284 1 1285 426 1284 426 1286 426 1286 1 1284 1 1288 1 1286 427 1288 427 1287 427 1288 428 1289 428 1287 428 1289 429 1290 429 1287 429 1291 430 1290 430 1289 430 1293 1 1291 1 1292 1 1291 1 1293 1 1290 1 1293 1 1292 1 1294 1 1294 431 1292 431 1296 431 1294 1 1296 1 1295 1 1296 432 1297 432 1295 432 1297 433 1298 433 1295 433 1299 1 1298 1 1297 1 1299 434 1300 434 1301 434 1299 1 1301 1 1298 1 1302 435 1301 435 1300 435 1304 436 1302 436 1300 436 1304 437 1303 437 1302 437 1304 438 1305 438 1303 438 1305 1 1306 1 1303 1 1306 439 1305 439 1307 439 1307 440 1308 440 1309 440 1307 441 1309 441 1306 441 1310 442 1309 442 1308 442 1308 443 1312 443 1310 443 1312 444 1311 444 1310 444 1312 445 1313 445 1311 445 1253 1 1311 1 1313 1 1251 1 1253 1 1313 1 1314 81 1315 81 1316 81 1318 81 1316 81 1317 81 1315 81 1317 81 1316 81 1318 81 1319 81 1316 81 1320 81 1316 81 1319 81 1317 81 1321 81 1318 81 1321 81 1322 81 1318 81 1323 81 1321 81 1317 81 1324 81 1321 81 1323 81 1324 81 1325 81 1321 81 1324 81 1326 81 1325 81 1328 81 1324 81 1327 81 1323 81 1327 81 1324 81 1323 81 1317 81 1329 81 1330 81 1331 81 1332 81 1334 81 1332 81 1333 81 1331 81 1333 81 1332 81 1334 81 1335 81 1332 81 1336 81 1332 81 1335 81 1333 81 1337 81 1334 81 1337 81 1338 81 1334 81 1339 81 1337 81 1333 81 1340 81 1337 81 1339 81 1340 81 1341 81 1337 81 1340 81 1342 81 1341 81 1344 81 1340 81 1343 81 1339 81 1343 81 1340 81 1339 81 1333 81 1345 81 1346 81 1347 81 1348 81 1350 81 1348 81 1349 81 1347 81 1349 81 1348 81 1350 81 1351 81 1348 81 1352 81 1348 81 1351 81 1349 81 1353 81 1350 81 1353 81 1354 81 1350 81 1355 81 1353 81 1349 81 1356 81 1353 81 1355 81 1356 81 1357 81 1353 81 1356 81 1358 81 1357 81 1360 81 1356 81 1359 81 1355 81 1359 81 1356 81 1355 81 1349 81 1361 81 1362 81 1363 81 1364 81 1366 81 1364 81 1365 81 1363 446 1365 446 1364 446 1366 447 1367 447 1364 447 1368 81 1364 81 1367 81 1365 81 1369 81 1366 81 1369 448 1370 448 1366 448 1371 81 1369 81 1365 81 1372 81 1369 81 1371 81 1372 81 1373 81 1369 81 1372 81 1374 81 1373 81 1376 81 1372 81 1375 81 1371 81 1375 81 1372 81 1371 449 1365 449 1377 449 1378 81 1379 81 1380 81 1382 81 1380 81 1381 81 1379 450 1381 450 1380 450 1382 451 1383 451 1380 451 1384 81 1380 81 1383 81 1381 81 1385 81 1382 81 1382 81 1385 81 1386 81 1386 81 1387 81 1382 81 1388 81 1386 81 1385 81 1388 81 1389 81 1386 81 1388 81 1390 81 1389 81 1392 81 1388 81 1391 81 1385 81 1391 81 1388 81 1385 81 1381 81 1393 81 1394 81 1395 81 1396 81 1398 81 1396 81 1397 81 1395 81 1397 81 1396 81 1398 81 1399 81 1396 81 1400 81 1396 81 1399 81 1397 81 1401 81 1398 81 1401 81 1402 81 1398 81 1403 81 1401 81 1397 81 1404 81 1401 81 1403 81 1404 81 1405 81 1401 81 1404 81 1406 81 1405 81 1408 81 1404 81 1407 81 1403 81 1407 81 1404 81 1403 81 1397 81 1409 81 1410 81 1411 81 1412 81 1414 81 1412 81 1413 81 1411 446 1413 446 1412 446 1414 447 1415 447 1412 447 1416 81 1412 81 1415 81 1413 81 1417 81 1414 81 1417 448 1418 448 1414 448 1419 81 1417 81 1413 81 1420 81 1417 81 1419 81 1420 81 1421 81 1417 81 1420 81 1422 81 1421 81 1424 81 1420 81 1423 81 1419 81 1423 81 1420 81 1419 449 1413 449 1425 449 1426 81 1427 81 1428 81 1430 81 1428 81 1429 81 1427 81 1429 81 1428 81 1430 81 1431 81 1428 81 1432 81 1428 81 1431 81 1429 81 1433 81 1430 81 1433 81 1434 81 1430 81 1435 81 1433 81 1429 81 1436 81 1433 81 1435 81 1436 81 1437 81 1433 81 1436 81 1438 81 1437 81 1440 81 1436 81 1439 81 1435 81 1439 81 1436 81 1435 81 1429 81 1441 81 1442 81 1443 81 1444 81 1446 81 1444 81 1445 81 1443 81 1445 81 1444 81 1446 81 1447 81 1444 81 1448 81 1444 81 1447 81 1445 81 1449 81 1446 81 1449 81 1450 81 1446 81 1451 81 1449 81 1445 81 1452 81 1449 81 1451 81 1452 81 1453 81 1449 81 1452 81 1454 81 1453 81 1456 81 1452 81 1455 81 1451 81 1455 81 1452 81 1451 81 1445 81 1457 81 1458 452 1459 453 1460 454 1458 452 1460 454 1461 455 1461 455 1460 454 1462 456 1461 455 1462 456 1463 457 1464 458 1463 457 1462 456 1463 457 1464 458 1465 459 1465 459 1466 460 1463 457 1467 461 1466 460 1465 459 1467 461 1465 459 1468 462 1467 461 1468 462 1469 463 1470 463 1469 463 1468 462 1470 463 1471 464 1469 463 1472 465 1471 464 1470 463 1473 466 1471 464 1472 465 1474 467 1473 466 1472 465 1475 468 1473 466 1474 467 1475 468 1476 469 1473 466 1476 469 1475 468 1477 470 1477 470 1478 471 1479 472 1478 471 1477 470 1475 468 1477 470 1479 472 1480 473 1480 473 1481 474 1482 475 1481 474 1480 473 1479 472 1483 476 1482 475 1481 474 1483 476 1481 474 1484 477 1484 477 1485 478 1483 476 1486 479 1485 478 1484 477 1487 480 1485 478 1486 479 1488 481 1487 480 1486 479 1487 480 1488 481 1489 482 1489 482 1490 483 1487 480 1491 484 1490 483 1489 482 1492 485 1490 483 1491 484 1492 485 1491 484 1493 486 1493 486 1491 484 1495 487 1493 486 1495 487 1494 488 1496 489 1494 488 1495 487 1494 488 1496 489 1497 490 1499 491 1497 490 1498 492 1499 491 1500 493 1497 490 1497 490 1500 493 1494 488 1498 492 1501 494 1499 491 1503 495 1501 494 1498 492 1503 495 1502 496 1501 494 1504 497 1502 496 1503 495 1504 497 1505 498 1506 499 1506 499 1502 496 1504 497 1507 500 1506 499 1505 498 1506 499 1507 500 1508 500 1508 500 1507 500 1509 501 1511 502 1510 503 1509 501 1509 501 1512 504 1511 502 1512 504 1509 501 1507 500 1513 505 1510 503 1511 502 1514 506 1515 507 1513 505 1515 507 1516 508 1513 505 1516 508 1510 503 1513 505 1514 506 1517 509 1515 507 1519 510 1517 509 1514 506 1519 510 1518 511 1517 509 1520 512 1518 511 1519 510 1521 513 1518 511 1520 512 1460 454 1459 453 1521 513 1521 513 1459 453 1518 511 1522 514 1523 514 1524 514 1524 81 1525 81 1522 81 1526 81 1522 81 1525 81 1522 81 1526 81 1527 81 1530 515 1526 515 1525 515 1528 516 1529 516 1526 516 1533 81 1528 81 1526 81 1526 517 1530 517 1531 517 1526 81 1531 81 1532 81 1532 518 1533 518 1526 518 1535 81 1532 81 1534 81 1532 519 1531 519 1534 519 1534 520 1536 520 1535 520 1531 521 1537 521 1534 521 1534 81 1537 81 1538 81 1530 81 1540 81 1531 81 1531 522 1541 522 1539 522 1531 81 1540 81 1541 81 1542 81 1541 81 1540 81 1540 523 1530 523 1543 523 1525 81 1544 81 1530 81 1544 81 1545 81 1530 81 1546 81 1530 81 1545 81 1530 81 1546 81 1547 81 1530 524 1547 524 1548 524 1525 81 1550 81 1544 81 1550 81 1549 81 1544 81 1551 81 1550 81 1525 81 1552 81 1550 81 1551 81 1525 525 1524 525 1553 525 1554 81 1555 81 1556 81 1554 81 1556 81 1557 81 1557 526 1556 526 1558 526 1558 527 1559 527 1557 527 1560 81 1557 81 1559 81 1560 528 1559 528 1561 528 1562 529 1563 529 1561 529 1561 81 1559 81 1562 81 1563 530 1564 530 1561 530 1566 531 1564 531 1565 531 1564 81 1563 81 1565 81 1567 532 1566 532 1565 532 1568 81 1566 81 1567 81 1569 533 1568 533 1567 533 1570 81 1571 81 1569 81 1569 81 1567 81 1570 81 1572 81 1571 81 1570 81 1571 81 1572 81 1573 81 1573 81 1574 81 1571 81 1574 534 1573 534 1575 534 1576 81 1574 81 1575 81 1577 81 1576 81 1575 81 1579 81 1577 81 1578 81 1578 535 1577 535 1575 535 1579 81 1578 81 1580 81 1579 536 1580 536 1581 536 1582 81 1581 81 1580 81 1581 81 1582 81 1583 81 1584 81 1581 81 1583 81 1583 537 1585 537 1584 537 1586 81 1585 81 1587 81 1587 81 1585 81 1583 81 1587 81 1588 81 1586 81 1588 81 1589 81 1586 81 1589 538 1591 538 1586 538 1589 81 1590 81 1591 81 1592 81 1591 81 1590 81 1590 539 1593 539 1592 539 1595 533 1594 533 1593 533 1596 81 1595 81 1593 81 1596 81 1593 81 1590 81 1594 81 1595 81 1597 81 1594 81 1597 81 1599 81 1599 81 1597 81 1598 81 1599 81 1598 81 1600 81 1601 533 1600 533 1598 533 1601 540 1598 540 1603 540 1601 541 1603 541 1602 541 1604 81 1602 81 1603 81 1602 81 1604 81 1605 81 1606 81 1605 81 1604 81 1608 81 1606 81 1607 81 1608 536 1605 536 1606 536 1609 81 1608 81 1607 81 1609 81 1607 81 1611 81 1609 542 1611 542 1610 542 1610 81 1611 81 1612 81 1613 543 1614 543 1612 543 1612 544 1614 544 1610 544 1613 81 1615 81 1614 81 1615 545 1616 545 1614 545 1616 81 1615 81 1555 81 1555 546 1615 546 1617 546 1617 547 1556 547 1555 547 1618 340 1619 123 1620 123 1618 340 1620 123 1621 340 1618 340 1621 340 1622 548 1622 548 1623 153 1618 340 1623 153 1622 548 1624 339 1623 153 1624 339 1625 339 1625 339 1624 339 1626 337 1626 337 1627 338 1625 339 1627 338 1626 337 1628 336 1627 338 1628 336 1629 336 1629 336 1628 336 1630 118 1630 118 1631 118 1629 336 1631 118 1630 118 1632 400 1631 118 1632 400 1633 400 1633 400 1632 400 1634 117 1634 117 1635 117 1633 400 1635 117 1634 117 1636 399 1635 117 1636 399 1637 399 1637 399 1636 399 1638 136 1638 136 1639 136 1637 399 1639 136 1638 136 1640 333 1639 136 1640 333 1641 333 1641 333 1640 333 1642 332 1642 332 1643 332 1641 333 1643 332 1642 332 1644 331 1643 332 1644 331 1645 549 1645 549 1644 331 1646 135 1646 135 1647 135 1645 549 1647 135 1646 135 1648 330 1647 135 1648 330 1649 330 1649 330 1648 330 1650 114 1650 114 1651 114 1649 330 1653 351 1652 351 1651 114 1653 351 1651 114 1650 114 1652 351 1653 351 1654 142 1656 142 1654 142 1655 350 1654 142 1656 142 1652 351 1656 142 1655 350 1657 350 1657 350 1655 350 1659 349 1659 349 1658 349 1657 350 1658 349 1659 349 1660 348 1658 349 1660 348 1661 348 1661 348 1660 348 1662 141 1664 141 1662 141 1663 406 1662 141 1664 141 1661 348 1664 141 1663 406 1665 406 1665 406 1663 406 1667 129 1667 129 1666 129 1665 406 1666 129 1667 129 1668 405 1666 129 1668 405 1669 405 1669 405 1668 405 1670 128 1672 128 1670 128 1671 345 1670 128 1672 128 1669 405 1672 128 1671 345 1673 345 1673 345 1671 345 1675 344 1675 344 1674 343 1673 345 1674 343 1675 344 1676 342 1674 343 1676 342 1677 342 1677 342 1676 342 1678 550 1680 154 1678 550 1679 341 1678 550 1680 154 1677 342 1680 154 1679 341 1681 341 1681 341 1679 341 1620 123 1620 123 1619 123 1681 341 1682 81 1683 81 1684 81 1684 551 1685 551 1682 551 1686 81 1685 81 1684 81 1687 552 1685 552 1686 552 1687 81 1686 81 1688 81 1687 81 1688 81 1689 81 1690 81 1689 81 1688 81 1689 81 1690 81 1691 81 1692 81 1691 81 1690 81 1692 553 1693 553 1691 553 1694 81 1693 81 1692 81 1695 554 1693 554 1694 554 1695 555 1694 555 1696 555 1696 81 1697 81 1695 81 1698 81 1697 81 1696 81 1698 81 1699 81 1697 81 1700 81 1699 81 1698 81 1701 556 1699 556 1700 556 1700 557 1702 557 1701 557 1703 558 1701 558 1702 558 1704 81 1703 81 1702 81 1703 81 1704 81 1705 81 1706 81 1705 81 1704 81 1705 559 1706 559 1707 559 1708 560 1707 560 1706 560 1709 561 1707 561 1708 561 1708 81 1710 81 1709 81 1711 81 1709 81 1710 81 1712 81 1711 81 1710 81 1711 562 1712 562 1713 562 1715 563 1713 563 1712 563 1715 564 1714 564 1713 564 1714 565 1715 565 1716 565 1714 81 1716 81 1717 81 1714 81 1717 81 1719 81 1717 566 1718 566 1719 566 1719 567 1718 567 1720 567 1718 568 1721 568 1720 568 1722 569 1720 569 1721 569 1723 81 1722 81 1724 81 1721 81 1724 81 1722 81 1723 81 1724 81 1725 81 1723 570 1725 570 1727 570 1725 571 1726 571 1727 571 1727 572 1726 572 1728 572 1726 81 1729 81 1728 81 1729 81 1730 81 1728 81 1732 81 1731 81 1730 81 1730 81 1729 81 1732 81 1731 573 1732 573 1733 573 1735 81 1731 81 1733 81 1735 81 1733 81 1734 81 1734 574 1736 574 1735 574 1734 81 1737 81 1736 81 1738 81 1736 81 1737 81 1739 81 1738 81 1740 81 1737 81 1740 81 1738 81 1739 81 1740 81 1741 81 1743 570 1739 570 1741 570 1743 575 1741 575 1742 575 1742 576 1744 576 1743 576 1744 577 1742 577 1745 577 1744 81 1745 81 1683 81 1745 81 1684 81 1683 81 1746 129 1747 405 1748 405 1748 405 1749 129 1746 129 1750 406 1746 129 1749 129 1751 406 1750 406 1749 129 1752 141 1750 406 1751 406 1754 578 1752 141 1753 141 1751 406 1753 141 1752 141 1755 578 1754 578 1753 141 1755 578 1756 372 1754 578 1757 372 1754 578 1756 372 1758 579 1757 372 1756 372 1759 579 1757 372 1758 579 1758 579 1760 142 1759 579 1761 142 1759 579 1760 142 1762 397 1761 142 1760 142 1763 397 1762 397 1760 142 1763 397 1764 114 1762 397 1765 114 1762 397 1764 114 1765 114 1764 114 1766 398 1767 398 1765 114 1766 398 1766 398 1768 135 1767 398 1769 135 1767 398 1768 135 1770 580 1769 135 1768 135 1771 580 1770 580 1768 135 1772 363 1770 580 1771 580 1774 333 1772 363 1773 363 1771 580 1773 363 1772 363 1775 333 1774 333 1773 363 1776 136 1774 333 1775 333 1778 399 1776 136 1777 136 1775 333 1777 136 1776 136 1780 399 1778 399 1777 136 1779 117 1778 399 1780 399 1780 399 1781 117 1779 117 1783 400 1779 117 1781 117 1782 400 1783 400 1781 117 1784 118 1783 400 1782 400 1782 400 1785 118 1784 118 1786 336 1784 118 1785 118 1787 338 1786 336 1788 338 1789 336 1788 338 1786 336 1789 336 1786 336 1785 118 1790 402 1787 338 1788 338 1791 121 1793 402 1790 402 1790 402 1792 121 1791 121 1793 402 1787 338 1790 402 1794 581 1791 121 1792 121 1794 581 1795 123 1796 581 1796 581 1791 121 1794 581 1797 123 1796 581 1795 123 1797 123 1795 123 1798 582 1799 124 1798 582 1800 582 1795 123 1800 582 1798 582 1800 582 1801 124 1799 124 1802 403 1799 124 1801 124 1802 403 1803 344 1804 403 1804 403 1799 124 1802 403 1805 344 1804 403 1803 344 1806 345 1805 344 1803 344 1807 345 1805 344 1806 345 1808 128 1807 345 1806 345 1806 345 1809 128 1808 128 1747 405 1808 128 1809 128 1748 405 1747 405 1809 128 1810 117 1811 400 1812 117 1812 117 1813 399 1810 117 1810 117 1813 399 1814 399 1814 399 1813 399 1815 136 1816 136 1814 399 1815 136 1818 333 1816 136 1817 333 1815 136 1817 333 1816 136 1817 333 1819 583 1818 333 1819 583 1820 583 1818 333 1822 584 1820 583 1821 584 1820 583 1819 583 1821 584 1823 135 1822 584 1821 584 1822 584 1823 135 1824 135 1824 135 1825 398 1826 398 1825 398 1824 135 1823 135 1825 398 1827 114 1826 398 1826 398 1827 114 1828 114 1828 114 1827 114 1829 397 1831 142 1829 397 1830 397 1829 397 1827 114 1830 397 1832 142 1831 142 1830 397 1831 142 1832 142 1833 585 1832 142 1834 585 1833 585 1833 585 1834 585 1835 586 1836 586 1835 586 1834 585 1837 348 1835 586 1836 586 1838 348 1837 348 1836 586 1838 348 1839 141 1837 348 1839 141 1838 348 1840 141 1841 406 1839 141 1840 141 1840 141 1842 406 1841 406 1842 406 1843 129 1841 406 1843 129 1845 129 1844 405 1845 129 1843 129 1842 406 1844 405 1845 129 1846 405 1847 128 1848 128 1846 405 1844 405 1846 405 1848 128 1848 128 1847 128 1849 345 1847 128 1851 345 1849 345 1849 345 1851 345 1850 587 1852 587 1850 587 1851 345 1850 587 1852 587 1853 403 1854 403 1853 403 1852 587 1854 403 1855 124 1856 124 1854 403 1856 124 1853 403 1857 588 1856 124 1855 124 1859 588 1857 588 1855 124 1859 588 1858 123 1857 588 1859 588 1860 123 1858 123 1860 123 1861 589 1858 123 1861 589 1863 589 1858 123 1862 121 1863 589 1861 589 1864 121 1863 589 1862 121 1862 121 1865 402 1864 121 1866 402 1864 121 1865 402 1868 590 1867 590 1866 402 1865 402 1868 590 1866 402 1868 590 1869 336 1867 590 1871 336 1867 590 1869 336 1870 118 1871 336 1869 336 1870 118 1872 118 1871 336 1873 400 1872 118 1870 118 1873 400 1811 400 1872 118 1811 400 1873 400 1812 117 1874 1 1875 1 1876 1 1874 1 1876 1 1877 1 1877 1 1876 1 1878 1 1878 1 1879 1 1877 1 1880 1 1877 1 1879 1 1882 1 1880 1 1881 1 1880 591 1879 591 1881 591 1881 1 1883 1 1882 1 1884 1 1882 1 1883 1 1886 592 1884 592 1885 592 1884 1 1883 1 1885 1 1885 591 1887 591 1886 591 1888 593 1886 593 1887 593 1890 1 1888 1 1889 1 1887 1 1889 1 1888 1 1891 594 1890 594 1889 594 1892 1 1890 1 1891 1 1893 1 1894 1 1892 1 1892 1 1891 1 1893 1 1894 1 1893 1 1895 1 1896 1 1894 1 1895 1 1897 595 1896 595 1895 595 1899 1 1897 1 1898 1 1898 591 1897 591 1895 591 1899 1 1898 1 1900 1 1899 1 1900 1 1901 1 1902 1 1901 1 1900 1 1901 1 1902 1 1903 1 1902 1 1904 1 1903 1 1904 1 1905 1 1903 1 1907 1 1905 1 1904 1 1908 1 1905 1 1906 1 1907 1 1906 1 1905 1 1906 596 1909 596 1908 596 1910 1 1909 1 1911 1 1912 1 1911 1 1909 1 1912 1 1909 1 1906 1 1911 597 1913 597 1910 597 1913 1 1915 1 1910 1 1913 1 1914 1 1915 1 1916 1 1915 1 1914 1 1914 598 1917 598 1916 598 1917 1 1918 1 1916 1 1918 599 1917 599 1919 599 1920 600 1918 600 1919 600 1920 1 1919 1 1921 1 1919 601 1923 601 1921 601 1922 595 1921 595 1923 595 1924 1 1922 1 1923 1 1924 1 1925 1 1922 1 1926 599 1925 599 1924 599 1928 1 1926 1 1927 1 1928 602 1925 602 1926 602 1929 603 1928 603 1927 603 1929 599 1927 599 1931 599 1929 604 1931 604 1930 604 1930 1 1931 1 1932 1 1932 1 1933 1 1930 1 1934 1 1933 1 1932 1 1934 1 1935 1 1936 1 1933 1 1934 1 1936 1 1936 1 1935 1 1875 1 1875 1 1935 1 1937 1 1937 1 1876 1 1875 1 1938 341 1939 124 1940 341 1940 341 1941 123 1938 341 1938 341 1941 123 1942 123 1942 123 1941 123 1943 340 1943 340 1941 123 1944 340 1945 121 1943 340 1944 340 1944 340 1946 121 1945 121 1947 402 1945 121 1946 121 1948 339 1947 402 1946 121 1948 339 1949 338 1947 402 1948 339 1950 338 1949 338 1951 336 1949 338 1950 338 1952 336 1951 336 1950 338 1953 118 1951 336 1952 336 1952 336 1954 118 1953 118 1955 400 1953 118 1954 118 1956 400 1955 400 1954 118 1957 117 1955 400 1956 400 1956 400 1958 117 1957 117 1957 117 1958 117 1959 399 1960 399 1959 399 1958 117 1960 399 1961 136 1959 399 1960 399 1962 136 1961 136 1962 136 1963 333 1961 136 1964 333 1963 333 1962 136 1965 332 1963 333 1964 333 1964 333 1966 332 1965 332 1965 332 1966 332 1967 584 1968 584 1967 584 1966 332 1969 135 1967 584 1968 584 1968 584 1970 135 1969 135 1971 330 1969 135 1970 135 1973 114 1971 330 1972 330 1972 330 1971 330 1970 135 1974 351 1973 114 1975 351 1973 114 1976 114 1975 351 1972 330 1976 114 1973 114 1975 351 1977 142 1974 351 1979 142 1974 351 1977 142 1978 585 1979 142 1977 142 1980 585 1979 142 1978 585 1978 585 1981 349 1980 585 1982 349 1980 585 1981 349 1984 348 1983 348 1982 349 1984 348 1982 349 1981 349 1984 348 1985 141 1983 348 1985 141 1987 141 1983 348 1986 406 1987 141 1985 141 1986 406 1988 406 1987 141 1986 406 1989 129 1988 406 1989 129 1990 129 1988 406 1992 405 1991 405 1990 129 1992 405 1990 129 1989 129 1992 405 1993 128 1991 405 1995 128 1991 405 1993 128 1994 345 1995 128 1993 128 1996 345 1995 128 1994 345 1994 345 1997 343 1996 345 1997 343 1998 343 1996 345 1998 343 2000 342 1999 403 2000 342 1998 343 1997 343 2000 342 2001 124 1999 403 1940 341 1939 124 2001 124 1939 124 1999 403 2001 124 2002 605 2003 114 2004 114 2002 605 2004 114 2005 605 2002 605 2005 605 2006 606 2006 606 2007 606 2002 605 2007 606 2006 606 2008 143 2007 606 2008 143 2009 143 2009 143 2008 143 2010 607 2010 607 2011 607 2009 143 2011 607 2010 607 2012 608 2011 607 2012 608 2013 608 2013 608 2012 608 2014 152 2014 152 2015 161 2013 608 2015 161 2014 152 2016 153 2015 161 2016 153 2017 609 2017 609 2016 153 2018 123 2018 123 2019 123 2017 609 2021 124 2020 154 2019 123 2021 124 2019 123 2018 123 2020 154 2021 124 2022 155 2024 155 2022 155 2023 610 2022 155 2024 155 2020 154 2024 155 2023 610 2025 610 2025 610 2023 610 2027 611 2027 611 2026 611 2025 610 2026 611 2027 611 2028 358 2026 611 2028 358 2029 358 2029 358 2028 358 2030 612 2032 612 2030 612 2031 613 2030 612 2032 612 2029 358 2032 612 2031 613 2033 613 2033 613 2031 613 2004 114 2004 114 2003 114 2033 613 2037 614 2035 615 2034 616 2034 616 2035 615 2036 617 2038 618 2034 616 2036 617 2034 616 2039 619 2037 614 2038 618 2040 620 2034 616 2041 621 2039 619 2034 616 2040 620 2042 622 2034 616 2041 621 2034 616 2043 623 2044 624 2034 616 2042 622 2043 623 2034 616 2045 625 2046 626 2034 616 2044 624 2045 625 2034 616 2047 627 2048 628 2034 616 2046 626 2034 616 2049 629 2047 627 2048 628 2050 630 2034 616 2050 630 2049 629 2034 616 2051 631 2052 632 2053 633 2051 631 2053 633 2054 634 2054 634 2053 633 2055 635 2056 636 2054 634 2055 635 2057 637 2056 636 2055 635 2058 638 2056 636 2057 637 2059 639 2058 638 2057 637 2060 640 2058 638 2059 639 2060 640 2059 639 2061 641 2062 642 2060 640 2061 641 2061 641 2063 643 2062 642 2064 644 2062 642 2063 643 2065 645 2064 644 2063 643 2066 646 2064 644 2065 645 2066 646 2065 645 2067 647 2068 648 2066 646 2067 647 2069 649 2068 648 2070 650 2070 650 2068 648 2067 647 2069 649 2070 650 2071 651 2072 652 2069 649 2071 651 2071 651 2073 653 2072 652 2074 654 2075 655 2073 653 2075 655 2072 652 2073 653 2076 656 2075 655 2074 654 2074 654 2078 657 2076 656 2077 658 2076 656 2078 657 2079 659 2077 658 2078 657 2080 660 2077 658 2079 659 2079 659 2081 661 2080 660 2082 662 2083 663 2081 661 2083 663 2080 660 2081 661 2052 632 2083 663 2082 662 2082 662 2053 633 2052 632 2085 664 2084 664 2087 664 2084 665 2085 665 2086 665 2088 1 2087 1 2084 1 2087 666 2088 666 2089 666 2090 667 2089 667 2088 667 2092 1 2091 1 2090 1 2089 668 2090 668 2091 668 2092 1 2093 1 2091 1 2094 1 2093 1 2092 1 2096 1 2095 1 2094 1 2093 669 2094 669 2095 669 2095 670 2096 670 2097 670 2098 1 2097 1 2096 1 2100 671 2099 671 2098 671 2097 672 2098 672 2099 672 2099 673 2100 673 2102 673 2101 674 2102 674 2100 674 2102 675 2101 675 2103 675 2103 1 2105 1 2104 1 2105 676 2103 676 2101 676 2106 1 2104 1 2105 1 2107 1 2108 1 2106 1 2104 677 2106 677 2108 677 2109 678 2108 678 2107 678 2111 679 2109 679 2107 679 2109 680 2111 680 2110 680 2112 1 2110 1 2111 1 2110 681 2112 681 2113 681 2114 1 2113 1 2112 1 2086 682 2115 682 2114 682 2113 664 2114 664 2115 664 2086 1 2085 1 2115 1 2116 683 2117 683 2118 683 2118 684 2119 684 2116 684 2116 81 2119 81 2120 81 2121 81 2120 81 2119 81 2121 81 2122 81 2120 81 2120 685 2122 685 2123 685 2122 686 2124 686 2123 686 2123 687 2124 687 2125 687 2125 688 2124 688 2126 688 2126 81 2127 81 2128 81 2127 81 2126 81 2124 81 2129 81 2128 81 2127 81 2128 689 2129 689 2130 689 2131 690 2130 690 2129 690 2130 81 2131 81 2132 81 2134 81 2132 81 2131 81 2132 691 2134 691 2133 691 2135 692 2133 692 2134 692 2133 693 2135 693 2136 693 2137 694 2136 694 2135 694 2139 81 2137 81 2138 81 2137 81 2139 81 2140 81 2136 81 2137 81 2140 81 2138 81 2141 81 2139 81 2138 692 2143 692 2141 692 2141 81 2143 81 2142 81 2144 81 2142 81 2143 81 2144 81 2145 81 2142 81 2144 81 2146 81 2145 81 2147 81 2148 81 2146 81 2146 691 2148 691 2145 691 2117 695 2148 695 2147 695 2118 81 2117 81 2147 81 2149 696 2150 123 2151 123 2149 696 2151 123 2152 697 2149 696 2152 697 2153 698 2153 698 2154 126 2149 696 2156 169 2154 126 2155 699 2154 126 2153 698 2155 699 2156 169 2155 699 2157 700 2156 169 2157 700 2158 701 2160 141 2158 701 2159 148 2158 701 2157 700 2159 148 2160 141 2159 148 2161 157 2162 702 2160 141 2161 157 2163 166 2164 166 2162 702 2162 702 2161 157 2163 166 2164 166 2163 166 2165 114 2165 114 2166 114 2164 166 2167 165 2166 114 2165 114 2168 703 2167 165 2169 378 2167 165 2165 114 2169 378 2168 703 2169 378 2170 150 2170 150 2172 163 2168 703 2172 163 2170 150 2171 704 2172 163 2171 704 2173 377 2173 377 2171 704 2174 377 2173 377 2174 377 2175 387 2176 119 2175 387 2177 362 2175 387 2174 377 2177 362 2176 119 2177 362 2178 705 2178 705 2179 706 2176 119 2179 706 2178 705 2180 707 2179 706 2180 707 2151 123 2151 123 2150 123 2179 706 2181 708 2182 114 2183 114 2181 708 2183 114 2184 113 2181 708 2184 113 2185 115 2185 115 2186 115 2181 708 2186 115 2187 709 2188 709 2186 115 2185 115 2187 709 2188 709 2187 709 2189 710 2189 710 2190 710 2188 709 2190 710 2191 711 2192 711 2190 710 2189 710 2191 711 2192 711 2191 711 2193 712 2193 712 2194 713 2192 711 2194 713 2195 609 2196 609 2194 713 2193 712 2195 609 2196 609 2195 609 2197 123 2197 123 2198 123 2196 609 2200 154 2199 154 2198 123 2200 154 2198 123 2197 123 2199 154 2200 154 2201 714 2201 714 2202 715 2199 154 2202 715 2201 714 2203 373 2205 373 2203 373 2204 716 2202 715 2203 373 2205 373 2204 716 2206 716 2205 373 2206 716 2204 716 2208 717 2206 716 2208 717 2207 717 2207 717 2208 717 2209 131 2209 131 2210 131 2207 717 2210 131 2209 131 2211 132 2212 132 2211 132 2183 114 2210 131 2211 132 2212 132 2183 114 2182 114 2212 132 2216 718 2214 719 2213 81 2213 81 2214 719 2215 720 2217 721 2213 81 2215 720 2213 81 2218 722 2216 718 2213 81 2217 721 2219 723 2218 722 2213 81 2220 724 2213 81 2219 723 2221 725 2222 726 2220 724 2213 81 2213 81 2221 725 2228 727 2223 728 2222 726 2213 81 2223 728 2213 81 2224 729 2213 81 2226 730 2224 729 2225 731 2227 630 2213 81 2225 731 2213 81 2229 732 2227 630 2226 730 2213 81 2229 732 2213 81 2228 727 2230 631 2231 733 2232 734 2230 631 2232 734 2233 735 2233 735 2232 734 2234 736 2235 737 2233 735 2234 736 2236 738 2235 737 2234 736 2237 739 2235 737 2236 738 2238 740 2237 739 2236 738 2239 741 2237 739 2238 740 2239 741 2238 740 2240 742 2241 743 2239 741 2240 742 2240 742 2242 744 2241 743 2243 745 2241 743 2242 744 2244 746 2243 745 2242 744 2245 747 2243 745 2244 746 2245 747 2244 746 2246 748 2247 749 2245 747 2246 748 2248 750 2247 749 2246 748 2249 751 2247 749 2248 750 2250 752 2249 751 2251 753 2249 751 2248 750 2251 753 2251 753 2252 754 2250 752 2254 755 2250 752 2252 754 2253 756 2254 755 2252 754 2255 757 2254 755 2253 756 2253 756 2256 758 2255 757 2257 759 2255 757 2256 758 2258 760 2257 759 2259 659 2259 659 2257 759 2256 758 2259 659 2260 761 2258 760 2262 762 2258 760 2260 761 2261 763 2262 762 2260 761 2231 733 2262 762 2261 763 2261 763 2232 734 2231 733 2264 764 2263 764 2266 764 2263 1 2264 1 2265 1 2267 1 2266 1 2263 1 2269 1 2268 1 2267 1 2266 1 2267 1 2268 1 2268 765 2269 765 2270 765 2271 1 2270 1 2269 1 2273 766 2272 766 2271 766 2271 1 2272 1 2270 1 2272 1 2273 1 2274 1 2275 767 2274 767 2273 767 2277 1 2276 1 2275 1 2274 768 2275 768 2276 768 2276 769 2277 769 2278 769 2279 671 2278 671 2277 671 2280 1 2281 1 2279 1 2278 1 2279 1 2281 1 2281 770 2280 770 2282 770 2282 1 2284 1 2283 1 2284 1 2282 1 2280 1 2285 1 2283 1 2284 1 2283 771 2285 771 2287 771 2286 1 2287 1 2285 1 2288 664 2287 664 2286 664 2289 772 2288 772 2286 772 2288 773 2289 773 2290 773 2290 1 2292 1 2291 1 2292 774 2290 774 2289 774 2293 1 2291 1 2292 1 2291 770 2293 770 2294 770 2265 775 2294 775 2293 775 2265 1 2264 1 2294 1 2295 81 2296 81 2297 81 2297 81 2298 81 2295 81 2299 81 2295 81 2298 81 2295 81 2299 81 2300 81 2301 81 2300 81 2299 81 2300 81 2301 81 2302 81 2302 81 2301 81 2303 81 2303 81 2304 81 2302 81 2305 81 2304 81 2303 81 2304 81 2305 81 2306 81 2307 776 2306 776 2305 776 2308 684 2306 684 2307 684 2307 81 2309 81 2308 81 2308 81 2309 81 2310 81 2310 81 2311 81 2308 81 2313 690 2312 690 2311 690 2311 81 2310 81 2313 81 2314 691 2312 691 2313 691 2316 81 2312 81 2314 81 2314 81 2315 81 2316 81 2317 81 2316 81 2315 81 2318 81 2317 81 2315 81 2319 777 2317 777 2318 777 2321 81 2320 81 2319 81 2319 778 2318 778 2321 778 2321 81 2322 81 2320 81 2320 779 2322 779 2324 779 2323 780 2324 780 2322 780 2324 781 2323 781 2325 781 2326 782 2325 782 2323 782 2323 783 2327 783 2326 783 2296 784 2326 784 2327 784 2327 689 2297 689 2296 689 2328 785 2329 123 2330 123 2328 785 2330 123 2331 786 2328 785 2331 786 2332 138 2332 138 2333 787 2328 785 2333 787 2332 138 2334 128 2335 127 2333 787 2334 128 2335 127 2336 788 2337 788 2335 127 2334 128 2336 788 2337 788 2336 788 2338 358 2339 789 2337 788 2338 358 2341 586 2339 789 2340 702 2339 789 2338 358 2340 702 2341 586 2340 702 2342 790 2342 790 2343 791 2341 586 2344 114 2345 114 2343 791 2343 791 2342 790 2344 114 2346 792 2345 114 2344 114 2346 792 2344 114 2348 793 2347 794 2346 792 2348 793 2347 794 2348 793 2349 151 2349 151 2350 136 2347 794 2350 136 2349 151 2351 143 2353 795 2351 143 2352 795 2350 136 2351 143 2353 795 2353 795 2352 795 2354 796 2354 796 2352 795 2356 352 2355 137 2354 796 2356 352 2355 137 2356 352 2357 705 2359 797 2357 705 2358 798 2357 705 2359 797 2355 137 2330 123 2329 123 2359 797 2359 797 2358 798 2330 123 2361 81 2360 81 2363 81 2360 81 2361 81 2362 81 2364 81 2360 81 2362 81 2360 81 2364 81 2365 81 2366 799 2365 799 2364 799 2365 800 2366 800 2367 800 2368 801 2367 801 2366 801 2367 802 2368 802 2369 802 2370 81 2369 81 2368 81 2369 81 2370 81 2371 81 2372 803 2371 803 2370 803 2371 804 2372 804 2373 804 2374 805 2373 805 2372 805 2373 806 2374 806 2375 806 2376 807 2375 807 2374 807 2378 81 2377 81 2376 81 2374 808 2378 808 2376 808 2377 81 2378 81 2379 81 2379 81 2380 81 2377 81 2381 81 2382 81 2380 81 2377 81 2380 81 2382 81 2382 809 2381 809 2383 809 2384 810 2383 810 2381 810 2385 81 2384 81 2386 81 2381 811 2386 811 2384 811 2386 81 2387 81 2385 81 2389 812 2385 812 2387 812 2387 81 2388 81 2389 81 2390 81 2389 81 2388 81 2388 813 2391 813 2390 813 2363 814 2390 814 2391 814 2363 81 2391 81 2361 81 2393 81 2392 81 2395 81 2392 81 2393 81 2394 81 2396 81 2392 81 2394 81 2392 81 2396 81 2397 81 2398 81 2397 81 2396 81 2397 815 2398 815 2399 815 2400 816 2399 816 2398 816 2399 81 2400 81 2401 81 2402 81 2401 81 2400 81 2401 817 2402 817 2403 817 2404 818 2403 818 2402 818 2403 81 2404 81 2405 81 2406 81 2405 81 2404 81 2405 809 2406 809 2407 809 2408 810 2407 810 2406 810 2410 81 2409 81 2408 81 2406 81 2410 81 2408 81 2409 81 2410 81 2411 81 2411 81 2412 81 2409 81 2413 819 2414 819 2412 819 2409 81 2412 81 2414 81 2414 820 2413 820 2415 820 2416 821 2415 821 2413 821 2417 822 2416 822 2418 822 2413 808 2418 808 2416 808 2418 803 2419 803 2417 803 2421 81 2417 81 2419 81 2419 81 2420 81 2421 81 2422 81 2421 81 2420 81 2420 823 2423 823 2422 823 2395 824 2422 824 2423 824 2395 825 2423 825 2393 825 2424 826 2425 826 2426 826 2426 827 2427 827 2424 827 2428 818 2424 818 2427 818 2424 828 2428 828 2429 828 2430 829 2429 829 2428 829 2429 830 2430 830 2431 830 2432 830 2431 830 2430 830 2433 81 2434 81 2432 81 2430 81 2433 81 2432 81 2434 81 2433 81 2435 81 2435 81 2436 81 2434 81 2434 831 2436 831 2437 831 2438 819 2437 819 2436 819 2437 832 2438 832 2439 832 2440 817 2439 817 2438 817 2442 810 2440 810 2441 810 2438 833 2441 833 2440 833 2442 834 2444 834 2443 834 2444 827 2442 827 2445 827 2441 818 2445 818 2442 818 2446 835 2443 835 2444 835 2448 825 2446 825 2447 825 2448 836 2449 836 2446 836 2443 837 2446 837 2449 837 2447 838 2450 838 2448 838 2450 81 2452 81 2451 81 2452 81 2450 81 2453 81 2450 81 2447 81 2453 81 2454 81 2451 81 2452 81 2425 839 2455 839 2454 839 2454 840 2426 840 2425 840 2451 841 2454 841 2455 841 2457 81 2456 81 2459 81 2456 81 2457 81 2458 81 2460 81 2456 81 2458 81 2456 842 2460 842 2461 842 2462 843 2461 843 2460 843 2461 841 2462 841 2463 841 2464 844 2463 844 2462 844 2463 81 2464 81 2465 81 2466 81 2465 81 2464 81 2465 812 2466 812 2467 812 2468 81 2467 81 2466 81 2467 81 2468 81 2469 81 2470 811 2469 811 2468 811 2469 830 2470 830 2471 830 2472 830 2471 830 2470 830 2474 81 2473 81 2472 81 2470 845 2474 845 2472 845 2473 81 2474 81 2475 81 2475 81 2476 81 2473 81 2477 81 2478 81 2476 81 2473 81 2476 81 2478 81 2478 846 2477 846 2479 846 2480 847 2479 847 2477 847 2481 848 2480 848 2482 848 2477 81 2482 81 2480 81 2482 818 2483 818 2481 818 2485 81 2481 81 2483 81 2483 81 2484 81 2485 81 2486 849 2485 849 2484 849 2484 81 2487 81 2486 81 2459 850 2486 850 2487 850 2459 81 2487 81 2457 81 2489 81 2488 81 2491 81 2488 81 2489 81 2490 81 2492 81 2488 81 2490 81 2488 81 2492 81 2493 81 2494 81 2493 81 2492 81 2493 841 2494 841 2495 841 2496 851 2495 851 2494 851 2495 81 2496 81 2497 81 2498 81 2497 81 2496 81 2497 817 2498 817 2499 817 2500 803 2499 803 2498 803 2499 81 2500 81 2501 81 2502 81 2501 81 2500 81 2501 830 2502 830 2503 830 2504 852 2503 852 2502 852 2503 81 2504 81 2505 81 2505 81 2504 81 2506 81 2506 81 2507 81 2505 81 2506 81 2508 81 2507 81 2509 81 2508 81 2510 81 2506 81 2510 81 2508 81 2510 853 2511 853 2509 853 2513 854 2509 854 2511 854 2511 811 2512 811 2513 811 2514 855 2513 855 2512 855 2512 818 2515 818 2514 818 2516 81 2514 81 2515 81 2517 81 2516 81 2518 81 2515 81 2518 81 2516 81 2518 801 2519 801 2517 801 2491 856 2517 856 2519 856 2491 81 2519 81 2489 81 2521 81 2520 81 2523 81 2520 81 2521 81 2522 81 2524 81 2520 81 2522 81 2520 857 2524 857 2525 857 2526 858 2525 858 2524 858 2525 841 2526 841 2527 841 2528 859 2527 859 2526 859 2527 81 2528 81 2529 81 2530 81 2529 81 2528 81 2529 812 2530 812 2531 812 2532 81 2531 81 2530 81 2531 81 2532 81 2533 81 2534 811 2533 811 2532 811 2533 810 2534 810 2535 810 2536 830 2535 830 2534 830 2538 81 2537 81 2536 81 2534 860 2538 860 2536 860 2537 81 2538 81 2539 81 2539 81 2540 81 2537 81 2541 81 2542 81 2540 81 2537 81 2540 81 2542 81 2542 846 2541 846 2543 846 2544 821 2543 821 2541 821 2545 861 2544 861 2546 861 2541 81 2546 81 2544 81 2546 803 2547 803 2545 803 2549 81 2545 81 2547 81 2547 81 2548 81 2549 81 2550 862 2549 862 2548 862 2548 81 2551 81 2550 81 2523 850 2550 850 2551 850 2523 81 2551 81 2521 81 2552 826 2553 826 2554 826 2554 827 2555 827 2552 827 2556 818 2552 818 2555 818 2552 828 2556 828 2557 828 2558 863 2557 863 2556 863 2557 864 2558 864 2559 864 2560 830 2559 830 2558 830 2561 81 2562 81 2560 81 2558 81 2561 81 2560 81 2562 81 2561 81 2563 81 2563 81 2564 81 2562 81 2562 865 2564 865 2565 865 2566 808 2565 808 2564 808 2565 866 2566 866 2567 866 2568 867 2567 867 2566 867 2570 868 2568 868 2569 868 2566 869 2569 869 2568 869 2570 815 2572 815 2571 815 2572 827 2570 827 2573 827 2569 818 2573 818 2570 818 2574 870 2571 870 2572 870 2576 871 2574 871 2575 871 2576 872 2577 872 2574 872 2571 873 2574 873 2577 873 2575 874 2578 874 2576 874 2578 81 2580 81 2579 81 2580 81 2578 81 2581 81 2578 81 2575 81 2581 81 2582 81 2579 81 2580 81 2553 841 2583 841 2582 841 2582 801 2554 801 2553 801 2579 841 2582 841 2583 841 2584 81 2585 81 2586 81 2586 827 2587 827 2584 827 2588 818 2584 818 2587 818 2584 81 2588 81 2589 81 2590 81 2589 81 2588 81 2589 809 2590 809 2591 809 2592 810 2591 810 2590 810 2593 81 2594 81 2592 81 2590 81 2593 81 2592 81 2594 81 2593 81 2595 81 2595 81 2596 81 2594 81 2594 81 2596 81 2597 81 2598 875 2597 875 2596 875 2597 820 2598 820 2599 820 2600 821 2599 821 2598 821 2602 848 2600 848 2601 848 2598 805 2601 805 2600 805 2602 876 2604 876 2603 876 2604 877 2602 877 2605 877 2601 818 2605 818 2602 818 2606 825 2603 825 2604 825 2608 871 2606 871 2607 871 2608 824 2609 824 2606 824 2603 878 2606 878 2609 878 2607 81 2610 81 2608 81 2610 81 2612 81 2611 81 2612 81 2610 81 2613 81 2610 81 2607 81 2613 81 2614 81 2611 81 2612 81 2585 879 2615 879 2614 879 2614 81 2586 81 2585 81 2611 815 2614 815 2615 815 2617 81 2616 81 2619 81 2616 81 2617 81 2618 81 2620 81 2616 81 2618 81 2616 81 2620 81 2621 81 2622 825 2621 825 2620 825 2621 880 2622 880 2623 880 2624 823 2623 823 2622 823 2623 881 2624 881 2625 881 2626 81 2625 81 2624 81 2625 81 2626 81 2627 81 2628 882 2627 882 2626 882 2627 804 2628 804 2629 804 2630 805 2629 805 2628 805 2629 883 2630 883 2631 883 2632 884 2631 884 2630 884 2634 81 2633 81 2632 81 2630 875 2634 875 2632 875 2633 81 2634 81 2635 81 2635 81 2636 81 2633 81 2637 81 2638 81 2636 81 2633 81 2636 81 2638 81 2638 812 2637 812 2639 812 2640 812 2639 812 2637 812 2641 81 2640 81 2642 81 2637 811 2642 811 2640 811 2642 81 2643 81 2641 81 2645 812 2641 812 2643 812 2643 81 2644 81 2645 81 2646 81 2645 81 2644 81 2644 859 2647 859 2646 859 2619 879 2646 879 2647 879 2619 81 2647 81 2617 81 2648 1 2649 1 2650 1 2651 885 2648 885 2650 885 2648 1 2651 1 2652 1 2653 1 2648 1 2652 1 2655 1 2652 1 2654 1 2652 1 2651 1 2654 1 2655 1 2656 1 2652 1 2657 886 2655 886 2654 886 2658 1 2655 1 2657 1 2659 1 2655 1 2658 1 2660 1 2655 1 2659 1 2661 887 2662 887 2658 887 2661 888 2658 888 2657 888 2662 889 2663 889 2658 889 2664 1 2657 1 2654 1 2664 1 2665 1 2657 1 2666 1 2665 1 2664 1 2654 1 2667 1 2664 1 2654 1 2651 1 2668 1 2669 1 2651 1 2650 1 2669 1 2670 1 2651 1 2651 1 2670 1 2671 1 2671 1 2672 1 2651 1 2674 1 2671 1 2673 1 2670 1 2673 1 2671 1 2675 890 2670 890 2669 890 2675 891 2676 891 2677 891 2669 892 2676 892 2675 892 2650 1 2678 1 2669 1 2650 1 2679 1 2678 1 2680 1 2681 1 2682 1 2682 1 2683 1 2680 1 2684 893 2683 893 2682 893 2685 1 2683 1 2684 1 2683 894 2685 894 2686 894 2686 895 2687 895 2683 895 2683 1 2687 1 2688 1 2689 1 2687 1 2686 1 2687 1 2689 1 2690 1 2685 1 2684 1 2691 1 2684 1 2682 1 2692 1 2693 1 2692 1 2682 1 2693 1 2694 1 2695 1 2682 1 2694 1 2693 1 2696 1 2697 1 2698 1 2696 1 2698 1 2699 1 2696 1 2699 1 2700 1 2696 1 2700 1 2701 1 2702 1 2696 1 2701 1 2696 1 2702 1 2703 1 2702 1 2701 1 2704 1 2704 1 2705 1 2702 1 2704 1 2701 1 2706 1 2701 1 2700 1 2707 1 2707 1 2708 1 2701 1 2707 1 2700 1 2709 1 2710 1 2700 1 2699 1 2699 1 2698 1 2711 1 2712 896 2713 897 2714 896 2714 896 2713 897 2715 897 2715 897 2713 897 2716 898 2716 898 2717 898 2715 897 2718 899 2719 899 2720 899 2720 900 2721 900 2718 900 2722 901 2723 901 2724 901 2724 902 2723 902 2725 902</p>
        </triangles>
      </mesh>
    </geometry>
  </library_geometries>
  <library_visual_scenes>
    <visual_scene id="Scene" name="Scene">
      <node id="link_6" name="link_6" type="NODE">
        <matrix sid="transform">1 0 0 0 0 1 0 0 0 0 1 0 0 0 0 1</matrix>
        <instance_geometry url="#Mesh69_007-mesh" name="link_6">
          <bind_material>
            <technique_common>
              <instance_material symbol="mat_1_002-material" target="#mat_1_002-material"/>
              <instance_material symbol="mat_2_002-material" target="#mat_2_002-material"/>
              <instance_material symbol="mat_4_003-material" target="#mat_4_003-material"/>
              <instance_material symbol="Kuka_black_002-material" target="#Kuka_black_002-material"/>
            </technique_common>
          </bind_material>
        </instance_geometry>
      </node>
    </visual_scene>
  </library_visual_scenes>
  <scene>
    <instance_visual_scene url="#Scene"/>
  </scene>
</COLLADA>