<?xml version="1.0" encoding="utf-8"?>
<COLLADA xmlns="http://www.collada.org/2005/11/COLLADASchema" version="1.4.1" xmlns:xsi="http://www.w3.org/2001/XMLSchema-instance">
  <asset>
    <contributor>
      <author>Blender User</author>
      <authoring_tool>Blender 3.0.1</authoring_tool>
    </contributor>
    <created>2026-09-01T14:47:45</created>
    <modified>2026-09-01T14:47:45</modified>
    <unit name="meter" meter="1"/>
    <up_axis>Z_UP</up_axis>
  </asset>
  <library_effects>
    <effect id="Material-effect">
      <profile_COMMON>
        <technique sid="common">
          <lambert>
            <emission>
              <color sid="emission">0 0 0 1</color>
            </emission>
            <diffuse>
              <color sid="diffuse">0.8 0.8 0.8 1</color>
            </diffuse>
            <index_of_refraction>
              <float sid="ior">1.45</float>
            </index_of_refraction>
          </lambert>
        </technique>
      </profile_COMMON>
    </effect>
    <effect id="Kuka_black_007-effect">
      <profile_COMMON>
        <technique sid="common">
          <lambert>
            <emission>
              <color sid="emission">0.0637207 0.0637207 0.0637207 1</color>
            </emission>
            <diffuse>
              <color sid="diffuse">0.09850427 0.09850427 0.09850436 1</color>
            </diffuse>
            <index_of_refraction>
              <float sid="ior">1.45</float>
            </index_of_refraction>
          </lambert>
        </technique>
      </profile_COMMON>
    </effect>
  </library_effects>
  <library_images/>
  <library_materials>
    <material id="Material-material" name="Material">
      <instance_effect url="#Material-effect"/>
    </material>
    <material id="Kuka_black_007-material" name="Kuka_black.007">
      <instance_effect url="#Kuka_black_007-effect"/>
    </material>
  </library_materials>
  <library_geometries>
    <geometry id="Mesh67_866-mesh" name="Mesh67.866">
      <mesh>
        <source id="Mesh67_866-mesh-positions">
          <float_array id="Mesh67_866-mesh-positions-array" count="26718">1.124977 -0.01142072 1.485987 1.124967 -0.01355201 1.484555 1.125188 -0.01153296 1.485627 1.309887 0.05596184 1.564809 1.309162 0.05582547 1.564817 1.309638 0.0558409 1.565894 1.309206 0.05563312 1.566102 1.310086 0.0559166 1.56567 1.310086 0.05584067 1.566331 1.308537 0.05543637 1.564811 1.310353 0.05589789 1.566028 1.309822 0.0556994 1.56662 1.308774 0.0567643 1.546904 1.308094 0.05484753 1.56479 1.310753 0.05588769 1.566222 1.310659 0.0557267 1.566904 1.308833 0.05530786 1.566274 1.309498 0.05690068 1.546895 1.308148 0.0563752 1.546897 1.309498 0.05690068 1.546895 1.309581 0.05548048 1.566879 1.308795 0.05697363 1.546102 1.309887 0.05596184 1.564809 1.308146 0.05661898 1.54593 1.307705 0.05578637 1.546876 1.307895 0.05413872 1.564757 1.314 0.05690068 1.546895 1.313914 0.05570328 1.567328 1.310618 0.05553138 1.567196 1.308694 0.05496275 1.566563 1.309491 0.05708158 1.546163 1.314 0.05586576 1.566642 1.313839 0.05530893 1.567915 1.310598 0.05543369 1.567342 1.30954 0.05522668 1.567187 1.309536 0.05752116 1.545549 1.308184 0.05720251 1.545124 1.307691 0.05606937 1.54567 1.307506 0.05507767 1.546843 1.316703 0.0562756 1.566489 1.310577 0.05533593 1.567488 1.316656 0.05607289 1.567242 1.30826 0.04751408 1.57348 1.308835 0.05745685 1.545435 1.314 0.05708158 1.546163 1.30773 0.05679309 1.544663 1.307506 0.05507767 1.546843 1.307405 0.04637068 1.571984 1.317291 0.05755519 1.546895 1.316912 0.05574309 1.567805 1.310588 0.05538487 1.567415 1.307666 0.04699677 1.572786 1.309115 0.04785943 1.573981 1.309625 0.05815672 1.545142 1.309498 0.05690068 1.546895 1.314 0.05752116 1.545549 1.307808 0.05784189 1.544005 1.308259 0.0580464 1.544605 1.307499 0.05543959 1.545378 1.307544 0.0563187 1.544151 1.306038 0.04786282 1.515 1.319075 0.05714935 1.566286 1.318993 0.05733674 1.565399 1.310127 0.04799056 1.574228 1.310582 0.05536043 1.567452 1.307193 0.04235982 1.577402 1.307895 0.05413872 1.564757 1.310577 0.05533593 1.567488 1.308917 0.05815541 1.545005 1.317222 0.05772238 1.546163 1.307634 0.05758994 1.543337 1.320081 0.05941939 1.546895 1.35 0.04499989 1.57871 1.319608 0.05692559 1.56681 1.310582 0.05535882 1.567454 1.306336 0.04190665 1.57587 1.307405 0.04637068 1.571984 1.309672 0.04499989 1.57648 1.314 0.05815672 1.545142 1.309748 0.05889785 1.545 1.317053 0.05812853 1.545549 1.307922 0.05905759 1.543802 1.307756 0.05907213 1.543052 1.308997 0.05896353 1.544853 1.322202 0.06033068 1.56268 1.321732 0.06020271 1.561651 1.319953 0.0595473 1.546163 1.309672 0.04499989 1.57648 1.310582 0.05535817 1.567455 1.303298 0.03765469 1.578661 1.3099 0.04649519 1.575354 1.30801 0.04074889 1.579192 1.308357 0.0590195 1.544433 1.307756 0.05907213 1.543052 1.321945 0.06220912 1.546895 1.321778 0.06227833 1.546163 1.35 0.05853188 1.566556 1.323099 0.06037914 1.563098 1.310582 0.05535769 1.567456 1.303957 0.03757309 1.580138 1.35 0.04499989 1.57871 1.31681 0.05871576 1.545142 1.314 0.05889785 1.545 1.310534 0.0678842 1.545 1.319642 0.0598582 1.545549 1.309144 0.0680058 1.544433 1.309783 0.06794977 1.544853 1.308329 0.07356828 1.516614 1.323432 0.0636835 1.557998 1.32288 0.06549996 1.552241 1.323432 0.0636835 1.557998 1.299753 0.03480035 1.581479 1.305 0.03687638 1.581161 1.35 0.03471297 1.58485 1.314 0.05889785 1.545 1.308708 0.06804388 1.543802 1.308551 0.07205778 1.530092 1.308289 0.07359868 1.515 1.323029 0.06611138 1.552577 1.322599 0.06549996 1.546895 1.322418 0.06549996 1.546163 1.321371 0.06244665 1.545549 1.324572 0.06399208 1.558328 1.299351 0.03518992 1.579944 1.319192 0.06030756 1.545142 1.316526 0.05940043 1.545 1.310363 0.06895416 1.544901 1.307756 0.05907213 1.543052 1.30993 0.06934756 1.544593 1.308542 0.06805837 1.543052 1.35 0.06888085 1.551598 1.324072 0.06707227 1.553064 1.294668 0.03428 1.580685 1.336751 0.02885019 1.587258 1.318668 0.06083154 1.545 1.310815 0.06854045 1.545 1.308542 0.06805837 1.543052 1.309592 0.06965249 1.54411 1.321979 0.06549996 1.545549 1.320784 0.0626899 1.545142 1.324765 0.06723707 1.553121 1.324047 0.06706631 1.553062 1.294826 0.03378367 1.582253 1.339433 0.02885019 1.587335 1.305 0.03423058 1.582568 1.311447 0.06886327 1.545 1.311101 0.06876146 1.545 1.311343 0.06997621 1.544658 1.32208 0.06927555 1.545653 1.324483 0.07004708 1.547634 1.323443 0.06668096 1.552877 1.28342 0.0336706 1.584645 1.35 0.02360719 1.589342 1.305 0.03416568 1.582592 1.320099 0.06297349 1.545 1.309592 0.06965249 1.54411 1.321343 0.06549996 1.545142 1.321435 0.0695818 1.545182 1.322599 0.06823718 1.546895 1.324153 0.07067406 1.546206 1.323035 0.06613385 1.55259 1.323764 0.06987059 1.54759 1.280765 0.03420025 1.583728 1.343069 0.02517348 1.58877 1.305 0.03410065 1.582616 1.320602 0.06549996 1.545 1.310266 0.07044768 1.543678 1.322177 0.06990885 1.545616 1.322599 0.06549996 1.546895 1.35 0.07548427 1.53465 1.323549 0.07045006 1.546358 1.323029 0.06611138 1.552577 1.323159 0.06946939 1.547436 1.264081 0.03355109 1.590955 1.339431 0.02557259 1.588557 1.343068 0.02256172 1.58961 1.305 0.03397077 1.582664 1.320602 0.06961435 1.545 1.311275 0.0707091 1.54375 1.309412 0.0698657 1.543525 1.320602 0.06961435 1.545 1.321449 0.07016426 1.5451 1.322618 0.0694552 1.546357 1.323313 0.07116335 1.544947 1.322753 0.06889879 1.547193 1.323008 0.0700227 1.546419 1.265764 0.03380966 1.589863 1.272361 0.03348976 1.588653 1.341454 0.02517348 1.588737 1.339429 0.01889628 1.590548 1.305 0.03371083 1.582759 1.311279 0.07475626 1.530432 1.320523 0.07073199 1.544657 1.30942 0.07387435 1.53045 1.308542 0.06805837 1.543052 1.322475 0.07046067 1.545511 1.320602 0.06961435 1.545 1.322599 0.06823718 1.546895 1.322024 0.07144427 1.544063 1.322868 0.07089811 1.545269 1.32288 0.06549996 1.552241 1.267446 0.0340681 1.588771 1.260716 0.03303402 1.593139 1.339838 0.02517348 1.588705 1.35 0.01194447 1.59208 1.33943 0.0205295 1.590102 1.305 0.0331909 1.58295 1.320471 0.0714659 1.543745 1.308551 0.07205778 1.530092 1.308708 0.06804388 1.543802 1.321595 0.07070881 1.544882 1.282642 0.03445839 1.573867 1.257351 0.03251701 1.595323 1.339461 0.02542245 1.58861 1.340858 0.01210671 1.591961 1.33943 0.02134615 1.589879 1.305 0.0321514 1.583331 1.310051 0.07602548 1.516618 1.32179 0.07115149 1.544519 1.308599 0.07457458 1.516626 1.35 0.0779829 1.516633 1.294668 0.03428 1.580685 1.253986 0.032 1.597508 1.339548 0.02529358 1.588657 1.336755 0.01889616 1.590475 1.343247 0.01141506 1.592109 1.33943 0.02175456 1.589767 1.305 0.03007215 1.584094 1.311057 0.07629507 1.516598 1.309197 0.075428 1.516628 1.308329 0.07356828 1.516614 1.294073 0.03492856 1.555913 1.33968 0.02520537 1.58869 1.334499 0.01187121 1.591821 1.344891 0.009586572 1.592379 1.33943 0.02216285 1.589656 1.333114 0.0251736 1.588491 1.311018 0.07632505 1.515 1.309158 0.07545918 1.515 1.308289 0.07359868 1.515 1.3384 0.01172178 1.591963 1.333008 0.0114187 1.591836 1.345314 0.007144927 1.592644 1.339823 0.0225616 1.589545 1.305 0.02591365 1.58562 1.336752 0.02557379 1.588482 1.30856 0.07460635 1.515 1.35 0.07801705 1.515 1.334651 0.01049107 1.592014 1.334499 0.01187109 1.591821 1.305 0.01759678 1.588672 1.35 0 1.593 1.339458 0.0223121 1.589612 1.333115 0.0225616 1.589335 1.336345 0.02517348 1.588607 1.310051 0.07602548 1.513382 1.309197 0.075428 1.513372 1.308599 0.07457458 1.513374 1.35 0.0779829 1.513366 1.336489 0.01014542 1.592133 1.331776 0.01049822 1.591918 1.344447 0.004828155 1.592816 1.339541 0.02244132 1.589575 1.336722 0.0254234 1.588533 1.311057 0.07629507 1.513402 1.308329 0.07356828 1.513386 1.334803 0.009111046 1.592208 1.336753 0.02216166 1.589582 1.330864 0.008228361 1.592152 1.345079 0.001897454 1.59295 1.339669 0.02253013 1.589551 1.336635 0.025294 1.588575 1.30942 0.07387447 1.499551 1.308552 0.07206177 1.499907 1.311279 0.07476216 1.499567 1.335835 0.007775366 1.592387 1.33636 0.0225616 1.58945 1.305 0 1.590744 1.342487 0.003302693 1.592867 1.345079 0 1.592973 1.336503 0.02520525 1.588601 1.311279 0.07476216 1.499567 1.307756 0.05907213 1.486947 1.35 0.07548427 1.49535 1.334154 0.008976399 1.592201 1.336725 0.02231115 1.589536 1.331264 0.005785346 1.592394 1.292943 0 1.590313 1.340067 0.002707362 1.592843 1.311057 0.07629507 1.513402 1.310265 0.07044667 1.486322 1.309411 0.06986457 1.486476 1.308542 0.06805837 1.486947 1.306038 0.04786282 1.515 1.322024 0.07144427 1.485937 1.333594 0.008631467 1.59222 1.336643 0.02244049 1.589495 1.332818 0.003874838 1.592575 1.292679 0.01896178 1.588232 1.314615 -0.01291173 1.59085 1.345079 0.001897454 1.59295 1.311275 0.0707091 1.48625 1.308708 0.06804388 1.486198 1.308289 0.07359868 1.515 1.307634 0.05758994 1.486663 1.323313 0.07116335 1.485053 1.320471 0.0714659 1.486255 1.333586 0.00862348 1.592221 1.336515 0.0225296 1.589464 1.33511 0.002906382 1.592699 1.294936 0.0325281 1.583322 1.280962 0 1.5918 1.297116 -0.02547919 1.5889 1.318422 -0.01132881 1.591251 1.340522 7.3e-5 1.5929 1.309575 0.06966286 1.485904 1.307922 0.05905759 1.486198 1.307544 0.0563187 1.485849 1.322867 0.07089656 1.484729 1.324153 0.07067406 1.483794 1.311275 0.0707091 1.48625 1.333271 0.00803548 1.592272 1.34034 0 1.592896 1.289515 0.03241878 1.584433 1.300434 0.03374439 1.582523 1.28067 0.01887226 1.590425 1.314274 -0.01895713 1.589956 1.318961 -0.0111854 1.591298 1.316348 -0.01514303 1.590604 1.311275 0.0707091 1.48625 1.309912 0.06935745 1.485413 1.309144 0.0680058 1.485567 1.307499 0.05543959 1.484622 1.307808 0.05784201 1.485994 1.32179 0.07114988 1.485479 1.323546 0.07044857 1.483641 1.35 0.06888085 1.478402 1.33325 0.00736773 1.592338 1.284093 0.03230965 1.585545 1.299753 0.03480035 1.581479 1.305 0.03423058 1.582568 1.257402 0 1.597127 1.257669 0.01859498 1.597495 1.311958 -0.02732366 1.588066 1.314274 -0.01895713 1.589956 1.330921 -0.003771305 1.59251 1.311343 0.06997621 1.485342 1.308357 0.0590195 1.485567 1.30773 0.05679327 1.485337 1.307506 0.05507767 1.483157 1.307756 0.05907213 1.486947 1.320471 0.0714659 1.486255 1.322474 0.07045918 1.484488 1.323007 0.07002127 1.483581 1.324483 0.07004708 1.482366 1.324483 0.07004708 1.482366 1.333498 0.006748676 1.592404 1.294826 0.03378367 1.582253 1.303957 0.03757309 1.580138 1.305 0.03555357 1.581865 1.280181 -0.04952967 1.589679 1.273697 0.03198003 1.589244 1.309643 -0.03569012 1.586176 1.315566 -0.01975077 1.590144 1.335631 -0.001885592 1.592703 1.319515 -0.01124799 1.591321 1.310351 0.06896048 1.4851 1.309783 0.06794977 1.485147 1.308259 0.05804646 1.485395 1.307691 0.05606967 1.48433 1.307405 0.04637068 1.458015 1.320523 0.07073199 1.485343 1.321594 0.07070726 1.485117 1.323764 0.06987059 1.48241 1.324765 0.06723707 1.476879 1.336138 0.006572723 1.592508 1.304998 0.03687489 1.581162 1.305 0.03621494 1.581513 1.246168 0.01842749 1.601053 1.297345 -0.04939347 1.585324 1.245432 -0.04985827 1.596863 1.28342 0.0336706 1.584645 1.253319 0.03123229 1.597981 1.311389 -0.03601938 1.586311 1.337985 -9.428e-4 1.5928 1.320477 -0.01181209 1.591305 1.330921 -0.006869256 1.592312 1.311447 0.06886327 1.485 1.308997 0.05896353 1.485147 1.307506 0.05507767 1.483157 1.308184 0.05720263 1.484875 1.307895 0.05413872 1.465243 1.322177 0.06990796 1.484384 1.322618 0.06945437 1.483643 1.323159 0.06946939 1.482564 1.32458 0.0639522 1.471619 1.333962 0.006266832 1.592461 1.305 0.03654569 1.581337 1.233931 0 1.602846 1.280941 -0.07403427 1.586374 1.256158 -0.0747593 1.591723 1.272361 0.03348976 1.588653 1.294826 0.03378301 1.582254 1.253986 0.032 1.597508 1.307747 -0.04568403 1.583795 1.312871 -0.03649616 1.58718 1.309643 -0.03569012 1.586176 1.339163 -4.714e-4 1.592848 1.321977 -0.01346576 1.591155 1.310534 0.0678842 1.485 1.3111 0.06876099 1.485 1.310534 0.0678842 1.485 1.308917 0.05815541 1.484995 1.307705 0.05578637 1.483124 1.308146 0.0566191 1.48407 1.321449 0.07016348 1.484899 1.322753 0.06889879 1.482807 1.324047 0.06706631 1.476938 1.35 0.05853188 1.463444 1.33537 0.005747795 1.592549 1.305 0.03671103 1.581249 1.232095 0.03079247 1.604447 1.236144 0.0167551 1.603505 1.297923 -0.0736643 1.581035 1.244672 -0.06865757 1.594173 1.227743 -0.04996454 1.599038 1.294826 0.03378367 1.582253 1.294936 0.0325281 1.583322 1.241542 0.032 1.601817 1.306798 -0.05068105 1.582604 1.309942 -0.05543559 1.582477 1.306944 -0.05562102 1.581398 1.34034 0 1.592896 1.323286 -0.01795387 1.590674 1.310815 0.06854009 1.485 1.320602 0.06961435 1.485 1.309748 0.05889785 1.485 1.308835 0.05745685 1.484565 1.321435 0.0695818 1.484818 1.32208 0.06927555 1.484347 1.322599 0.06823718 1.483105 1.323443 0.06668096 1.477123 1.323427 0.06365716 1.471961 1.32308 0.06034857 1.466865 1.336869 0.005559623 1.592609 1.305 0.03679358 1.581205 1.236144 0.01942849 1.603573 1.232477 0.01311725 1.60411 1.278529 -0.08667618 1.584147 1.30585 -0.055678 1.581413 1.233186 -0.0625559 1.596622 1.21 -0.03999996 1.601546 1.306324 -0.05317956 1.582008 1.308038 -0.05556416 1.581382 1.306397 -0.05564951 1.581406 1.308038 -0.05556416 1.581382 1.3244 -0.01713752 1.590627 1.320602 0.06549996 1.485 1.309625 0.05815672 1.484858 1.308148 0.0563752 1.483103 1.308795 0.05697363 1.483897 1.309536 0.05752116 1.484451 1.323035 0.06613385 1.47741 1.319582 0.05690968 1.463175 1.232477 0.02306628 1.604391 1.231173 0.01311737 1.604351 1.233077 0.0167554 1.60414 1.315344 -0.0637831 1.576552 1.30588 -0.0555219 1.58145 1.308486 -0.08520835 1.574236 1.222042 0 1.604971 1.21 -0.05026227 1.599897 1.306087 -0.05442869 1.581711 1.306124 -0.05566376 1.581409 1.336769 -0.019046 1.590502 1.330574 -0.0328508 1.586263 1.318668 0.06083154 1.485 1.321343 0.06549996 1.484858 1.320099 0.06297349 1.485 1.308774 0.0567643 1.483096 1.308094 0.05484753 1.46521 1.309491 0.05708158 1.483837 1.321979 0.06549996 1.484451 1.32288 0.06549996 1.477759 1.322187 0.06030637 1.467289 1.35 0.04499989 1.45129 1.319061 0.05714029 1.463705 1.234609 0.01942825 1.603894 1.22987 0.02306598 1.604881 1.22987 0.01311749 1.604592 1.232477 0.01614999 1.604236 1.314038 -0.05530965 1.579098 1.31665 -0.0722565 1.574005 1.305909 -0.05536568 1.581488 1.312582 -0.07871067 1.57412 1.300295 -0.09820377 1.574468 1.21 0 1.605798 1.190703 -0.03999996 1.599649 1.305969 -0.05505335 1.581562 1.305987 -0.05567079 1.581411 1.336766 -0.02721029 1.588032 1.338 -0.00962615 1.592146 1.329284 -0.03362333 1.587082 1.332195 -0.03227669 1.586073 1.316526 0.05940043 1.485 1.314 0.05752116 1.484451 1.308537 0.05543637 1.465189 1.307895 0.05413872 1.465243 1.309498 0.05690068 1.483105 1.314 0.05708158 1.483837 1.322418 0.06549996 1.483837 1.321719 0.0601806 1.468317 1.321719 0.0601806 1.468317 1.316897 0.05573838 1.462192 1.233842 0.01942819 1.604054 1.220859 0.02507907 1.606171 1.232849 0.01670968 1.604183 1.314629 -0.07546186 1.574062 1.215346 0.01092129 1.606224 1.305919 -0.05567449 1.581412 1.339423 -0.01904594 1.590542 1.326167 -0.05440902 1.589202 1.332793 -0.04042536 1.582946 1.320784 0.0626899 1.484858 1.314 0.05889785 1.485 1.319192 0.06030756 1.484858 1.314 0.05815672 1.484858 1.309162 0.05582547 1.465182 1.309201 0.05562925 1.463894 1.307506 0.05507767 1.483157 1.321371 0.06244665 1.484451 1.322599 0.06823718 1.483105 1.318972 0.0573228 1.464586 1.310127 0.04799056 1.455772 1.316652 0.05607151 1.462757 1.232477 0.02003353 1.604346 1.226195 0.01942741 1.605409 1.21 0.03067928 1.60675 1.232654 0.01657915 1.604217 1.21 0 1.605798 1.226195 0.01675599 1.605332 1.305855 -0.05567777 1.581413 1.339426 -0.02721035 1.58804 1.34508 -0.0123831 1.59198 1.331113 -0.05425494 1.585194 1.321411 -0.01410698 1.591124 1.332697 -0.04938572 1.581162 1.334864 -0.03981781 1.582482 1.31681 0.05871576 1.484858 1.309748 0.05889785 1.485 1.317053 0.05812853 1.484451 1.309748 0.05889785 1.485 1.317222 0.05772238 1.483837 1.308827 0.05529993 1.463721 1.314 0.05690068 1.483105 1.309887 0.05596184 1.465191 1.321778 0.06227833 1.483837 1.322599 0.06549996 1.483105 1.320081 0.05941939 1.483105 1.316689 0.05627053 1.463506 1.310352 0.05166321 1.459142 1.309672 0.04499989 1.45352 1.313839 0.05530893 1.462085 1.233459 0.01942819 1.604135 1.218102 0.01800018 1.606197 1.22658 0.01942741 1.605348 1.226936 0.03181993 1.605164 1.217689 0.02507889 1.606448 1.232523 0.01638287 1.604236 1.212248 0.01092141 1.606341 1.22927 0.0167557 1.604842 1.35 -0.02163797 1.589915 1.319836 -0.05472517 1.5898 1.333936 -0.04819816 1.579184 1.335131 -0.04783982 1.578785 1.319642 0.0598582 1.484451 1.317291 0.05755519 1.483105 1.309636 0.05583983 1.464104 1.309576 0.05547481 1.463115 1.310753 0.05588769 1.463778 1.321945 0.06220912 1.483105 1.319953 0.0595473 1.483837 1.313914 0.05570328 1.462671 1.314 0.05586576 1.463358 1.233075 0.01942807 1.604215 1.226195 0.01809173 1.60537 1.226964 0.01942741 1.605286 1.21 0.02462399 1.606719 1.211124 0.01372808 1.606449 1.22987 0.01616191 1.604717 1.35 -0.03170299 1.586213 1.35 -0.01098537 1.592211 1.33302 -0.05431437 1.579117 1.320237 -0.0122925 1.591267 1.333936 -0.04819816 1.579184 1.335729 -0.0476607 1.578585 1.314 0.05690068 1.483105 1.309818 0.05569672 1.463376 1.308694 0.05496233 1.463437 1.314 0.05586576 1.463358 1.310354 0.05589789 1.463971 1.310087 0.05591654 1.464328 1.32288 0.06549996 1.477759 1.314 0.05690068 1.483105 1.310577 0.05533593 1.462512 1.232653 0.01960456 1.604302 1.22987 0.0215438 1.604855 1.210073 0.02443283 1.606717 1.209826 0.02507865 1.606724 1.210562 0.01513147 1.606504 1.229498 0.01671147 1.604801 1.229871 0.01311749 1.604592 1.35 -0.04123187 1.581294 1.345079 -0.009211897 1.592425 1.319423 -0.01158839 1.591292 1.333813 -0.05434668 1.576298 1.336027 -0.04757118 1.578486 1.310083 0.05583989 1.463667 1.310618 0.05553138 1.462804 1.30954 0.05522656 1.462814 1.307895 0.05413872 1.465243 1.322599 0.06549996 1.483105 1.314 0.05586576 1.463358 1.310659 0.0557267 1.463096 1.232523 0.0198006 1.604332 1.232847 0.01947391 1.604261 1.227733 0.01942753 1.605164 1.213786 0.02189898 1.606588 1.206579 0.02507865 1.60666 1.21 0.0165348 1.606558 1.229692 0.01658445 1.604763 1.34286 -0.04373502 1.580031 1.35 0 1.593 1.318897 -0.01152908 1.591268 1.334791 -0.05432432 1.575194 1.336177 -0.04752629 1.578436 1.310598 0.05543369 1.462658 1.30826 0.04751408 1.45652 1.307666 0.04699677 1.457214 1.308094 0.05484753 1.46521 1.314 0.05586576 1.463358 1.22987 0.02078258 1.604842 1.212621 0.02189898 1.60663 1.216677 0.02229237 1.606479 1.202522 0.032 1.606441 1.229824 0.01639169 1.604733 1.335595 -0.04364979 1.580434 1.345079 -0.00134927 1.592961 1.318414 -0.01176345 1.591219 1.336326 -0.04748153 1.578386 1.336251 -0.04750394 1.578411 1.310753 0.05588769 1.463778 1.310588 0.05538487 1.462585 1.309115 0.04785943 1.456019 1.307405 0.04637068 1.458015 1.229272 0.01942777 1.604919 1.212039 0.02189898 1.60665 1.216114 0.02189898 1.606506 1.202038 0.02525478 1.606379 1.335961 -0.04556566 1.57941 1.341899 -0.002981126 1.59287 1.345079 0 1.592973 1.315566 -0.01975077 1.590144 1.336107 -0.05427247 1.574542 1.336294 -0.04749119 1.578397 1.310582 0.05536043 1.462548 1.307199 0.04236871 1.452601 1.310577 0.05533593 1.462512 1.306344 0.04193812 1.454139 1.22987 0.02002143 1.604829 1.210898 0.02228349 1.606683 1.216458 0.02200669 1.606488 1.19954 0.02508676 1.606125 1.204343 0.02425783 1.60654 1.33632 -0.04745179 1.578402 1.342284 -0.002421796 1.592896 1.341899 -0.007637858 1.592553 1.314237 -0.05509746 1.586789 1.310582 0.05535733 1.462544 1.309672 0.04499989 1.45352 1.310127 0.04799056 1.455772 1.306038 0.04786282 1.515 1.229499 0.019472 1.604881 1.211457 0.0218991 1.606671 1.190715 0.032 1.604699 1.205373 0.02293986 1.60658 1.342004 -0.002641916 1.592884 1.342292 -0.008200049 1.592503 1.312871 -0.03649616 1.58718 1.310581 0.05535656 1.462543 1.3099 0.04649519 1.454646 1.30801 0.04074895 1.450808 1.303298 0.03765469 1.451339 1.3035 0.04121309 1.515 1.229824 0.01979219 1.604832 1.211288 0.02195143 1.606674 1.197488 0.02369445 1.605848 1.208253 0.02089786 1.606612 1.342006 -0.007980346 1.592521 1.310581 0.0553562 1.462542 1.303957 0.03757309 1.449862 1.3029 0.03990429 1.504387 1.229693 0.01959913 1.60485 1.211118 0.02200412 1.606677 1.196373 0.0214473 1.605652 1.205842 0.0213291 1.606576 1.305 0.03687638 1.448839 1.299756 0.03480148 1.448522 1.301117 0.03784835 1.494026 1.189137 0.01942545 1.604225 1.205519 0.01854318 1.606501 1.299756 0.03480148 1.448522 1.299351 0.03518992 1.450056 1.180973 0.01942753 1.601923 1.196424 0.01892364 1.605608 1.203218 0.01887625 1.606367 1.209927 0.01671707 1.606564 1.30044 0.03373456 1.447484 1.294668 0.03428 1.449315 1.298187 0.03592145 1.483919 1.179292 0.032 1.601456 1.189137 0.01677137 1.604159 1.203008 0.02103763 1.606397 1.21 0.0165348 1.606558 1.294881 0.03315579 1.447212 1.294073 0.03492856 1.474087 1.294826 0.03378367 1.447746 1.168336 0.032 1.596734 1.196876 0.01378387 1.605525 1.201552 0.01788008 1.606203 1.204116 0.01111322 1.606183 1.294909 0.03284198 1.446945 1.294826 0.03378367 1.447746 1.282642 0.03445839 1.456133 1.283412 0.0336703 1.445353 1.180973 0.01676917 1.60186 1.196876 0.01111257 1.605427 1.197644 0.01674968 1.605725 1.199277 0.01938509 1.605999 1.21 0 1.605798 1.294922 0.03268498 1.446812 1.28076 0.03420025 1.446271 1.169443 0 1.596541 1.189238 0 1.603439 1.199864 0.01561182 1.605967 1.199172 0.02041006 1.606009 1.200565 0.01794779 1.606107 1.199619 0 1.604619 1.294929 0.0326066 1.446745 1.267446 0.0340681 1.441229 1.264081 0.03355109 1.439045 1.158093 0.032 1.590646 1.201449 0.01378345 1.60607 1.199291 0.02143216 1.606043 1.199733 0.01846975 1.60603 1.294933 0.03256726 1.446711 1.265764 0.03380966 1.440137 1.272345 0.0334894 1.44134 1.178448 -0.03356921 1.597311 1.151716 0 1.585491 1.202186 0.01511216 1.606179 1.201812 0.02286309 1.606328 1.294934 0.03255742 1.446703 1.294881 0.03315579 1.447212 1.260716 0.03303402 1.436861 1.190603 -0.03999996 1.599639 1.168349 -0.0282222 1.593919 1.14874 0.032 1.583286 1.159281 -0.02341681 1.589537 1.202039 0.0142802 1.60614 1.20226 0.0155282 1.606199 1.202664 0.02211618 1.606389 1.200691 0.02296429 1.606222 1.294934 0.03255254 1.446699 1.257351 0.03251701 1.434677 1.21 0 1.605798 1.136732 0.006228387 1.570448 1.149904 -0.01845127 1.583359 1.201654 0.01381975 1.606091 1.202296 0.01573616 1.606209 1.19974 0.02235615 1.60611 1.294936 0.0325281 1.446678 1.253986 0.032 1.432492 1.21 -0.03999996 1.601546 1.137351 0.003137946 1.571266 1.140362 0.032 1.574717 1.141096 -0.01378816 1.575545 1.15471 -0.02156716 1.586115 1.201834 0.01392418 1.60611 1.202333 0.01594406 1.606218 1.136822 0 1.570609 1.133718 0.01006275 1.566208 1.136822 0 1.570609 1.144316 -0.01604068 1.578007 1.166 -0.02757066 1.592273 1.133202 0.032 1.565184 1.134622 -0.003334701 1.567667 1.139995 -0.01374328 1.573669 1.168349 -0.0282222 1.593919 1.130386 0.01147407 1.560794 1.133798 -0.009940683 1.566548 1.177844 -0.03386819 1.596493 1.127365 0.032 1.554852 1.132019 -0.005006492 1.563747 1.134104 -0.01061111 1.566194 1.178448 -0.03356921 1.597311 1.127377 0.01147705 1.555 1.129689 -0.005241096 1.559374 1.12908 -0.007939755 1.557601 1.190399 -0.04054361 1.598928 1.122679 0.007421851 1.543011 1.128022 -0.006892085 1.556405 1.190603 -0.03999996 1.599639 1.120549 0.032 1.535409 1.127373 0.009469687 1.555 1.128525 -0.005358397 1.557187 1.12466 -0.005475163 1.547676 1.21 -0.05026227 1.599897 1.121087 0.00470227 1.537256 1.12736 -0.005475819 1.555 1.123469 -0.00450176 1.545223 1.209657 -0.05078303 1.599176 1.119242 0 1.527226 1.121327 -0.003595948 1.537109 1.232786 -0.06308096 1.595903 1.118251 0.032 1.515 1.120858 0.003420293 1.536257 1.124096 -0.002540171 1.54706 1.124509 -0.005509376 1.545324 1.233186 -0.0625559 1.596622 1.11843 0 1.515 1.120858 0.002610266 1.536228 1.1215 0.003006339 1.555 1.127361 -0.003468394 1.555 1.121618 0 1.539182 1.121177 -0.003737688 1.535608 1.127841 -0.007281005 1.55504 1.255693 -0.07526105 1.591016 1.120947 0.001865804 1.536581 1.121938 0.005346298 1.555 1.119702 -0.00251621 1.530122 1.119426 -0.002806603 1.525326 1.256158 -0.0747593 1.591723 1.122679 0.007421851 1.543011 1.119235 -0.002380073 1.52621 1.278019 -0.08713209 1.583461 1.121934 6.656e-4 1.555 1.12319 0.007371485 1.555 1.118453 -0.001859188 1.515 1.118841 -0.002495527 1.515 1.119702 -0.00251621 1.530122 1.278529 -0.08667618 1.584147 1.123181 -0.001361966 1.555 1.125086 0.008810281 1.555 1.11843 0 1.515 1.118453 -0.001859188 1.515 1.289412 -0.09243994 1.579308 1.124096 -0.002540171 1.54706 1.127373 0.009469687 1.555 1.119428 -0.002807796 1.504649 1.299708 -0.0986641 1.573805 1.125075 -0.002804458 1.555 1.119552 -0.002438247 1.500807 1.294854 -0.09532189 1.576888 1.127361 -0.003468394 1.555 1.119242 0 1.502774 1.119939 -0.003079116 1.500872 1.297574 -0.09676277 1.575678 1.11843 0 1.515 1.121618 0 1.490818 1.119559 -0.002441883 1.50076 1.298935 -0.09748327 1.575073 1.118251 0.032 1.515 1.122731 -0.004113674 1.48706 1.121193 -0.003746092 1.49432 1.299615 -0.09784358 1.574771 1.120559 0.032 1.49455 1.124098 -0.002540946 1.482936 1.121142 -0.00327599 1.493933 1.299955 -0.09802371 1.57462 1.12109 0.004713237 1.492731 1.127766 -0.006763935 1.474132 1.122855 -0.00462985 1.48948 1.300295 -0.09820377 1.574468 1.122675 0.007418215 1.487 1.120859 0.003436863 1.493737 1.12736 -0.005475819 1.475 1.122731 -0.004113674 1.48706 1.299708 -0.09866416 1.573805 1.127365 0.032 1.475148 1.1215 0.003006339 1.475 1.120857 0.00262469 1.493774 1.128526 -0.005357861 1.47281 1.127361 -0.003468394 1.475 1.123271 -0.004850864 1.48827 1.127377 0.01147705 1.475 1.121938 0.005346298 1.475 1.120945 0.001876771 1.493427 1.129693 -0.005239844 1.470621 1.123479 -0.004961371 1.487665 1.133522 0.01997578 1.464198 1.127373 0.009469687 1.475 1.122675 0.007418215 1.487 1.121618 0 1.490818 1.134672 -0.01039749 1.462193 1.123686 -0.005071759 1.48706 1.133524 0.02970838 1.464307 1.130385 0.01147425 1.469208 1.121934 6.656e-4 1.475 1.12319 0.007371485 1.475 1.132025 -0.005003869 1.466242 1.124517 -0.005513668 1.48464 1.133207 0.032 1.464808 1.132055 0.01076602 1.466494 1.121618 0 1.490818 1.125086 0.008810281 1.475 1.13463 -0.00332731 1.462322 1.127766 -0.006763935 1.474132 1.140355 0.032 1.455291 1.13352 0.01024299 1.46409 1.123181 -0.001361966 1.475 1.127373 0.009469687 1.475 1.136822 0 1.459391 1.127842 -0.007281184 1.47496 1.141085 0.02970772 1.454428 1.133725 0.0100578 1.463781 1.124098 -0.002540946 1.482936 1.145936 -0.01634699 1.449877 1.128141 -0.007440567 1.474322 1.148749 0.032 1.446709 1.135424 0.01024931 1.461638 1.125075 -0.002804458 1.475 1.141134 -0.01434886 1.455112 1.151716 0 1.444509 1.131219 -0.008580744 1.468163 1.149909 0.0297563 1.445666 1.136734 0.006222188 1.459548 1.127361 -0.003468394 1.475 1.141256 -0.01441389 1.454985 1.137351 0.003144681 1.458734 1.159552 -0.0235598 1.440311 1.140909 0.02830666 1.454227 1.158155 0.032 1.439311 1.137327 0.01025551 1.459187 1.15211 -0.02018529 1.445665 1.141133 0.01026809 1.454283 1.15211 -0.02018529 1.445665 1.169443 0 1.433459 1.133524 0.02970838 1.464307 1.149754 0.02833825 1.445448 1.159832 0.02978163 1.43818 1.15005 0.01027125 1.445643 1.17451 -0.03148025 1.433842 1.160042 0.01029515 1.438281 1.135839 0.0272367 1.45952 1.149215 0.02702516 1.444821 1.168355 0.032 1.433247 1.149841 0.01167595 1.445463 1.164095 -0.02655756 1.438604 1.189238 0 1.426561 1.170932 0.01029706 1.432317 1.140298 0.02700299 1.453684 1.1597 0.02835571 1.437949 1.159245 0.02703547 1.437251 1.170681 0.02982038 1.432102 1.140914 0.01166963 1.45414 1.15986 0.01169329 1.438058 1.15211 -0.02018529 1.445665 1.176812 -0.03331947 1.433792 1.190605 -0.03999996 1.430361 1.139363 0.02610397 1.452857 1.148388 0.02612555 1.443864 1.158549 0.02613449 1.436182 1.179307 0.032 1.428539 1.140315 0.01297932 1.453595 1.13352 0.01024299 1.46409 1.149311 0.01297479 1.444833 1.190605 -0.03999996 1.430361 1.21 0 1.424201 1.165661 0.01279252 1.433875 1.136844 0.02575445 1.453906 1.165425 0.02725619 1.433758 1.13585 0.01275163 1.459332 1.159413 0.01298081 1.437355 1.190399 -0.04054361 1.431072 1.21 -0.03999996 1.428454 1.19078 0.032 1.425285 1.147405 0.02578008 1.442858 1.159541 0.02580332 1.43387 1.139392 0.01388669 1.45276 1.148503 0.01386749 1.443875 1.222042 0 1.425029 1.21 -0.05026119 1.430103 1.202522 0.032 1.423559 1.158738 0.01386111 1.436296 1.136852 0.02574133 1.45366 1.136848 0.0142461 1.453767 1.233931 0 1.427154 1.21 0 1.424201 1.15981 0.01419132 1.433959 1.141556 0.01424002 1.448737 1.149218 0.01404863 1.442641 1.227742 -0.0499646 1.430962 1.234362 0.01829797 1.426074 1.21 0.03067928 1.42325 1.151071 0.01420813 1.439971 1.136857 0.01425909 1.453523 1.24543 -0.04985839 1.433136 1.21 -0.05026119 1.430103 1.246169 0.01847153 1.428947 1.21 0.03067928 1.42325 1.146255 0.01422089 1.443951 1.23316 -0.06254309 1.433373 1.257402 0 1.432873 1.22158 -0.05640214 1.431738 1.231996 0.0307883 1.42555 1.21 0 1.424201 1.244698 -0.06867188 1.435836 1.280177 -0.04952979 1.44032 1.25323 0.03122949 1.431982 1.25767 0.01863938 1.432507 1.226884 0.03181958 1.424828 1.256236 -0.07480078 1.438299 1.29711 -0.02547919 1.441099 1.24155 0.032 1.428184 1.28067 0.0189172 1.439584 1.280962 0 1.4382 1.29734 -0.04939359 1.444675 1.280937 -0.07403451 1.443625 1.273627 0.03197765 1.440727 1.292943 0 1.439687 1.309643 -0.03569012 1.443824 1.278514 -0.08666819 1.445847 1.253986 0.032 1.432492 1.292678 0.01900672 1.441778 1.284082 0.03230893 1.444446 1.314608 -0.01291161 1.43915 1.297918 -0.07366448 1.448963 1.307747 -0.04568403 1.446205 1.311952 -0.02734279 1.441937 1.24155 0.032 1.428184 1.272345 0.0334894 1.44134 1.305 0.01759678 1.441328 1.305 0 1.439256 1.314261 -0.01899528 1.440051 1.30585 -0.055678 1.448587 1.306798 -0.05068105 1.447396 1.300295 -0.09820377 1.455531 1.294881 0.03315579 1.447212 1.289509 0.03241842 1.445562 1.294936 0.0325281 1.446678 1.318366 -0.01135712 1.438755 1.316313 -0.01517611 1.439403 1.316677 -0.07221299 1.455996 1.30588 -0.0555219 1.44855 1.306324 -0.05317956 1.447991 1.30044 0.03373456 1.447484 1.35 0.01194447 1.43792 1.318898 -0.01119107 1.438706 1.309944 -0.05549389 1.449744 1.305909 -0.05536568 1.448512 1.306087 -0.05442869 1.448289 1.305 0.03423058 1.447432 1.35 0.02360719 1.440658 1.35 0 1.437 1.319453 -0.01122987 1.43868 1.314261 -0.01899528 1.440051 1.314053 -0.05561286 1.451 1.305969 -0.05505335 1.448438 1.304994 0.03687268 1.448837 1.305 0.02591365 1.44438 1.314038 -0.05530965 1.450902 1.305 0.03007215 1.445906 1.320425 -0.01176959 1.438693 1.315561 -0.01977282 1.439859 1.35 0.03471297 1.44515 1.321933 -0.01340883 1.438839 1.311389 -0.03601938 1.443689 1.305 0.0321514 1.446669 1.35 -0.01081132 1.437755 1.319939 -0.01149976 1.438687 1.312871 -0.03649616 1.44282 1.309643 -0.03569012 1.443824 1.305 0.0331909 1.44705 1.324371 -0.01708829 1.439365 1.319453 -0.01122987 1.43868 1.309942 -0.05543559 1.447523 1.306944 -0.05562102 1.448602 1.305 0.03371083 1.447241 1.35 -0.02135843 1.440004 1.308037 -0.05556416 1.448617 1.308037 -0.05556416 1.448617 1.306397 -0.05564951 1.448594 1.305 0.03397077 1.447336 1.323274 -0.0179277 1.439322 1.332186 -0.03225529 1.443918 1.306124 -0.05566376 1.448591 1.305 0.03410065 1.447384 1.330573 -0.03284895 1.443736 1.35 -0.03158789 1.443727 1.305987 -0.05567079 1.448589 1.305 0.03416568 1.447408 1.329278 -0.03360521 1.442912 1.332793 -0.04042327 1.447053 1.334861 -0.0398072 1.447512 1.305919 -0.05567449 1.448588 1.305 0.03419816 1.44742 1.326167 -0.05440902 1.440798 1.35 -0.04123187 1.448706 1.305867 -0.05567711 1.448587 1.305 0.03423058 1.447432 1.332697 -0.04938572 1.448838 1.331113 -0.05425494 1.444806 1.321397 -0.0140804 1.438873 1.333936 -0.04819816 1.450816 1.34286 -0.04373502 1.449969 1.305 0.03687638 1.448839 1.333936 -0.04819816 1.450816 1.332697 -0.04938572 1.448838 1.319836 -0.05472517 1.4402 1.336326 -0.04747897 1.451612 1.339593 -0.0456084 1.450791 1.30801 0.04074895 1.450808 1.33302 -0.05431437 1.450883 1.320217 -0.01226836 1.438732 1.337959 -0.0465449 1.451203 1.35 0.04499989 1.45129 1.319393 -0.01157528 1.438708 1.337143 -0.04701328 1.451408 1.309672 0.04499989 1.45352 1.318867 -0.01153445 1.438734 1.319453 -0.01122987 1.43868 1.336734 -0.0472474 1.451511 1.318391 -0.01178401 1.438784 1.33653 -0.04736459 1.451562 1.315561 -0.01977282 1.439859 1.336326 -0.04748153 1.451614 1.314237 -0.05509746 1.443211 1.312871 -0.03649616 1.44282 1.334429 0.0117793 1.590314 1.334803 0.009111046 1.592208 1.334716 0.009180963 1.590685 1.31343 -0.1190988 1.51522 1.313433 -0.1190985 1.51478 1.314949 -0.1185934 1.514842 1.31476 -0.1166098 1.498752 1.314955 -0.1185929 1.515086 1.31608 -0.1174733 1.514936 1.312961 -0.1166709 1.495427 1.313441 -0.1190792 1.515386 1.31608 -0.1174733 1.514936 1.315816 -0.1153993 1.498099 1.313491 -0.1162178 1.49381 1.266594 -0.1225132 1.51522 1.314729 -0.1187112 1.515247 1.314021 -0.1157647 1.492194 1.316086 -0.1174658 1.515 1.313425 -0.1190991 1.51478 1.300111 -0.1182637 1.531333 1.314762 -0.1166105 1.531237 1.313349 -0.1130568 1.481524 1.320639 -0.1102289 1.515 1.266594 -0.1225132 1.51478 1.298385 -0.1181522 1.533132 1.304813 -0.1180658 1.529882 1.31486 -0.1186084 1.515225 1.312961 -0.1166709 1.534572 1.312514 -0.1143957 1.482871 1.316465 -0.1079936 1.481944 1.316079 -0.1174767 1.515001 1.31946 -0.1095973 1.498304 1.300085 -0.1182633 1.498649 1.219665 -0.1239261 1.51478 1.266371 -0.1183335 1.545837 1.300397 -0.1180361 1.531733 1.304809 -0.117964 1.530205 1.30958 -0.1174797 1.531065 1.314925 -0.118557 1.515214 1.313491 -0.1162178 1.536189 1.310632 -0.1132174 1.475071 1.313358 -0.1157523 1.490537 1.314337 -0.1068565 1.473956 1.315821 -0.1154049 1.53186 1.298366 -0.1181493 1.496836 1.304807 -0.1180662 1.500118 1.219665 -0.1239261 1.51522 1.266361 -0.1183414 1.484208 1.219643 -0.119743 1.545837 1.297526 -0.1178888 1.535447 1.29877 -0.1179667 1.533355 1.312961 -0.1166709 1.534572 1.314991 -0.1185056 1.515203 1.314021 -0.1157647 1.537805 1.307419 -0.1131189 1.470907 1.311243 -0.1118206 1.473414 1.313482 -0.1159078 1.492239 1.31215 -0.1158165 1.489213 1.319456 -0.1095952 1.531726 1.300373 -0.1180362 1.498251 1.304804 -0.1179645 1.499795 1.309581 -0.1174795 1.498934 1.172719 -0.1233386 1.51522 1.219637 -0.1197504 1.484208 1.251513 -0.1134017 1.575414 1.297754 -0.1175088 1.537893 1.299091 -0.1175846 1.533455 1.304795 -0.1177444 1.53049 1.309374 -0.1173659 1.531403 1.315252 -0.1183 1.515159 1.307003 -0.1121277 1.467436 1.311757 -0.1157683 1.489549 1.312961 -0.1166709 1.495427 1.311014 -0.1050913 1.466369 1.316447 -0.1079838 1.548133 1.297522 -0.117884 1.494518 1.298752 -0.1179644 1.496618 1.309375 -0.1173655 1.498597 1.312961 -0.1166709 1.495427 1.172904 -0.1191546 1.545837 1.172719 -0.1233386 1.51478 1.251513 -0.1134017 1.454586 1.292657 -0.1121592 1.57018 1.21 -0.1140402 1.576113 1.297978 -0.11773 1.535483 1.298912 -0.1170838 1.540077 1.300667 -0.1175804 1.531914 1.298307 -0.1173793 1.535483 1.309171 -0.1170695 1.531681 1.304772 -0.1174381 1.530679 1.312961 -0.1166709 1.534572 1.315776 -0.1178887 1.515072 1.313354 -0.1130599 1.548455 1.301362 -0.1122311 1.463602 1.307225 -0.1107981 1.466021 1.31286 -0.1156679 1.492348 1.31215 -0.1158165 1.489213 1.312505 -0.1165564 1.495239 1.297764 -0.1175036 1.492078 1.297974 -0.1177255 1.494484 1.299076 -0.1175834 1.496523 1.304789 -0.117745 1.49951 1.179143 -0.1140449 1.574053 1.126673 -0.1188314 1.531131 1.125546 -0.1207414 1.515 1.21 -0.1140402 1.453887 1.292657 -0.1121592 1.45982 1.172901 -0.1191619 1.484208 1.301388 -0.112233 1.566378 1.251583 -0.1128386 1.576691 1.298217 -0.1173643 1.537723 1.299331 -0.116939 1.539715 1.302947 -0.1163147 1.542852 1.305583 -0.107451 1.53254 1.304511 -0.1068811 1.534357 1.309033 -0.1166543 1.531803 1.312536 -0.1165643 1.534748 1.312505 -0.1165564 1.534761 1.312517 -0.1143963 1.547119 1.316079 -0.1174765 1.515036 1.300906 -0.1114565 1.461468 1.311446 -0.1154678 1.489836 1.306081 -0.1024761 1.459989 1.314302 -0.106838 1.556156 1.298219 -0.1173583 1.492239 1.298924 -0.1170804 1.489907 1.300648 -0.1175814 1.498074 1.304766 -0.1174389 1.499321 1.309172 -0.1170693 1.498319 1.148706 -0.1139648 1.568251 1.125835 -0.1207513 1.51522 1.129407 -0.1166644 1.546763 1.125835 -0.1207513 1.51522 1.125835 -0.1207513 1.51478 1.179143 -0.1140449 1.455947 1.251583 -0.1128339 1.453303 1.126673 -0.1188314 1.498869 1.307435 -0.1131232 1.559062 1.300943 -0.1114576 1.568508 1.292945 -0.111389 1.571682 1.21 -0.1134939 1.577364 1.178946 -0.1134281 1.575397 1.298555 -0.1169865 1.53762 1.30306 -0.1162939 1.542514 1.307187 -0.1083039 1.531326 1.304829 -0.1170938 1.530746 1.304135 -0.106681 1.5365 1.311966 -0.1157442 1.534858 1.312142 -0.1162187 1.534865 1.313359 -0.1157521 1.539461 1.310634 -0.1132168 1.554927 1.302945 -0.116315 1.487149 1.300983 -0.1101391 1.460333 1.312142 -0.1162187 1.495135 1.312539 -0.1150783 1.492471 1.307678 -0.115583 1.487632 1.311247 -0.1118225 1.556574 1.298305 -0.1173762 1.494496 1.305583 -0.107451 1.49746 1.134966 -0.11444 1.561477 1.131491 -0.1155005 1.554415 1.12825 -0.1163524 1.546875 1.21 -0.113767 1.453261 1.21 -0.1134939 1.452636 1.292657 -0.1121592 1.45982 1.129407 -0.1166644 1.483237 1.148706 -0.1139648 1.461749 1.307022 -0.1121299 1.56254 1.293104 -0.1099941 1.572665 1.21 -0.1125154 1.578315 1.303153 -0.1161355 1.542178 1.307858 -0.115831 1.543195 1.308996 -0.1162458 1.531762 1.313141 -0.1158376 1.537722 1.31215 -0.1158165 1.540787 1.313477 -0.115906 1.537772 1.307856 -0.1158312 1.486804 1.292945 -0.111389 1.458317 1.293024 -0.1106915 1.457826 1.312539 -0.1150783 1.492471 1.311299 -0.1149959 1.489996 1.311299 -0.1149959 1.489996 1.307772 -0.1158122 1.487224 1.299734 -0.09911406 1.455573 1.310982 -0.1050741 1.563686 1.299344 -0.1169354 1.49027 1.303058 -0.1162941 1.487486 1.298563 -0.1169817 1.49236 1.304511 -0.1068811 1.495643 1.307187 -0.1083039 1.498674 1.304827 -0.1170943 1.499254 1.309035 -0.116654 1.498196 1.148258 -0.113095 1.569861 1.141251 -0.1139379 1.566173 1.130353 -0.1151743 1.554617 1.125491 -0.118545 1.531046 1.125491 -0.1185449 1.498953 1.178946 -0.1134281 1.454603 1.21 -0.1125154 1.451685 1.292945 -0.111389 1.458317 1.12825 -0.1163524 1.483125 1.131491 -0.1155005 1.475585 1.134966 -0.11444 1.468523 1.293104 -0.1099941 1.572665 1.307247 -0.1108017 1.563951 1.25173 -0.1118031 1.577648 1.299641 -0.1164993 1.539486 1.303203 -0.115859 1.541918 1.307774 -0.115812 1.542776 1.310212 -0.1157523 1.542344 1.304511 -0.1068811 1.538643 1.30908 -0.10931 1.5309 1.309033 -0.1166543 1.531803 1.310972 -0.110316 1.531326 1.312619 -0.1153477 1.537588 1.312833 -0.1156425 1.537656 1.312961 -0.1166709 1.534572 1.311757 -0.1157683 1.540451 1.310217 -0.1157518 1.487654 1.292984 -0.1110402 1.458072 1.293104 -0.1099941 1.457335 1.311966 -0.1157442 1.495142 1.311357 -0.1144798 1.489986 1.307605 -0.115186 1.487887 1.311786 -0.1157719 1.489525 1.293105 -0.1099941 1.457336 1.304135 -0.106681 1.4935 1.177963 -0.1122886 1.576261 1.129345 -0.1144143 1.554806 1.125546 -0.1207414 1.515 1.127225 -0.1156013 1.547008 1.123504 -0.1196246 1.515 1.21 -0.1136304 1.452949 1.25173 -0.1118031 1.452352 1.293104 -0.1099941 1.457335 1.130353 -0.1151743 1.475383 1.148258 -0.113095 1.460139 1.141251 -0.1139379 1.463826 1.301023 -0.1101417 1.569642 1.30768 -0.1155828 1.542367 1.31202 -0.1152546 1.534741 1.312576 -0.111169 1.53254 1.312531 -0.1150175 1.53753 1.31215 -0.1158165 1.540787 1.31215 -0.1158165 1.489213 1.292965 -0.1112146 1.458195 1.312645 -0.1144732 1.49256 1.303151 -0.1161358 1.487822 1.306081 -0.1024762 1.570011 1.299655 -0.1164945 1.490498 1.304511 -0.1068811 1.491357 1.30908 -0.10931 1.4991 1.308998 -0.1162453 1.498237 1.146357 -0.1114172 1.570402 1.21 -0.1125154 1.578315 1.140538 -0.1129585 1.567815 1.133308 -0.1133559 1.562601 1.125835 -0.1207513 1.51522 1.124443 -0.1178066 1.531068 1.124443 -0.1178066 1.498931 1.21 -0.1135621 1.452793 1.177963 -0.1122886 1.453738 1.127225 -0.1156013 1.482991 1.293155 -0.1099091 1.572679 1.305583 -0.107451 1.54046 1.303237 -0.1155238 1.541788 1.307606 -0.1151858 1.542112 1.31197 -0.1157104 1.53485 1.311446 -0.1154678 1.540164 1.292955 -0.1113018 1.458256 1.31256 -0.1148132 1.4935 1.303201 -0.1158593 1.488083 1.310972 -0.110316 1.498674 1.161016 -0.0911768 1.580846 1.21 -0.1134944 1.577363 1.19361 -0.1055411 1.581758 1.128652 -0.1133432 1.554851 1.126521 -0.1145349 1.547019 1.123726 -0.1167447 1.498988 1.21 -0.113528 1.452714 1.277952 -0.09743487 1.449176 1.193612 -0.1056137 1.448281 1.129345 -0.1144142 1.475194 1.140538 -0.1129585 1.462185 1.146357 -0.1114172 1.459597 1.293207 -0.1098241 1.572692 1.296419 -0.1045542 1.573546 1.307534 -0.1147665 1.542069 1.313648 -0.111739 1.534357 1.311966 -0.1157442 1.534858 1.312833 -0.1156425 1.537656 1.292944 -0.1113918 1.45832 1.311966 -0.1157442 1.495142 1.314024 -0.1119391 1.4935 1.303241 -0.115523 1.488211 1.305583 -0.107451 1.48954 1.312576 -0.111169 1.49746 1.138698 -0.1111021 1.568037 1.145956 -0.090761 1.574798 1.177407 -0.1053279 1.579732 1.21 -0.1055294 1.58222 1.123726 -0.1167447 1.531011 1.122605 -0.1174709 1.515 1.21 -0.1135109 1.452675 1.255661 -0.0979126 1.445522 1.299734 -0.09911406 1.455573 1.17741 -0.1054012 1.450302 1.21 -0.1057273 1.447596 1.126521 -0.1145349 1.482981 1.133308 -0.1133559 1.467399 1.161018 -0.091241 1.449171 1.293311 -0.1096541 1.57272 1.299735 -0.09911435 1.574426 1.294761 -0.1072742 1.573105 1.307187 -0.1083039 1.541674 1.30908 -0.10931 1.5421 1.309619 -0.1145415 1.541357 1.311299 -0.1149959 1.540004 1.314024 -0.1119391 1.5365 1.312619 -0.1153477 1.537588 1.311993 -0.1154994 1.495201 1.31202 -0.1152546 1.495259 1.313648 -0.111739 1.491357 1.30754 -0.1147658 1.487932 1.128652 -0.1133432 1.554851 1.154787 -0.08146297 1.580606 1.176882 -0.09153866 1.585346 1.21 -0.1053549 1.582317 1.126416 -0.1132664 1.547656 1.123508 -0.115508 1.531479 1.123508 -0.115508 1.498521 1.21 -0.1135024 1.452656 1.278096 -0.08763009 1.446002 1.23283 -0.09816426 1.44393 1.176884 -0.09160268 1.444676 1.21 -0.09819436 1.44368 1.128652 -0.1133432 1.475149 1.138698 -0.1111021 1.461963 1.145957 -0.0908252 1.455213 1.293518 -0.1093141 1.572775 1.293932 -0.1086341 1.572885 1.310972 -0.110316 1.541674 1.307606 -0.1151858 1.542112 1.312559 -0.1148146 1.5365 1.311299 -0.1149959 1.540004 1.312007 -0.115377 1.49523 1.313648 -0.111739 1.495643 1.311357 -0.1144798 1.489986 1.309628 -0.1145403 1.488645 1.30908 -0.10931 1.4879 1.307187 -0.1083039 1.488326 1.132354 -0.1112862 1.562853 1.138841 -0.09054011 1.571053 1.153529 -0.08059805 1.580177 1.15623 -0.08142387 1.581264 1.16173 -0.07676237 1.584537 1.21 -0.0981943 1.58632 1.193295 -0.09182339 1.588145 1.128624 -0.1120567 1.555569 1.21 -0.1134936 1.452636 1.266979 -0.08171415 1.442219 1.230342 -0.09959417 1.444552 1.232507 -0.09472101 1.442507 1.193297 -0.09188717 1.44188 1.126416 -0.1132664 1.482344 1.128652 -0.1133432 1.475149 1.138841 -0.09060436 1.458954 1.154786 -0.0814628 1.449394 1.312576 -0.111169 1.54046 1.312644 -0.1144718 1.537448 1.312531 -0.1150175 1.53753 1.312014 -0.1153158 1.495245 1.312576 -0.111169 1.48954 1.310972 -0.110316 1.488326 1.138866 -0.06165206 1.572612 1.13278 -0.09031438 1.565178 1.159759 -0.07853478 1.583286 1.15282 -0.0791614 1.580078 1.157565 -0.08082187 1.581969 1.176421 -0.07716399 1.589527 1.132354 -0.1112862 1.562853 1.126036 -0.08986026 1.549279 1.121247 -0.08897757 1.515 1.255615 -0.08256089 1.440058 1.223623 -0.1077519 1.448831 1.234673 -0.08984768 1.440461 1.16173 -0.07676255 1.445463 1.176423 -0.0772168 1.440485 1.21 -0.09207117 1.440936 1.128624 -0.1120567 1.474431 1.132354 -0.1112862 1.467147 1.132779 -0.0903787 1.464826 1.138866 -0.0616914 1.457389 1.153529 -0.0805974 1.449823 1.156229 -0.08142399 1.448736 1.311357 -0.1144798 1.540014 1.313648 -0.111739 1.538643 1.311357 -0.1144798 1.540014 1.312017 -0.1152852 1.495252 1.14554 -0.06181997 1.57765 1.1331 -0.06148225 1.566076 1.164958 -0.07173937 1.586779 1.21 -0.09440445 1.587853 1.19302 -0.07746827 1.592947 1.126036 -0.08992469 1.480724 1.255863 -0.07579827 1.438436 1.218961 -0.1105787 1.450501 1.22976 -0.09981858 1.444732 1.157565 -0.08082216 1.448031 1.193021 -0.07752102 1.437067 1.21 -0.0830354 1.437546 1.132354 -0.1112862 1.467147 1.133099 -0.06152147 1.463924 1.145541 -0.0618593 1.452352 1.15282 -0.07916039 1.449921 1.159759 -0.07853478 1.446714 1.311299 -0.1149959 1.540004 1.311966 -0.1157442 1.534858 1.312019 -0.1152698 1.495256 1.148992 -0.01906108 1.582606 1.138778 -0.01364398 1.573023 1.125682 -0.06114161 1.549975 1.153502 -0.07010328 1.581565 1.15257 -0.0728712 1.580872 1.163205 -0.07378786 1.585547 1.169897 -0.0607056 1.590473 1.21 -0.09191459 1.58886 1.21 -0.08303505 1.592453 1.176024 -0.06245017 1.592312 1.121381 -0.06080722 1.532702 1.121382 -0.06084597 1.497298 1.235871 -0.07912725 1.437017 1.235966 -0.08456665 1.438656 1.216162 -0.1111368 1.450833 1.222925 -0.1076668 1.448927 1.234498 -0.09038507 1.44066 1.164958 -0.07173937 1.443221 1.176025 -0.06248992 1.437694 1.125682 -0.06118065 1.480026 1.138713 -0.01360958 1.457051 1.148934 -0.01903188 1.44744 1.307606 -0.1151858 1.542112 1.31202 -0.1152546 1.534741 1.31202 -0.1152623 1.495258 1.160581 -0.04981958 1.587782 1.130118 -0.009060859 1.560522 1.124209 -0.03021132 1.546725 1.155568 -0.06084758 1.583862 1.16861 -0.06315159 1.58952 1.164438 -0.07112836 1.585965 1.21 -0.09061467 1.589386 1.21 -0.07908457 1.593359 1.192783 -0.06272441 1.596204 1.120568 -0.07473087 1.515 1.119891 -0.0605266 1.515 1.244452 -0.0697326 1.435995 1.235224 -0.07977616 1.437626 1.21 -0.1125154 1.451685 1.214738 -0.1109084 1.450682 1.229453 -0.09956771 1.444863 1.163205 -0.07378786 1.444453 1.167427 -0.0662232 1.441374 1.192784 -0.06276428 1.433803 1.21 -0.07775449 1.435908 1.124211 -0.03018379 1.483267 1.130017 -0.009007573 1.469663 1.160583 -0.0498175 1.442217 1.152571 -0.07286989 1.449128 1.153502 -0.07010328 1.448435 1.31202 -0.1152584 1.495258 1.162069 -0.02600222 1.590943 1.144316 -0.01604068 1.578007 1.123469 -0.03606605 1.544156 1.168395 -0.06297045 1.58921 1.172941 -0.04876118 1.593385 1.172468 -0.05161178 1.592803 1.157429 -0.08030027 1.581849 1.165509 -0.06909877 1.5866 1.21 -0.07760787 1.593697 1.21 -0.0672332 1.596074 1.189182 -0.040389 1.599295 1.122529 -0.03917479 1.540616 1.120229 -0.06760758 1.515 1.122605 -0.1174709 1.515 1.119889 -0.06048417 1.515 1.122541 -0.03916203 1.489337 1.2355 -0.07853418 1.436833 1.235499 -0.07978469 1.437361 1.212851 -0.1050626 1.447336 1.229255 -0.09931719 1.445132 1.233641 -0.08960878 1.441984 1.164438 -0.07112836 1.444034 1.16861 -0.06315159 1.44048 1.169897 -0.06070685 1.439527 1.189182 -0.040389 1.430705 1.123475 -0.03603368 1.485823 1.141256 -0.01441389 1.454985 1.161981 -0.02595531 1.439102 1.155568 -0.06084579 1.446137 1.31202 -0.1152573 1.495259 1.163907 -0.04485738 1.590024 1.154481 -0.02144569 1.586008 1.156886 -0.0583651 1.584776 1.144371 -0.01607 1.578058 1.139995 -0.01374328 1.573669 1.124559 -0.02393335 1.547925 1.124217 -0.03001886 1.546119 1.122897 -0.03844106 1.542039 1.168331 -0.06282567 1.588823 1.21 -0.07513409 1.594264 1.21 -0.06285476 1.597077 1.21 -0.05143111 1.599694 1.122138 -0.03925186 1.53906 1.120059 -0.0640459 1.515 1.121183 -0.03451102 1.494754 1.122906 -0.03841519 1.487927 1.122152 -0.03926378 1.490885 1.235006 -0.07880359 1.437068 1.234934 -0.07812285 1.43669 1.213547 -0.1102351 1.450259 1.223096 -0.1068741 1.448917 1.233752 -0.08929198 1.441883 1.157432 -0.08029836 1.44815 1.165509 -0.06909877 1.4434 1.168395 -0.06297045 1.44079 1.169897 -0.06070685 1.439527 1.17294 -0.04876434 1.436616 1.21 -0.05143189 1.430306 1.21 -0.0629993 1.432475 1.12456 -0.02391713 1.482073 1.123461 -0.03579002 1.486174 1.141134 -0.01434886 1.455112 1.163909 -0.04485511 1.439975 1.151883 -0.02006417 1.44579 1.156886 -0.0583651 1.445224 1.168157 -0.04079306 1.592474 1.162416 -0.04775583 1.588823 1.131029 -0.00897628 1.561133 1.124484 -0.0174852 1.547864 1.124504 -0.0238837 1.547532 1.123455 -0.03582185 1.543807 1.157264 -0.05849438 1.584714 1.172244 -0.0511949 1.591101 1.172522 -0.0452739 1.592968 1.181545 -0.03634047 1.597566 1.121793 -0.03854638 1.53766 1.119974 -0.06226503 1.515 1.120869 -0.02813977 1.495677 1.121535 -0.03740686 1.493385 1.121805 -0.03858613 1.492289 1.23463 -0.07856887 1.436983 1.233517 -0.07809919 1.436605 1.234793 -0.07891255 1.437385 1.212387 -0.1079961 1.448907 1.229444 -0.09870821 1.445289 1.218771 -0.1099024 1.450377 1.234673 -0.08984768 1.440461 1.172468 -0.05161178 1.437197 1.168331 -0.06282567 1.441177 1.181522 -0.03632462 1.43244 1.124505 -0.02386796 1.482467 1.124484 -0.01748156 1.482136 1.12422 -0.0299918 1.483874 1.131592 -0.009275555 1.46788 1.168159 -0.04079145 1.437524 1.162416 -0.04775583 1.441177 1.166089 -0.04318159 1.591098 1.169496 -0.0401659 1.59313 1.130118 -0.009060859 1.560522 1.124027 -0.0131123 1.546668 1.123671 -0.0353766 1.543602 1.124627 -0.0238474 1.547112 1.157603 -0.05856102 1.584506 1.172846 -0.04246693 1.594197 1.121354 -0.03427463 1.535601 1.121525 -0.03734689 1.536574 1.119931 -0.06137466 1.515 1.121355 -0.0342921 1.494394 1.118467 -0.002895176 1.515 1.233041 -0.06366688 1.433554 1.234139 -0.07851016 1.436937 1.235055 -0.07970911 1.437999 1.212375 -0.1054961 1.447473 1.230824 -0.09617608 1.4443 1.239188 -0.07214808 1.449474 1.172522 -0.0452739 1.437032 1.172244 -0.0511949 1.438899 1.172847 -0.04247057 1.435803 1.124025 -0.01310378 1.483336 1.123676 -0.03535187 1.486385 1.169499 -0.04016494 1.436869 1.166089 -0.04318159 1.438902 1.157264 -0.05849438 1.445286 1.170743 -0.04060238 1.593405 1.173908 -0.03229188 1.595836 1.162882 -0.04796099 1.5886 1.124532 -0.005521595 1.546697 1.123825 -0.005731165 1.546239 1.124015 -0.0133621 1.546197 1.124443 -0.01755499 1.547352 1.124633 -0.02970135 1.545678 1.123034 -0.03780859 1.541842 1.124918 -0.02382373 1.546785 1.177726 -0.0343163 1.596701 1.121176 -0.0344299 1.535221 1.11991 -0.06092941 1.515 1.121194 -0.02810204 1.495117 1.120883 -0.02173036 1.495049 1.234522 -0.07874286 1.437325 1.230959 -0.07937097 1.436834 1.231753 -0.07944548 1.437062 1.234667 -0.07890266 1.437801 1.21 -0.09819436 1.44368 1.213854 -0.1005927 1.444877 1.240792 -0.07300096 1.44826 1.237296 -0.07114201 1.4499 1.177692 -0.03429251 1.433307 1.124443 -0.01755148 1.482649 1.124628 -0.02383166 1.482886 1.124015 -0.01336145 1.483804 1.123781 -0.005708098 1.483887 1.123041 -0.03778713 1.488135 1.124636 -0.02968055 1.484316 1.173862 -0.03226029 1.434175 1.168289 -0.04137092 1.437712 1.157603 -0.05856102 1.445494 1.162882 -0.04796099 1.4414 1.170949 -0.04010581 1.593744 1.166089 -0.04318159 1.591098 1.123825 -0.005731165 1.546239 1.123583 -0.01126605 1.545411 1.123622 -0.01166808 1.545026 1.132841 -0.01560217 1.544707 1.133746 -0.01608359 1.54302 1.124667 -0.01760417 1.546887 1.125094 -0.01761925 1.546593 1.163221 -0.04798644 1.588159 1.175817 -0.03330409 1.596269 1.119889 -0.06048417 1.515 1.119889 -0.06048816 1.515 1.121043 -0.02180558 1.494687 1.121689 -0.03396528 1.494183 1.119792 -0.003597319 1.499407 1.234667 -0.07890266 1.437801 1.21 -0.0830354 1.437546 1.234135 -0.0786978 1.437282 1.235049 -0.0795933 1.438397 1.214568 -0.1002587 1.444906 1.241864 -0.0735709 1.446443 1.216132 -0.1106321 1.45068 1.175777 -0.03327643 1.433741 1.124919 -0.02380818 1.483214 1.123619 -0.01165986 1.484983 1.123578 -0.01125192 1.484604 1.133746 -0.01608359 1.486979 1.132841 -0.01560217 1.485293 1.170952 -0.04010665 1.436255 1.170743 -0.04060238 1.436595 1.168514 -0.04156541 1.4379 1.163221 -0.04798644 1.441841 1.162416 -0.04775583 1.441177 1.17164 -0.04043602 1.593982 1.171279 -0.04078388 1.5936 1.166567 -0.04343909 1.590734 1.120428 -0.003339171 1.531206 1.122952 -0.01022958 1.543483 1.123785 -0.01184892 1.544786 1.124138 -0.01347005 1.545924 1.125611 -0.01759636 1.546551 1.131475 -0.01487582 1.545933 1.134079 -0.0162605 1.541083 1.172197 -0.04100108 1.594133 1.121194 -0.02808326 1.534883 1.120868 -0.0281074 1.534323 1.121371 -0.02187335 1.494397 1.121802 -0.02791863 1.494876 1.121816 -0.03683519 1.493071 1.121242 -0.01564675 1.493014 1.12136 -0.01575773 1.492811 1.234451 -0.0787667 1.437755 1.226604 -0.08301287 1.437792 1.21 -0.05143189 1.430306 1.227374 -0.08290916 1.437923 1.23188 -0.07958889 1.437367 1.234675 -0.07875996 1.438211 1.219325 -0.0914011 1.440737 1.213193 -0.1049519 1.447566 1.219977 -0.0911532 1.440736 1.229444 -0.09870821 1.445289 1.214771 -0.1104358 1.450517 1.172199 -0.04100406 1.435867 1.124667 -0.01760065 1.483114 1.124139 -0.01346939 1.484078 1.125094 -0.01761585 1.483407 1.12295 -0.01022869 1.486524 1.134079 -0.0162608 1.489 1.131475 -0.01487582 1.484067 1.125611 -0.0175929 1.483449 1.171643 -0.04043817 1.436017 1.170826 -0.04083538 1.436889 1.166567 -0.04343909 1.439266 1.162882 -0.04796099 1.4414 1.170826 -0.04083538 1.593111 1.170826 -0.04083538 1.593111 1.119802 -0.003601551 1.530643 1.122314 -0.01060193 1.541336 1.123091 -0.0107696 1.543369 1.123312 -0.01102215 1.543258 1.129818 -0.01399499 1.546546 1.122804 -0.0383901 1.541 1.124653 -0.01357406 1.545515 1.124361 -0.01354593 1.545682 1.166854 -0.04338407 1.590149 1.172346 -0.04236865 1.593835 1.121689 -0.0339486 1.535813 1.118467 -0.002895176 1.515 1.121796 -0.02190935 1.494276 1.121479 -0.0158689 1.492608 1.129962 -0.01407176 1.494521 1.131602 -0.01494371 1.493853 1.121833 -0.01192778 1.490461 1.12142 -0.01581335 1.49271 1.234119 -0.07873409 1.43771 1.235189 -0.07946056 1.438727 1.212935 -0.1074091 1.44881 1.214903 -0.1001845 1.445379 1.220274 -0.09124225 1.441076 1.24224 -0.07377099 1.4443 1.235404 -0.07013589 1.449474 1.172346 -0.04236865 1.436165 1.123784 -0.01184123 1.485223 1.12309 -0.0107699 1.486634 1.122312 -0.01060408 1.488668 1.122796 -0.038405 1.489 1.129818 -0.01399499 1.483454 1.171279 -0.04078388 1.4364 1.171273 -0.04098653 1.43673 1.168733 -0.04167038 1.438188 1.170961 -0.04093962 1.43727 1.166854 -0.04338407 1.439851 1.171728 -0.0411607 1.593735 1.171273 -0.04098653 1.59327 1.170961 -0.04093962 1.59273 1.170743 -0.04060238 1.593405 1.118991 -0.002575278 1.515 1.119802 -0.003601551 1.530643 1.122531 -0.01108235 1.541515 1.123633 -0.01118147 1.543131 1.124057 -0.01196771 1.544572 1.125611 -0.01759636 1.546551 1.122648 -0.03865242 1.540585 1.124965 -0.01355338 1.545446 1.161843 -0.05032449 1.586812 1.171121 -0.0408712 1.59235 1.17273 -0.04535979 1.59361 1.121802 -0.02790182 1.535124 1.121814 -0.03681266 1.536916 1.121043 -0.02179515 1.535315 1.120883 -0.02171909 1.534953 1.122431 -0.01607966 1.492374 1.121914 -0.01602739 1.492374 1.121449 -0.015841 1.492659 1.12289 -0.01601129 1.492608 1.12822 -0.01314502 1.494503 1.132936 -0.01565277 1.492581 1.122065 -0.01229643 1.490154 1.121434 -0.01582711 1.492684 1.234443 -0.07861191 1.438163 1.227652 -0.08304661 1.438468 1.23195 -0.07962477 1.437746 1.234798 -0.07853639 1.438515 1.2338 -0.069283 1.44826 1.220435 -0.09119457 1.441504 1.232728 -0.06871306 1.446443 1.230824 -0.09617608 1.4443 1.213699 -0.1097189 1.450078 1.171728 -0.0411607 1.436265 1.17273 -0.04535979 1.43639 1.124655 -0.01357305 1.484486 1.124362 -0.01354527 1.48432 1.122662 -0.03864485 1.489362 1.125611 -0.0175929 1.483449 1.171359 -0.04107123 1.437133 1.168898 -0.04165387 1.438525 1.161852 -0.050309 1.443182 1.170961 -0.04093962 1.59273 1.118467 -0.002895176 1.515 1.121835 -0.01191949 1.539548 1.122782 -0.01130902 1.541554 1.128076 -0.01306885 1.54647 1.133797 -0.01611053 1.539135 1.124393 -0.01199406 1.544431 1.124727 -0.01193118 1.54438 1.168964 -0.0411452 1.590739 1.171265 -0.04066562 1.592059 1.171647 -0.04130172 1.593388 1.172941 -0.04876118 1.593385 1.172205 -0.04240757 1.593498 1.129962 -0.01407176 1.535479 1.121797 -0.0218991 1.535726 1.131602 -0.01494371 1.536147 1.121372 -0.0218631 1.535605 1.122309 -0.01246821 1.490042 1.121447 -0.01583933 1.492662 1.12659 -0.01227873 1.493802 1.121984 -0.0380755 1.492127 1.121442 -0.01583415 1.492672 1.234094 -0.07858818 1.438112 1.232351 -0.06851297 1.4443 1.227673 -0.08289325 1.439075 1.241864 -0.0735709 1.442157 1.172205 -0.04240757 1.436502 1.17294 -0.04876434 1.436616 1.124967 -0.01355201 1.484555 1.124056 -0.01196008 1.485436 1.123313 -0.0110225 1.486745 1.12253 -0.01108449 1.488489 1.133797 -0.01611053 1.490865 1.128076 -0.01306885 1.48353 1.171647 -0.04130172 1.436612 1.171687 -0.04135388 1.437024 1.170961 -0.04093962 1.43727 1.171121 -0.0408712 1.43765 1.168985 -0.04112982 1.439251 1.171359 -0.04107123 1.592866 1.121242 -0.01564556 1.536987 1.122067 -0.01228666 1.539855 1.12231 -0.01245868 1.539967 1.123114 -0.01145833 1.541534 1.123995 -0.01120209 1.543014 1.125558 -0.01438319 1.545894 1.122265 -0.03880405 1.539142 1.124975 -0.01141965 1.544006 1.124918 -0.02382373 1.546785 1.172468 -0.05161178 1.592803 1.172522 -0.0452739 1.592968 1.12822 -0.01314502 1.535497 1.12289 -0.01601028 1.537392 1.132936 -0.01565277 1.537418 1.121479 -0.01586765 1.537392 1.121361 -0.0157566 1.537189 1.122953 -0.01263421 1.490038 1.12262 -0.01258921 1.489999 1.121446 -0.0158385 1.492664 1.12289 -0.01601129 1.492608 1.121446 -0.0158376 1.492665 1.234491 -0.07833957 1.438449 1.231942 -0.07953298 1.438122 1.22031 -0.0912159 1.441949 1.233752 -0.08929198 1.441883 1.172522 -0.0452739 1.437032 1.172468 -0.05161178 1.437197 1.124393 -0.01198589 1.485578 1.12227 -0.03880971 1.490833 1.125558 -0.01438409 1.484106 1.171853 -0.04129177 1.437401 1.171526 -0.04099982 1.437514 1.168983 -0.04153078 1.438843 1.171265 -0.04066562 1.437941 1.171121 -0.0408712 1.59235 1.122622 -0.01257991 1.54001 1.123633 -0.01118147 1.543131 1.126466 -0.01221275 1.545714 1.121981 -0.0380584 1.537857 1.124335 -0.01107972 1.542905 1.125188 -0.01153296 1.544373 1.171687 -0.04135388 1.592976 1.172194 -0.04240608 1.593102 1.172468 -0.05161178 1.592803 1.12659 -0.01227873 1.536198 1.122431 -0.01607847 1.537626 1.121915 -0.01602619 1.537626 1.121449 -0.01583999 1.537342 1.12142 -0.01581209 1.537291 1.123251 -0.01260185 1.490146 1.123115 -0.01146036 1.48847 1.122783 -0.01131135 1.488449 1.125277 -0.01158058 1.492503 1.121462 -0.01585268 1.492638 1.234069 -0.07831746 1.438396 1.232728 -0.06871306 1.442157 1.220435 -0.09119457 1.441504 1.231864 -0.0793451 1.43842 1.240792 -0.07300096 1.44034 1.172194 -0.04240608 1.436898 1.172468 -0.05161178 1.437197 1.124919 -0.02380818 1.483214 1.124728 -0.01192218 1.485628 1.123634 -0.01118147 1.486873 1.126466 -0.01221275 1.484286 1.172331 -0.04235994 1.437267 1.171121 -0.0408712 1.43765 1.168985 -0.04112982 1.439251 1.171526 -0.04099982 1.592486 1.122954 -0.01262521 1.539971 1.123468 -0.01149249 1.541451 1.125188 -0.01153296 1.544373 1.124442 -0.01113647 1.543088 1.172331 -0.04235994 1.592732 1.12289 -0.01601028 1.537392 1.121446 -0.01583641 1.537335 1.121435 -0.0158261 1.537316 1.123469 -0.01149386 1.488553 1.123778 -0.01141566 1.488678 1.12289 -0.01601129 1.492608 1.123431 -0.01319265 1.49108 1.2338 -0.069283 1.44034 1.227169 -0.08291339 1.439533 1.231199 -0.07921296 1.43875 1.235589 -0.07902497 1.439001 1.125188 -0.01153296 1.485627 1.124977 -0.01142072 1.485987 1.124344 -0.01108431 1.487067 1.123634 -0.01118147 1.486873 1.125188 -0.01153296 1.485627 1.172093 -0.041143 1.437661 1.172572 -0.04228359 1.437534 1.171726 -0.0408073 1.437784 1.170218 -0.04039329 1.438687 1.171265 -0.04066562 1.592059 1.123995 -0.01120209 1.543014 1.124548 -0.01119303 1.543272 1.171853 -0.04129177 1.592598 1.172777 -0.04518944 1.592342 1.125277 -0.01158058 1.537497 1.121442 -0.01583296 1.537329 1.124231 -0.01102411 1.488379 1.123997 -0.0112015 1.486989 1.123251 -0.01260185 1.490146 1.124444 -0.0111373 1.49077 1.227169 -0.08291339 1.439533 1.233578 -0.07784318 1.438568 1.239188 -0.07214808 1.439126 1.235189 -0.07946056 1.438727 1.172777 -0.04518944 1.437657 1.123997 -0.0112015 1.486989 1.124449 -0.0111404 1.486887 1.171265 -0.04066562 1.437941 1.171552 -0.0361852 1.43944 1.171726 -0.0408073 1.592216 1.123253 -0.01259315 1.539863 1.124335 -0.01107972 1.542905 1.124761 -0.01130628 1.543639 1.172093 -0.041143 1.592339 1.172572 -0.04228359 1.592466 1.172244 -0.0511949 1.591101 1.123432 -0.01318508 1.538926 1.124344 -0.01108431 1.487067 1.124193 -0.01100409 1.488816 1.235404 -0.07013589 1.439126 1.234069 -0.07831746 1.438396 1.237296 -0.07114201 1.4387 1.220435 -0.09119457 1.441504 1.235359 -0.0783891 1.438828 1.235049 -0.0795933 1.438397 1.172244 -0.0511949 1.438899 1.124555 -0.01119649 1.486707 1.172277 -0.0405094 1.437891 1.171621 -0.040174 1.438114 1.17048 -0.03561526 1.441257 1.173156 -0.03703814 1.438226 1.172254 -0.04049038 1.592102 1.123778 -0.01141482 1.541326 1.124975 -0.01141965 1.544006 1.173179 -0.04256898 1.592265 1.124444 -0.0111373 1.53923 1.123253 -0.01259315 1.539863 1.12289 -0.01601028 1.537392 1.124325 -0.0110743 1.487286 1.23427 -0.07773077 1.43859 1.234917 -0.07790058 1.438678 1.234798 -0.07853639 1.438515 1.235055 -0.07970911 1.437999 1.124766 -0.01130867 1.486347 1.172753 -0.0411151 1.437764 1.161852 -0.050309 1.443182 1.171593 -0.0401687 1.591876 1.172093 -0.041143 1.592339 1.124229 -0.01102298 1.541614 1.1243 -0.01106089 1.542475 1.172738 -0.04108721 1.592233 1.124193 -0.01100409 1.541184 1.124306 -0.01106429 1.487505 1.234491 -0.07833957 1.438449 1.124977 -0.01142072 1.485987 1.172572 -0.04228359 1.437534 1.175048 -0.03804427 1.4378 1.170104 -0.03541517 1.4434 1.170194 -0.04040378 1.591303 1.173156 -0.03703814 1.591774 1.124264 -0.01104193 1.542044 1.175048 -0.03804427 1.5922 1.124269 -0.0110442 1.487942 1.173184 -0.0426023 1.437736 1.17048 -0.03561526 1.445543 1.168964 -0.0411452 1.590739 1.124229 -0.01102298 1.541614 1.17694 -0.03905028 1.591774 1.124231 -0.01102411 1.488379 1.172777 -0.04518944 1.437657 1.17694 -0.03905028 1.438226 1.156841 -0.06105273 1.446472 1.171552 -0.0361852 1.59056 1.166854 -0.04338407 1.590149 1.172781 -0.04869306 1.591545 1.17278 -0.04869961 1.438456 1.171552 -0.0361852 1.44736 1.17048 -0.03561526 1.588743 1.178544 -0.03990328 1.59056 1.178544 -0.03990328 1.43944 1.153467 -0.07261449 1.449041 1.161843 -0.05032449 1.586812 1.169387 -0.06029349 1.589091 1.169392 -0.0602793 1.440906 1.173156 -0.03703814 1.448574 1.170104 -0.03541517 1.5866 1.179616 -0.04047316 1.588743 1.179616 -0.04047316 1.441257 1.153181 -0.07869768 1.449802 1.17048 -0.03561526 1.584457 1.165509 -0.06909877 1.5866 1.165509 -0.06909877 1.4434 1.175048 -0.03804427 1.449 1.156837 -0.06106203 1.583525 1.179993 -0.04067319 1.5866 1.168331 -0.06282567 1.588823 1.168331 -0.06282567 1.441177 1.179993 -0.04067319 1.4434 1.153662 -0.08016628 1.449762 1.171552 -0.0361852 1.58264 1.164438 -0.07112836 1.585965 1.163205 -0.07378786 1.585547 1.163205 -0.07378786 1.444453 1.164438 -0.07112836 1.444034 1.154143 -0.08076339 1.449626 1.153466 -0.0726161 1.580958 1.179616 -0.04047316 1.584457 1.179616 -0.04047316 1.445543 1.17694 -0.03905028 1.448574 1.173156 -0.03703814 1.581426 1.157429 -0.08030027 1.581849 1.157432 -0.08029836 1.44815 1.154787 -0.08111751 1.449392 1.15318 -0.07869505 1.580198 1.178544 -0.03990328 1.58264 1.178544 -0.03990328 1.44736 1.15619 -0.08098518 1.448772 1.175048 -0.03804427 1.581 1.156187 -0.08098638 1.581226 1.15366 -0.08016306 1.580237 1.17694 -0.03905028 1.581426 1.154138 -0.08075988 1.580372 1.154782 -0.08111608 1.580606 1.141251 -0.1139379 1.463826 1.134966 -0.11444 1.468523 1.130353 -0.1151743 1.475383 1.313433 -0.1190985 1.51478 1.313425 -0.1190991 1.51478 1.313432 -0.1190985 1.514828 1.141251 -0.1139379 1.566173 1.130353 -0.1151743 1.554617 1.134966 -0.11444 1.561477 1.121796 -0.02190935 1.494276 1.122431 -0.01607966 1.492374 1.122489 -0.01607108 1.492403 1.122503 -0.01606899 1.492411 1.122517 -0.01606678 1.492418 1.122546 -0.01606249 1.492433 1.12266 -0.01604545 1.492491 1.12289 -0.01601129 1.492608 1.21 -0.09819436 1.44368 1.21 -0.1125154 1.451685 1.21 -0.1057273 1.447596 1.21 -0.05143111 1.599694 1.21 -0.08303505 1.592453 1.233149 -0.06372427 1.596428 1.231037 -0.07931888 1.593177 1.226664 -0.08295428 1.592225 1.233614 -0.07807576 1.593396 1.219364 -0.09134858 1.589284 1.227374 -0.08290916 1.592077 1.244558 -0.06978875 1.593981 1.231753 -0.07944548 1.592938 1.21 -0.0981943 1.58632 1.219977 -0.0911532 1.589264 1.235026 -0.0781641 1.593294 1.234139 -0.07851016 1.593063 1.213873 -0.1005496 1.585145 1.220274 -0.09124225 1.588924 1.23188 -0.07958889 1.592633 1.235564 -0.07860869 1.593143 1.212381 -0.1054587 1.582548 1.214568 -0.1002587 1.585094 1.227652 -0.08304661 1.591532 1.235909 -0.07921916 1.592955 1.235006 -0.07880359 1.592932 1.23463 -0.07856887 1.593017 1.234135 -0.0786978 1.592718 1.21 -0.1125154 1.578315 1.212851 -0.1050626 1.582664 1.220435 -0.09119457 1.588496 1.23195 -0.07962477 1.592254 1.255966 -0.07585328 1.591534 1.212381 -0.107963 1.581113 1.227673 -0.08289325 1.590925 1.214889 -0.1002147 1.584608 1.231942 -0.07953298 1.591878 1.235499 -0.07978469 1.592639 1.255615 -0.08255547 1.589943 1.234522 -0.07874286 1.592675 1.234119 -0.07873409 1.59229 1.213523 -0.1102136 1.579754 1.214709 -0.1108978 1.579325 1.212851 -0.1050626 1.582664 1.235952 -0.08465319 1.591316 1.267034 -0.08174318 1.587765 1.235006 -0.07880359 1.592932 1.222925 -0.1076668 1.581072 1.231864 -0.0793451 1.59158 1.213187 -0.1049769 1.582421 1.234094 -0.07858818 1.591888 1.235224 -0.07977616 1.592374 1.255661 -0.09791648 1.584476 1.234659 -0.08989191 1.589522 1.234451 -0.0787667 1.592245 1.234793 -0.07891255 1.592615 1.216131 -0.1111366 1.579167 1.218938 -0.1105875 1.579494 1.212936 -0.107431 1.581179 1.232728 -0.06871306 1.583557 1.278101 -0.08763307 1.583996 1.25173 -0.1118031 1.577648 1.22361 -0.107762 1.581163 1.234069 -0.07831746 1.591604 1.2338 -0.069283 1.58174 1.232351 -0.06851297 1.5857 1.234443 -0.07861191 1.591837 1.234667 -0.07890266 1.592199 1.2325 -0.09474301 1.587485 1.277952 -0.09743887 1.580822 1.22976 -0.09981858 1.585268 1.213712 -0.1097337 1.579913 1.220282 -0.09125518 1.588037 1.235055 -0.07970911 1.592001 1.23283 -0.09816819 1.586068 1.299734 -0.09911406 1.574427 1.230342 -0.09959417 1.585447 1.229453 -0.09956771 1.585136 1.234491 -0.07833957 1.591551 1.235404 -0.07013589 1.580526 1.232728 -0.06871306 1.587843 1.220435 -0.09119457 1.588496 1.234675 -0.07875996 1.591789 1.234659 -0.08989191 1.589522 1.293104 -0.1099941 1.572665 1.234499 -0.09038525 1.58934 1.229255 -0.09931719 1.584868 1.234192 -0.07772976 1.591416 1.214788 -0.1104423 1.579479 1.2338 -0.069283 1.58966 1.227125 -0.08295971 1.590456 1.235049 -0.0795933 1.591603 1.23376 -0.08926689 1.588125 1.223101 -0.1068699 1.581085 1.233641 -0.08960878 1.588016 1.233505 -0.07786661 1.591432 1.234849 -0.07786148 1.591336 1.234798 -0.07853639 1.591484 1.237296 -0.07114201 1.5801 1.227125 -0.08295971 1.590456 1.218783 -0.1098968 1.579626 1.229444 -0.09870821 1.584711 1.231864 -0.0793451 1.59158 1.237296 -0.07114201 1.5913 1.234798 -0.07853639 1.591484 1.216149 -0.1106311 1.579319 1.235404 -0.07013589 1.590874 1.235189 -0.07946056 1.591273 1.239188 -0.07214808 1.580526 1.230824 -0.09617626 1.5857 1.231142 -0.07925647 1.591242 1.235319 -0.07832318 1.591191 1.239188 -0.07214808 1.590874 1.23376 -0.08926689 1.588125 1.240792 -0.07300096 1.58174 1.227673 -0.08289325 1.590925 1.235571 -0.0789507 1.591019 1.235055 -0.07970911 1.592001 1.241864 -0.0735709 1.583557 1.220435 -0.09119457 1.588496 1.240792 -0.07300096 1.58966 1.229444 -0.09870821 1.584711 1.241864 -0.0735709 1.587843 1.24224 -0.07377099 1.5857 1.230824 -0.09617626 1.5857 1.131592 -0.009275555 1.46788 1.138713 -0.01360958 1.457051 1.130017 -0.009007573 1.469663 1.21 -0.05143189 1.430306 1.21 -0.0830354 1.437546 1.21 -0.0629993 1.432475 1.21 -0.07775449 1.435908 1.189182 -0.040389 1.430705 1.189422 -0.04002416 1.431051 1.199792 -0.04553812 1.430854 1.21 -0.05143189 1.430306 1.204978 -0.04829514 1.430755 1.20757 -0.04967361 1.430706 1.208867 -0.050363 1.430681 1.209515 -0.05070751 1.430669 1.210163 -0.05105215 1.430657 1.233183 -0.06329226 1.433905 1.233041 -0.06366688 1.433554 1.255971 -0.07540887 1.43878 1.255863 -0.07579827 1.438436 1.278185 -0.08722007 1.446336 1.278096 -0.08763009 1.446002 1.299786 -0.0987057 1.455898 1.299734 -0.09911406 1.455573 1.119792 -0.003597319 1.499407 1.118991 -0.002575278 1.515 1.120484 -0.003369033 1.49848 1.118467 -0.002895176 1.515 1.123781 -0.005708098 1.483887 1.1248 -0.00566411 1.482559 1.130017 -0.009007573 1.469663 1.131592 -0.009275555 1.46788 1.173862 -0.03226029 1.434175 1.176301 -0.03304761 1.433843 1.189182 -0.040389 1.430705 1.163658 -0.02632528 1.438746 1.189422 -0.04002416 1.431051 1.161981 -0.02595531 1.439102 1.151883 -0.02006417 1.44579 1.302918 -0.100371 1.458078 1.299734 -0.09911388 1.455573 1.299786 -0.0987057 1.455898 1.306081 -0.1024761 1.459989 1.30605 -0.1020363 1.460258 1.311014 -0.1050913 1.466369 1.310925 -0.1046283 1.466567 1.310925 -0.1046283 1.466567 1.314211 -0.1063757 1.474074 1.311014 -0.1050913 1.466369 1.314337 -0.1068565 1.473956 1.316465 -0.1079936 1.481944 1.316335 -0.1075049 1.482037 1.319327 -0.109096 1.498355 1.31946 -0.1095973 1.498304 1.320639 -0.1102289 1.515 1.320505 -0.1097224 1.51497 1.189182 -0.040389 1.599295 1.189422 -0.04002416 1.598949 1.177289 -0.03357309 1.596444 1.173908 -0.03229188 1.595836 1.320048 -0.109912 1.523363 1.320505 -0.1097224 1.51503 1.319323 -0.1090939 1.531675 1.320343 -0.1100705 1.519182 1.319456 -0.1095952 1.531726 1.320491 -0.1101497 1.517091 1.316316 -0.1074952 1.54804 1.320565 -0.1101893 1.516045 1.316447 -0.1079838 1.548133 1.320602 -0.1102091 1.515523 1.314177 -0.1063573 1.556037 1.320621 -0.110219 1.515261 1.314302 -0.106838 1.556156 1.32063 -0.110224 1.515131 1.312642 -0.105956 1.559921 1.320635 -0.1102264 1.515065 1.310893 -0.1046112 1.563487 1.320639 -0.1102289 1.515 1.310982 -0.1050741 1.563686 1.30605 -0.1020364 1.569741 1.306081 -0.1024762 1.570011 1.302908 -0.1007951 1.572219 1.299786 -0.0987057 1.574102 1.299734 -0.09911388 1.574427 1.299734 -0.09911406 1.574427 1.306081 -0.1024761 1.459989 1.299734 -0.09911406 1.455573 1.299734 -0.09911388 1.455573 1.189182 -0.040389 1.599295 1.21 -0.05143111 1.599694 1.210081 -0.05124163 1.599519 1.189422 -0.04002416 1.598949 1.210122 -0.05114698 1.599431 1.210142 -0.05109953 1.599387 1.210153 -0.05107581 1.599365 1.210158 -0.05106407 1.599354 1.21016 -0.05105817 1.599349 1.210162 -0.05105519 1.599346 1.210163 -0.05105227 1.599343 1.320632 -0.1101996 1.514998 1.320572 -0.1099757 1.514985 1.320505 -0.1097224 1.51503 1.320505 -0.1097224 1.51497 1.299734 -0.09911406 1.574427 1.299786 -0.0987057 1.574102 1.278188 -0.08722198 1.583662 1.278101 -0.08763307 1.583996 1.256073 -0.07546329 1.591191 1.255966 -0.07585328 1.591534 1.233149 -0.06372427 1.596428 1.233286 -0.06334716 1.596078 1.210081 -0.05124163 1.599519 1.21 -0.05143111 1.599694 1.210163 -0.05105215 1.599343 1.299734 -0.09911406 1.574427 1.299734 -0.09911388 1.574427 1.299786 -0.0987057 1.574102 1.316079 -0.1174765 1.515036 1.316079 -0.1174767 1.515001 1.315821 -0.1154049 1.53186 1.255771 -0.0753026 1.439006 1.232884 -0.06313329 1.434113 1.232884 -0.06313335 1.434113 1.209657 -0.05078303 1.430824 1.232786 -0.06308096 1.595903 1.255693 -0.07526117 1.591016 1.232786 -0.06308096 1.595903 1.209657 -0.05078303 1.599176 1.154481 -0.02144569 1.586008 1.15471 -0.02156716 1.586115 1.144371 -0.01607 1.578058 1.165601 -0.02735805 1.592169 1.166 -0.02757066 1.592273 1.177289 -0.03357309 1.596444 1.177844 -0.03386819 1.596493 1.189422 -0.04002416 1.598949 1.190399 -0.04054361 1.598928 1.210163 -0.05105215 1.599343 1.209657 -0.05078303 1.599176 1.232786 -0.06308096 1.595903 1.233286 -0.06334716 1.596078 1.255693 -0.07526117 1.591016 1.256073 -0.07546329 1.591191 1.278019 -0.08713215 1.583461 1.278188 -0.08722198 1.583662 1.255693 -0.07526105 1.591016 1.299708 -0.09866416 1.573805 1.232786 -0.06308096 1.595903 1.299786 -0.0987057 1.574102 1.30605 -0.1020364 1.569741 1.305922 -0.1019682 1.569421 1.310893 -0.1046112 1.563487 1.310695 -0.1045063 1.563185 1.314177 -0.1063573 1.556037 1.313921 -0.1062216 1.555786 1.316316 -0.1074952 1.54804 1.316051 -0.1073542 1.547826 1.319323 -0.1090939 1.531675 1.319063 -0.1089557 1.531427 1.320505 -0.1097224 1.51503 1.320221 -0.1095714 1.514987 1.320505 -0.1097224 1.51497 1.319067 -0.1089574 1.498604 1.319327 -0.109096 1.498355 1.31607 -0.1073639 1.482251 1.316335 -0.1075049 1.482037 1.313959 -0.1062418 1.474337 1.314211 -0.1063757 1.474074 1.310722 -0.1045207 1.466861 1.310925 -0.1046283 1.466567 1.305909 -0.1019612 1.460565 1.30605 -0.1020363 1.460258 1.299708 -0.09866398 1.456196 1.299786 -0.0987057 1.455898 1.278185 -0.08722007 1.446336 1.278004 -0.0871241 1.446533 1.255971 -0.07540887 1.43878 1.255771 -0.0753026 1.439006 1.233183 -0.06329226 1.433905 1.232884 -0.06313329 1.434113 1.210163 -0.05105215 1.430657 1.209657 -0.05078303 1.430824 1.190399 -0.04054361 1.431072 1.189422 -0.04002416 1.431051 1.176812 -0.03331947 1.433792 1.176301 -0.03304761 1.433843 1.164095 -0.02655756 1.438604 1.163658 -0.02632528 1.438746 1.15211 -0.02018529 1.445665 1.151883 -0.02006417 1.44579 1.141256 -0.01441389 1.454985 1.306038 0.04786282 1.515 1.3035 0.04121309 1.515 1.306336 0.04190665 1.57587 1.302901 0.03990572 1.525608 1.307405 0.04637068 1.571984 1.303298 0.03765469 1.578661 1.301121 0.03785157 1.535959 1.299351 0.03518992 1.579944 1.298189 0.03592318 1.546075 1.294073 0.03492856 1.555913 1.294668 0.03428 1.580685 1.35 -0.04942697 1.575687 1.35 -0.04123187 1.581294 1.34286 -0.04373502 1.580031 1.342462 -0.05199694 1.574628 1.35 -0.05672055 1.569013 1.336326 -0.04748153 1.578386 1.343944 -0.05858409 1.568336 1.336107 -0.05427247 1.574542 1.336696 -0.06183749 1.568545 1.343056 -0.06333357 1.563191 1.335105 -0.05695009 1.573102 1.340515 -0.06178939 1.566383 1.344326 -0.06410568 1.561596 1.329429 -0.0545848 1.575981 1.332873 -0.06374579 1.569453 1.345099 -0.0643925 1.560897 1.328066 -0.06149679 1.573373 1.329253 -0.06364905 1.571725 1.344962 -0.06449168 1.560798 1.345597 -0.0648778 1.56 1.33031 -0.06724697 1.568879 1.345279 -0.06468468 1.560399 1.35 -0.06834369 1.552996 1.325524 -0.06827527 1.571503 1.347162 -0.06823825 1.553991 1.329642 -0.07107168 1.566837 1.347182 -0.0698179 1.550873 1.324371 -0.07121789 1.570841 1.347203 -0.07139748 1.547755 1.321463 -0.07453948 1.57116 1.32761 -0.07578527 1.565479 1.35 -0.07566648 1.534594 1.331609 -0.07613545 1.56 1.3461 -0.07421708 1.5414 1.324262 -0.08172267 1.564746 1.329983 -0.07977455 1.558548 1.345498 -0.07435148 1.541904 1.347159 -0.07612627 1.534348 1.319569 -0.08507001 1.567382 1.32655 -0.08339476 1.560229 1.331729 -0.07596606 1.56 1.34625 -0.07172977 1.548217 1.342581 -0.07746946 1.535432 1.343319 -0.07702767 1.535643 1.35 -0.07823228 1.515 1.32231 -0.08486086 1.564649 1.319932 -0.0755167 1.571655 1.331426 -0.08312439 1.550555 1.327136 -0.08617049 1.555743 1.346516 -0.06842017 1.554162 1.337004 -0.07797539 1.547157 1.341542 -0.07851511 1.533902 1.341556 -0.080832 1.520164 1.319092 -0.0755738 1.572082 1.318829 -0.05237168 1.571609 1.336322 -0.07857525 1.546748 1.326112 -0.08390021 1.560149 1.347162 -0.06823825 1.553991 1.345976 -0.06887668 1.554349 1.338967 -0.07865369 1.540078 1.342693 -0.08023726 1.517524 1.318346 -0.07524698 1.572555 1.321886 -0.05221146 1.571 1.325976 -0.09011435 1.552398 1.333386 -0.08771169 1.533159 1.326078 -0.08676809 1.556059 1.32413 -0.0819453 1.564665 1.34519 -0.06512075 1.56 1.345661 -0.06947076 1.554636 1.344615 -0.06575375 1.56 1.340642 -0.07829809 1.53693 1.34182 -0.07785296 1.535664 1.339746 -0.08216679 1.522018 1.343016 -0.08011716 1.515271 1.341135 -0.08139717 1.51969 1.316467 -0.09004086 1.567445 1.325524 -0.06827527 1.571503 1.325476 -0.08418577 1.560096 1.324196 -0.08183401 1.564706 1.323998 -0.0821678 1.564585 1.345567 -0.06488609 1.56 1.345001 -0.06523805 1.56 1.344407 -0.06704407 1.56 1.345774 -0.07099997 1.552161 1.344813 -0.06535536 1.56 1.344417 -0.06615227 1.56 1.332351 -0.07543307 1.56 1.338706 -0.08318525 1.522158 1.34227 -0.0808506 1.515259 1.343024 -0.08011931 1.515 1.342002 -0.08096516 1.517305 1.300295 -0.09820377 1.574468 1.316237 -0.05250751 1.573343 1.324943 -0.0520513 1.571609 1.325075 -0.09031158 1.553159 1.32352 -0.09466058 1.551175 1.323808 -0.08251941 1.564218 1.324802 -0.08424758 1.559921 1.324229 -0.08177828 1.564726 1.344954 -0.06526738 1.56 1.344705 -0.0678848 1.56 1.345674 -0.07282859 1.547967 1.344907 -0.0652967 1.56 1.333151 -0.07524538 1.56 1.331729 -0.07596606 1.56 1.33952 -0.08286076 1.521182 1.339902 -0.08263379 1.520881 1.342283 -0.08085602 1.514993 1.316677 -0.07221299 1.574004 1.313362 -0.09500229 1.567518 1.328066 -0.06149679 1.573373 1.320007 -0.10868 1.531653 1.323609 -0.08296597 1.563251 1.32474 -0.08748137 1.555181 1.324247 -0.08174908 1.564737 1.345369 -0.07229566 1.56 1.345498 -0.07435148 1.541904 1.333959 -0.0754013 1.56 1.338272 -0.08368569 1.521843 1.339108 -0.08317089 1.521319 1.341764 -0.081954 1.517161 1.342003 -0.0818628 1.515 1.343024 -0.08011931 1.515 1.341997 -0.0818603 1.515262 1.306678 -0.1015738 1.56997 1.313366 -0.09501177 1.567508 1.314505 -0.05259823 1.575938 1.327535 -0.05191528 1.573343 1.322929 -0.09430485 1.552134 1.317006 -0.1070618 1.548017 1.32798 -0.09831005 1.519454 1.325075 -0.09031158 1.553159 1.323531 -0.08337187 1.561118 1.3455 -0.07099997 1.56 1.344538 -0.07440257 1.56 1.337968 -0.07786625 1.547304 1.334697 -0.08828949 1.520359 1.338925 -0.08335441 1.52125 1.340739 -0.08332771 1.518513 1.341153 -0.08265358 1.51866 1.342002 -0.08096528 1.517305 1.341997 -0.0818603 1.514738 1.343016 -0.08011716 1.514729 1.341764 -0.081954 1.517161 1.313483 -0.09532958 1.567175 1.314053 -0.05561286 1.579 1.329429 -0.0545848 1.575981 1.320429 -0.09877157 1.552456 1.326659 -0.1005073 1.517733 1.331176 -0.09328776 1.520943 1.323749 -0.09047979 1.553201 1.32469 -0.08508878 1.558017 1.345427 -0.07003146 1.56 1.343017 -0.0771414 1.535994 1.339826 -0.0781185 1.540919 1.337966 -0.0840823 1.521303 1.338814 -0.0835154 1.521066 1.342002 -0.08096516 1.517305 1.34227 -0.0808506 1.514741 1.34227 -0.0808506 1.514741 1.313603 -0.09565687 1.566832 1.313897 -0.05263012 1.579 1.329267 -0.05182462 1.575938 1.320202 -0.09788966 1.553258 1.317428 -0.101472 1.555882 1.326189 -0.1013148 1.516488 1.320776 -0.08883649 1.553116 1.322929 -0.09430485 1.552134 1.323219 -0.08431738 1.557741 1.344705 -0.0678848 1.56 1.345498 -0.07435148 1.541904 1.343034 -0.07609629 1.56 1.338799 -0.07749688 1.56 1.336441 -0.08610939 1.519035 1.341844 -0.0827586 1.515278 1.341764 -0.081954 1.512839 1.342854 -0.08017718 1.513602 1.312369 -0.1007235 1.564988 1.314038 -0.05530965 1.579098 1.329875 -0.0517928 1.579 1.317498 -0.1002528 1.556213 1.314867 -0.1059129 1.556028 1.321184 -0.1093143 1.515 1.322257 -0.08622586 1.554946 1.31898 -0.09179228 1.5525 1.322005 -0.0936684 1.5525 1.3427 -0.0773434 1.535817 1.341041 -0.07717126 1.56 1.336582 -0.07703369 1.56 1.337722 -0.08459991 1.518441 1.338783 -0.08371049 1.520567 1.340113 -0.08377426 1.518276 1.341764 -0.081954 1.517161 1.341411 -0.0834071 1.515283 1.342002 -0.08096516 1.512695 1.342002 -0.08096516 1.512695 1.311569 -0.1041601 1.56359 1.313844 -0.0963115 1.566147 1.314505 -0.05259823 1.582061 1.330004 -0.05446439 1.57942 1.315051 -0.1014967 1.560384 1.314812 -0.1021116 1.560453 1.326 -0.1016741 1.515 1.319822 -0.09655326 1.553254 1.342343 -0.07753908 1.535832 1.340967 -0.0780043 1.537797 1.334659 -0.07583779 1.56 1.338402 -0.08409029 1.518449 1.33776 -0.0846455 1.516684 1.340762 -0.0838406 1.515278 1.341997 -0.08199375 1.515262 1.341851 -0.08276587 1.515 1.341139 -0.08139508 1.510316 1.342693 -0.08023726 1.512476 1.312675 -0.100897 1.564421 1.314326 -0.09762066 1.564776 1.314834 -0.05517888 1.582493 1.329267 -0.05182462 1.582061 1.315023 -0.1008054 1.560319 1.320202 -0.09788966 1.553258 1.341753 -0.07778888 1.536351 1.339232 -0.08390909 1.518472 1.339997 -0.08399307 1.515262 1.342003 -0.08200067 1.515 1.340769 -0.08384776 1.515 1.341418 -0.08341449 1.515 1.339898 -0.08263576 1.509116 1.342693 -0.08023726 1.512476 1.312371 -0.1007245 1.564984 1.31298 -0.1010705 1.563854 1.312371 -0.1007245 1.564984 1.316237 -0.05250751 1.584657 1.329062 -0.05442559 1.58278 1.31288 -0.09998059 1.564427 1.314777 -0.1001803 1.560141 1.31251 -0.1005098 1.564898 1.313591 -0.1014176 1.56272 1.317114 -0.09468907 1.553184 1.31755 -0.0987035 1.555278 1.33844 -0.08413666 1.516675 1.340004 -0.08399999 1.515 1.341844 -0.0827586 1.514722 1.341411 -0.0834071 1.514717 1.339748 -0.08216536 1.507983 1.34156 -0.08082985 1.509841 1.316998 -0.0549938 1.585223 1.327535 -0.05191528 1.584657 1.31303 -0.09980469 1.563936 1.312766 -0.1001383 1.564617 1.313181 -0.0996288 1.563445 1.312651 -0.100296 1.564808 1.31244 -0.1006167 1.564942 1.33927 -0.083956 1.516679 1.33776 -0.08464556 1.516681 1.339235 -0.08399999 1.515 1.341997 -0.08199375 1.514738 1.33951 -0.08286577 1.508806 1.318829 -0.05237168 1.586391 1.326783 -0.0544759 1.585421 1.313334 -0.09952509 1.562375 1.312405 -0.10067 1.564965 1.315432 -0.09713077 1.555073 1.339239 -0.0839827 1.51584 1.337722 -0.08459991 1.518441 1.338 -0.0844267 1.515 1.340762 -0.0838406 1.514722 1.341764 -0.081954 1.512839 1.342003 -0.0818628 1.515 1.340738 -0.0833289 1.511489 1.341515 -0.0785337 1.496098 1.341153 -0.08265405 1.511342 1.338707 -0.08318418 1.507842 1.320117 -0.0547899 1.586771 1.324943 -0.0520513 1.586391 1.313487 -0.0994215 1.561304 1.312382 -0.1007048 1.56498 1.315467 -0.09974026 1.558174 1.338617 -0.08421337 1.515 1.340004 -0.08399999 1.515 1.341997 -0.0818603 1.514738 1.341997 -0.08199375 1.515262 1.347121 -0.0761342 1.495652 1.3391 -0.08317816 1.508681 1.321886 -0.05221146 1.587 1.3236 -0.05460548 1.586841 1.314165 -0.09878361 1.557909 1.338926 -0.08410668 1.515 1.340111 -0.0837754 1.511727 1.339997 -0.08399307 1.514738 1.341997 -0.0818603 1.515262 1.333372 -0.0877307 1.49684 1.343152 -0.07713538 1.494453 1.35 -0.07823228 1.515 1.33827 -0.08368748 1.508159 1.33908 -0.08405327 1.515 1.33881 -0.08352202 1.508944 1.340509 -0.0783379 1.49287 1.346064 -0.07427495 1.488737 1.34239 -0.077573 1.494552 1.35 -0.07565748 1.495371 1.342693 -0.08023726 1.512476 1.338921 -0.0833615 1.50876 1.339157 -0.08402669 1.515 1.339232 -0.08390909 1.511528 1.338784 -0.08371329 1.509444 1.334699 -0.08828771 1.509641 1.338869 -0.07866466 1.489705 1.341642 -0.07793086 1.494208 1.345476 -0.07439577 1.488208 1.343016 -0.08011716 1.514729 1.339196 -0.08401328 1.515 1.331176 -0.093288 1.509057 1.337964 -0.08408576 1.508704 1.336282 -0.07856786 1.48314 1.336976 -0.0779668 1.482756 1.347193 -0.07144606 1.482347 1.343024 -0.08011931 1.515 1.339207 -0.0840094 1.515 1.338402 -0.08409029 1.51155 1.327975 -0.09831845 1.51055 1.33644 -0.08610975 1.510965 1.331412 -0.08314585 1.479445 1.346246 -0.0717644 1.481861 1.35 -0.06833308 1.476984 1.320011 -0.1086822 1.49838 1.337722 -0.08459991 1.511559 1.332355 -0.07543116 1.47 1.32598 -0.0901063 1.477598 1.331729 -0.07596606 1.47 1.346518 -0.06843066 1.475858 1.347179 -0.06985008 1.479193 1.326655 -0.1005132 1.512273 1.323529 -0.09464699 1.478825 1.33776 -0.08464556 1.513319 1.333154 -0.07524538 1.47 1.327136 -0.0861656 1.474251 1.329968 -0.07979798 1.471452 1.345979 -0.06888657 1.475671 1.347166 -0.06825405 1.476038 1.347166 -0.06825405 1.476038 1.33844 -0.08413666 1.513325 1.326187 -0.1013188 1.513519 1.317027 -0.1070733 1.482073 1.33396 -0.0754019 1.47 1.32509 -0.09027457 1.476822 1.331609 -0.07613545 1.47 1.344616 -0.06575125 1.47 1.345664 -0.06948 1.475384 1.345191 -0.06511986 1.47 1.345567 -0.06488609 1.47 1.33776 -0.08464556 1.513319 1.33927 -0.083956 1.513321 1.321184 -0.1093143 1.515 1.320441 -0.09875768 1.477553 1.337946 -0.07785999 1.482615 1.322956 -0.09426337 1.477866 1.326081 -0.0867393 1.473907 1.32655 -0.0833953 1.469772 1.331117 -0.07487219 1.468293 1.344418 -0.06614899 1.47 1.344814 -0.06535357 1.47 1.345774 -0.07099997 1.477847 1.344407 -0.06704187 1.47 1.345002 -0.06523668 1.47 1.345566 -0.06488656 1.47 1.35 -0.05670249 1.460968 1.338 -0.0844267 1.515 1.339235 -0.08399999 1.515 1.339232 -0.08390909 1.511528 1.326 -0.1016741 1.515 1.320234 -0.09785467 1.476766 1.317432 -0.1014696 1.474124 1.339779 -0.07811868 1.488935 1.326101 -0.0838831 1.469814 1.327593 -0.0758112 1.464522 1.344908 -0.06529515 1.47 1.344705 -0.0678848 1.47 1.345669 -0.07285541 1.482106 1.345055 -0.06440889 1.469107 1.31752 -0.1002389 1.473819 1.314908 -0.105935 1.474106 1.338799 -0.07749688 1.47 1.325464 -0.08416956 1.46987 1.324131 -0.08194339 1.465335 1.324262 -0.08172267 1.465254 1.330626 -0.07360899 1.466586 1.345476 -0.07439577 1.488208 1.345369 -0.07229566 1.47 1.344935 -0.0644989 1.469202 1.344303 -0.06411159 1.468403 1.31507 -0.1015001 1.469651 1.314814 -0.102112 1.469551 1.341041 -0.07717126 1.47 1.336582 -0.07703369 1.47 1.323808 -0.0825206 1.465783 1.32479 -0.08423155 1.470047 1.324 -0.0821641 1.465416 1.324197 -0.081833 1.465294 1.321463 -0.07453948 1.45884 1.329642 -0.07108247 1.463171 1.344917 -0.07499307 1.488284 1.344538 -0.07440257 1.47 1.3455 -0.07099997 1.47 1.343039 -0.0633372 1.466807 1.315041 -0.1008091 1.469713 1.3116 -0.1041765 1.466463 1.340902 -0.07801675 1.492053 1.334659 -0.07583779 1.47 1.323904 -0.08234226 1.4656 1.323708 -0.0827434 1.466268 1.324742 -0.08747339 1.474811 1.323609 -0.0829662 1.466752 1.32423 -0.08177787 1.465274 1.319569 -0.08507001 1.462618 1.324353 -0.07124656 1.459161 1.342911 -0.07721281 1.49409 1.345427 -0.07003146 1.47 1.343898 -0.05860441 1.461671 1.312652 -0.1002958 1.465192 1.312879 -0.0999816 1.465572 1.314795 -0.1001842 1.469889 1.312369 -0.1007235 1.465012 1.341662 -0.07782036 1.493521 1.33396 -0.0754019 1.47 1.32509 -0.09027457 1.476822 1.32357 -0.08316898 1.467817 1.32425 -0.08174389 1.465261 1.32231 -0.08486086 1.465351 1.319932 -0.0755167 1.458345 1.325524 -0.06827527 1.458497 1.330305 -0.06726086 1.461126 1.343034 -0.07609629 1.47 1.344705 -0.0678848 1.47 1.34051 -0.0617882 1.463613 1.342412 -0.05202168 1.455382 1.312382 -0.1007304 1.465035 1.313181 -0.09962868 1.466552 1.317554 -0.09870028 1.474727 1.306667 -0.1015679 1.460018 1.342214 -0.07760101 1.494103 1.323754 -0.09047019 1.476795 1.323531 -0.08337187 1.468882 1.319092 -0.0755738 1.457918 1.318829 -0.05237168 1.458391 1.34257 -0.07741808 1.4942 1.336678 -0.06184142 1.461448 1.35 -0.04941469 1.454304 1.320234 -0.09785467 1.476766 1.313487 -0.0994215 1.468696 1.313362 -0.09500229 1.462482 1.320776 -0.08883649 1.476884 1.322956 -0.09426337 1.477866 1.32469 -0.08508479 1.471978 1.308486 -0.08520847 1.455764 1.321886 -0.05221146 1.459 1.32923 -0.06368315 1.458281 1.335069 -0.0569821 1.456906 1.34286 -0.04373502 1.449969 1.319824 -0.09654897 1.476744 1.315469 -0.0997399 1.471829 1.303481 -0.09988576 1.457775 1.314326 -0.09762066 1.465223 1.322257 -0.08622586 1.475054 1.31898 -0.09179228 1.4775 1.322012 -0.09365761 1.4775 1.323219 -0.08431738 1.472259 1.316466 -0.09003621 1.46255 1.318346 -0.07524698 1.457444 1.325524 -0.06827527 1.458497 1.328066 -0.06149679 1.456627 1.332851 -0.06376469 1.460546 1.336107 -0.05427247 1.455458 1.35 -0.04123187 1.448706 1.336326 -0.04748153 1.451614 1.317114 -0.09468907 1.476816 1.314165 -0.09878361 1.472091 1.313363 -0.0950011 1.462482 1.316677 -0.07221299 1.455996 1.316237 -0.05250751 1.456657 1.324943 -0.0520513 1.458391 1.329429 -0.0545848 1.454019 1.315432 -0.09713077 1.474927 1.301888 -0.09904479 1.456653 1.316677 -0.07221299 1.455996 1.328066 -0.06149679 1.456627 1.334788 -0.05432432 1.454799 1.301091 -0.09862428 1.456092 1.314505 -0.05259823 1.454062 1.327535 -0.05191528 1.456657 1.333936 -0.04819816 1.450816 1.300295 -0.09820401 1.455532 1.314053 -0.05561286 1.451 1.329429 -0.0545848 1.454019 1.333808 -0.05434674 1.453695 1.313897 -0.05263012 1.451 1.329267 -0.05182462 1.454062 1.333317 -0.048792 1.449827 1.314038 -0.05530965 1.450902 1.329875 -0.0517928 1.451 1.33302 -0.05431437 1.450883 1.314505 -0.05259823 1.447938 1.330004 -0.05446439 1.45058 1.333007 -0.04908883 1.449332 1.314834 -0.05517888 1.447507 1.329267 -0.05182462 1.447938 1.332852 -0.04923737 1.449085 1.316237 -0.05250751 1.445343 1.329062 -0.05442559 1.44722 1.332775 -0.04931151 1.448961 1.316998 -0.0549938 1.444777 1.327535 -0.05191528 1.445343 1.332736 -0.04934865 1.4489 1.318829 -0.05237168 1.443609 1.326783 -0.0544759 1.444579 1.332717 -0.04936718 1.448869 1.320117 -0.0547899 1.443229 1.324943 -0.0520513 1.443609 1.332709 -0.04937428 1.448857 1.321886 -0.05221146 1.443 1.3236 -0.05460548 1.443159 1.312262 -0.09676337 1.56344 1.314326 -0.09762066 1.564776 1.314319 -0.09812939 1.561005 1.312526 -0.09634119 1.558892 1.315246 -0.09711349 1.557457 1.314068 -0.09387379 1.55536 1.316899 -0.09480166 1.554933 1.316383 -0.09016859 1.554 1.318905 -0.09171485 1.554 1.320812 -0.0885483 1.55487 1.318714 -0.08643758 1.555258 1.32219 -0.08601528 1.557346 1.320299 -0.0839014 1.558721 1.32273 -0.08468639 1.56087 1.320671 -0.08330535 1.562 1.322706 -0.0845769 1.562 1.32231 -0.08486086 1.564649 1.320619 -0.08338969 1.563257 1.319569 -0.08507001 1.567382 1.339741 0.02264529 1.587949 1.339586 0.0226134 1.587955 1.339823 0.0225616 1.589545 1.339669 0.02253013 1.589551 1.339458 0.02252429 1.587979 1.339541 0.02244132 1.589575 1.339376 0.02239519 1.588017 1.339458 0.0223121 1.589612 1.339348 0.0222463 1.588062 1.33943 0.02216285 1.589656 1.339348 0.01897841 1.588978 1.339429 0.01889628 1.590548 1.336753 0.02216166 1.589582 1.336835 0.0222451 1.587992 1.336725 0.02231115 1.589536 1.336807 0.02239489 1.587946 1.336643 0.02244049 1.589495 1.336725 0.02252411 1.587903 1.336515 0.0225296 1.589464 1.336597 0.0226134 1.587872 1.33636 0.0225616 1.58945 1.336442 0.02264529 1.587857 1.333197 0.02264529 1.587742 1.333115 0.0225616 1.589335 1.336345 0.02517348 1.588607 1.336429 0.0250917 1.58705 1.336503 0.02520525 1.588601 1.336587 0.02512389 1.587044 1.336635 0.025294 1.588575 1.336719 0.0252127 1.587017 1.336722 0.0254234 1.588533 1.336805 0.02534204 1.586975 1.336752 0.02557379 1.588482 1.336835 0.02549195 1.586923 1.339431 0.02557259 1.588557 1.339348 0.02549076 1.586994 1.339378 0.02534043 1.587048 1.339461 0.02542245 1.58861 1.339465 0.02521169 1.587095 1.339548 0.02529358 1.588657 1.339597 0.02512341 1.587129 1.33968 0.02520537 1.58869 1.339755 0.0250917 1.587144 1.339838 0.02517348 1.588705 1.345079 0 1.592973 1.345079 0.001897454 1.59295 1.345079 0.001897454 1.59295 1.333271 0.00803548 1.592272 1.333586 0.00862348 1.592221 1.333528 0.008678376 1.590702 1.333196 0.008062243 1.590757 1.33325 0.00736773 1.592338 1.33317 0.007360935 1.590828 1.333428 0.006711304 1.590898 1.333498 0.006748676 1.592404 1.333913 0.006204545 1.590958 1.333962 0.006266832 1.592461 1.336305 0.006418704 1.59102 1.336869 0.005559623 1.592609 1.337093 0.005465388 1.591118 1.336138 0.006572723 1.592508 1.335929 0.007585287 1.590901 1.335835 0.007775366 1.592387 1.336464 0.009960949 1.590643 1.336489 0.01014542 1.592133 1.343247 0.01141506 1.592109 1.340858 0.01210671 1.591961 1.343092 0.0114147 1.59059 1.340714 0.01203376 1.59045 1.3384 0.01172178 1.591963 1.338296 0.01158887 1.590462 1.336489 0.01014542 1.592133 1.336464 0.009960949 1.590643 1.344891 0.009586572 1.592379 1.343092 0.0114147 1.59059 1.34477 0.009655296 1.590857 1.343247 0.01141506 1.592109 1.344447 0.004828155 1.592816 1.345314 0.007144927 1.592644 1.344429 0.004937112 1.591306 1.345243 0.007249414 1.591127 1.344891 0.009586572 1.592379 1.34477 0.009655296 1.590857 1.333008 0.01133602 1.59033 1.331776 0.01049822 1.591918 1.331836 0.01044726 1.590412 1.333008 0.0114187 1.591836 1.334429 0.0117793 1.590314 1.334499 0.01187121 1.591821 1.334154 0.008976399 1.592201 1.334803 0.009111046 1.592208 1.334716 0.009180963 1.590685 1.334081 0.009035289 1.59068 1.333594 0.008631467 1.59222 1.333536 0.008686482 1.590701 1.333528 0.008678376 1.590702 1.333586 0.00862348 1.592221 1.322599 0.06549996 1.546895 1.32288 0.06549996 1.552241 1.322599 0.06823718 1.546895 1.32288 0.06549996 1.477759 1.322599 0.06549996 1.483105 1.322599 0.06823718 1.483105 1.21 -0.05026119 1.430103 1.209657 -0.05078303 1.430824 1.190605 -0.03999996 1.430361 1.23316 -0.06254309 1.433373 1.190399 -0.04054361 1.431072 1.232884 -0.06313335 1.434113 1.256236 -0.07480078 1.438299 1.255771 -0.0753026 1.439006 1.278004 -0.0871241 1.446533 1.278514 -0.08666819 1.445847 1.300001 -0.09843391 1.455864 1.300295 -0.09820377 1.455531 1.288856 -0.09289407 1.451365 1.299708 -0.0986641 1.456195 1.288856 -0.09289407 1.451365 1.299708 -0.0986641 1.456195 1.299708 -0.09866398 1.456196 1.119552 -0.002438247 1.500807 1.121142 -0.00327599 1.493933 1.119559 -0.002441883 1.50076 1.123469 -0.00450176 1.545223 1.121586 -0.003508985 1.537672 1.121327 -0.003595948 1.537109 1.119702 -0.00251621 1.530122 1.132019 -0.005006492 1.563747 1.130802 -0.005024731 1.555 1.12736 -0.005475819 1.555 1.133777 -0.00323528 1.555 1.134622 -0.003334701 1.567667 1.135788 -4.058e-4 1.555 1.136822 0 1.570609 1.1365 0.002999961 1.555 1.137351 0.002999961 1.571237 1.137351 0.003137946 1.571266 1.136732 0.006228387 1.570448 1.135795 0.006390452 1.555 1.133789 0.009223878 1.555 1.133718 0.01006275 1.566208 1.130818 0.01101922 1.555 1.130386 0.01147407 1.560794 1.127377 0.01147705 1.555 1.127361 -0.003468394 1.555 1.12736 -0.005475819 1.555 1.130802 -0.005024731 1.555 1.133777 -0.00323528 1.555 1.135788 -4.058e-4 1.555 1.1365 0.002999961 1.555 1.127373 0.009469687 1.555 1.125086 0.008810281 1.555 1.135795 0.006390452 1.555 1.125075 -0.002804458 1.555 1.133789 0.009223878 1.555 1.12319 0.007371485 1.555 1.130818 0.01101922 1.555 1.123181 -0.001361966 1.555 1.127377 0.01147705 1.555 1.121938 0.005346298 1.555 1.121934 6.656e-4 1.555 1.1215 0.003006339 1.555 1.320007 -0.10868 1.531653 1.319063 -0.1089557 1.531427 1.321184 -0.1093143 1.515 1.316051 -0.1073542 1.547826 1.320221 -0.1095714 1.514987 1.317006 -0.1070618 1.548017 1.314867 -0.1059129 1.556028 1.313921 -0.1062216 1.555786 1.311569 -0.1041601 1.56359 1.310695 -0.1045063 1.563185 1.306678 -0.1015738 1.56997 1.305922 -0.1019682 1.569421 1.299708 -0.09866416 1.573805 1.300295 -0.09820377 1.574468 1.320237 -0.0122925 1.591267 1.318961 -0.0111854 1.591298 1.318414 -0.01176345 1.591219 1.342004 -0.002641916 1.592884 1.342284 -0.002421796 1.592896 1.342205 -0.002367854 1.591395 1.341926 -0.002588093 1.591383 1.342006 -0.007980346 1.592521 1.341899 -0.007637858 1.592553 1.34182 -0.007693707 1.591039 1.341928 -0.008036673 1.591005 1.330921 -0.006869256 1.592312 1.331 -0.006815612 1.590813 1.330921 -0.003771305 1.59251 1.331 -0.00382483 1.591008 1.339342 -0.0271281 1.586471 1.33685 -0.0271281 1.586466 1.336766 -0.02721029 1.588032 1.339426 -0.02721035 1.58804 1.321184 -0.1093143 1.515 1.320221 -0.1095714 1.514987 1.319067 -0.1089574 1.498604 1.320011 -0.1086822 1.49838 1.31607 -0.1073639 1.482251 1.317027 -0.1070733 1.482073 1.313959 -0.1062418 1.474337 1.314908 -0.105935 1.474106 1.310722 -0.1045207 1.466861 1.3116 -0.1041765 1.466463 1.305909 -0.1019612 1.460565 1.306667 -0.1015679 1.460018 1.299708 -0.09866398 1.456196 1.300295 -0.09820377 1.455531 1.324262 -0.08172267 1.465254 1.324 -0.0821641 1.465416 1.32231 -0.08486086 1.465351 1.323808 -0.0825206 1.465783 1.323609 -0.0829662 1.466752 1.322706 -0.0845769 1.468 1.323531 -0.08337187 1.468882 1.32273 -0.08468639 1.46913 1.323219 -0.08431738 1.472259 1.32219 -0.08601528 1.472654 1.322257 -0.08622586 1.475054 1.320812 -0.0885483 1.47513 1.320776 -0.08883649 1.476884 1.318905 -0.09171485 1.476 1.31898 -0.09179228 1.4775 1.317114 -0.09468907 1.476816 1.316899 -0.09480166 1.475067 1.315432 -0.09713077 1.474927 1.315246 -0.09711349 1.472543 1.314165 -0.09878361 1.472091 1.314319 -0.09812939 1.468995 1.313487 -0.0994215 1.468696 1.313181 -0.09962868 1.466552 1.314326 -0.09762066 1.465223 1.312879 -0.0999816 1.465572 1.312652 -0.1002958 1.465192 1.312369 -0.1007235 1.465012 1.273627 0.03197765 1.440727 1.294881 0.03315579 1.447212 1.284082 0.03230893 1.444446 1.226195 0.0167585 1.605332 1.226195 0.01809173 1.60537 1.226195 0.01675599 1.605332 1.229272 0.01942777 1.604919 1.229352 0.0193479 1.60338 1.229499 0.019472 1.604881 1.229579 0.01939165 1.603342 1.229693 0.01959913 1.60485 1.229773 0.01951855 1.603311 1.229824 0.01979219 1.604832 1.229904 0.01971137 1.603292 1.229951 0.0199415 1.603289 1.22987 0.02002143 1.604829 1.232477 0.02003353 1.604346 1.232397 0.01995325 1.602831 1.232523 0.0198006 1.604332 1.232444 0.01972025 1.602817 1.232653 0.01960456 1.604302 1.232574 0.01952427 1.602787 1.232847 0.01947391 1.604261 1.232768 0.01939368 1.602745 1.233075 0.01942807 1.604215 1.232996 0.0193479 1.602699 1.233077 0.0167554 1.60414 1.232998 0.01683545 1.602628 1.232769 0.01678931 1.602672 1.232849 0.01670968 1.604183 1.232574 0.0166586 1.602706 1.232654 0.01657915 1.604217 1.232443 0.01646202 1.602725 1.232523 0.01638287 1.604236 1.232397 0.01622998 1.602726 1.232477 0.01614999 1.604236 1.229824 0.01639169 1.604733 1.22987 0.01616191 1.604717 1.229951 0.01624161 1.603182 1.229904 0.0164715 1.603198 1.229773 0.0166642 1.603228 1.229692 0.01658445 1.604763 1.229578 0.01679116 1.603266 1.229498 0.01671147 1.604801 1.22935 0.01683545 1.603307 1.22927 0.0167557 1.604842 1.211118 0.02200412 1.606677 1.210898 0.02228349 1.606683 1.210844 0.02220463 1.605182 1.211064 0.02192574 1.605175 1.216114 0.02189898 1.606506 1.211403 0.02182 1.60517 1.21617 0.02182 1.604999 1.211458 0.0218988 1.606671 1.216458 0.02200669 1.606488 1.216114 0.02189898 1.606506 1.21617 0.02182 1.604999 1.216513 0.02192777 1.60498 1.316432 -0.09008979 1.565 1.319569 -0.08507001 1.567382 1.313362 -0.09500229 1.567518 1.317041 -0.08911615 1.564772 1.315824 -0.09106338 1.564772 1.317556 -0.08829075 1.564121 1.315308 -0.09188878 1.564121 1.317901 -0.08773928 1.563148 1.314963 -0.0924403 1.563148 1.320619 -0.08338969 1.563257 1.312262 -0.09676337 1.56344 1.318022 -0.08754569 1.562 1.314842 -0.09263402 1.562 1.320299 -0.0839014 1.558721 1.312526 -0.09634119 1.558892 1.317901 -0.08773928 1.560852 1.314963 -0.0924403 1.560852 1.317556 -0.08829075 1.559879 1.315308 -0.09188878 1.559879 1.318714 -0.08643758 1.555258 1.314068 -0.09387379 1.55536 1.317041 -0.08911615 1.559228 1.315824 -0.09106338 1.559228 1.316383 -0.09016859 1.554 1.316432 -0.09008979 1.559 1.312369 -0.1007235 1.564988 1.312651 -0.100296 1.564808 1.314326 -0.09762066 1.564776 1.31288 -0.09998059 1.564427 1.313181 -0.0996288 1.563445 1.314319 -0.09812939 1.561005 1.313487 -0.0994215 1.561304 1.314165 -0.09878361 1.557909 1.315246 -0.09711349 1.557457 1.315432 -0.09713077 1.555073 1.316899 -0.09480166 1.554933 1.317114 -0.09468907 1.553184 1.318905 -0.09171485 1.554 1.31898 -0.09179228 1.5525 1.320776 -0.08883649 1.553116 1.320812 -0.0885483 1.55487 1.322257 -0.08622586 1.554946 1.32219 -0.08601528 1.557346 1.323219 -0.08431738 1.557741 1.32273 -0.08468639 1.56087 1.323531 -0.08337187 1.561118 1.322706 -0.0845769 1.562 1.323609 -0.08296597 1.563251 1.32231 -0.08486086 1.564649 1.323808 -0.08251941 1.564218 1.323998 -0.0821678 1.564585 1.324262 -0.08172267 1.564746 1.312526 -0.09634119 1.471108 1.314319 -0.09812939 1.468995 1.314326 -0.09762066 1.465223 1.209826 0.02507865 1.606724 1.208202 0.02507865 1.606692 1.209771 0.02499997 1.605223 1.206695 0.02499997 1.605163 1.20739 0.02507865 1.606676 1.206985 0.02507865 1.606668 1.206782 0.02507865 1.606664 1.20668 0.02507865 1.606662 1.206579 0.02507865 1.60666 1.189137 0.01942545 1.604225 1.180973 0.01942753 1.601923 1.181055 0.0193445 1.600366 1.189055 0.0193445 1.602663 1.205842 0.0213291 1.606576 1.205752 0.02139896 1.605071 1.203008 0.02103763 1.606397 1.203077 0.021124 1.604899 1.203077 0.021124 1.604899 1.202689 0.02222055 1.604888 1.202664 0.02211618 1.606389 1.203008 0.02103763 1.606397 1.201794 0.02295607 1.604822 1.201812 0.02286309 1.606328 1.202664 0.02211618 1.606389 1.202689 0.02222055 1.604888 1.19974 0.02235615 1.60611 1.199679 0.02240735 1.604594 1.199291 0.02143216 1.606043 1.199214 0.02146881 1.604524 1.199095 0.02041095 1.604488 1.199172 0.02041006 1.606009 1.199201 0.01934909 1.604479 1.199277 0.01938509 1.605999 1.199673 0.01841676 1.604512 1.199733 0.01846975 1.60603 1.199733 0.01846975 1.60603 1.199673 0.01841676 1.604512 1.200565 0.01794779 1.606107 1.200522 0.01786571 1.604592 1.201529 0.01779675 1.604691 1.201552 0.01788008 1.606203 1.202477 0.01813966 1.604785 1.203218 0.01887625 1.606367 1.203248 0.01879209 1.604862 1.201449 0.01378345 1.60607 1.201515 0.01370424 1.604566 1.20172 0.01374059 1.604587 1.201654 0.01381975 1.606091 1.2019 0.01384502 1.604607 1.201834 0.01392418 1.60611 1.202105 0.01420116 1.604637 1.202039 0.01428031 1.60614 1.202333 0.01594406 1.606218 1.202438 0.01608198 1.604725 1.200001 0.0156961 1.604471 1.199864 0.01561182 1.605967 1.197644 0.01674968 1.605725 1.199864 0.01561182 1.605967 1.197776 0.01673269 1.604228 1.200001 0.0156961 1.604471 1.197513 0.02360266 1.604336 1.19954 0.02508676 1.606125 1.197488 0.02369445 1.605848 1.199536 0.02500253 1.604613 1.196373 0.0214473 1.605652 1.196436 0.02136009 1.604142 1.196424 0.01892364 1.605608 1.196526 0.01886039 1.604105 1.197644 0.01674968 1.605725 1.197776 0.01673269 1.604228 1.204291 0.02419781 1.605033 1.205286 0.02293843 1.605073 1.204343 0.02425783 1.60654 1.205373 0.02293986 1.60658 1.205842 0.0213291 1.606576 1.205752 0.02139896 1.605071 1.345 0 1.591472 1.345 0.001781344 1.591451 1.340552 0 1.5914 1.345079 0.001897454 1.59295 1.340522 7.3e-5 1.5929 1.345 0.001781344 1.591451 1.340552 0 1.5914 1.34034 0 1.592896 1.331 -0.00382483 1.591008 1.330921 -0.003771305 1.59251 1.345 0 1.591472 1.345039 0 1.592222 1.345079 9.488e-4 1.592961 1.345059 0 1.592598 1.345 0.001781344 1.591451 1.345069 0 1.592785 1.345079 0.001423001 1.592956 1.345074 0 1.592879 1.345079 0.001660287 1.592953 1.345076 0 1.592926 1.345079 0.001778841 1.592951 1.345077 0 1.59295 1.345079 0.001838088 1.592951 1.345079 0 1.592973 1.345079 0.001897454 1.59295 1.345078 0 1.592955 1.345079 0 1.592973 1.345078 0 1.592961 1.333115 0.0225616 1.589335 1.333197 0.02264529 1.587742 1.333114 0.0251736 1.588491 1.333197 0.0250917 1.586935 1.333197 0.0250917 1.586935 1.336429 0.0250917 1.58705 1.336387 0.02513265 1.587829 1.333114 0.0251736 1.588491 1.336366 0.0251531 1.588218 1.336346 0.02517336 1.588604 1.339348 0.02876722 1.585748 1.339433 0.02885019 1.587335 1.336835 0.02876722 1.585677 1.336751 0.02885019 1.587258 1.33939 0.0255317 1.587776 1.339348 0.02876722 1.585748 1.339348 0.02549076 1.586994 1.339433 0.02885019 1.587335 1.33941 0.02555215 1.588166 1.339421 0.02556246 1.588362 1.33943 0.02557158 1.588536 1.33984 0.02517348 1.588705 1.342986 0.0250917 1.58721 1.343069 0.02517348 1.58877 1.339755 0.0250917 1.587144 1.343068 0.02256172 1.58961 1.343069 0.02321463 1.5894 1.342986 0.02264529 1.588014 1.343069 0.02386754 1.58919 1.342986 0.0250917 1.58721 1.343069 0.02517348 1.58877 1.342986 0.02264529 1.588014 1.339741 0.02264529 1.587949 1.339782 0.02260345 1.588747 1.343068 0.02256172 1.58961 1.339823 0.02256178 1.589542 1.339348 0.01897841 1.588978 1.336835 0.01897841 1.588909 1.336755 0.01889616 1.590475 1.339429 0.01889628 1.590548 1.336755 0.01889616 1.590475 1.336835 0.01897841 1.588909 1.336753 0.02216166 1.589582 1.336835 0.0222451 1.587992 1.335457 0.00565207 1.591054 1.337093 0.005465388 1.591118 1.336981 0.005512595 1.591864 1.33537 0.005747795 1.592549 1.336925 0.005536079 1.592237 1.333913 0.006204545 1.590958 1.336897 0.005547881 1.592423 1.333963 0.006266236 1.592461 1.336883 0.005553722 1.592516 1.33687 0.005559325 1.592606 1.331836 0.01044726 1.590412 1.331776 0.01049822 1.591918 1.330864 0.008228361 1.592152 1.330955 0.008175969 1.590655 1.130802 -0.005024731 1.475 1.12736 -0.005475819 1.475 1.127361 -0.003468394 1.475 1.133777 -0.00323528 1.475 1.135788 -4.058e-4 1.475 1.1365 0.002999961 1.475 1.127373 0.009469687 1.475 1.125086 0.008810281 1.475 1.135795 0.006390452 1.475 1.125075 -0.002804458 1.475 1.133789 0.009223878 1.475 1.12319 0.007371485 1.475 1.130818 0.01101922 1.475 1.123181 -0.001361966 1.475 1.127377 0.01147705 1.475 1.121938 0.005346298 1.475 1.121934 6.656e-4 1.475 1.1215 0.003006339 1.475 1.130385 0.01147425 1.469208 1.130818 0.01101922 1.475 1.127377 0.01147705 1.475 1.133725 0.0100578 1.463781 1.133789 0.009223878 1.475 1.136734 0.006222188 1.459548 1.135795 0.006390452 1.475 1.1365 0.002999961 1.475 1.137351 0.003144681 1.458734 1.137351 0.002999961 1.458764 1.136822 0 1.459391 1.135788 -4.058e-4 1.475 1.13463 -0.00332731 1.462322 1.133777 -0.00323528 1.475 1.132025 -0.005003869 1.466242 1.130802 -0.005024731 1.475 1.12736 -0.005475819 1.475 1.336769 -0.019046 1.590502 1.336766 -0.02721029 1.588032 1.33685 -0.0271281 1.586466 1.33685 -0.0191282 1.588937 1.33685 -0.0191282 1.588937 1.339342 -0.0191282 1.588973 1.339423 -0.01904594 1.590542 1.336769 -0.019046 1.590502 1.339342 -0.0271281 1.586471 1.339426 -0.02721035 1.58804 1.339342 -0.0191282 1.588973 1.339423 -0.01904594 1.590542 1.308038 -0.05556416 1.581382 1.30585 -0.055678 1.581413 1.314038 -0.05530965 1.579098 1.309942 -0.05543559 1.582477 1.314834 -0.05517888 1.582493 1.314237 -0.05509746 1.586789 1.316998 -0.0549938 1.585223 1.320117 -0.0547899 1.586771 1.319836 -0.05472517 1.5898 1.3236 -0.05460548 1.586841 1.326167 -0.05440902 1.589202 1.326783 -0.0544759 1.585421 1.331113 -0.05425494 1.585194 1.329062 -0.05442559 1.58278 1.33302 -0.05431437 1.579117 1.330004 -0.05446439 1.57942 1.329429 -0.0545848 1.575981 1.333813 -0.05434668 1.576298 1.334791 -0.05432432 1.575194 1.336107 -0.05427247 1.574542 1.312871 -0.03649616 1.58718 1.309942 -0.05543559 1.582477 1.314237 -0.05509746 1.586789 1.345 0 1.591472 1.345 -0.001295208 1.591461 1.345079 -0.00134927 1.592961 1.345079 0 1.592973 1.345 -0.001295208 1.591461 1.342205 -0.002367854 1.591395 1.342284 -0.002421796 1.592896 1.345079 -0.00134927 1.592961 1.341899 -0.002981126 1.59287 1.342004 -0.002641916 1.592884 1.341926 -0.002588093 1.591383 1.34182 -0.002927184 1.591369 1.341899 -0.007637858 1.592553 1.341899 -0.002982378 1.59287 1.34182 -0.007693707 1.591039 1.34182 -0.002927184 1.591369 1.342292 -0.008200049 1.592503 1.342006 -0.007980346 1.592521 1.341928 -0.008036673 1.591005 1.342213 -0.008255958 1.590987 1.342213 -0.008255958 1.590987 1.345 -0.009267866 1.590906 1.342292 -0.008200049 1.592503 1.345079 -0.009211897 1.592425 1.34508 -0.0123831 1.59198 1.345079 -0.009211897 1.592425 1.345 -0.01226729 1.590478 1.345 -0.009267866 1.590906 1.345 -0.01226729 1.590478 1.331 -0.006815612 1.590813 1.330921 -0.006869256 1.592312 1.34508 -0.0123831 1.59198 1.31755 -0.0987035 1.555278 1.315467 -0.09974026 1.558174 1.314777 -0.1001803 1.560141 1.324802 -0.08424758 1.559921 1.32469 -0.08508878 1.558017 1.32474 -0.08748137 1.555181 1.334659 -0.07583779 1.56 1.333959 -0.0754013 1.56 1.337968 -0.07786625 1.547304 1.337004 -0.07797539 1.547157 1.340967 -0.0780043 1.537797 1.339826 -0.0781185 1.540919 1.340515 -0.06178939 1.566383 1.342895 -0.06288659 1.56 1.345597 -0.0648778 1.56 1.339652 -0.06202358 1.56 1.336696 -0.06183749 1.568545 1.336318 -0.06240886 1.56 1.332873 -0.06374579 1.569453 1.333357 -0.06398868 1.56 1.331181 -0.06654345 1.56 1.33031 -0.06724697 1.568879 1.330092 -0.06971788 1.56 1.329642 -0.07107168 1.566837 1.330241 -0.0730707 1.56 1.331609 -0.07613545 1.56 1.341764 -0.081954 1.517161 1.341997 -0.08199375 1.515262 1.341997 -0.0818603 1.515262 1.334788 -0.05432432 1.454799 1.336107 -0.05427247 1.455458 1.329429 -0.0545848 1.454019 1.333808 -0.05434674 1.453695 1.33302 -0.05431437 1.450883 1.330004 -0.05446439 1.45058 1.329062 -0.05442559 1.44722 1.331113 -0.05425494 1.444806 1.326783 -0.0544759 1.444579 1.326167 -0.05440902 1.440798 1.3236 -0.05460548 1.443159 1.319836 -0.05472517 1.4402 1.320117 -0.0547899 1.443229 1.314237 -0.05509746 1.443211 1.316998 -0.0549938 1.444777 1.314834 -0.05517888 1.447507 1.309942 -0.05543559 1.447523 1.314038 -0.05530965 1.450902 1.308037 -0.05556416 1.448617 1.30585 -0.055678 1.448587 1.33927 -0.083956 1.513321 1.339232 -0.08390909 1.511528 1.339997 -0.08399307 1.514738 1.339235 -0.08399999 1.515 1.340004 -0.08399999 1.515 1.342895 -0.06288659 1.47 1.345597 -0.0648778 1.47 1.345567 -0.06488609 1.47 1.344814 -0.06535357 1.47 1.344418 -0.06614899 1.47 1.339652 -0.06202358 1.47 1.344407 -0.06704187 1.47 1.336318 -0.06240886 1.47 1.333357 -0.06398868 1.47 1.33396 -0.0754019 1.47 1.331181 -0.06654345 1.47 1.334659 -0.07583779 1.47 1.330092 -0.06971788 1.47 1.344705 -0.0678848 1.47 1.333154 -0.07524538 1.47 1.345427 -0.07003146 1.47 1.330241 -0.0730707 1.47 1.3455 -0.07099997 1.47 1.332355 -0.07543116 1.47 1.345369 -0.07229566 1.47 1.331729 -0.07596606 1.47 1.344538 -0.07440257 1.47 1.331609 -0.07613545 1.47 1.343034 -0.07609629 1.47 1.336582 -0.07703369 1.47 1.341041 -0.07717126 1.47 1.338799 -0.07749688 1.47 1.329642 -0.07108247 1.463171 1.330241 -0.0730707 1.47 1.331609 -0.07613545 1.47 1.330092 -0.06971788 1.47 1.330305 -0.06726086 1.461126 1.331181 -0.06654345 1.47 1.332851 -0.06376469 1.460546 1.333357 -0.06398868 1.47 1.336318 -0.06240886 1.47 1.336678 -0.06184142 1.461448 1.339652 -0.06202358 1.47 1.34051 -0.0617882 1.463613 1.342895 -0.06288659 1.47 1.345597 -0.0648778 1.47 1.324742 -0.08747339 1.474811 1.32469 -0.08508479 1.471978 1.32479 -0.08423155 1.470047 1.314795 -0.1001842 1.469889 1.315469 -0.0997399 1.471829 1.317554 -0.09870028 1.474727 1.309942 -0.05543559 1.447523 1.312871 -0.03649616 1.44282 1.314237 -0.05509746 1.443211 1.202776 0.03195506 1.606451 1.203457 0.0318349 1.60648 1.215695 0.032 1.606288 1.204391 0.03166973 1.606518 1.206261 0.03133952 1.606595 1.228733 0.032 1.604784 1.215695 0.032 1.606288 1.226936 0.03181993 1.605164 1.228733 0.032 1.604784 1.226936 0.03181993 1.605164 1.241542 0.032 1.601817 1.170932 0.01029706 1.432317 1.165661 0.01279252 1.433875 1.170681 0.02982038 1.432102 1.165425 0.02725619 1.433758 1.15981 0.01419132 1.433959 1.159541 0.02580332 1.43387 1.159408 0.0257979 1.433837 1.159275 0.02579236 1.433805 1.15901 0.02578145 1.43374 1.158478 0.02575951 1.43361 1.157414 0.0257157 1.433351 1.155512 0.01436585 1.432913 1.155287 0.02562808 1.432832 1.226275 0.01683545 1.603805 1.226275 0.0193479 1.603878 1.226195 0.01942741 1.605409 1.226195 0.01675599 1.605332 1.22935 0.01683545 1.603307 1.226275 0.01683545 1.603805 1.22927 0.0167557 1.604842 1.226195 0.01675599 1.605332 1.226275 0.0193479 1.603878 1.229352 0.0193479 1.60338 1.229272 0.01942777 1.604919 1.226195 0.01942741 1.605409 1.229951 0.0199415 1.603289 1.229951 0.02298605 1.603341 1.22987 0.02002143 1.604829 1.22987 0.02306598 1.604881 1.229951 0.02298605 1.603341 1.232397 0.02298605 1.602877 1.232477 0.02306628 1.604391 1.22987 0.02306598 1.604881 1.232397 0.02298605 1.602877 1.232397 0.01995325 1.602831 1.232477 0.02003353 1.604346 1.232477 0.02306628 1.604391 1.236064 0.0193479 1.602053 1.233076 0.01942807 1.604215 1.232996 0.0193479 1.602699 1.236144 0.01942849 1.603573 1.236064 0.0193479 1.602053 1.236064 0.01683545 1.601989 1.236144 0.0167551 1.603505 1.236144 0.01942849 1.603573 1.236064 0.01683545 1.601989 1.232998 0.01683545 1.602628 1.233037 0.01679545 1.603384 1.236144 0.0167551 1.603505 1.233057 0.01677531 1.603762 1.233067 0.01676535 1.603951 1.233076 0.01675677 1.604113 1.232397 0.01622998 1.602726 1.232397 0.0131973 1.6026 1.232477 0.01614999 1.604236 1.232477 0.01311725 1.60411 1.232397 0.0131973 1.6026 1.229951 0.0131973 1.603056 1.22987 0.01311749 1.604592 1.232477 0.01311725 1.60411 1.229951 0.0131973 1.603056 1.229951 0.01624161 1.603182 1.22987 0.01616191 1.604717 1.22987 0.01311749 1.604592 1.210073 0.02443283 1.606717 1.21 0.02462399 1.606719 1.21 0.0244047 1.605217 1.209771 0.02499997 1.605223 1.209826 0.02507865 1.606724 1.21 0.0244047 1.605217 1.210844 0.02220463 1.605182 1.210898 0.02228349 1.606683 1.210073 0.02443283 1.606717 1.211403 0.02182 1.60517 1.211458 0.0218988 1.606671 1.211064 0.02192574 1.605175 1.211118 0.02200412 1.606677 1.216677 0.02229237 1.606479 1.216458 0.02200669 1.606488 1.216513 0.02192777 1.60498 1.216732 0.02221351 1.604971 1.216732 0.02221351 1.604971 1.217744 0.02499997 1.604939 1.216677 0.02229237 1.606479 1.217689 0.02507889 1.606448 1.220859 0.02507907 1.606171 1.217689 0.02507889 1.606448 1.220743 0.02499997 1.604674 1.217744 0.02499997 1.604939 1.220743 0.02499997 1.604674 1.215292 0.01099991 1.604727 1.215346 0.01092129 1.606224 1.220859 0.02507907 1.606171 1.215292 0.01099991 1.604727 1.212301 0.01099991 1.604841 1.212248 0.01092141 1.606341 1.215346 0.01092129 1.606224 1.21 0.0165348 1.606558 1.21 0.01674628 1.605064 1.209927 0.01671707 1.606564 1.212301 0.01099991 1.604841 1.212248 0.01092141 1.606341 1.344407 -0.06704407 1.56 1.344705 -0.0678848 1.56 1.345661 -0.06947076 1.554636 1.136857 0.01425909 1.453523 1.137113 0.01456552 1.446185 1.140804 0.01455885 1.441869 1.137369 0.01487195 1.438847 1.141503 0.01424252 1.448731 1.137456 0.01490938 1.43788 1.143264 0.01436668 1.443602 1.14615 0.0142259 1.443939 1.149218 0.01404863 1.442641 1.146255 0.01422089 1.443951 1.149257 0.01719999 1.442609 1.147204 0.01719999 1.443735 1.144877 0.01719999 1.44399 1.143264 0.01436668 1.443602 1.142629 0.01719999 1.443335 1.140804 0.01455885 1.441869 1.140804 0.01719999 1.441869 1.149442 0.01467329 1.430704 1.148322 0.01465421 1.432161 1.146648 0.01480692 1.430166 1.149996 0.01450169 1.434156 1.152477 0.01451957 1.431809 1.149996 0.01450157 1.434156 1.150638 0.01441752 1.43554 1.153994 0.01444268 1.432361 1.151281 0.01433342 1.436924 1.154753 0.01440423 1.432637 1.1514 0.01428896 1.438013 1.155512 0.01436585 1.432913 1.151071 0.01420813 1.439971 1.157661 0.01427859 1.433436 1.159761 0.01419323 1.433947 1.149442 0.01467329 1.430704 1.155287 0.02562808 1.432832 1.155512 0.01436585 1.432913 1.149442 0.02532905 1.430704 1.146648 0.01719999 1.430166 1.146648 0.01480692 1.430166 1.146364 0.02519422 1.430162 1.146364 0.01719999 1.430162 1.14408 0.02509528 1.430456 1.14408 0.01719999 1.430456 1.147405 0.02578008 1.442858 1.1454 0.02561479 1.441013 1.136852 0.02574133 1.45366 1.146542 0.0256536 1.440786 1.144248 0.02555406 1.440782 1.147517 0.0256654 1.440137 1.143276 0.0254814 1.440131 1.14817 0.02564895 1.439164 1.142628 0.02540856 1.439158 1.155287 0.02562808 1.432832 1.1424 0.02534759 1.438011 1.154557 0.02559071 1.432566 1.157404 0.0257157 1.433359 1.137369 0.02512311 1.438847 1.153826 0.0255534 1.4323 1.15952 0.0258032 1.433885 1.142629 0.02530825 1.436862 1.1484 0.02560788 1.438013 1.14206 0.0251314 1.433436 1.152365 0.02547866 1.431768 1.141359 0.02508676 1.433195 1.1428 0.0251652 1.433405 1.148172 0.02554863 1.436865 1.140794 0.0250377 1.432715 1.14328 0.02529615 1.435889 1.147522 0.02548009 1.435893 1.138247 0.02501589 1.435274 1.143479 0.02518361 1.433106 1.149442 0.02532905 1.430704 1.140491 0.02500605 1.432342 1.144003 0.02518457 1.43258 1.14655 0.02541166 1.435242 1.144255 0.02531218 1.43524 1.145403 0.02535289 1.435013 1.144298 0.02516818 1.431899 1.144325 0.02513694 1.431158 1.14408 0.02509528 1.430456 1.140491 0.01719999 1.432342 1.138472 0.01719999 1.434836 1.140491 0.02500605 1.432342 1.138247 0.02501589 1.435274 1.137456 0.01719999 1.43788 1.137369 0.02512311 1.438847 1.137369 0.01487195 1.438847 1.137456 0.01490938 1.43788 1.136857 0.01425909 1.453523 1.136852 0.02574133 1.45366 1.136848 0.0142461 1.453767 1.136844 0.02575445 1.453906 1.13585 0.01275163 1.459332 1.135839 0.0272367 1.45952 1.13352 0.01024299 1.46409 1.133524 0.02970838 1.464307 1.206695 0.02499997 1.605163 1.206579 0.02507865 1.60666 1.209927 0.01671707 1.606564 1.21 0.01674628 1.605064 1.189137 0.01942545 1.604225 1.189055 0.0193445 1.602663 1.189137 0.01677137 1.604159 1.189055 0.01685208 1.602601 1.189137 0.01677137 1.604159 1.189055 0.01685208 1.602601 1.180973 0.01676917 1.60186 1.181055 0.01685208 1.600308 1.180973 0.01676917 1.60186 1.181055 0.01685208 1.600308 1.180973 0.01942753 1.601923 1.181055 0.0193445 1.600366 1.199679 0.02240735 1.604594 1.19974 0.02235615 1.60611 1.200691 0.02296429 1.606222 1.200645 0.02303409 1.60471 1.203218 0.01887625 1.606367 1.203248 0.01879209 1.604862 1.205519 0.01854318 1.606501 1.205426 0.01847696 1.604992 1.205519 0.01854318 1.606501 1.205426 0.01847696 1.604992 1.204116 0.01111322 1.606183 1.204051 0.0111919 1.604677 1.196955 0.0111919 1.603924 1.196876 0.01111257 1.605427 1.204116 0.01111322 1.606183 1.204051 0.0111919 1.604677 1.196876 0.01111257 1.605427 1.196955 0.0111919 1.603924 1.196876 0.01378387 1.605525 1.196955 0.01370424 1.604017 1.201515 0.01370424 1.604566 1.201449 0.01378345 1.60607 1.196955 0.01370424 1.604017 1.196876 0.01378387 1.605525 1.202039 0.01428031 1.60614 1.202105 0.01420116 1.604637 1.202333 0.01594406 1.606218 1.202438 0.01608198 1.604725 1.204343 0.02425783 1.60654 1.202038 0.02525478 1.606379 1.204291 0.02419781 1.605033 1.202015 0.02517819 1.60487 1.19954 0.02508676 1.606125 1.199536 0.02500253 1.604613 1.342205 -0.002367854 1.591395 1.345 0 1.591472 1.340552 0 1.5914 1.345 -0.001295208 1.591461 1.341926 -0.002588093 1.591383 1.339462 -0.00342375 1.5913 1.34182 -0.002927184 1.591369 1.331 -0.00382483 1.591008 1.34182 -0.007693707 1.591039 1.334266 -0.005354583 1.591044 1.339462 -0.007245302 1.591036 1.331 -0.006815612 1.590813 1.341928 -0.008036673 1.591005 1.342213 -0.008255958 1.590987 1.345 -0.01226729 1.590478 1.345 -0.01076751 1.590692 1.345 -0.01001775 1.590799 1.345 -0.009642779 1.590853 1.345 -0.009269356 1.590906 1.338491 0.006230354 1.591098 1.338056 0.006988227 1.592527 1.337985 0.006954312 1.591022 1.338544 0.006289184 1.5926 1.339425 0.005860984 1.592655 1.339379 0.00578922 1.591155 1.340395 0.00569576 1.591185 1.340406 0.005774438 1.592683 1.3414 0.005832493 1.591195 1.34138 0.005908668 1.592693 1.342251 0.00635612 1.592674 1.34229 0.00628674 1.591175 1.342301 0.006296098 1.591174 1.337991 0.007838964 1.592444 1.33791 0.007834851 1.590934 1.337985 0.006954312 1.591022 1.338056 0.006988227 1.592527 1.137456 0.01490938 1.43788 1.140804 0.01719999 1.441869 1.140804 0.01455885 1.441869 1.137456 0.01719999 1.43788 1.146648 0.01480692 1.430166 1.149996 0.01450169 1.434156 1.149996 0.01719999 1.434156 1.151122 0.01719999 1.436208 1.146648 0.01719999 1.430166 1.151281 0.01433342 1.436924 1.1514 0.01719999 1.438013 1.151377 0.01719999 1.438536 1.1514 0.01428896 1.438013 1.150722 0.01719999 1.440783 1.151071 0.01420813 1.439971 1.144325 0.01719999 1.431156 1.14408 0.01719999 1.430456 1.146364 0.01719999 1.430162 1.144299 0.01719999 1.431898 1.1454 0.01719999 1.434013 1.146648 0.01719999 1.430166 1.144004 0.01719999 1.432578 1.14693 0.01719999 1.434317 1.143869 0.01719999 1.434317 1.149996 0.01719999 1.434156 1.143481 0.01719999 1.433105 1.148228 0.01719999 1.435184 1.142802 0.01719999 1.433404 1.149095 0.01719999 1.436482 1.142571 0.01719999 1.435184 1.151122 0.01719999 1.436208 1.142061 0.01719999 1.433436 1.1494 0.01719999 1.438013 1.141359 0.01719999 1.433195 1.1514 0.01719999 1.438013 1.141704 0.01719999 1.436482 1.151377 0.01719999 1.438536 1.138472 0.01719999 1.434836 1.149095 0.01719999 1.439543 1.1414 0.01719999 1.438013 1.140794 0.01719999 1.432715 1.150722 0.01719999 1.440783 1.137456 0.01719999 1.43788 1.140491 0.01719999 1.432342 1.148228 0.01719999 1.440841 1.141704 0.01719999 1.439543 1.149257 0.01719999 1.442609 1.140804 0.01719999 1.441869 1.14693 0.01719999 1.441708 1.142571 0.01719999 1.440841 1.147204 0.01719999 1.443735 1.142629 0.01719999 1.443335 1.1454 0.01719999 1.442013 1.143869 0.01719999 1.441708 1.144877 0.01719999 1.44399 1.21 0.01674628 1.605064 1.213831 0.01426571 1.604916 1.2119 0.01946246 1.605115 1.212301 0.01099991 1.604841 1.211064 0.02192574 1.605175 1.215292 0.01099991 1.604727 1.211234 0.02187293 1.605173 1.210844 0.02220463 1.605182 1.215722 0.01946246 1.604977 1.211403 0.02182 1.60517 1.210422 0.0233047 1.605199 1.220743 0.02499997 1.604674 1.211701 0.02182 1.605159 1.211404 0.02182 1.60517 1.21 0.0244047 1.605217 1.216732 0.02221351 1.604971 1.211999 0.02182 1.605148 1.217744 0.02499997 1.604939 1.216513 0.02192777 1.60498 1.212595 0.02182 1.605127 1.21617 0.02182 1.604999 1.213787 0.02182 1.605084 1.140491 0.02500605 1.432342 1.140794 0.0250377 1.432715 1.140794 0.01719999 1.432715 1.140491 0.01719999 1.432342 1.140794 0.01719999 1.432715 1.140794 0.0250377 1.432715 1.141359 0.01719999 1.433195 1.141359 0.02508676 1.433195 1.142061 0.01719999 1.433436 1.14206 0.0251314 1.433436 1.142802 0.01719999 1.433404 1.1428 0.0251652 1.433405 1.143481 0.01719999 1.433105 1.143479 0.02518361 1.433106 1.144003 0.02518457 1.43258 1.144004 0.01719999 1.432578 1.144298 0.02516818 1.431899 1.144299 0.01719999 1.431898 1.144325 0.02513694 1.431158 1.144325 0.01719999 1.431156 1.14408 0.02509528 1.430456 1.14408 0.01719999 1.430456 1.339462 -0.007245302 1.591036 1.339462 -0.00342375 1.5913 1.339384 -0.00353688 1.592795 1.339383 -0.007132232 1.592552 1.339384 -0.00353688 1.592795 1.334494 -0.00535351 1.592556 1.339383 -0.007132232 1.592552 1.334266 -0.005354583 1.591044 1.339462 -0.007245302 1.591036 1.339383 -0.007132232 1.592552 1.334494 -0.00535351 1.592556 1.339384 -0.00353688 1.592795 1.339462 -0.00342375 1.5913 1.334494 -0.00535351 1.592556 1.334266 -0.005354583 1.591044 1.342301 0.006296098 1.591174 1.342793 0.00686264 1.591133 1.342251 0.00635612 1.592674 1.342722 0.006895959 1.592635 1.343012 0.00757879 1.591069 1.342933 0.00757879 1.592575 1.342885 0.008316457 1.59099 1.342813 0.008283197 1.592501 1.34243 0.008911788 1.590915 1.342379 0.008850991 1.592431 1.341606 0.009218096 1.592375 1.34163 0.009294152 1.590855 1.340748 0.009410977 1.590823 1.340754 0.009330272 1.592344 1.338993 0.009159386 1.590814 1.339058 0.009099781 1.592333 1.338359 0.008605957 1.592372 1.33828 0.008635044 1.590857 1.33791 0.007834851 1.590934 1.337991 0.007838964 1.592444 1.2119 0.01946246 1.605115 1.213831 0.01426571 1.604916 1.21383 0.014494 1.606426 1.212013 0.01938378 1.606612 1.215609 0.01938372 1.606484 1.212013 0.01938378 1.606612 1.21383 0.014494 1.606426 1.215722 0.01946246 1.604977 1.2119 0.01946246 1.605115 1.212013 0.01938378 1.606612 1.215609 0.01938372 1.606484 1.213831 0.01426571 1.604916 1.215722 0.01946246 1.604977 1.21383 0.014494 1.606426 1.215609 0.01938372 1.606484 1.321411 -0.01410698 1.591124 1.323286 -0.01795387 1.590674 1.318961 -0.0111854 1.591298 1.320237 -0.0122925 1.591267 1.319423 -0.01158839 1.591292 1.318414 -0.01176345 1.591219 1.318897 -0.01152908 1.591268 1.320237 -0.0122925 1.591267 1.323274 -0.0179277 1.439322 1.321397 -0.0140804 1.438873 1.319453 -0.01122987 1.43868 1.320217 -0.01226836 1.438732 1.21 -0.1134944 1.577363 1.178946 -0.1134281 1.575397 1.21 -0.1134939 1.577364 1.314955 -0.1185929 1.515086 1.315776 -0.1178887 1.515072 1.314729 -0.1187112 1.515247 1.31608 -0.1174733 1.514936 1.316086 -0.1174658 1.515 1.316083 -0.1174713 1.515 1.316081 -0.117474 1.515001 1.316079 -0.1174767 1.515001 1.315937 -0.1176864 1.515033 1.315776 -0.1178887 1.515072 1.314955 -0.1185929 1.515086 1.21 -0.1134936 1.452636 1.178946 -0.1134281 1.454603 1.21 -0.1134939 1.452636 1.230824 -0.09617626 1.5857 1.229255 -0.09931719 1.584868 1.233641 -0.08960878 1.588016 1.308998 -0.1162453 1.498237 1.31202 -0.1152546 1.495259 1.309035 -0.116654 1.498196 1.311966 -0.1157442 1.495142 1.311304 -0.1149584 1.489996 1.307605 -0.115186 1.487887 1.311299 -0.1149959 1.489996 1.309628 -0.1145403 1.488645 1.311357 -0.1144798 1.489986 1.124229 -0.01102298 1.541614 1.123253 -0.01259315 1.539863 1.124193 -0.01100409 1.541184 1.123432 -0.01318508 1.538926 1.124193 -0.01100409 1.541184 1.123253 -0.01259315 1.539863 1.153466 -0.0726161 1.580958 1.156837 -0.06106203 1.583525 1.153502 -0.07010328 1.581565 1.153502 -0.07010328 1.581565 1.15318 -0.07869505 1.580198 1.153466 -0.0726161 1.580958 1.157603 -0.05856102 1.445494 1.161852 -0.050309 1.443182 1.156841 -0.06105273 1.446472 1.173184 -0.0426023 1.437736 1.172777 -0.04518944 1.437657 1.17278 -0.04869961 1.438456 1.320471 0.0714659 1.486255 1.320523 0.07073199 1.485343 1.311343 0.06997621 1.485342 1.311275 0.0707091 1.48625 1.323029 0.06611138 1.552577 1.32288 0.06549996 1.552241 1.321732 0.06020271 1.561651 1.320602 0.06961435 1.545 1.320523 0.07073199 1.544657 1.311343 0.06997621 1.544658 1.311447 0.06886327 1.545 1.284082 0.03230893 1.444446 1.294881 0.03315579 1.447212 1.294936 0.0325281 1.446678 1.341764 -0.081954 1.517161 1.339902 -0.08263379 1.520881 1.341153 -0.08265358 1.51866 1.122648 -0.03865242 1.540585 1.123455 -0.03582185 1.543807 1.123034 -0.03780859 1.541842 1.122265 -0.03880405 1.539142 1.121354 -0.03427463 1.535601 1.121981 -0.0380584 1.537857 1.121814 -0.03681266 1.536916 1.121043 -0.02180558 1.494687 1.121462 -0.01585268 1.492638 1.121446 -0.0158385 1.492664 1.123461 -0.03579002 1.486174 1.121355 -0.0342921 1.494394 1.12227 -0.03880971 1.490833 1.121984 -0.0380755 1.492127 1.122662 -0.03864485 1.489362 1.121816 -0.03683519 1.493071 1.123041 -0.03778713 1.488135 1.278019 -0.08713209 1.583461 1.255693 -0.07526105 1.591016 1.278019 -0.08713215 1.583461 1.299708 -0.09866416 1.573805 1.299708 -0.0986641 1.573805 1.140538 -0.1129585 1.462185 1.133308 -0.1133559 1.467399 1.128652 -0.1133432 1.475149 1.292944 -0.1113918 1.45832 1.300906 -0.1114565 1.461468 1.292945 -0.111389 1.458317 1.212935 -0.1074091 1.44881 1.213699 -0.1097189 1.450078 1.212851 -0.1050626 1.447336 1.214771 -0.1104358 1.450517 1.216132 -0.1106321 1.45068 1.222925 -0.1076668 1.448927 1.218771 -0.1099024 1.450377 1.157603 -0.05856102 1.584506 1.161843 -0.05032449 1.586812 1.163221 -0.04798644 1.588159 1.153502 -0.07010328 1.448435 1.153181 -0.07869768 1.449802 1.159759 -0.07853478 1.446714 1.153662 -0.08016628 1.449762 1.154787 -0.08111751 1.449392 1.154143 -0.08076339 1.449626 1.15619 -0.08098518 1.448772 1.157432 -0.08029836 1.44815 1.157603 -0.05856102 1.445494 1.163221 -0.04798644 1.441841 1.161852 -0.050309 1.443182 1.345498 -0.07435148 1.541904 1.343017 -0.0771414 1.535994 1.337004 -0.07797539 1.547157 1.340967 -0.0780043 1.537797 1.341753 -0.07778888 1.536351 1.342343 -0.07753908 1.535832 1.3427 -0.0773434 1.535817 1.340902 -0.07801675 1.492053 1.345476 -0.07439577 1.488208 1.336976 -0.0779668 1.482756 1.341662 -0.07782036 1.493521 1.342214 -0.07760101 1.494103 1.34257 -0.07741808 1.4942 1.342911 -0.07721281 1.49409 1.339779 -0.07811868 1.488935 1.340902 -0.07801675 1.492053 1.336976 -0.0779668 1.482756 1.320639 -0.1102289 1.515 1.320635 -0.1102264 1.515065 1.320637 -0.1102277 1.515033 1.299708 -0.09866398 1.456196 1.299708 -0.0986641 1.456195 1.300001 -0.09843391 1.455864 1.278529 -0.08667618 1.584147 1.289412 -0.09243994 1.579308 1.278529 -0.08667618 1.584147 1.256158 -0.0747593 1.591723 1.313362 -0.09500229 1.462482 1.316466 -0.09003621 1.46255 1.313363 -0.0950011 1.462482 1.229871 0.01311749 1.604592 1.22987 0.01311749 1.604592 1.231173 0.01311737 1.604351 1.202039 0.0142802 1.60614 1.202039 0.01428031 1.60614 1.202186 0.01511216 1.606179 1.336752 0.02557981 1.58848 1.336835 0.02549195 1.586923 1.336835 0.02876722 1.585677 1.336751 0.02885019 1.587258 1.334716 0.009181201 1.590685 1.334644 0.009830594 1.590592 1.334081 0.009035289 1.59068 1.331836 0.01044726 1.590412 1.334572 0.0104801 1.590499 1.333536 0.008686482 1.590701 1.333008 0.01133602 1.59033 1.333528 0.008678376 1.590702 1.334429 0.0117793 1.590314 1.330955 0.008175969 1.590655 1.333196 0.008062243 1.590757 1.33317 0.007360935 1.590828 1.33136 0.005764842 1.590894 1.333428 0.006711304 1.590898 1.333913 0.006204545 1.590958 1.33293 0.003891468 1.591076 1.335457 0.00565207 1.591054 1.335208 0.002965331 1.591198 1.337093 0.005465388 1.591118 1.340127 0.002793908 1.59134 1.339379 0.00578922 1.591155 1.340395 0.00569576 1.591185 1.338491 0.006230354 1.591098 1.342516 0.00340116 1.591362 1.336305 0.006418704 1.59102 1.3414 0.005832493 1.591195 1.337985 0.006954312 1.591022 1.344429 0.004937112 1.591306 1.335929 0.007585287 1.590901 1.34229 0.00628674 1.591175 1.33791 0.007834851 1.590934 1.342301 0.006296098 1.591174 1.336197 0.008773148 1.590772 1.342793 0.00686264 1.591133 1.33828 0.008635044 1.590857 1.345243 0.007249414 1.591127 1.336464 0.009960949 1.590643 1.343012 0.00757879 1.591069 1.338993 0.009159386 1.590814 1.342885 0.008316457 1.59099 1.338296 0.01158887 1.590462 1.34477 0.009655296 1.590857 1.340748 0.009410977 1.590823 1.34243 0.008911788 1.590915 1.340714 0.01203376 1.59045 1.34163 0.009294152 1.590855 1.343092 0.0114147 1.59059 1.21 0.01675271 1.605064 1.21 0.01676118 1.605064 1.206695 0.02499997 1.605163 1.21 0.0167762 1.605064 1.21 0.01680606 1.605065 1.21 0.01686578 1.605066 1.21 0.01698559 1.605068 1.21 0.01722478 1.605073 1.21 0.01770359 1.605083 1.21 0.0186609 1.605102 1.208233 0.02499997 1.605193 1.21 0.02057546 1.60514 1.21 0.0244047 1.605217 1.209771 0.02499997 1.605223 1.211403 0.02182 1.60517 1.211701 0.02182 1.605159 1.211404 0.02182 1.60517 1.205752 0.02139896 1.605071 1.205286 0.02293843 1.605073 1.204415 0.02126145 1.604985 1.204291 0.02419781 1.605033 1.202689 0.02222055 1.604888 1.202015 0.02517819 1.60487 1.203077 0.021124 1.604899 1.201794 0.02295607 1.604822 1.200645 0.02303409 1.60471 1.199536 0.02500253 1.604613 1.199679 0.02240735 1.604594 1.197513 0.02360266 1.604336 1.199214 0.02146881 1.604524 1.196436 0.02136009 1.604142 1.199095 0.02041095 1.604488 1.196526 0.01886039 1.604105 1.199201 0.01934909 1.604479 1.197776 0.01673269 1.604228 1.199673 0.01841676 1.604512 1.200001 0.0156961 1.604471 1.200522 0.01786571 1.604592 1.201529 0.01779675 1.604691 1.202438 0.01608198 1.604725 1.202477 0.01813966 1.604785 1.203248 0.01879209 1.604862 1.205426 0.01847696 1.604992 1.202432 0.01605266 1.604724 1.202427 0.01602321 1.604722 1.202417 0.01596438 1.60472 1.202396 0.0158469 1.604714 1.204051 0.0111919 1.604677 1.202354 0.0156117 1.604703 1.202271 0.01514148 1.604681 1.202105 0.01420116 1.604637 1.2019 0.01384502 1.604607 1.20172 0.01374059 1.604587 1.200503 0.0111919 1.604301 1.201515 0.01370424 1.604566 1.199235 0.01370424 1.604292 1.196955 0.0111919 1.603924 1.196955 0.01370424 1.604017 1.131592 -0.009275555 1.46788 1.132397 -0.009703576 1.466802 1.131831 -0.009402394 1.467758 1.130999 -0.008959949 1.469162 1.134104 -0.01061111 1.566194 1.131662 -0.009312689 1.562018 1.133271 -0.01016789 1.564267 1.135512 -0.01135975 1.567401 1.139995 -0.01374328 1.573669 1.130643 -0.008771002 1.560275 1.12908 -0.007939755 1.557601 1.129405 -0.008112549 1.557524 1.127781 -0.007248878 1.553915 1.127841 -0.007281005 1.55504 1.126414 -0.006522238 1.550878 1.12301 -0.004712343 1.540953 1.124712 -0.005617201 1.545916 1.124532 -0.005521595 1.546697 1.126414 -0.006522238 1.550878 1.121193 -0.003746092 1.49432 1.123181 -0.00480324 1.488531 1.122642 -0.004516482 1.490519 1.120484 -0.003369033 1.49848 1.119428 -0.002807796 1.504649 1.118991 -0.002575278 1.515 1.119939 -0.003079116 1.500872 1.118841 -0.002495527 1.515 1.119426 -0.002806603 1.525326 1.120428 -0.003339171 1.531206 1.121177 -0.003737688 1.535608 1.12248 -0.004430294 1.538951 1.12301 -0.004712343 1.540953 1.126475 -0.006554663 1.478939 1.124828 -0.005678892 1.483735 1.1248 -0.00566411 1.482559 1.123181 -0.00480324 1.488531 1.313431 -0.1190987 1.515015 1.313425 -0.1190991 1.51478 1.313431 -0.1190987 1.515 1.313432 -0.1190986 1.51489 1.313432 -0.1190985 1.514828 1.316079 -0.1174765 1.514977 1.316079 -0.1174765 1.514979 1.316046 -0.1175281 1.514994 1.316079 -0.1174765 1.514987 1.316079 -0.1174765 1.515003 1.316079 -0.1174765 1.515036 1.316011 -0.1175813 1.515009 1.315937 -0.1176864 1.515033 1.315776 -0.1178887 1.515072 1.123251 -0.01260185 1.490146 1.124231 -0.01102411 1.488379 1.124193 -0.01100409 1.488816 1.203457 0.0318349 1.42352 1.202597 0.03198665 1.423556 1.215671 0.032 1.42371 1.204391 0.03166973 1.423482 1.206261 0.03133952 1.423405 1.294934 0.03254765 1.446695 1.294936 0.0325281 1.446678 1.294934 0.03255009 1.446697 1.226936 0.03181993 1.605164 1.206261 0.03133952 1.606595 1.21 0.03067928 1.60675 1.31058 0.05534809 1.56747 1.310577 0.05533593 1.567488 1.310581 0.05535423 1.567461 1.310581 0.05535423 1.567461 1.310577 0.05533593 1.567488 1.310582 0.05535733 1.567456 1.121797 -0.0218991 1.535726 1.12289 -0.01601028 1.537392 1.122661 -0.01604431 1.537509 1.122546 -0.01606148 1.537568 1.122517 -0.01606559 1.537583 1.122503 -0.01606786 1.53759 1.122496 -0.01606887 1.537593 1.122495 -0.01606905 1.537594 1.122494 -0.01606917 1.537594 1.122492 -0.01606947 1.537595 1.122489 -0.01606988 1.537597 1.122431 -0.01607847 1.537626 1.21 -0.09819436 1.44368 1.21 -0.09207117 1.440936 1.21 -0.0830354 1.437546 1.141256 -0.01441389 1.454985 1.151883 -0.02006417 1.44579 1.148934 -0.01903188 1.44744 1.148992 -0.01906108 1.582606 1.154481 -0.02144569 1.586008 1.144371 -0.01607 1.578058 1.154481 -0.02144569 1.586008 1.162069 -0.02600222 1.590943 1.165601 -0.02735805 1.592169 1.165601 -0.02735805 1.592169 1.162069 -0.02600222 1.590943 1.173908 -0.03229188 1.595836 1.173908 -0.03229188 1.595836 1.177289 -0.03357309 1.596444 1.165601 -0.02735805 1.592169 1.299734 -0.09911406 1.455573 1.299786 -0.0987057 1.455898 1.299734 -0.09911388 1.455573 1.134672 -0.01039749 1.462193 1.141134 -0.01434886 1.455112 1.134593 -0.01087105 1.463097 1.129068 -0.007933557 1.47242 1.131219 -0.008580744 1.468163 1.128141 -0.007440567 1.474322 1.131219 -0.008580744 1.468163 1.129068 -0.007933557 1.47242 1.127841 -0.007281005 1.55504 1.12908 -0.007939755 1.557601 1.12466 -0.005475163 1.547676 1.119235 -0.002380073 1.52621 1.119702 -0.00251621 1.530122 1.118453 -0.001859188 1.515 1.267446 0.0340681 1.441229 1.253986 0.032 1.432492 1.2647 0.032 1.43917 1.274417 0.032 1.44723 1.282642 0.03445839 1.456133 1.282959 0.032 1.456526 1.290171 0.032 1.466888 1.294073 0.03492856 1.474087 1.295922 0.032 1.478127 1.298187 0.03592145 1.483919 1.300106 0.032 1.490038 1.301117 0.03784835 1.494026 1.302648 0.032 1.502404 1.3029 0.03990429 1.504387 1.3035 0.032 1.515 1.3035 0.04121309 1.515 1.302901 0.03990572 1.525608 1.302648 0.032 1.527596 1.301121 0.03785157 1.535959 1.300106 0.032 1.539962 1.298189 0.03592318 1.546075 1.295922 0.032 1.551873 1.294073 0.03492856 1.555913 1.290171 0.032 1.563112 1.282642 0.03445839 1.573867 1.282959 0.032 1.573474 1.274417 0.032 1.58277 1.267446 0.0340681 1.588771 1.2647 0.032 1.59083 1.253986 0.032 1.597508 1.22927 0.0167557 1.604842 1.226195 0.0167585 1.605332 1.226195 0.01675599 1.605332 1.305 0.03679358 1.581205 1.305 0.03687638 1.581161 1.305 0.0367937 1.581205 1.312526 -0.09634119 1.471108 1.314068 -0.09387379 1.47464 1.315246 -0.09711349 1.472543 1.316899 -0.09480166 1.475067 1.314319 -0.09812939 1.468995 1.316383 -0.09016859 1.476 1.318905 -0.09171485 1.476 1.320812 -0.0885483 1.47513 1.318714 -0.08643758 1.474742 1.32219 -0.08601528 1.472654 1.320299 -0.0839014 1.471279 1.32273 -0.08468639 1.46913 1.322706 -0.0845769 1.468 1.320671 -0.08330535 1.468 1.32231 -0.08486086 1.465351 1.320619 -0.08338969 1.466743 1.319569 -0.08507001 1.462618 1.313362 -0.09500229 1.462482 1.312262 -0.09676337 1.46656 1.314326 -0.09762066 1.465223 1.312262 -0.09676337 1.46656 1.312526 -0.09634119 1.471108 1.314326 -0.09762066 1.465223 1.330955 0.008175969 1.590655 1.330864 0.008228361 1.592152 1.331264 0.005785346 1.592394 1.33136 0.005764842 1.590894 1.332818 0.003874838 1.592575 1.33293 0.003891468 1.591076 1.33511 0.002906382 1.592699 1.335208 0.002965331 1.591198 1.340067 0.002707362 1.592843 1.340127 0.002793908 1.59134 1.342487 0.003302693 1.592867 1.342516 0.00340116 1.591362 1.344447 0.004828155 1.592816 1.344429 0.004937112 1.591306 1.345567 -0.06488609 1.56 1.345597 -0.0648778 1.56 1.342895 -0.06288659 1.56 1.344813 -0.06535536 1.56 1.344417 -0.06615227 1.56 1.339652 -0.06202358 1.56 1.344407 -0.06704407 1.56 1.336318 -0.06240886 1.56 1.333357 -0.06398868 1.56 1.333959 -0.0754013 1.56 1.331181 -0.06654345 1.56 1.334659 -0.07583779 1.56 1.330092 -0.06971788 1.56 1.344705 -0.0678848 1.56 1.333151 -0.07524538 1.56 1.345427 -0.07003146 1.56 1.330241 -0.0730707 1.56 1.3455 -0.07099997 1.56 1.332351 -0.07543307 1.56 1.345369 -0.07229566 1.56 1.331729 -0.07596606 1.56 1.344538 -0.07440257 1.56 1.331609 -0.07613545 1.56 1.343034 -0.07609629 1.56 1.336582 -0.07703369 1.56 1.341041 -0.07717126 1.56 1.338799 -0.07749688 1.56 1.149257 0.01719999 1.442609 1.150722 0.01719999 1.440783 1.151071 0.01420813 1.439971 1.149218 0.01404863 1.442641 1.200691 0.02296429 1.606222 1.201794 0.02295607 1.604822 1.200645 0.02303409 1.60471 1.201812 0.02286309 1.606328 1.341364 0.02264529 1.587981 1.342986 0.0250917 1.58721 1.34137 0.0250917 1.587177 1.342986 0.02264529 1.588014 1.339741 0.02264529 1.587949 1.339755 0.0250917 1.587144 1.339586 0.0226134 1.587955 1.339597 0.02512341 1.587129 1.339465 0.02521169 1.587095 1.339458 0.02252429 1.587979 1.336725 0.02252411 1.587903 1.336719 0.0252127 1.587017 1.336807 0.02239489 1.587946 1.336597 0.0226134 1.587872 1.339378 0.02534043 1.587048 1.339376 0.02239519 1.588017 1.336587 0.02512389 1.587044 1.336805 0.02534204 1.586975 1.336835 0.0222451 1.587992 1.336442 0.02264529 1.587857 1.339348 0.02549076 1.586994 1.339348 0.0222463 1.588062 1.336429 0.0250917 1.58705 1.336835 0.02549195 1.586923 1.336835 0.01897841 1.588909 1.334813 0.0250917 1.586992 1.339348 0.02876722 1.585748 1.339348 0.01897841 1.588978 1.333197 0.02264529 1.587742 1.336835 0.02876722 1.585677 1.333197 0.0250917 1.586935 1.33685 -0.0191282 1.588937 1.33685 -0.0271281 1.586466 1.339342 -0.0191282 1.588973 1.339342 -0.0271281 1.586471 1.229951 0.0199415 1.603289 1.232397 0.02146965 1.602854 1.229951 0.02298605 1.603341 1.232397 0.02071148 1.602842 1.232397 0.02298605 1.602877 1.232397 0.01995325 1.602831 1.229904 0.01971137 1.603292 1.232444 0.01972025 1.602817 1.229773 0.01951855 1.603311 1.232574 0.01952427 1.602787 1.229773 0.0166642 1.603228 1.229578 0.01679116 1.603266 1.232574 0.0166586 1.602706 1.229579 0.01939165 1.603342 1.232768 0.01939368 1.602745 1.229904 0.0164715 1.603198 1.22935 0.01683545 1.603307 1.232769 0.01678931 1.602672 1.232443 0.01646202 1.602725 1.229352 0.0193479 1.60338 1.232996 0.0193479 1.602699 1.229951 0.01624161 1.603182 1.226275 0.01683545 1.603805 1.232998 0.01683545 1.602628 1.232397 0.01622998 1.602726 1.226275 0.0193479 1.603878 1.236064 0.0193479 1.602053 1.232397 0.0147137 1.602663 1.236064 0.01683545 1.601989 1.231174 0.0131973 1.602828 1.229951 0.0131973 1.603056 1.232397 0.0131973 1.6026 1.181055 0.01685208 1.600308 1.189055 0.01685208 1.602601 1.181055 0.0193445 1.600366 1.189055 0.0193445 1.602663 1.127899 -0.007312059 1.475861 1.129068 -0.007933557 1.47242 1.130999 -0.008959949 1.469162 1.127842 -0.007281184 1.47496 1.128141 -0.007440567 1.474322 1.126475 -0.006554663 1.478939 1.132397 -0.009703576 1.466802 1.134593 -0.01087105 1.463097 1.134581 -0.01086485 1.46388 1.136765 -0.01202619 1.460957 1.141134 -0.01434886 1.455112 1.131662 -0.009312689 1.562018 1.131029 -0.00897628 1.561133 1.130643 -0.008771002 1.560275 1.128652 -0.1133432 1.554851 1.133308 -0.1133559 1.562601 1.140538 -0.1129585 1.567815 1.218783 -0.1098968 1.579626 1.216149 -0.1106311 1.579319 1.222925 -0.1076668 1.581072 1.212851 -0.1050626 1.582664 1.214788 -0.1104423 1.579479 1.213712 -0.1097337 1.579913 1.212936 -0.107431 1.581179 1.229255 -0.09931719 1.445132 1.230824 -0.09617608 1.4443 1.233641 -0.08960878 1.441984 1.168331 -0.06282567 1.588823 1.172244 -0.0511949 1.591101 1.169387 -0.06029349 1.589091 1.157429 -0.08030027 1.581849 1.156187 -0.08098638 1.581226 1.159759 -0.07853478 1.583286 1.154782 -0.08111608 1.580606 1.15366 -0.08016306 1.580237 1.154138 -0.08075988 1.580372 1.15318 -0.07869505 1.580198 1.153502 -0.07010328 1.581565 1.161843 -0.05032449 1.586812 1.157603 -0.05856102 1.584506 1.156837 -0.06106203 1.583525 1.157603 -0.05856102 1.584506 1.153502 -0.07010328 1.581565 1.156837 -0.06106203 1.583525 1.168395 -0.06297045 1.58921 1.172522 -0.0452739 1.592968 1.172244 -0.0511949 1.591101 1.172777 -0.04518944 1.592342 1.173179 -0.04256898 1.592265 1.172781 -0.04869306 1.591545 1.168395 -0.06297045 1.44079 1.172244 -0.0511949 1.438899 1.172522 -0.0452739 1.437032 1.169392 -0.0602793 1.440906 1.172244 -0.0511949 1.438899 1.168331 -0.06282567 1.441177 1.153502 -0.07010328 1.448435 1.157603 -0.05856102 1.445494 1.156841 -0.06105273 1.446472 1.153181 -0.07869768 1.449802 1.153502 -0.07010328 1.448435 1.153467 -0.07261449 1.449041 1.123431 -0.01319265 1.49108 1.123251 -0.01260185 1.490146 1.124193 -0.01100409 1.488816 1.294826 0.03378367 1.447746 1.294826 0.03378236 1.447745 1.283412 0.0336703 1.445353 1.294826 0.03378117 1.447744 1.294826 0.03377872 1.447742 1.294827 0.03377383 1.447738 1.294828 0.03376406 1.44773 1.294829 0.03374439 1.447713 1.294833 0.03370517 1.44768 1.29484 0.03362661 1.447613 1.294854 0.03346973 1.447479 1.294881 0.03315579 1.447212 1.231996 0.0307883 1.42555 1.226884 0.03181958 1.424828 1.24155 0.032 1.428184 1.206261 0.03133952 1.423405 1.226884 0.03181958 1.424828 1.21 0.03067928 1.42325 1.24155 0.032 1.428184 1.226884 0.03181958 1.424828 1.228745 0.032 1.425218 1.215671 0.032 1.42371 1.228745 0.032 1.425218 1.226884 0.03181958 1.424828 1.310577 0.05533593 1.462512 1.31058 0.05534809 1.46253 1.310581 0.05535423 1.462539 1.310577 0.05533593 1.462512 1.310581 0.05535423 1.462539 1.310581 0.05535584 1.462541 1.310577 0.05533593 1.462512 1.310581 0.05535584 1.462541 1.310581 0.0553562 1.462542 1.241542 0.032 1.601817 1.226936 0.03181993 1.605164 1.232095 0.03079247 1.604447 1.206261 0.03133952 1.606595 1.226936 0.03181993 1.605164 1.215695 0.032 1.606288 1.310582 0.05535733 1.567456 1.310577 0.05533593 1.567488 1.310582 0.05535769 1.567456 1.318391 -0.01178401 1.438784 1.319453 -0.01122987 1.43868 1.318867 -0.01153445 1.438734 1.319453 -0.01122987 1.43868 1.318391 -0.01178401 1.438784 1.315561 -0.01977282 1.439859 1.318961 -0.0111854 1.591298 1.315566 -0.01975077 1.590144 1.318414 -0.01176345 1.591219 1.345664 -0.06948 1.475384 1.344705 -0.0678848 1.47 1.344407 -0.06704187 1.47 1.339235 -0.08399999 1.515 1.339215 -0.08400666 1.515 1.339207 -0.0840094 1.515 1.341153 -0.08265405 1.511342 1.339898 -0.08263576 1.509116 1.341764 -0.081954 1.512839 1.317901 -0.08773928 1.466852 1.319569 -0.08507001 1.462618 1.320619 -0.08338969 1.466743 1.317556 -0.08829075 1.465879 1.318022 -0.08754569 1.468 1.317041 -0.08911615 1.465228 1.320671 -0.08330535 1.468 1.316432 -0.09008979 1.465 1.317901 -0.08773928 1.469148 1.313362 -0.09500229 1.462482 1.320299 -0.0839014 1.471279 1.315824 -0.09106338 1.465228 1.317556 -0.08829075 1.470121 1.315308 -0.09188878 1.465879 1.318714 -0.08643758 1.474742 1.314963 -0.0924403 1.466852 1.317041 -0.08911615 1.470772 1.312262 -0.09676337 1.46656 1.316383 -0.09016859 1.476 1.314842 -0.09263402 1.468 1.316432 -0.09008979 1.471 1.312526 -0.09634119 1.471108 1.315824 -0.09106338 1.470772 1.314963 -0.0924403 1.469148 1.314068 -0.09387379 1.47464 1.315308 -0.09188878 1.470121 1.172244 -0.0511949 1.591101 1.172777 -0.04518944 1.592342 1.172781 -0.04869306 1.591545 1.124975 -0.01141965 1.544006 1.125188 -0.01153296 1.544373 1.124965 -0.01355338 1.545446 1.149996 0.01450169 1.434156 1.150638 0.01441752 1.43554 1.149996 0.01450157 1.434156 1.156841 -0.06105273 1.446472 1.153467 -0.07261449 1.449041 1.153502 -0.07010328 1.448435 1.172244 -0.0511949 1.438899 1.17278 -0.04869961 1.438456 1.172777 -0.04518944 1.437657 1.226884 0.03181958 1.424828 1.206261 0.03133952 1.423405 1.215671 0.032 1.42371 1.133746 -0.01608359 1.486979 1.134079 -0.0162605 1.488917 1.13355 -0.01597905 1.489 1.133797 -0.01611053 1.490865 1.133213 -0.01580029 1.487086 1.133213 -0.01580029 1.490913 1.132841 -0.01560217 1.485293 1.132936 -0.01565277 1.492581 1.132256 -0.01529157 1.485464 1.132256 -0.01529157 1.492536 1.131475 -0.01487582 1.484067 1.131602 -0.01494371 1.493853 1.130824 -0.01453 1.484381 1.130824 -0.01453 1.493619 1.129818 -0.01399499 1.483454 1.129962 -0.01407176 1.494521 1.129135 -0.0136317 1.484 1.129135 -0.0136317 1.494 1.128076 -0.01306885 1.48353 1.12822 -0.01314502 1.494503 1.127445 -0.01273334 1.484381 1.127445 -0.01273334 1.493619 1.126466 -0.01221275 1.484286 1.12659 -0.01227873 1.493802 1.126013 -0.01197189 1.485464 1.126013 -0.01197189 1.492536 1.125188 -0.01153296 1.485627 1.125277 -0.01158058 1.492503 1.125056 -0.01146298 1.487086 1.125056 -0.01146298 1.490913 1.124344 -0.01108431 1.487067 1.124444 -0.0111373 1.49077 1.124193 -0.01100409 1.488816 1.12472 -0.01128435 1.489 1.317901 -0.08773928 1.466852 1.318022 -0.08754569 1.468 1.30942 -0.08244007 1.466852 1.309541 -0.08224648 1.468 1.309076 -0.0829916 1.465879 1.30942 -0.08244007 1.469148 1.317556 -0.08829075 1.465879 1.317901 -0.08773928 1.469148 1.30856 -0.083817 1.465228 1.309076 -0.0829916 1.470121 1.317041 -0.08911615 1.465228 1.317556 -0.08829075 1.470121 1.307952 -0.08479058 1.465 1.30856 -0.083817 1.470772 1.316432 -0.09008979 1.465 1.317041 -0.08911615 1.470772 1.307343 -0.08576416 1.465228 1.307952 -0.08479058 1.471 1.315824 -0.09106338 1.465228 1.316432 -0.09008979 1.471 1.306828 -0.08658957 1.465879 1.307343 -0.08576416 1.470772 1.315308 -0.09188878 1.465879 1.315824 -0.09106338 1.470772 1.306483 -0.08714109 1.466852 1.306828 -0.08658957 1.470121 1.314963 -0.0924403 1.466852 1.315308 -0.09188878 1.470121 1.306362 -0.08733481 1.468 1.306483 -0.08714109 1.469148 1.314842 -0.09263402 1.468 1.314963 -0.0924403 1.469148 1.309076 -0.0829916 1.465879 1.30942 -0.08244007 1.469148 1.309076 -0.0829916 1.470121 1.30942 -0.08244007 1.466852 1.306362 -0.08733481 1.468 1.309541 -0.08224648 1.468 1.306828 -0.08658957 1.470121 1.306828 -0.08658957 1.465879 1.307952 -0.08479058 1.471 1.306483 -0.08714109 1.469148 1.307952 -0.08479058 1.465 1.306483 -0.08714109 1.466852 1.307343 -0.08576416 1.470772 1.30856 -0.083817 1.470772 1.307343 -0.08576416 1.465228 1.30856 -0.083817 1.465228 1.30942 -0.08244007 1.560852 1.309076 -0.0829916 1.559879 1.317901 -0.08773928 1.560852 1.317556 -0.08829075 1.559879 1.318022 -0.08754569 1.562 1.30856 -0.083817 1.559228 1.309541 -0.08224648 1.562 1.317041 -0.08911615 1.559228 1.30942 -0.08244007 1.563148 1.307952 -0.08479058 1.559 1.317901 -0.08773928 1.563148 1.316432 -0.09008979 1.559 1.309076 -0.0829916 1.564121 1.307343 -0.08576416 1.559228 1.317556 -0.08829075 1.564121 1.315824 -0.09106338 1.559228 1.30856 -0.083817 1.564772 1.306828 -0.08658957 1.559879 1.317041 -0.08911615 1.564772 1.315308 -0.09188878 1.559879 1.307952 -0.08479058 1.565 1.306483 -0.08714109 1.560852 1.316432 -0.09008979 1.565 1.314963 -0.0924403 1.560852 1.307343 -0.08576416 1.564772 1.306362 -0.08733481 1.562 1.315824 -0.09106338 1.564772 1.314842 -0.09263402 1.562 1.306828 -0.08658957 1.564121 1.314963 -0.0924403 1.563148 1.315308 -0.09188878 1.564121 1.306483 -0.08714109 1.563148 1.309076 -0.0829916 1.559879 1.30942 -0.08244007 1.563148 1.309076 -0.0829916 1.564121 1.30942 -0.08244007 1.560852 1.306483 -0.08714109 1.563148 1.309541 -0.08224648 1.562 1.306828 -0.08658957 1.564121 1.306483 -0.08714109 1.560852 1.307952 -0.08479058 1.565 1.306362 -0.08733481 1.562 1.306828 -0.08658957 1.559879 1.307343 -0.08576416 1.564772 1.30856 -0.083817 1.564772 1.307952 -0.08479058 1.559 1.307343 -0.08576416 1.559228 1.30856 -0.083817 1.559228 1.35 -0.0294665 1.586139 1.35 -0.01502192 1.59052 1.35 -0.02163797 1.589915 1.35 -0.01098537 1.592211 1.35 -0.03170299 1.586213 1.35 0 1.592 1.35 -0.04123187 1.581294 1.35 0 1.593 1.35 -0.04277878 1.579023 1.35 0.01194447 1.59208 1.35 -0.04942697 1.575687 1.35 0.01502192 1.59052 1.35 -0.05444717 1.569447 1.35 0.02360719 1.589342 1.35 -0.05672055 1.569013 1.35 0.0294665 1.586139 1.35 -0.06402319 1.557779 1.35 0.03471297 1.58485 1.35 -0.06834369 1.552996 1.35 0.04277878 1.579023 1.35 -0.07113867 1.544467 1.35 0.04499989 1.57871 1.35 -0.07566648 1.534594 1.35 0.05444717 1.569447 1.35 -0.07552045 1.530022 1.35 0.05853188 1.566556 1.35 -0.07823228 1.515 1.35 0.06402319 1.557779 1.35 -0.07699996 1.515 1.35 0.06888085 1.551598 1.35 -0.07552045 1.499978 1.35 0.07113867 1.544467 1.35 -0.07565748 1.495371 1.35 0.07548427 1.53465 1.35 -0.07113867 1.485533 1.35 0.07552045 1.530022 1.35 -0.06833308 1.476984 1.35 0.0779829 1.516633 1.35 -0.06402319 1.472221 1.35 0.07699996 1.515 1.35 -0.05670249 1.460968 1.35 0.07801705 1.515 1.35 -0.05444717 1.460553 1.35 0.0779829 1.513366 1.35 -0.04941469 1.454304 1.35 0.07552045 1.499978 1.35 -0.04277878 1.450977 1.35 0.07548427 1.49535 1.35 -0.04123187 1.448706 1.35 0.07113867 1.485533 1.35 -0.0294665 1.443861 1.35 0.06888085 1.478402 1.35 -0.03158789 1.443727 1.35 0.06402319 1.472221 1.35 -0.02135843 1.440004 1.35 0.05853188 1.463444 1.35 -0.01502192 1.439479 1.35 0.05444717 1.460553 1.35 -0.01081132 1.437755 1.35 0.04499989 1.45129 1.35 0 1.438 1.35 0.04277878 1.450977 1.35 0 1.437 1.35 0.03471297 1.44515 1.35 0.01194447 1.43792 1.35 0.0294665 1.443861 1.35 0.01502192 1.439479 1.35 0.02360719 1.440658 1.321886 -0.05221146 1.586 1.324561 -0.05207127 1.585467 1.324943 -0.0520513 1.586391 1.327535 -0.05191528 1.584657 1.321886 -0.05221146 1.587 1.32683 -0.05195236 1.58395 1.318829 -0.05237168 1.586391 1.329267 -0.05182462 1.582061 1.31921 -0.05235165 1.585467 1.328345 -0.0518729 1.581679 1.316237 -0.05250751 1.584657 1.329875 -0.0517928 1.579 1.316942 -0.05247056 1.58395 1.328877 -0.05184507 1.579 1.314505 -0.05259823 1.582061 1.328345 -0.0518729 1.576321 1.315427 -0.05254989 1.581679 1.329267 -0.05182462 1.575938 1.313897 -0.05263012 1.579 1.32683 -0.05195236 1.57405 1.314894 -0.05257785 1.579 1.327535 -0.05191528 1.573343 1.315427 -0.05254989 1.576321 1.324561 -0.05207127 1.572533 1.314505 -0.05259823 1.575938 1.324943 -0.0520513 1.571609 1.316942 -0.05247056 1.57405 1.321886 -0.05221146 1.572 1.316237 -0.05250751 1.573343 1.321886 -0.05221146 1.571 1.31921 -0.05235165 1.572533 1.318829 -0.05237168 1.571609 1.319211 -0.05235165 1.444533 1.316943 -0.05247038 1.44605 1.316237 -0.05250751 1.445343 1.314505 -0.05259823 1.447938 1.318829 -0.05237168 1.443609 1.315428 -0.05254989 1.448321 1.321886 -0.05221146 1.444 1.313897 -0.05263012 1.451 1.321886 -0.05221146 1.443 1.314895 -0.05257779 1.451 1.324561 -0.05207127 1.444533 1.315428 -0.05254989 1.453679 1.324943 -0.0520513 1.443609 1.314505 -0.05259823 1.454062 1.327535 -0.05191528 1.445343 1.316943 -0.05247038 1.45595 1.326829 -0.05195236 1.44605 1.316237 -0.05250751 1.456657 1.329267 -0.05182462 1.447938 1.319211 -0.05235165 1.457467 1.328344 -0.0518729 1.448321 1.318829 -0.05237168 1.458391 1.328876 -0.05184507 1.451 1.321886 -0.05221146 1.459 1.329875 -0.0517928 1.451 1.321886 -0.05221146 1.458 1.329267 -0.05182462 1.454062 1.324561 -0.05207127 1.457467 1.328344 -0.0518729 1.453679 1.324943 -0.0520513 1.458391 1.326829 -0.05195236 1.45595 1.327535 -0.05191528 1.456657 1.332 -0.08239996 1.510555 1.333701 -0.08239996 1.510894 1.333701 -0.08340001 1.510894 1.335143 -0.08340001 1.511857 1.332 -0.08340001 1.510555 1.335143 -0.08239996 1.511857 1.330299 -0.08340001 1.510894 1.336106 -0.08340001 1.513299 1.330299 -0.08239996 1.510894 1.336106 -0.08239996 1.513299 1.328857 -0.08239996 1.511857 1.336444 -0.08340001 1.515 1.328857 -0.08340001 1.511857 1.336444 -0.08239996 1.515 1.327894 -0.08239996 1.513299 1.336106 -0.08340001 1.516701 1.327894 -0.08340001 1.513299 1.336106 -0.08239996 1.516701 1.327555 -0.08239996 1.515 1.335143 -0.08340001 1.518143 1.327555 -0.08340001 1.515 1.335143 -0.08239996 1.518143 1.327894 -0.08239996 1.516701 1.333701 -0.08340001 1.519106 1.327894 -0.08340001 1.516701 1.333701 -0.08239996 1.519106 1.328857 -0.08239996 1.518143 1.332 -0.08340001 1.519444 1.328857 -0.08340001 1.518143 1.332 -0.08239996 1.519444 1.330299 -0.08239996 1.519106 1.330299 -0.08340001 1.519106 1.337 -0.08340001 1.515 1.336619 -0.08340001 1.513086 1.336106 -0.08340001 1.513299 1.335143 -0.08340001 1.511857 1.336444 -0.08340001 1.515 1.335536 -0.08340001 1.511464 1.336106 -0.08340001 1.516701 1.333913 -0.08340001 1.510381 1.336619 -0.08340001 1.516913 1.333701 -0.08340001 1.510894 1.335143 -0.08340001 1.518143 1.332 -0.08340001 1.51 1.335536 -0.08340001 1.518536 1.332 -0.08340001 1.510555 1.333913 -0.08340001 1.519619 1.330299 -0.08340001 1.510894 1.333701 -0.08340001 1.519106 1.330086 -0.08340001 1.510381 1.332 -0.08340001 1.52 1.328857 -0.08340001 1.511857 1.332 -0.08340001 1.519444 1.328464 -0.08340001 1.511464 1.330299 -0.08340001 1.519106 1.327381 -0.08340001 1.513086 1.330086 -0.08340001 1.519619 1.327894 -0.08340001 1.513299 1.328857 -0.08340001 1.518143 1.327 -0.08340001 1.515 1.328464 -0.08340001 1.518536 1.327555 -0.08340001 1.515 1.327381 -0.08340001 1.516913 1.327894 -0.08340001 1.516701 1.33644 -0.08610975 1.510965 1.337543 -0.08239996 1.512704 1.336243 -0.08239996 1.510757 1.33776 -0.08464556 1.513319 1.334699 -0.08828771 1.509641 1.338 -0.08239996 1.515 1.334296 -0.08239996 1.509457 1.338 -0.0844267 1.515 1.332 -0.0921483 1.509 1.33776 -0.08464556 1.516681 1.332 -0.08239996 1.509 1.337543 -0.08239996 1.517296 1.331176 -0.093288 1.509057 1.336441 -0.08610939 1.519035 1.329704 -0.08239996 1.509457 1.336243 -0.08239996 1.519243 1.327975 -0.09831845 1.51055 1.334697 -0.08828949 1.520359 1.327757 -0.08239996 1.510757 1.334296 -0.08239996 1.520543 1.326457 -0.08239996 1.512704 1.332 -0.08239996 1.521 1.326655 -0.1005132 1.512273 1.331176 -0.09328776 1.520943 1.326187 -0.1013188 1.513519 1.329704 -0.08239996 1.520543 1.326 -0.08239996 1.515 1.32798 -0.09831005 1.519454 1.326 -0.1016741 1.515 1.327757 -0.08239996 1.519243 1.326189 -0.1013148 1.516488 1.326457 -0.08239996 1.517296 1.326659 -0.1005073 1.517733 1.24155 0.032 1.428184 1.228745 0.032 1.425218 1.219755 0.032 1.465961 1.215671 0.032 1.42371 1.229134 0.032 1.468806 1.21 0.032 1.465 1.253986 0.032 1.432492 1.202522 0.032 1.423559 1.237779 0.032 1.473427 1.200245 0.032 1.465961 1.2647 0.032 1.43917 1.19078 0.032 1.425285 1.274417 0.032 1.44723 1.179307 0.032 1.428539 1.245355 0.032 1.479645 1.190866 0.032 1.468806 1.282959 0.032 1.456526 1.168355 0.032 1.433247 1.251573 0.032 1.487221 1.182221 0.032 1.473427 1.290171 0.032 1.466888 1.158155 0.032 1.439311 1.256194 0.032 1.495866 1.148749 0.032 1.446709 1.295922 0.032 1.478127 1.174645 0.032 1.479645 1.300106 0.032 1.490038 1.140355 0.032 1.455291 1.259039 0.032 1.505245 1.168427 0.032 1.487221 1.302648 0.032 1.502404 1.133207 0.032 1.464808 1.26 0.032 1.515 1.127365 0.032 1.475148 1.3035 0.032 1.515 1.163806 0.032 1.495866 1.302648 0.032 1.527596 1.120559 0.032 1.49455 1.259039 0.032 1.524755 1.160961 0.032 1.505245 1.300106 0.032 1.539962 1.118251 0.032 1.515 1.256194 0.032 1.534134 1.16 0.032 1.515 1.295922 0.032 1.551873 1.160961 0.032 1.524755 1.290171 0.032 1.563112 1.120549 0.032 1.535409 1.251573 0.032 1.542779 1.163806 0.032 1.534134 1.282959 0.032 1.573474 1.127365 0.032 1.554852 1.245355 0.032 1.550355 1.168427 0.032 1.542779 1.274417 0.032 1.58277 1.133202 0.032 1.565184 1.237779 0.032 1.556573 1.140362 0.032 1.574717 1.2647 0.032 1.59083 1.174645 0.032 1.550355 1.253986 0.032 1.597508 1.14874 0.032 1.583286 1.229134 0.032 1.561194 1.182221 0.032 1.556573 1.241542 0.032 1.601817 1.158093 0.032 1.590646 1.219755 0.032 1.564039 1.168336 0.032 1.596734 1.228733 0.032 1.604784 1.190866 0.032 1.561194 1.215695 0.032 1.606288 1.179292 0.032 1.601456 1.21 0.032 1.565 1.200245 0.032 1.564039 1.202522 0.032 1.606441 1.190715 0.032 1.604699 1.328857 -0.08239996 1.511857 1.327894 -0.08239996 1.513299 1.326457 -0.08239996 1.512704 1.326 -0.08239996 1.515 1.327757 -0.08239996 1.510757 1.327555 -0.08239996 1.515 1.329704 -0.08239996 1.509457 1.327894 -0.08239996 1.516701 1.330299 -0.08239996 1.510894 1.326457 -0.08239996 1.517296 1.332 -0.08239996 1.509 1.328857 -0.08239996 1.518143 1.332 -0.08239996 1.510555 1.327757 -0.08239996 1.519243 1.333701 -0.08239996 1.510894 1.329704 -0.08239996 1.520543 1.334296 -0.08239996 1.509457 1.330299 -0.08239996 1.519106 1.335143 -0.08239996 1.511857 1.332 -0.08239996 1.521 1.336243 -0.08239996 1.510757 1.332 -0.08239996 1.519444 1.337543 -0.08239996 1.512704 1.333701 -0.08239996 1.519106 1.336106 -0.08239996 1.513299 1.334296 -0.08239996 1.520543 1.338 -0.08239996 1.515 1.335143 -0.08239996 1.518143 1.336444 -0.08239996 1.515 1.336243 -0.08239996 1.519243 1.336106 -0.08239996 1.516701 1.337543 -0.08239996 1.517296 1.26 0.032 1.515 1.26 0.02199995 1.515 1.259039 0.02199995 1.524755 1.259039 0.032 1.505245 1.259039 0.032 1.524755 1.259039 0.02199995 1.505245 1.256194 0.02199995 1.534134 1.256194 0.032 1.495866 1.256194 0.032 1.534134 1.256194 0.02199995 1.495866 1.251573 0.02199995 1.542779 1.251573 0.032 1.487221 1.251573 0.032 1.542779 1.251573 0.02199995 1.487221 1.245355 0.02199995 1.550355 1.245355 0.032 1.479645 1.245355 0.032 1.550355 1.245355 0.02199995 1.479645 1.237779 0.02199995 1.556573 1.237779 0.032 1.473427 1.237779 0.032 1.556573 1.237779 0.02199995 1.473427 1.229134 0.02199995 1.561194 1.229134 0.032 1.468806 1.229134 0.032 1.561194 1.229134 0.02199995 1.468806 1.219755 0.02199995 1.564039 1.219755 0.032 1.465961 1.219755 0.032 1.564039 1.219755 0.02199995 1.465961 1.21 0.02199995 1.565 1.21 0.032 1.465 1.21 0.032 1.565 1.21 0.02199995 1.465 1.200245 0.02199995 1.564039 1.200245 0.032 1.465961 1.200245 0.032 1.564039 1.200245 0.02199995 1.465961 1.190866 0.02199995 1.561194 1.190866 0.032 1.468806 1.190866 0.032 1.561194 1.190866 0.02199995 1.468806 1.182221 0.02199995 1.556573 1.182221 0.032 1.473427 1.182221 0.032 1.556573 1.182221 0.02199995 1.473427 1.174645 0.02199995 1.550355 1.174645 0.032 1.479645 1.174645 0.032 1.550355 1.174645 0.02199995 1.479645 1.168427 0.02199995 1.542779 1.168427 0.032 1.487221 1.168427 0.032 1.542779 1.168427 0.02199995 1.487221 1.163806 0.02199995 1.534134 1.163806 0.032 1.495866 1.163806 0.032 1.534134 1.163806 0.02199995 1.495866 1.160961 0.02199995 1.524755 1.160961 0.032 1.505245 1.160961 0.032 1.524755 1.160961 0.02199995 1.505245 1.16 0.02199995 1.515 1.16 0.032 1.515 1.342251 0.00635612 1.592674 1.342722 0.006895959 1.592635 1.337991 0.007838964 1.592444 1.340754 0.009330272 1.592344 1.340406 0.005774438 1.592683 1.342933 0.00757879 1.592575 1.339058 0.009099781 1.592333 1.338056 0.006988227 1.592527 1.34138 0.005908668 1.592693 1.342813 0.008283197 1.592501 1.338359 0.008605957 1.592372 1.339425 0.005860984 1.592655 1.341606 0.009218096 1.592375 1.338544 0.006289184 1.5926 1.342379 0.008850991 1.592431 1.219755 0.02199995 1.564039 1.229134 0.02199995 1.561194 1.237779 0.02199995 1.556573 1.251573 0.02199995 1.542779 1.245355 0.02199995 1.550355 1.259039 0.02199995 1.524755 1.256194 0.02199995 1.534134 1.160961 0.02199995 1.524755 1.200245 0.02199995 1.564039 1.219755 0.02199995 1.465961 1.21 0.02199995 1.565 1.182221 0.02199995 1.556573 1.251573 0.02199995 1.487221 1.160961 0.02199995 1.505245 1.168427 0.02199995 1.542779 1.190866 0.02199995 1.561194 1.237779 0.02199995 1.473427 1.259039 0.02199995 1.505245 1.16 0.02199995 1.515 1.182221 0.02199995 1.473427 1.163806 0.02199995 1.534134 1.174645 0.02199995 1.550355 1.229134 0.02199995 1.468806 1.245355 0.02199995 1.479645 1.26 0.02199995 1.515 1.256194 0.02199995 1.495866 1.168427 0.02199995 1.487221 1.200245 0.02199995 1.465961 1.174645 0.02199995 1.479645 1.163806 0.02199995 1.495866 1.21 0.02199995 1.465 1.190866 0.02199995 1.468806 1.235404 -0.07013589 1.590874 1.237296 -0.07114201 1.5907 1.237296 -0.07114201 1.5913 1.235606 -0.07024365 1.590319 1.238985 -0.07204025 1.590319 1.2338 -0.069283 1.58966 1.239188 -0.07214808 1.590874 1.234174 -0.0694822 1.589235 1.240418 -0.07280176 1.589235 1.232728 -0.06871306 1.587843 1.240792 -0.07300096 1.58966 1.233217 -0.0689733 1.587613 1.241375 -0.07331067 1.587613 1.232351 -0.06851297 1.5857 1.241864 -0.0735709 1.587843 1.232881 -0.0687946 1.5857 1.241711 -0.0734893 1.5857 1.233217 -0.0689733 1.583786 1.24224 -0.07377099 1.5857 1.232728 -0.06871306 1.583557 1.241864 -0.0735709 1.583557 1.234174 -0.0694822 1.582164 1.241375 -0.07331067 1.583786 1.2338 -0.069283 1.58174 1.240792 -0.07300096 1.58174 1.235606 -0.07024365 1.581081 1.240418 -0.07280176 1.582164 1.235404 -0.07013589 1.580526 1.239188 -0.07214808 1.580526 1.237296 -0.07114201 1.5807 1.238985 -0.07204025 1.581081 1.237296 -0.07114201 1.5801 1.237296 -0.07114201 1.4393 1.235606 -0.07024365 1.43968 1.235404 -0.07013589 1.439126 1.2338 -0.069283 1.44034 1.237296 -0.07114201 1.4387 1.234174 -0.0694822 1.440764 1.239188 -0.07214808 1.439126 1.233217 -0.0689733 1.442387 1.238985 -0.07204025 1.43968 1.232728 -0.06871306 1.442157 1.240792 -0.07300096 1.44034 1.232881 -0.0687946 1.4443 1.240418 -0.07280176 1.440764 1.232351 -0.06851297 1.4443 1.241864 -0.0735709 1.442157 1.232728 -0.06871306 1.446443 1.241375 -0.07331067 1.442387 1.233217 -0.0689733 1.446213 1.241711 -0.0734893 1.4443 1.2338 -0.069283 1.44826 1.24224 -0.07377099 1.4443 1.234174 -0.0694822 1.447836 1.241864 -0.0735709 1.446443 1.235606 -0.07024365 1.448919 1.241375 -0.07331067 1.446213 1.235404 -0.07013589 1.449474 1.240418 -0.07280176 1.447836 1.237296 -0.07114201 1.4493 1.240792 -0.07300096 1.44826 1.237296 -0.07114201 1.4499 1.238985 -0.07204025 1.448919 1.239188 -0.07214808 1.449474 1.30739 -0.1084117 1.488881 1.305958 -0.1076502 1.489964 1.305583 -0.107451 1.48954 1.304511 -0.1068811 1.491357 1.307187 -0.1083039 1.488326 1.305001 -0.1071414 1.491586 1.30908 -0.10931 1.4885 1.304135 -0.106681 1.4935 1.30908 -0.10931 1.4879 1.304665 -0.1069627 1.4935 1.310972 -0.110316 1.488326 1.305001 -0.1071414 1.495413 1.310769 -0.1102083 1.488881 1.304511 -0.1068811 1.495643 1.312576 -0.111169 1.48954 1.305958 -0.1076502 1.497036 1.312201 -0.1109699 1.489964 1.305583 -0.107451 1.49746 1.313648 -0.111739 1.491357 1.30739 -0.1084117 1.498119 1.313158 -0.1114787 1.491586 1.307187 -0.1083039 1.498674 1.313494 -0.1116574 1.4935 1.30908 -0.10931 1.4985 1.314024 -0.1119391 1.4935 1.30908 -0.10931 1.4991 1.313648 -0.111739 1.495643 1.310972 -0.110316 1.498674 1.313158 -0.1114787 1.495413 1.310769 -0.1102083 1.498119 1.312201 -0.1109699 1.497036 1.312576 -0.111169 1.49746 1.30908 -0.10931 1.5315 1.30739 -0.1084117 1.531881 1.307187 -0.1083039 1.531326 1.305583 -0.107451 1.53254 1.30908 -0.10931 1.5309 1.305958 -0.1076502 1.532964 1.310972 -0.110316 1.531326 1.304511 -0.1068811 1.534357 1.310769 -0.1102083 1.531881 1.305001 -0.1071414 1.534586 1.312576 -0.111169 1.53254 1.304135 -0.106681 1.5365 1.312201 -0.1109699 1.532964 1.304665 -0.1069627 1.5365 1.313648 -0.111739 1.534357 1.305001 -0.1071414 1.538413 1.313158 -0.1114787 1.534586 1.304511 -0.1068811 1.538643 1.313494 -0.1116574 1.5365 1.305958 -0.1076502 1.540035 1.314024 -0.1119391 1.5365 1.305583 -0.107451 1.54046 1.313648 -0.111739 1.538643 1.30739 -0.1084117 1.541119 1.313158 -0.1114787 1.538413 1.307187 -0.1083039 1.541674 1.312201 -0.1109699 1.540035 1.30908 -0.10931 1.5415 1.312576 -0.111169 1.54046 1.30908 -0.10931 1.5421 1.310769 -0.1102083 1.541119 1.310972 -0.110316 1.541674 1.12822 -0.01314502 1.535497 1.129962 -0.01407176 1.535479 1.129135 -0.0136317 1.536 1.130824 -0.01453 1.536381 1.127445 -0.01273334 1.536381 1.131602 -0.01494371 1.536147 1.12659 -0.01227873 1.536198 1.132256 -0.01529157 1.537464 1.126013 -0.01197189 1.537464 1.132936 -0.01565277 1.537418 1.125277 -0.01158058 1.537497 1.133213 -0.01580029 1.539086 1.125056 -0.01146298 1.539086 1.133797 -0.01611053 1.539135 1.124444 -0.0111373 1.53923 1.13355 -0.01597905 1.541 1.12472 -0.01128435 1.541 1.134079 -0.0162605 1.541083 1.124193 -0.01100409 1.541184 1.133746 -0.01608359 1.54302 1.125056 -0.01146298 1.542913 1.133213 -0.01580029 1.542913 1.124335 -0.01107972 1.542905 1.132841 -0.01560217 1.544707 1.125188 -0.01153296 1.544373 1.132256 -0.01529157 1.544535 1.126013 -0.01197189 1.544535 1.131475 -0.01487582 1.545933 1.126466 -0.01221275 1.545714 1.130824 -0.01453 1.545619 1.127445 -0.01273334 1.545619 1.129818 -0.01399499 1.546546 1.128076 -0.01306885 1.54647 1.129135 -0.0136317 1.546 1.179333 -0.0403223 1.587806 1.179414 -0.04036551 1.585857 1.179993 -0.04067319 1.5866 1.179616 -0.04047316 1.584457 1.179616 -0.04047316 1.588743 1.178831 -0.04005539 1.584022 1.178599 -0.03993219 1.589571 1.178544 -0.03990328 1.58264 1.178544 -0.03990328 1.59056 1.177671 -0.03943908 1.582578 1.177325 -0.03925478 1.590884 1.17694 -0.03905028 1.581426 1.17694 -0.03905028 1.591774 1.176113 -0.03861033 1.581748 1.175704 -0.03839296 1.591545 1.175048 -0.03804427 1.581 1.175048 -0.03804427 1.5922 1.174392 -0.0376954 1.581656 1.173983 -0.03747802 1.591452 1.173156 -0.03703814 1.581426 1.173156 -0.03703814 1.591774 1.172771 -0.0368337 1.582316 1.172425 -0.0366494 1.590622 1.171552 -0.0361852 1.58264 1.171552 -0.0361852 1.59056 1.171497 -0.03615611 1.583629 1.171266 -0.03603309 1.589178 1.17048 -0.03561526 1.584457 1.17048 -0.03561526 1.588743 1.170764 -0.03576618 1.585394 1.170682 -0.03572285 1.587343 1.170104 -0.03541517 1.5866 1.175048 -0.03804427 1.4484 1.176737 -0.03894239 1.448019 1.17694 -0.03905028 1.448574 1.178544 -0.03990328 1.44736 1.175048 -0.03804427 1.449 1.17817 -0.03970408 1.446935 1.173156 -0.03703814 1.448574 1.179616 -0.04047316 1.445543 1.173359 -0.03714597 1.448019 1.179127 -0.04021281 1.445313 1.171552 -0.0361852 1.44736 1.179993 -0.04067319 1.4434 1.171926 -0.0363844 1.446935 1.179463 -0.04039156 1.4434 1.17048 -0.03561526 1.445543 1.179127 -0.04021281 1.441487 1.170969 -0.03587549 1.445313 1.179616 -0.04047316 1.441257 1.170633 -0.03569686 1.4434 1.17817 -0.03970408 1.439864 1.170104 -0.03541517 1.4434 1.178544 -0.03990328 1.43944 1.17048 -0.03561526 1.441257 1.176737 -0.03894239 1.438781 1.170969 -0.03587549 1.441487 1.17694 -0.03905028 1.438226 1.171926 -0.0363844 1.439864 1.175048 -0.03804427 1.4384 1.171552 -0.0361852 1.43944 1.175048 -0.03804427 1.4378 1.173359 -0.03714597 1.438781 1.173156 -0.03703814 1.438226 1.220274 -0.09124225 1.441076 1.227652 -0.08304661 1.438468 1.220274 -0.09124225 1.441076 1.227652 -0.08304661 1.438468 1.220274 -0.09124225 1.441076 1.227652 -0.08304661 1.438468 1.220274 -0.09124225 1.441076 1.227652 -0.08304661 1.438468 1.220274 -0.09124225 1.441076 1.227652 -0.08304661 1.438468 1.220274 -0.09124225 1.441076 1.227652 -0.08304661 1.438468 1.220274 -0.09124225 1.441076 1.227652 -0.08304661 1.438468 1.220274 -0.09124225 1.441076 1.227652 -0.08304661 1.438468 1.220274 -0.09124225 1.441076 1.227652 -0.08304661 1.438468 1.220274 -0.09124225 1.441076 1.227652 -0.08304661 1.438468 1.220274 -0.09124225 1.441076 1.227652 -0.08304661 1.438468 1.220274 -0.09124225 1.441076 1.227652 -0.08304661 1.438468 1.220274 -0.09124225 1.441076 1.227652 -0.08304661 1.438468 1.327381 -0.08846229 1.513086 1.327 -0.08846229 1.515 1.327 -0.08340001 1.515 1.327381 -0.08340001 1.516913 1.327381 -0.08340001 1.513086 1.327381 -0.08846229 1.516913 1.328464 -0.08846229 1.511464 1.328464 -0.08340001 1.518536 1.328464 -0.08340001 1.511464 1.328571 -0.08898925 1.511571 1.328464 -0.08846229 1.518536 1.330086 -0.08846229 1.510381 1.327519 -0.08898925 1.513144 1.328571 -0.08898925 1.518429 1.330086 -0.08340001 1.519619 1.330086 -0.08340001 1.510381 1.330144 -0.08898925 1.510519 1.327 -0.08846229 1.515 1.327519 -0.08898925 1.516856 1.330086 -0.08846229 1.519619 1.332 -0.08846229 1.51 1.32715 -0.08898925 1.515 1.330144 -0.08898925 1.519481 1.332 -0.08340001 1.52 1.332 -0.08340001 1.51 1.332 -0.08898925 1.51015 1.332 -0.08846229 1.52 1.333913 -0.08846229 1.510381 1.333856 -0.08898925 1.510519 1.332 -0.08898925 1.51985 1.333913 -0.08340001 1.519619 1.333913 -0.08340001 1.510381 1.333856 -0.08898925 1.519481 1.333913 -0.08846229 1.519619 1.335429 -0.08898925 1.511571 1.335536 -0.08846229 1.511464 1.335536 -0.08340001 1.518536 1.335536 -0.08340001 1.511464 1.335429 -0.08898925 1.518429 1.335536 -0.08846229 1.518536 1.336619 -0.08846229 1.513086 1.336619 -0.08340001 1.516913 1.336481 -0.08898925 1.513144 1.336619 -0.08340001 1.513086 1.336619 -0.08846229 1.516913 1.337 -0.08846229 1.515 1.337 -0.08340001 1.515 1.336481 -0.08898925 1.516856 1.33685 -0.08898925 1.515 1.327706 -0.08939999 1.51575 1.327894 -0.08935809 1.516701 1.327555 -0.08935809 1.515 1.336106 -0.08935809 1.516701 1.336294 -0.08939999 1.51575 1.336444 -0.08935809 1.515 1.336294 -0.08939999 1.51425 1.336106 -0.08935809 1.513299 1.336444 -0.08935809 1.515 1.327555 -0.08935809 1.515 1.32715 -0.08898925 1.515 1.327894 -0.08935809 1.513299 1.327894 -0.08935809 1.516701 1.327519 -0.08898925 1.513144 1.327519 -0.08898925 1.516856 1.328857 -0.08935809 1.511857 1.328857 -0.08935809 1.518143 1.332 -0.09037178 1.51425 1.328571 -0.08898925 1.511571 1.332 -0.09037178 1.51575 1.328571 -0.08898925 1.518429 1.330299 -0.08935809 1.510894 1.327706 -0.08939999 1.51425 1.330144 -0.08898925 1.510519 1.330299 -0.08935809 1.519106 1.327706 -0.08939999 1.51575 1.330144 -0.08898925 1.519481 1.332 -0.08935809 1.510555 1.332 -0.08935809 1.519444 1.332 -0.08898925 1.51015 1.333701 -0.08935809 1.510894 1.333701 -0.08935809 1.519106 1.332 -0.08898925 1.51985 1.335143 -0.08935809 1.511857 1.335143 -0.08935809 1.518143 1.333856 -0.08898925 1.510519 1.336106 -0.08935809 1.513299 1.336106 -0.08935809 1.516701 1.333856 -0.08898925 1.519481 1.335429 -0.08898925 1.511571 1.336481 -0.08898925 1.513144 1.336294 -0.08939999 1.51425 1.336294 -0.08939999 1.51575 1.336481 -0.08898925 1.516856 1.335429 -0.08898925 1.518429 1.33685 -0.08898925 1.515 1.336444 -0.08935809 1.515 1.327894 -0.08935809 1.513299 1.327706 -0.08939999 1.51425 1.327555 -0.08935809 1.515 1.147313 0.01113766 1.442632 1.1454 0.01113766 1.443013 1.147256 0.01061064 1.442493 1.1454 0.01061064 1.442862 1.148829 0.01061064 1.441442 1.143544 0.01061064 1.442493 1.148935 0.01113766 1.441548 1.143486 0.01113766 1.442632 1.148935 0.0162 1.441548 1.150019 0.01113766 1.439926 1.14197 0.01061064 1.441442 1.150019 0.0162 1.439926 1.147313 0.0162 1.442632 1.14988 0.01061064 1.439868 1.141864 0.01113766 1.441548 1.1454 0.01113766 1.443013 1.1504 0.01113766 1.438013 1.1504 0.0162 1.438013 1.14078 0.01113766 1.439926 1.143486 0.0162 1.442632 1.1454 0.0162 1.443013 1.15025 0.01061064 1.438013 1.141864 0.0162 1.441548 1.140919 0.01061064 1.439868 1.14988 0.01061064 1.436157 1.150019 0.0162 1.436099 1.14078 0.0162 1.439926 1.1404 0.01113766 1.438013 1.150019 0.01113766 1.436099 1.14055 0.01061064 1.438013 1.148829 0.01061064 1.434583 1.148935 0.0162 1.434477 1.1404 0.0162 1.438013 1.140919 0.01061064 1.436157 1.148935 0.01113766 1.434477 1.14078 0.01113766 1.436099 1.147313 0.01113766 1.433393 1.147313 0.0162 1.433393 1.14078 0.0162 1.436099 1.14197 0.01061064 1.434583 1.147256 0.01061064 1.433532 1.141864 0.01113766 1.434477 1.1454 0.01113766 1.433013 1.1454 0.0162 1.433013 1.141864 0.0162 1.434477 1.143486 0.01113766 1.433393 1.1454 0.01061064 1.433163 1.143544 0.01061064 1.433532 1.143486 0.0162 1.433393 1.14615 0.01019996 1.442306 1.147101 0.0102418 1.442119 1.1454 0.0102418 1.442457 1.147101 0.0102418 1.433906 1.14615 0.01019996 1.433718 1.1454 0.0102418 1.433568 1.14465 0.01019996 1.433718 1.143699 0.0102418 1.433906 1.1454 0.0102418 1.433568 1.143544 0.01061064 1.442493 1.143699 0.0102418 1.442119 1.1454 0.0102418 1.442457 1.142257 0.0102418 1.441155 1.1454 0.01061064 1.442862 1.14465 0.009228169 1.438013 1.14197 0.01061064 1.441442 1.147256 0.01061064 1.442493 1.141294 0.0102418 1.439713 1.14465 0.01019996 1.442306 1.140919 0.01061064 1.439868 1.147101 0.0102418 1.442119 1.140955 0.0102418 1.438013 1.148543 0.0102418 1.441155 1.14055 0.01061064 1.438013 1.141294 0.0102418 1.436312 1.14615 0.009228169 1.438013 1.148829 0.01061064 1.441442 1.142257 0.0102418 1.43487 1.149506 0.0102418 1.439713 1.14615 0.01019996 1.442306 1.14988 0.01061064 1.439868 1.140919 0.01061064 1.436157 1.143699 0.0102418 1.433906 1.149844 0.0102418 1.438013 1.14197 0.01061064 1.434583 1.143544 0.01061064 1.433532 1.14465 0.01019996 1.433718 1.149506 0.0102418 1.436312 1.15025 0.01061064 1.438013 1.1454 0.01061064 1.433163 1.148543 0.0102418 1.43487 1.1454 0.0102418 1.433568 1.147101 0.0102418 1.433906 1.14988 0.01061064 1.436157 1.14615 0.01019996 1.433718 1.147256 0.01061064 1.433532 1.148829 0.01061064 1.434583 1.143699 0.0102418 1.442119 1.14465 0.01019996 1.442306 1.1454 0.0102418 1.442457 1.1454 0.0102418 1.433568 1.14615 0.01019996 1.433718 1.14465 0.01019996 1.433718 1.14615 0.01019996 1.442306 1.14465 0.01019996 1.442306 1.14465 0.01019996 1.433718 1.14615 0.01019996 1.433718 1.14615 0.01019996 1.433718 1.14615 0.009228169 1.438013 1.14615 0.01019996 1.442306 1.3745 -0.06696677 1.517109 1.3745 -0.0665 1.515 1.3845 -0.06696677 1.517109 1.3845 -0.0665 1.515 1.3745 -0.06696677 1.51289 1.3845 -0.06696677 1.51289 1.3745 -0.06696677 1.51289 1.3745 -0.0665 1.515 1.3745 -0.06696677 1.517109 1.327706 -0.08939999 1.51575 1.327706 -0.08939999 1.51425 1.336294 -0.08939999 1.51425 1.327555 -0.08935809 1.515 1.336294 -0.08939999 1.51575 1.336444 -0.08935809 1.515 1.336294 -0.08939999 1.51575 1.332 -0.09037178 1.51575 1.327706 -0.08939999 1.51575 1.336294 -0.08939999 1.51425 1.327706 -0.08939999 1.51425 1.332 -0.09037178 1.51425 1.14465 0.01019996 1.433718 1.14465 0.01019996 1.442306 1.14465 0.009228169 1.438013 1.14465 0.01019996 1.442306 1.14615 0.01019996 1.442306 1.1454 0.0102418 1.442457 1.142571 0.0162 1.440841 1.141704 0.0162 1.439543 1.14078 0.0162 1.439926 1.1404 0.0162 1.438013 1.141864 0.0162 1.441548 1.1414 0.0162 1.438013 1.143486 0.0162 1.442632 1.141704 0.0162 1.436482 1.143869 0.0162 1.441708 1.14078 0.0162 1.436099 1.1454 0.0162 1.443013 1.142571 0.0162 1.435184 1.1454 0.0162 1.442013 1.141864 0.0162 1.434477 1.14693 0.0162 1.441708 1.143486 0.0162 1.433393 1.147313 0.0162 1.442632 1.143869 0.0162 1.434317 1.148228 0.0162 1.440841 1.1454 0.0162 1.433013 1.148935 0.0162 1.441548 1.1454 0.0162 1.434013 1.150019 0.0162 1.439926 1.14693 0.0162 1.434317 1.149095 0.0162 1.439543 1.147313 0.0162 1.433393 1.1504 0.0162 1.438013 1.148228 0.0162 1.435184 1.1494 0.0162 1.438013 1.148935 0.0162 1.434477 1.149095 0.0162 1.436482 1.150019 0.0162 1.436099 1.3845 -0.06529808 1.499995 1.3845 -0.06696677 1.51289 1.3745 -0.06696677 1.51289 1.364 -0.06571257 1.501929 1.364 -0.06699997 1.515 1.364 -0.0618999 1.48936 1.3745 -0.06696677 1.517109 1.3845 -0.06116998 1.487665 1.364 -0.06571257 1.528071 1.364 -0.0557084 1.477777 1.3845 -0.06529808 1.530005 1.3845 -0.05473798 1.476364 1.3845 -0.06696677 1.517109 1.364 -0.0618999 1.54064 1.364 -0.04737609 1.467624 1.3845 -0.06116998 1.542335 1.3845 -0.04624408 1.466518 1.364 -0.0557084 1.552223 1.364 -0.03722316 1.459291 1.3845 -0.05473798 1.553636 1.3845 -0.03600841 1.458499 1.364 -0.04737609 1.562376 1.364 -0.02563977 1.4531 1.3845 -0.04624408 1.563482 1.3845 -0.02441656 1.452607 1.364 -0.03722316 1.570708 1.364 -0.01307106 1.449287 1.3845 -0.03600841 1.571501 1.3845 -0.01190507 1.449066 1.364 -0.02563977 1.5769 1.364 0 1.448 1.3845 -0.02441656 1.577393 1.3845 0.001054883 1.448008 1.364 -0.01307106 1.580713 1.364 0.01307106 1.449287 1.3845 -0.01190507 1.580934 1.3845 0.01307106 1.449287 1.364 0 1.582 1.3845 0.01397508 1.449474 1.3845 0.001054883 1.581992 1.364 0.02563977 1.4531 1.364 0.01307106 1.580713 1.3845 0.02636879 1.453407 1.3845 0.01397508 1.580526 1.364 0.03722316 1.459291 1.364 0.02563977 1.5769 1.3845 0.03776949 1.459661 1.3845 0.02636879 1.576593 1.364 0.04737609 1.467624 1.364 0.03722316 1.570708 1.3845 0.04774767 1.467998 1.3845 0.03776949 1.570339 1.364 0.0557084 1.477777 1.364 0.04737609 1.562376 1.3845 0.05592721 1.478106 1.3845 0.04774767 1.562002 1.364 0.0618999 1.48936 1.364 0.0557084 1.552223 1.3845 0.06200039 1.489604 1.3845 0.05592721 1.551894 1.364 0.06571257 1.501929 1.364 0.0618999 1.54064 1.3845 0.0657382 1.502058 1.3845 0.06200039 1.540396 1.364 0.06699997 1.515 1.364 0.06571257 1.528071 1.3845 0.06699997 1.515 1.3845 0.0657382 1.527942 1.12944 -0.02058917 1.485464 1.130824 -0.01453 1.484381 1.132256 -0.01529157 1.485464 1.128007 -0.01982766 1.484381 1.130397 -0.02109801 1.487086 1.129135 -0.0136317 1.484 1.133213 -0.01580029 1.487086 1.126318 -0.01892936 1.484 1.130733 -0.02127677 1.489 1.127445 -0.01273334 1.484381 1.13355 -0.01597905 1.489 1.124628 -0.01803106 1.484381 1.133213 -0.01580029 1.490913 1.126013 -0.01197189 1.485464 1.130397 -0.02109801 1.490913 1.123196 -0.01726955 1.485464 1.132256 -0.01529157 1.492536 1.125056 -0.01146298 1.487086 1.12944 -0.02058917 1.492536 1.122239 -0.01676064 1.487086 1.130824 -0.01453 1.493619 1.12472 -0.01128435 1.489 1.128007 -0.01982766 1.493619 1.121903 -0.01658207 1.489 1.129135 -0.0136317 1.494 1.122239 -0.01676064 1.490913 1.126318 -0.01892936 1.494 1.125056 -0.01146298 1.490913 1.127445 -0.01273334 1.493619 1.123196 -0.01726955 1.492536 1.124628 -0.01803106 1.493619 1.126013 -0.01197189 1.492536 1.35025 -0.02956229 1.58637 1.35025 -0.01507061 1.590765 1.35 -0.01502192 1.59052 1.35 0 1.592 1.35 -0.0294665 1.586139 1.35025 0 1.59225 1.35 -0.04277878 1.579023 1.35025 0.01507061 1.590765 1.35025 -0.04291772 1.579231 1.35 0.01502192 1.59052 1.35 -0.05444717 1.569447 1.35 0.0294665 1.586139 1.35025 -0.05462396 1.569624 1.35025 0.02956229 1.58637 1.35025 -0.06423097 1.557918 1.35 0.04277878 1.579023 1.35 -0.06402319 1.557779 1.35025 0.04291772 1.579231 1.35025 -0.0713697 1.544562 1.35 0.05444717 1.569447 1.35 -0.07113867 1.544467 1.35025 0.05462396 1.569624 1.35025 -0.07576566 1.530071 1.35 0.06402319 1.557779 1.35 -0.07552045 1.530022 1.35025 0.06423097 1.557918 1.35025 -0.07725 1.515 1.35 0.07113867 1.544467 1.35 -0.07699996 1.515 1.35025 0.0713697 1.544562 1.35025 -0.07576566 1.499929 1.35 0.07552045 1.530022 1.35 -0.07552045 1.499978 1.35025 0.07576566 1.530071 1.35025 -0.0713697 1.485438 1.35025 0.07725 1.515 1.35 -0.07113867 1.485533 1.35 0.07699996 1.515 1.35025 -0.06423097 1.472082 1.35025 0.07576566 1.499929 1.35 -0.06402319 1.472221 1.35 0.07552045 1.499978 1.35 -0.05444717 1.460553 1.35025 0.0713697 1.485438 1.35025 -0.05462396 1.460376 1.35 0.07113867 1.485533 1.35 -0.04277878 1.450977 1.35 0.06402319 1.472221 1.35025 -0.04291772 1.450769 1.35025 0.06423097 1.472082 1.35025 -0.02956229 1.44363 1.35 0.05444717 1.460553 1.35 -0.0294665 1.443861 1.35025 0.05462396 1.460376 1.35025 -0.01507061 1.439234 1.35025 0.04291772 1.450769 1.35 -0.01502192 1.439479 1.35 0.04277878 1.450977 1.35 0 1.438 1.35 0.0294665 1.443861 1.35025 0 1.43775 1.35025 0.02956229 1.44363 1.35025 0.01507061 1.439234 1.35 0.01502192 1.439479 1.35025 0 1.59225 1.35025 -0.01507061 1.590765 1.35475 0 1.59225 1.35475 -0.01507061 1.590765 1.35475 0.01507061 1.590765 1.35475 -0.02956229 1.58637 1.35025 0.01507061 1.590765 1.35025 -0.02956229 1.58637 1.35025 0.02956229 1.58637 1.35475 -0.04291772 1.579231 1.35475 0.02956229 1.58637 1.35025 -0.04291772 1.579231 1.35475 0.04291772 1.579231 1.35475 -0.05462396 1.569624 1.35025 0.04291772 1.579231 1.35025 -0.05462396 1.569624 1.35475 0.05462396 1.569624 1.35475 -0.06423097 1.557918 1.35025 0.05462396 1.569624 1.35025 -0.06423097 1.557918 1.35025 0.06423097 1.557918 1.35475 -0.0713697 1.544562 1.35475 0.06423097 1.557918 1.35025 -0.0713697 1.544562 1.35025 0.0713697 1.544562 1.35475 -0.07576566 1.530071 1.35475 0.0713697 1.544562 1.35025 -0.07576566 1.530071 1.35025 0.07576566 1.530071 1.35475 -0.07725 1.515 1.35475 0.07576566 1.530071 1.35025 -0.07725 1.515 1.35025 0.07725 1.515 1.35475 -0.07576566 1.499929 1.35475 0.07725 1.515 1.35025 -0.07576566 1.499929 1.35025 0.07576566 1.499929 1.35475 -0.0713697 1.485438 1.35475 0.07576566 1.499929 1.35025 -0.0713697 1.485438 1.35025 0.0713697 1.485438 1.35475 -0.06423097 1.472082 1.35475 0.0713697 1.485438 1.35025 -0.06423097 1.472082 1.35025 0.06423097 1.472082 1.35475 -0.05462396 1.460376 1.35475 0.06423097 1.472082 1.35025 -0.05462396 1.460376 1.35025 0.05462396 1.460376 1.35475 -0.04291772 1.450769 1.35475 0.05462396 1.460376 1.35025 -0.04291772 1.450769 1.35025 0.04291772 1.450769 1.35475 -0.02956229 1.44363 1.35475 0.04291772 1.450769 1.35025 -0.02956229 1.44363 1.35475 0.02956229 1.44363 1.35475 -0.01507061 1.439234 1.35025 0.02956229 1.44363 1.35025 -0.01507061 1.439234 1.35475 0.01507061 1.439234 1.35475 0 1.43775 1.35025 0.01507061 1.439234 1.35025 0 1.43775 1.355 0.01502192 1.439479 1.355 0 1.438 1.35475 0 1.43775 1.35475 -0.01507061 1.439234 1.35475 0.01507061 1.439234 1.355 -0.01502192 1.439479 1.35475 0.02956229 1.44363 1.355 -0.0294665 1.443861 1.355 0.0294665 1.443861 1.35475 -0.02956229 1.44363 1.35475 0.04291772 1.450769 1.355 -0.04277878 1.450977 1.355 0.04277878 1.450977 1.35475 -0.04291772 1.450769 1.355 0.05444717 1.460553 1.35475 -0.05462396 1.460376 1.35475 0.05462396 1.460376 1.355 -0.05444717 1.460553 1.35475 0.06423097 1.472082 1.35475 -0.06423097 1.472082 1.355 0.06402319 1.472221 1.355 -0.06402319 1.472221 1.35475 0.0713697 1.485438 1.355 -0.07113867 1.485533 1.355 0.07113867 1.485533 1.35475 -0.0713697 1.485438 1.355 0.07552045 1.499978 1.355 -0.07552045 1.499978 1.35475 0.07576566 1.499929 1.35475 -0.07576566 1.499929 1.355 0.07699996 1.515 1.355 -0.07699996 1.515 1.35475 0.07725 1.515 1.35475 -0.07725 1.515 1.355 0.07552045 1.530022 1.355 -0.07552045 1.530022 1.35475 0.07576566 1.530071 1.35475 -0.07576566 1.530071 1.355 0.07113867 1.544467 1.355 -0.07113867 1.544467 1.35475 0.0713697 1.544562 1.35475 -0.0713697 1.544562 1.35475 0.06423097 1.557918 1.355 -0.06402319 1.557779 1.355 0.06402319 1.557779 1.35475 -0.06423097 1.557918 1.35475 0.05462396 1.569624 1.355 -0.05444717 1.569447 1.355 0.05444717 1.569447 1.35475 -0.05462396 1.569624 1.355 0.04277878 1.579023 1.35475 -0.04291772 1.579231 1.35475 0.04291772 1.579231 1.355 -0.04277878 1.579023 1.35475 0.02956229 1.58637 1.35475 -0.02956229 1.58637 1.355 0.0294665 1.586139 1.355 -0.0294665 1.586139 1.35475 0.01507061 1.590765 1.35475 -0.01507061 1.590765 1.355 0.01502192 1.59052 1.355 -0.01502192 1.59052 1.355 0 1.592 1.35475 0 1.59225 1.355 0 1.438 1.355 0.01502192 1.439479 1.364 0 1.438 1.364 0.01502192 1.439479 1.364 -0.01502192 1.439479 1.355 0.0294665 1.443861 1.355 -0.01502192 1.439479 1.364 0.0294665 1.443861 1.364 -0.0294665 1.443861 1.355 0.04277878 1.450977 1.355 -0.0294665 1.443861 1.364 0.04277878 1.450977 1.364 -0.04277878 1.450977 1.355 0.05444717 1.460553 1.355 -0.04277878 1.450977 1.364 0.05444717 1.460553 1.364 -0.05444717 1.460553 1.355 0.06402319 1.472221 1.355 -0.05444717 1.460553 1.364 0.06402319 1.472221 1.364 -0.06402319 1.472221 1.355 0.07113867 1.485533 1.355 -0.06402319 1.472221 1.364 0.07113867 1.485533 1.364 -0.07113867 1.485533 1.355 0.07552045 1.499978 1.355 -0.07113867 1.485533 1.364 0.07552045 1.499978 1.364 -0.07552045 1.499978 1.355 0.07699996 1.515 1.355 -0.07552045 1.499978 1.364 0.07699996 1.515 1.355 -0.07699996 1.515 1.364 0.07552045 1.530022 1.364 -0.07699996 1.515 1.355 0.07552045 1.530022 1.355 -0.07552045 1.530022 1.364 0.07113867 1.544467 1.364 -0.07552045 1.530022 1.355 0.07113867 1.544467 1.355 -0.07113867 1.544467 1.364 0.06402319 1.557779 1.364 -0.07113867 1.544467 1.355 0.06402319 1.557779 1.355 -0.06402319 1.557779 1.364 0.05444717 1.569447 1.364 -0.06402319 1.557779 1.355 0.05444717 1.569447 1.355 -0.05444717 1.569447 1.364 0.04277878 1.579023 1.364 -0.05444717 1.569447 1.355 0.04277878 1.579023 1.355 -0.04277878 1.579023 1.364 0.0294665 1.586139 1.364 -0.04277878 1.579023 1.355 0.0294665 1.586139 1.355 -0.0294665 1.586139 1.364 0.01502192 1.59052 1.364 -0.0294665 1.586139 1.355 0.01502192 1.59052 1.355 -0.01502192 1.59052 1.364 0 1.592 1.364 -0.01502192 1.59052 1.355 0 1.592 1.364 0.01502192 1.439479 1.364 0.0294665 1.443861 1.364 0.01650518 1.440359 1.364 0.01767778 1.441532 1.364 0.01497316 1.439725 1.364 0.01831239 1.443064 1.364 0.0133149 1.439725 1.364 0.01831239 1.444722 1.364 0 1.438 1.364 0.02563977 1.4531 1.364 0.005909383 1.440002 1.364 0.03674507 1.452357 1.364 0.01767778 1.446254 1.364 0.01178288 1.440359 1.364 0.00483638 1.440002 1.364 0.03791767 1.451185 1.364 0.03611046 1.453889 1.364 0.01650518 1.447427 1.364 0.006900668 1.440413 1.364 0.003844976 1.440413 1.364 0.03944969 1.45055 1.364 0.03611046 1.455548 1.364 0.01497316 1.448061 1.364 0.007659316 1.441171 1.364 0.003086209 1.441171 1.364 0.04110795 1.45055 1.364 0.03674507 1.45708 1.364 0.01307106 1.449287 1.364 0.01061028 1.441532 1.364 0.002675652 1.442163 1.364 0.04277878 1.450977 1.364 0.03722316 1.459291 1.364 0.0133149 1.448061 1.364 0.008069992 1.442163 1.364 0.002675652 1.443236 1.364 0.04263997 1.451185 1.364 0.03791767 1.458252 1.364 0.01178288 1.447427 1.364 0.009975671 1.443064 1.364 0 1.448 1.364 0.04381257 1.452357 1.364 0.03944969 1.458887 1.364 0.005909383 1.445396 1.364 0.008069992 1.443236 1.364 0.003086209 1.444227 1.364 -0.009975671 1.443064 1.364 0.05444717 1.460553 1.364 0.04737609 1.467624 1.364 0.01061028 1.446254 1.364 0.009975671 1.444722 1.364 0.003844976 1.444986 1.364 -0.009975671 1.444722 1.364 -0.01061028 1.441532 1.364 0.04444718 1.453889 1.364 0.04110795 1.458887 1.364 0.00483638 1.445396 1.364 0.006900668 1.444986 1.364 0.007659316 1.444227 1.364 -0.01061028 1.446254 1.364 -0.01178288 1.440359 1.364 0.04444718 1.455548 1.364 0.04263997 1.458252 1.364 -0.01178288 1.447427 1.364 -0.0133149 1.439725 1.364 0.04381257 1.45708 1.364 -0.01307106 1.449287 1.364 -0.01502192 1.439479 1.364 -0.0133149 1.448061 1.364 -0.01497316 1.439725 1.364 0.05792033 1.471187 1.364 -0.01497316 1.448061 1.364 -0.01650518 1.440359 1.364 0.05945235 1.470553 1.364 0.05674779 1.47236 1.364 -0.02563977 1.4531 1.364 -0.0294665 1.443861 1.364 0.06111061 1.470553 1.364 0.05611318 1.473892 1.364 -0.01650518 1.447427 1.364 -0.01767778 1.441532 1.364 0.06264269 1.471187 1.364 0.05611318 1.47555 1.364 -0.01767778 1.446254 1.364 -0.01831239 1.443064 1.364 0.06402319 1.472221 1.364 0.0557084 1.477777 1.364 -0.01831239 1.444722 1.364 0.06381529 1.47236 1.364 0.05674779 1.477082 1.364 0.0644499 1.473892 1.364 0.05792033 1.478255 1.364 -0.03674507 1.452357 1.364 0.07113867 1.485533 1.364 0.0618999 1.48936 1.364 -0.03611046 1.453889 1.364 -0.03791767 1.451185 1.364 0.0644499 1.47555 1.364 0.05945235 1.478889 1.364 -0.03611046 1.455548 1.364 -0.03944969 1.45055 1.364 0.06381529 1.477082 1.364 0.06111061 1.478889 1.364 -0.03674507 1.45708 1.364 -0.04110795 1.45055 1.364 0.06264269 1.478255 1.364 -0.03722316 1.459291 1.364 -0.04277878 1.450977 1.364 -0.03791767 1.458252 1.364 -0.04263997 1.451185 1.364 0.07027781 1.496688 1.364 -0.03944969 1.458887 1.364 -0.04381257 1.452357 1.364 0.06874579 1.497322 1.364 0.07193607 1.496688 1.364 -0.04737609 1.467624 1.364 -0.05444717 1.460553 1.364 0.06757318 1.498495 1.364 0.07346808 1.497322 1.364 -0.04110795 1.458887 1.364 -0.04444718 1.453889 1.364 0.06693857 1.500027 1.364 0.07464069 1.498495 1.364 -0.04263997 1.458252 1.364 -0.04444718 1.455548 1.364 0.06571257 1.501929 1.364 0.07552045 1.499978 1.364 -0.04381257 1.45708 1.364 0.06693857 1.501685 1.364 0.0752753 1.500027 1.364 0.06757318 1.503217 1.364 0.0752753 1.501685 1.364 -0.05792033 1.471187 1.364 0.06699997 1.515 1.364 0.07699996 1.515 1.364 -0.05674779 1.47236 1.364 -0.05945235 1.470553 1.364 0.06874579 1.50439 1.364 0.07464069 1.503217 1.364 -0.05611318 1.473892 1.364 -0.06111061 1.470553 1.364 0.07021349 1.513472 1.364 0.07478648 1.513472 1.364 -0.05611318 1.47555 1.364 -0.06264269 1.471187 1.364 0.0709722 1.512713 1.364 0.06980276 1.514463 1.364 0.07519716 1.514463 1.364 0.07402777 1.512713 1.364 -0.0557084 1.477777 1.364 -0.06402319 1.472221 1.364 0.07027781 1.505024 1.364 0.06980276 1.515536 1.364 0.07519716 1.515536 1.364 0.07346808 1.50439 1.364 -0.05674779 1.477082 1.364 -0.06381529 1.47236 1.364 0.07196348 1.512303 1.364 0.07021349 1.516528 1.364 0.07478648 1.516528 1.364 0.07303649 1.512303 1.364 -0.05792033 1.478255 1.364 -0.0644499 1.473892 1.364 0.07193607 1.505024 1.364 0.06874579 1.52561 1.364 0.07464069 1.526783 1.364 -0.0618999 1.48936 1.364 -0.07113867 1.485533 1.364 0.06757318 1.526783 1.364 0.0709722 1.517286 1.364 0.0752753 1.528315 1.364 0.07402777 1.517286 1.364 -0.05945235 1.478889 1.364 -0.0644499 1.47555 1.364 0.06571257 1.528071 1.364 0.07027781 1.524976 1.364 0.07552045 1.530022 1.364 0.07346808 1.52561 1.364 -0.06111061 1.478889 1.364 -0.06381529 1.477082 1.364 0.06693857 1.528315 1.364 0.07196348 1.517697 1.364 0.0752753 1.529973 1.364 0.07303649 1.517697 1.364 -0.06264269 1.478255 1.364 0.06693857 1.529973 1.364 0.07193607 1.524976 1.364 0.07464069 1.531505 1.364 0.0618999 1.54064 1.364 0.07113867 1.544467 1.364 -0.07027781 1.496688 1.364 0.06757318 1.531505 1.364 0.07346808 1.532678 1.364 -0.06874579 1.497322 1.364 -0.07193607 1.496688 1.364 0.06874579 1.532678 1.364 0.07193607 1.533312 1.364 -0.06757318 1.498495 1.364 -0.07346808 1.497322 1.364 0.07027781 1.533312 1.364 -0.06693857 1.500027 1.364 -0.07464069 1.498495 1.364 -0.06571257 1.501929 1.364 -0.07552045 1.499978 1.364 0.06264269 1.551745 1.364 -0.06693857 1.501685 1.364 -0.0752753 1.500027 1.364 0.06111061 1.55111 1.364 0.06381529 1.552918 1.364 -0.06757318 1.503217 1.364 -0.0752753 1.501685 1.364 0.05945235 1.55111 1.364 0.0644499 1.55445 1.364 -0.06699997 1.515 1.364 -0.07699996 1.515 1.364 0.05792033 1.551745 1.364 0.0644499 1.556108 1.364 -0.06874579 1.50439 1.364 -0.07464069 1.503217 1.364 0.0557084 1.552223 1.364 0.06402319 1.557779 1.364 -0.07021349 1.513472 1.364 -0.07478648 1.513472 1.364 0.05674779 1.552918 1.364 0.06381529 1.55764 1.364 -0.06980276 1.514463 1.364 -0.0709722 1.512713 1.364 -0.07519716 1.514463 1.364 -0.07402777 1.512713 1.364 0.05611318 1.55445 1.364 0.06264269 1.558812 1.364 -0.06980276 1.515536 1.364 -0.07027781 1.505024 1.364 -0.07519716 1.515536 1.364 -0.07346808 1.50439 1.364 0.04737609 1.562376 1.364 0.05444717 1.569447 1.364 -0.07021349 1.516528 1.364 -0.07196348 1.512303 1.364 -0.07478648 1.516528 1.364 -0.07303649 1.512303 1.364 0.05611318 1.556108 1.364 0.06111061 1.559447 1.364 -0.06874579 1.52561 1.364 -0.07193607 1.505024 1.364 -0.07464069 1.526783 1.364 0.05674779 1.55764 1.364 0.05945235 1.559447 1.364 -0.06757318 1.526783 1.364 -0.0709722 1.517286 1.364 -0.07402777 1.517286 1.364 -0.0752753 1.528315 1.364 0.05792033 1.558812 1.364 -0.06571257 1.528071 1.364 -0.07027781 1.524976 1.364 -0.07346808 1.52561 1.364 -0.07552045 1.530022 1.364 -0.06693857 1.528315 1.364 -0.07196348 1.517697 1.364 -0.07303649 1.517697 1.364 -0.0752753 1.529973 1.364 0.04381257 1.57292 1.364 -0.06693857 1.529973 1.364 -0.07193607 1.524976 1.364 -0.07464069 1.531505 1.364 0.04444718 1.574452 1.364 0.04263997 1.571748 1.364 -0.0618999 1.54064 1.364 -0.07113867 1.544467 1.364 0.04444718 1.576111 1.364 0.04110795 1.571113 1.364 -0.06757318 1.531505 1.364 -0.07346808 1.532678 1.364 0.04381257 1.577643 1.364 0.03944969 1.571113 1.364 -0.06874579 1.532678 1.364 -0.07193607 1.533312 1.364 0.04277878 1.579023 1.364 0.03722316 1.570708 1.364 -0.07027781 1.533312 1.364 0.04263997 1.578815 1.364 0.03791767 1.571748 1.364 0.04110795 1.57945 1.364 0.03674507 1.57292 1.364 -0.06264269 1.551745 1.364 0.0294665 1.586139 1.364 0.02563977 1.5769 1.364 -0.06111061 1.55111 1.364 -0.06381529 1.552918 1.364 0.03944969 1.57945 1.364 0.03611046 1.574452 1.364 -0.05945235 1.55111 1.364 -0.0644499 1.55445 1.364 0.03791767 1.578815 1.364 0.03611046 1.576111 1.364 -0.05792033 1.551745 1.364 -0.0644499 1.556108 1.364 0.03674507 1.577643 1.364 -0.0557084 1.552223 1.364 -0.06402319 1.557779 1.364 -0.05674779 1.552918 1.364 -0.06381529 1.55764 1.364 0.01831239 1.585278 1.364 -0.05611318 1.55445 1.364 -0.06264269 1.558812 1.364 0.01831239 1.586936 1.364 0.01767778 1.583746 1.364 -0.04737609 1.562376 1.364 -0.05444717 1.569447 1.364 0.01767778 1.588468 1.364 0.01650518 1.582573 1.364 -0.05611318 1.556108 1.364 -0.06111061 1.559447 1.364 0.01650518 1.58964 1.364 0.01497316 1.581939 1.364 -0.05674779 1.55764 1.364 -0.05945235 1.559447 1.364 0.01502192 1.59052 1.364 0.01307106 1.580713 1.364 -0.05792033 1.558812 1.364 0.01497316 1.590275 1.364 0.0133149 1.581939 1.364 0.0133149 1.590275 1.364 0.01178288 1.582573 1.364 -0.04381257 1.57292 1.364 0 1.592 1.364 0 1.582 1.364 -0.04444718 1.574452 1.364 -0.04263997 1.571748 1.364 0.01178288 1.58964 1.364 0.01061028 1.583746 1.364 -0.04444718 1.576111 1.364 -0.04110795 1.571113 1.364 0.001527786 1.589786 1.364 0.001527786 1.585213 1.364 -0.04381257 1.577643 1.364 -0.03944969 1.571113 1.364 5.365e-4 1.590197 1.364 0.002286434 1.589028 1.364 5.365e-4 1.584803 1.364 0.002286434 1.585972 1.364 -0.04277878 1.579023 1.364 -0.03722316 1.570708 1.364 -5.365e-4 1.590197 1.364 0.01061028 1.588468 1.364 -5.365e-4 1.584803 1.364 0.009975671 1.585278 1.364 -0.04263997 1.578815 1.364 -0.03791767 1.571748 1.364 -0.001527786 1.589786 1.364 0.00269711 1.588036 1.364 -0.001527786 1.585213 1.364 0.00269711 1.586963 1.364 -0.04110795 1.57945 1.364 -0.03674507 1.57292 1.364 -0.01178288 1.58964 1.364 0.009975671 1.586936 1.364 -0.01061028 1.583746 1.364 -0.0294665 1.586139 1.364 -0.02563977 1.5769 1.364 -0.002286434 1.589028 1.364 -0.0133149 1.590275 1.364 -0.01178288 1.582573 1.364 -0.002286434 1.585972 1.364 -0.03944969 1.57945 1.364 -0.03611046 1.574452 1.364 -0.01061028 1.588468 1.364 -0.01502192 1.59052 1.364 -0.01307106 1.580713 1.364 -0.009975671 1.585278 1.364 -0.03791767 1.578815 1.364 -0.03611046 1.576111 1.364 -0.00269711 1.588036 1.364 -0.01497316 1.590275 1.364 -0.0133149 1.581939 1.364 -0.00269711 1.586963 1.364 -0.03674507 1.577643 1.364 -0.009975671 1.586936 1.364 -0.01650518 1.58964 1.364 -0.01497316 1.581939 1.364 -0.01831239 1.585278 1.364 -0.01767778 1.588468 1.364 -0.01650518 1.582573 1.364 -0.01831239 1.586936 1.364 -0.01767778 1.583746 1.319527 -0.05688732 1.572533 1.321886 -0.05221146 1.572 1.3222 -0.0567004 1.572 1.31921 -0.05235165 1.572533 1.324561 -0.05207127 1.572533 1.317262 -0.05704569 1.57405 1.324872 -0.0565136 1.572533 1.316942 -0.05247056 1.57405 1.32683 -0.05195236 1.57405 1.315748 -0.05715167 1.576321 1.327137 -0.05635523 1.57405 1.315427 -0.05254989 1.576321 1.328345 -0.0518729 1.576321 1.315217 -0.05718868 1.579 1.328651 -0.05624938 1.576321 1.314894 -0.05257785 1.579 1.328877 -0.05184507 1.579 1.315427 -0.05254989 1.581679 1.329183 -0.05621212 1.579 1.315748 -0.05715167 1.581679 1.328651 -0.05624938 1.581679 1.316942 -0.05247056 1.58395 1.328345 -0.0518729 1.581679 1.317262 -0.05704569 1.58395 1.327137 -0.05635523 1.58395 1.31921 -0.05235165 1.585467 1.32683 -0.05195236 1.58395 1.319527 -0.05688732 1.585467 1.324872 -0.0565136 1.585467 1.321886 -0.05221146 1.586 1.324561 -0.05207127 1.585467 1.3222 -0.0567004 1.586 1.319527 -0.05688732 1.572533 1.3222 -0.0567004 1.572 1.317262 -0.05704569 1.57405 1.327137 -0.05635523 1.57405 1.324872 -0.0565136 1.572533 1.317262 -0.05704569 1.58395 1.315217 -0.05718868 1.579 1.327137 -0.05635523 1.58395 1.315748 -0.05715167 1.576321 1.315748 -0.05715167 1.581679 1.329183 -0.05621212 1.579 1.3222 -0.0567004 1.586 1.328651 -0.05624938 1.576321 1.328651 -0.05624938 1.581679 1.324872 -0.0565136 1.585467 1.319527 -0.05688732 1.585467 1.321886 -0.05221146 1.444 1.322121 -0.05670523 1.444 1.319211 -0.05235165 1.444533 1.324796 -0.0565651 1.444533 1.319446 -0.05684542 1.444533 1.324561 -0.05207127 1.444533 1.316943 -0.05247038 1.44605 1.327064 -0.05644625 1.44605 1.317178 -0.05696433 1.44605 1.326829 -0.05195236 1.44605 1.315428 -0.05254989 1.448321 1.32858 -0.05636686 1.448321 1.315663 -0.05704379 1.448321 1.328344 -0.0518729 1.448321 1.314895 -0.05257779 1.451 1.329112 -0.0563389 1.451 1.315131 -0.05707162 1.451 1.328876 -0.05184507 1.451 1.315663 -0.05704379 1.453679 1.328344 -0.0518729 1.453679 1.315428 -0.05254989 1.453679 1.32858 -0.05636686 1.453679 1.317178 -0.05696433 1.45595 1.326829 -0.05195236 1.45595 1.316943 -0.05247038 1.45595 1.327064 -0.05644625 1.45595 1.319446 -0.05684542 1.457467 1.324561 -0.05207127 1.457467 1.319211 -0.05235165 1.457467 1.324796 -0.0565651 1.457467 1.322121 -0.05670523 1.458 1.321886 -0.05221146 1.458 1.1454 0.0162 1.442013 1.14693 0.0162 1.441708 1.1454 0.01719999 1.442013 1.14693 0.01719999 1.441708 1.143869 0.01719999 1.441708 1.148228 0.01719999 1.440841 1.143869 0.0162 1.441708 1.148228 0.0162 1.440841 1.142571 0.0162 1.440841 1.149095 0.01719999 1.439543 1.142571 0.01719999 1.440841 1.149095 0.0162 1.439543 1.141704 0.0162 1.439543 1.1494 0.01719999 1.438013 1.141704 0.01719999 1.439543 1.1494 0.0162 1.438013 1.1414 0.0162 1.438013 1.149095 0.01719999 1.436482 1.1414 0.01719999 1.438013 1.149095 0.0162 1.436482 1.141704 0.01719999 1.436482 1.148228 0.01719999 1.435184 1.141704 0.0162 1.436482 1.148228 0.0162 1.435184 1.142571 0.0162 1.435184 1.14693 0.01719999 1.434317 1.142571 0.01719999 1.435184 1.14693 0.0162 1.434317 1.143869 0.0162 1.434317 1.1454 0.01719999 1.434013 1.143869 0.01719999 1.434317 1.1454 0.0162 1.434013 1.144252 0.02969998 1.440784 1.1454 0.02969998 1.441013 1.144443 0.0302 1.440322 1.1454 0.0302 1.440513 1.143632 0.0302 1.43978 1.146357 0.0302 1.440322 1.143279 0.02969998 1.440134 1.146548 0.02969998 1.440784 1.142628 0.02969998 1.439161 1.147168 0.0302 1.43978 1.14309 0.0302 1.438969 1.147521 0.02969998 1.440134 1.1424 0.02969998 1.438013 1.148171 0.02969998 1.439161 1.1429 0.0302 1.438013 1.14771 0.0302 1.438969 1.14309 0.0302 1.437056 1.1484 0.02969998 1.438013 1.142628 0.02969998 1.436864 1.1479 0.0302 1.438013 1.143632 0.0302 1.436245 1.14771 0.0302 1.437056 1.143279 0.02969998 1.435891 1.148171 0.02969998 1.436864 1.144252 0.02969998 1.435241 1.147168 0.0302 1.436245 1.144443 0.0302 1.435703 1.147521 0.02969998 1.435891 1.1454 0.02969998 1.435013 1.146548 0.02969998 1.435241 1.1454 0.0302 1.435513 1.146357 0.0302 1.435703 1.1454 0.0302 1.435513 1.144443 0.0302 1.435703 1.146357 0.0302 1.435703 1.14771 0.0302 1.437056 1.14309 0.0302 1.437056 1.147168 0.0302 1.436245 1.143632 0.0302 1.436245 1.14771 0.0302 1.438969 1.14309 0.0302 1.438969 1.1479 0.0302 1.438013 1.1429 0.0302 1.438013 1.146357 0.0302 1.440322 1.144443 0.0302 1.440322 1.147168 0.0302 1.43978 1.143632 0.0302 1.43978 1.1454 0.0302 1.440513 1.1454 0.02561479 1.441013 1.146542 0.0256536 1.440786 1.1454 0.02969998 1.441013 1.146548 0.02969998 1.440784 1.144252 0.02969998 1.440784 1.147517 0.0256654 1.440137 1.144248 0.02555406 1.440782 1.147521 0.02969998 1.440134 1.143279 0.02969998 1.440134 1.148171 0.02969998 1.439161 1.143276 0.0254814 1.440131 1.14817 0.02564895 1.439164 1.142628 0.02969998 1.439161 1.1484 0.02969998 1.438013 1.142628 0.02540856 1.439158 1.1484 0.02560788 1.438013 1.1424 0.02969998 1.438013 1.148171 0.02969998 1.436864 1.1424 0.02534759 1.438011 1.148172 0.02554863 1.436865 1.142628 0.02969998 1.436864 1.147521 0.02969998 1.435891 1.142629 0.02530825 1.436862 1.147522 0.02548009 1.435893 1.143279 0.02969998 1.435891 1.146548 0.02969998 1.435241 1.14328 0.02529615 1.435889 1.14655 0.02541166 1.435242 1.144255 0.02531218 1.43524 1.1454 0.02969998 1.435013 1.144252 0.02969998 1.435241 1.145403 0.02535289 1.435013 1.236169 -0.07733798 1.581081 1.238985 -0.07204025 1.581081 1.240418 -0.07280176 1.582164 1.234479 -0.07643967 1.5807 1.237601 -0.07809948 1.582164 1.237296 -0.07114201 1.5807 1.241375 -0.07331067 1.583786 1.23279 -0.07554137 1.581081 1.238558 -0.07860839 1.583786 1.235606 -0.07024365 1.581081 1.241711 -0.0734893 1.5857 1.231357 -0.0747798 1.582164 1.238894 -0.07878696 1.5857 1.234174 -0.0694822 1.582164 1.238558 -0.07860839 1.587613 1.2304 -0.07427102 1.583786 1.241375 -0.07331067 1.587613 1.233217 -0.0689733 1.583786 1.237601 -0.07809948 1.589235 1.230064 -0.07409226 1.5857 1.240418 -0.07280176 1.589235 1.232881 -0.0687946 1.5857 1.236169 -0.07733798 1.590319 1.233217 -0.0689733 1.587613 1.238985 -0.07204025 1.590319 1.2304 -0.07427102 1.587613 1.234479 -0.07643967 1.5907 1.234174 -0.0694822 1.589235 1.237296 -0.07114201 1.5907 1.231357 -0.0747798 1.589235 1.23279 -0.07554137 1.590319 1.235606 -0.07024365 1.590319 1.236169 -0.07733798 1.43968 1.238985 -0.07204025 1.43968 1.240418 -0.07280176 1.440764 1.234479 -0.07643967 1.4393 1.237601 -0.07809948 1.440764 1.237296 -0.07114201 1.4393 1.241375 -0.07331067 1.442387 1.23279 -0.07554137 1.43968 1.238558 -0.07860839 1.442387 1.235606 -0.07024365 1.43968 1.241711 -0.0734893 1.4443 1.231357 -0.0747798 1.440764 1.238894 -0.07878696 1.4443 1.234174 -0.0694822 1.440764 1.238558 -0.07860839 1.446213 1.2304 -0.07427102 1.442387 1.241375 -0.07331067 1.446213 1.233217 -0.0689733 1.442387 1.237601 -0.07809948 1.447836 1.230064 -0.07409226 1.4443 1.240418 -0.07280176 1.447836 1.232881 -0.0687946 1.4443 1.236169 -0.07733798 1.448919 1.233217 -0.0689733 1.446213 1.238985 -0.07204025 1.448919 1.2304 -0.07427102 1.446213 1.234479 -0.07643967 1.4493 1.234174 -0.0694822 1.447836 1.237296 -0.07114201 1.4493 1.231357 -0.0747798 1.447836 1.23279 -0.07554137 1.448919 1.235606 -0.07024365 1.448919 1.30908 -0.10931 1.4885 1.310769 -0.1102083 1.488881 1.306263 -0.1146077 1.4885 1.307952 -0.115506 1.488881 1.304573 -0.1137094 1.488881 1.312201 -0.1109699 1.489964 1.30739 -0.1084117 1.488881 1.309384 -0.1162675 1.489964 1.303141 -0.1129479 1.489964 1.313158 -0.1114787 1.491586 1.305958 -0.1076502 1.489964 1.310341 -0.1167764 1.491586 1.302184 -0.112439 1.491586 1.313494 -0.1116574 1.4935 1.305001 -0.1071414 1.491586 1.310677 -0.1169551 1.4935 1.301848 -0.1122604 1.4935 1.310341 -0.1167764 1.495413 1.304665 -0.1069627 1.4935 1.313158 -0.1114787 1.495413 1.305001 -0.1071414 1.495413 1.309384 -0.1162675 1.497036 1.302184 -0.112439 1.495413 1.312201 -0.1109699 1.497036 1.305958 -0.1076502 1.497036 1.307952 -0.115506 1.498119 1.303141 -0.1129479 1.497036 1.310769 -0.1102083 1.498119 1.30739 -0.1084117 1.498119 1.306263 -0.1146077 1.4985 1.304573 -0.1137094 1.498119 1.30908 -0.10931 1.4985 1.30908 -0.10931 1.5315 1.310769 -0.1102083 1.531881 1.306263 -0.1146077 1.5315 1.307952 -0.115506 1.531881 1.304573 -0.1137094 1.531881 1.312201 -0.1109699 1.532964 1.30739 -0.1084117 1.531881 1.309384 -0.1162675 1.532964 1.303141 -0.1129479 1.532964 1.313158 -0.1114787 1.534586 1.305958 -0.1076502 1.532964 1.310341 -0.1167764 1.534586 1.302184 -0.112439 1.534586 1.313494 -0.1116574 1.5365 1.305001 -0.1071414 1.534586 1.310677 -0.1169551 1.5365 1.301848 -0.1122604 1.5365 1.310341 -0.1167764 1.538413 1.304665 -0.1069627 1.5365 1.313158 -0.1114787 1.538413 1.305001 -0.1071414 1.538413 1.309384 -0.1162675 1.540035 1.302184 -0.112439 1.538413 1.312201 -0.1109699 1.540035 1.305958 -0.1076502 1.540035 1.307952 -0.115506 1.541119 1.303141 -0.1129479 1.540035 1.310769 -0.1102083 1.541119 1.30739 -0.1084117 1.541119 1.306263 -0.1146077 1.5415 1.304573 -0.1137094 1.541119 1.30908 -0.10931 1.5415 1.129135 -0.0136317 1.536 1.130824 -0.01453 1.536381 1.126318 -0.01892936 1.536 1.128007 -0.01982766 1.536381 1.124628 -0.01803106 1.536381 1.132256 -0.01529157 1.537464 1.127445 -0.01273334 1.536381 1.12944 -0.02058917 1.537464 1.123196 -0.01726955 1.537464 1.133213 -0.01580029 1.539086 1.126013 -0.01197189 1.537464 1.130397 -0.02109801 1.539086 1.122239 -0.01676064 1.539086 1.13355 -0.01597905 1.541 1.125056 -0.01146298 1.539086 1.130733 -0.02127677 1.541 1.121903 -0.01658207 1.541 1.130397 -0.02109801 1.542913 1.12472 -0.01128435 1.541 1.133213 -0.01580029 1.542913 1.125056 -0.01146298 1.542913 1.12944 -0.02058917 1.544535 1.122239 -0.01676064 1.542913 1.132256 -0.01529157 1.544535 1.126013 -0.01197189 1.544535 1.128007 -0.01982766 1.545619 1.123196 -0.01726955 1.544535 1.130824 -0.01453 1.545619 1.127445 -0.01273334 1.545619 1.126318 -0.01892936 1.546 1.124628 -0.01803106 1.545619 1.129135 -0.0136317 1.546 1.173983 -0.03747802 1.591452 1.171166 -0.04277575 1.591452 1.172887 -0.04369068 1.591545 1.172425 -0.0366494 1.590622 1.175704 -0.03839296 1.591545 1.169608 -0.041947 1.590622 1.174508 -0.04455232 1.590884 1.171266 -0.03603309 1.589178 1.177325 -0.03925478 1.590884 1.168449 -0.04133075 1.589178 1.175782 -0.04522985 1.589571 1.170682 -0.03572285 1.587343 1.178599 -0.03993219 1.589571 1.167865 -0.04102057 1.587343 1.176516 -0.04561996 1.587806 1.167947 -0.0410639 1.585394 1.179333 -0.0403223 1.587806 1.170764 -0.03576618 1.585394 1.179414 -0.04036551 1.585857 1.16868 -0.04145383 1.583629 1.176597 -0.04566311 1.585857 1.171497 -0.03615611 1.583629 1.178831 -0.04005539 1.584022 1.169955 -0.04213136 1.582316 1.176014 -0.04535305 1.584022 1.172771 -0.0368337 1.582316 1.177671 -0.03943908 1.582578 1.171575 -0.04299312 1.581656 1.174855 -0.0447368 1.582578 1.174392 -0.0376954 1.581656 1.176113 -0.03861033 1.581748 1.173296 -0.04390799 1.581748 1.175048 -0.03804427 1.4484 1.173359 -0.03714597 1.448019 1.172231 -0.04334187 1.4484 1.170542 -0.04244357 1.448019 1.173921 -0.04424011 1.448019 1.171926 -0.0363844 1.446935 1.176737 -0.03894239 1.448019 1.16911 -0.04168206 1.446935 1.175353 -0.0450018 1.446935 1.170969 -0.03587549 1.445313 1.17817 -0.03970408 1.446935 1.168153 -0.04117321 1.445313 1.17631 -0.04551059 1.445313 1.170633 -0.03569686 1.4434 1.179127 -0.04021281 1.445313 1.167817 -0.04099458 1.4434 1.176646 -0.04568928 1.4434 1.168153 -0.04117321 1.441487 1.179463 -0.04039156 1.4434 1.170969 -0.03587549 1.441487 1.179127 -0.04021281 1.441487 1.16911 -0.04168206 1.439864 1.17631 -0.04551059 1.441487 1.171926 -0.0363844 1.439864 1.17817 -0.03970408 1.439864 1.170542 -0.04244357 1.438781 1.175353 -0.0450018 1.439864 1.173359 -0.03714597 1.438781 1.176737 -0.03894239 1.438781 1.172231 -0.04334187 1.4384 1.173921 -0.04424011 1.438781 1.175048 -0.03804427 1.4384 1.355 0.04619389 1.495866 1.355 0.0490393 1.505245 1.365 0.0490393 1.505245 1.365 0.04999995 1.515 1.365 0.04619389 1.495866 1.355 0.04999995 1.515 1.355 0.04157346 1.487221 1.365 0.0490393 1.524755 1.365 0.04157346 1.487221 1.355 0.0490393 1.524755 1.355 0.03535521 1.479645 1.365 0.04619389 1.534134 1.365 0.03535521 1.479645 1.355 0.04619389 1.534134 1.355 0.0277785 1.473427 1.365 0.04157346 1.542779 1.365 0.0277785 1.473427 1.355 0.04157346 1.542779 1.355 0.01913416 1.468806 1.365 0.03535521 1.550355 1.365 0.01913416 1.468806 1.355 0.03535521 1.550355 1.355 0.009754478 1.465961 1.365 0.0277785 1.556573 1.365 0.009754478 1.465961 1.355 0.0277785 1.556573 1.355 0 1.465 1.365 0.01913416 1.561194 1.365 0 1.465 1.355 0.01913416 1.561194 1.365 -0.009754478 1.465961 1.365 0.009754478 1.564039 1.355 -0.009754478 1.465961 1.355 0.009754478 1.564039 1.365 -0.01913416 1.468806 1.365 0 1.565 1.355 -0.01913416 1.468806 1.355 0 1.565 1.365 -0.0277785 1.473427 1.355 -0.009754478 1.564039 1.355 -0.0277785 1.473427 1.365 -0.009754478 1.564039 1.365 -0.03535521 1.479645 1.355 -0.01913416 1.561194 1.355 -0.03535521 1.479645 1.365 -0.01913416 1.561194 1.365 -0.04157346 1.487221 1.355 -0.0277785 1.556573 1.355 -0.04157346 1.487221 1.365 -0.0277785 1.556573 1.365 -0.04619389 1.495866 1.355 -0.03535521 1.550355 1.355 -0.04619389 1.495866 1.365 -0.03535521 1.550355 1.365 -0.0490393 1.505245 1.355 -0.04157346 1.542779 1.355 -0.0490393 1.505245 1.365 -0.04157346 1.542779 1.365 -0.04999995 1.515 1.355 -0.04619389 1.534134 1.355 -0.04999995 1.515 1.365 -0.04619389 1.534134 1.365 -0.0490393 1.524755 1.355 -0.0490393 1.524755 1.355 0.02391767 1.572742 1.355 0.009754478 1.564039 1.355 0.01913416 1.561194 1.355 0.01219308 1.576299 1.355 0.0347231 1.566967 1.355 0 1.5775 1.355 0.0277785 1.556573 1.355 0 1.565 1.355 0.04419416 1.559194 1.355 -0.009754478 1.564039 1.355 0.03535521 1.550355 1.355 -0.01219308 1.576299 1.355 0.0519669 1.549723 1.355 -0.02391767 1.572742 1.355 0.04157346 1.542779 1.355 -0.01913416 1.561194 1.355 0.05774241 1.538918 1.355 -0.0347231 1.566967 1.355 0.04619389 1.534134 1.355 -0.0277785 1.556573 1.355 0.06129902 1.527193 1.355 -0.04419416 1.559194 1.355 0.0490393 1.524755 1.355 -0.03535521 1.550355 1.355 0.0625 1.515 1.355 -0.0519669 1.549723 1.355 0.04999995 1.515 1.355 -0.04157346 1.542779 1.355 0.06129902 1.502807 1.355 -0.05774241 1.538918 1.355 0.0490393 1.505245 1.355 -0.04619389 1.534134 1.355 0.05774241 1.491082 1.355 -0.06129902 1.527193 1.355 0.04619389 1.495866 1.355 -0.0490393 1.524755 1.355 0.04157346 1.487221 1.355 -0.0625 1.515 1.355 0.0519669 1.480277 1.355 -0.04999995 1.515 1.355 0.03535521 1.479645 1.355 -0.06129902 1.502807 1.355 0.04419416 1.470806 1.355 -0.0490393 1.505245 1.355 0.0277785 1.473427 1.355 -0.05774241 1.491082 1.355 0.0347231 1.463033 1.355 -0.04619389 1.495866 1.355 0.01913416 1.468806 1.355 -0.04157346 1.487221 1.355 0.02391767 1.457258 1.355 -0.0519669 1.480277 1.355 0.009754478 1.465961 1.355 -0.03535521 1.479645 1.355 0.01219308 1.453701 1.355 -0.04419416 1.470806 1.355 0 1.4525 1.355 -0.0277785 1.473427 1.355 0 1.465 1.355 -0.0347231 1.463033 1.355 -0.009754478 1.465961 1.355 -0.01913416 1.468806 1.355 -0.01219308 1.453701 1.355 -0.02391767 1.457258 1.3845 -0.01219308 1.453701 1.3845 0 1.4525 1.355 -0.01219308 1.453701 1.355 0 1.4525 1.355 -0.02391767 1.457258 1.355 0.01219308 1.453701 1.3845 -0.02391767 1.457258 1.3845 0.01219308 1.453701 1.355 -0.0347231 1.463033 1.355 0.02391767 1.457258 1.3845 -0.0347231 1.463033 1.3845 0.02391767 1.457258 1.355 -0.04419416 1.470806 1.355 0.0347231 1.463033 1.3845 -0.04419416 1.470806 1.3845 0.0347231 1.463033 1.355 -0.0519669 1.480277 1.355 0.04419416 1.470806 1.3845 -0.0519669 1.480277 1.3845 0.04419416 1.470806 1.355 -0.05774241 1.491082 1.355 0.0519669 1.480277 1.3845 -0.05774241 1.491082 1.3845 0.0519669 1.480277 1.355 -0.06129902 1.502807 1.355 0.05774241 1.491082 1.3845 -0.06129902 1.502807 1.3845 0.05774241 1.491082 1.355 -0.0625 1.515 1.355 0.06129902 1.502807 1.3845 -0.0625 1.515 1.3845 0.06129902 1.502807 1.355 -0.06129902 1.527193 1.355 0.0625 1.515 1.3845 -0.06129902 1.527193 1.3845 0.0625 1.515 1.355 -0.05774241 1.538918 1.355 0.06129902 1.527193 1.3845 -0.05774241 1.538918 1.3845 0.06129902 1.527193 1.355 -0.0519669 1.549723 1.355 0.05774241 1.538918 1.3845 -0.0519669 1.549723 1.3845 0.05774241 1.538918 1.355 -0.04419416 1.559194 1.355 0.0519669 1.549723 1.3845 -0.04419416 1.559194 1.3845 0.0519669 1.549723 1.355 -0.0347231 1.566967 1.355 0.04419416 1.559194 1.3845 -0.0347231 1.566967 1.3845 0.04419416 1.559194 1.355 -0.02391767 1.572742 1.355 0.0347231 1.566967 1.3845 -0.02391767 1.572742 1.3845 0.0347231 1.566967 1.355 -0.01219308 1.576299 1.355 0.02391767 1.572742 1.3845 -0.01219308 1.576299 1.3845 0.02391767 1.572742 1.355 0 1.5775 1.355 0.01219308 1.576299 1.3845 0 1.5775 1.3845 0.01219308 1.576299 1.3845 0 1.4525 1.3845 -0.01219308 1.453701 1.3845 -0.01190507 1.449066 1.3845 -0.02441656 1.452607 1.3845 0.001054883 1.448008 1.3845 -0.02391767 1.457258 1.3845 0.01219308 1.453701 1.3845 -0.03600841 1.458499 1.3845 0.01397508 1.449474 1.3845 -0.0347231 1.463033 1.3845 0.02391767 1.457258 1.3845 -0.04624408 1.466518 1.3845 0.02636879 1.453407 1.3845 -0.04419416 1.470806 1.3845 0.0347231 1.463033 1.3845 -0.05473798 1.476364 1.3845 0.03776949 1.459661 1.3845 -0.0519669 1.480277 1.3845 0.04419416 1.470806 1.3845 -0.06116998 1.487665 1.3845 0.04774767 1.467998 1.3845 -0.05774241 1.491082 1.3845 0.0519669 1.480277 1.3845 -0.06529808 1.499995 1.3845 0.05592721 1.478106 1.3845 -0.06129902 1.502807 1.3845 0.05774241 1.491082 1.3845 -0.06696677 1.51289 1.3845 0.06200039 1.489604 1.3845 -0.0625 1.515 1.3845 0.06129902 1.502807 1.3845 -0.0665 1.515 1.3845 0.0657382 1.502058 1.3845 -0.06696677 1.517109 1.3845 0.0625 1.515 1.3845 -0.06129902 1.527193 1.3845 0.06699997 1.515 1.3845 -0.06529808 1.530005 1.3845 0.0657382 1.527942 1.3845 -0.05774241 1.538918 1.3845 0.06129902 1.527193 1.3845 -0.06116998 1.542335 1.3845 0.06200039 1.540396 1.3845 -0.0519669 1.549723 1.3845 0.05774241 1.538918 1.3845 -0.05473798 1.553636 1.3845 0.05592721 1.551894 1.3845 -0.04419416 1.559194 1.3845 0.0519669 1.549723 1.3845 -0.04624408 1.563482 1.3845 0.04774767 1.562002 1.3845 -0.0347231 1.566967 1.3845 0.04419416 1.559194 1.3845 -0.03600841 1.571501 1.3845 0.03776949 1.570339 1.3845 -0.02391767 1.572742 1.3845 0.0347231 1.566967 1.3845 -0.02441656 1.577393 1.3845 0.02636879 1.576593 1.3845 -0.01219308 1.576299 1.3845 0.02391767 1.572742 1.3845 -0.01190507 1.580934 1.3845 0.01397508 1.580526 1.3845 0 1.5775 1.3845 0.01219308 1.576299 1.3845 0.001054883 1.581992 1.355 -0.07144761 1.512459 1.355 -0.07196348 1.512303 1.364 -0.07196348 1.512303 1.355 -0.07249999 1.51225 1.364 -0.0709722 1.512713 1.364 -0.07303649 1.512303 1.355 -0.0705555 1.513055 1.355 -0.07355237 1.512459 1.364 -0.07021349 1.513472 1.364 -0.07402777 1.512713 1.355 -0.06995928 1.513947 1.355 -0.07444447 1.513055 1.364 -0.06980276 1.514463 1.364 -0.07478648 1.513472 1.355 -0.06975001 1.515 1.355 -0.07504069 1.513947 1.364 -0.06980276 1.515536 1.364 -0.07519716 1.514463 1.355 -0.06995928 1.516052 1.355 -0.07524996 1.515 1.364 -0.07021349 1.516528 1.364 -0.07519716 1.515536 1.355 -0.0705555 1.516945 1.355 -0.07504069 1.516052 1.364 -0.0709722 1.517286 1.364 -0.07478648 1.516528 1.355 -0.07144761 1.517541 1.355 -0.07444447 1.516945 1.364 -0.07196348 1.517697 1.364 -0.07402777 1.517286 1.355 -0.07249999 1.51775 1.355 -0.07355237 1.517541 1.364 -0.07303649 1.517697 1.355 -0.07196348 1.512303 1.355 -0.0716964 1.51306 1.355 -0.07249999 1.5129 1.355 -0.07144761 1.512459 1.355 -0.07249999 1.51225 1.355 -0.0705555 1.513055 1.355 -0.07355237 1.512459 1.355 -0.07101505 1.513515 1.355 -0.07330358 1.51306 1.355 -0.06995928 1.513947 1.355 -0.07444447 1.513055 1.355 -0.07055985 1.514196 1.355 -0.07398486 1.513515 1.355 -0.07039999 1.515 1.355 -0.07504069 1.513947 1.355 -0.06975001 1.515 1.355 -0.07444006 1.514196 1.355 -0.06995928 1.516052 1.355 -0.07524996 1.515 1.355 -0.07055985 1.515804 1.355 -0.07459998 1.515 1.355 -0.07101505 1.516485 1.355 -0.07444006 1.515804 1.355 -0.0705555 1.516945 1.355 -0.07504069 1.516052 1.355 -0.0716964 1.51694 1.355 -0.07398486 1.516485 1.355 -0.07144761 1.517541 1.355 -0.07444447 1.516945 1.355 -0.07249999 1.51775 1.355 -0.07330358 1.51694 1.355 -0.07249999 1.5171 1.355 -0.07355237 1.517541 1.355 0.006425142 1.440159 1.355 0.005909383 1.440002 1.364 0.005909383 1.440002 1.355 0.005372822 1.439949 1.364 0.006900668 1.440413 1.364 0.00483638 1.440002 1.355 0.007317364 1.440755 1.355 0.004320383 1.440159 1.364 0.007659316 1.441171 1.364 0.003844976 1.440413 1.355 0.00791347 1.441647 1.355 0.00342828 1.440755 1.364 0.008069992 1.442163 1.364 0.003086209 1.441171 1.355 0.008122861 1.442699 1.355 0.002832174 1.441647 1.364 0.008069992 1.443236 1.364 0.002675652 1.442163 1.355 0.00791347 1.443752 1.355 0.002622783 1.442699 1.364 0.007659316 1.444227 1.364 0.002675652 1.443236 1.355 0.007317364 1.444644 1.355 0.002832174 1.443752 1.364 0.006900668 1.444986 1.364 0.003086209 1.444227 1.355 0.006425142 1.44524 1.355 0.00342828 1.444644 1.364 0.005909383 1.445396 1.364 0.003844976 1.444986 1.355 0.005372822 1.445449 1.355 0.004320383 1.44524 1.364 0.00483638 1.445396 1.355 0.005909383 1.440002 1.355 0.006176412 1.440759 1.355 0.005372822 1.440599 1.355 0.006425142 1.440159 1.355 0.005372822 1.439949 1.355 0.006857693 1.441214 1.355 0.004320383 1.440159 1.355 0.007317364 1.440755 1.355 0.004569113 1.440759 1.355 0.007312953 1.441896 1.355 0.00342828 1.440755 1.355 0.00791347 1.441647 1.355 0.003887832 1.441214 1.355 0.007472813 1.442699 1.355 0.002832174 1.441647 1.355 0.008122861 1.442699 1.355 0.003432691 1.441896 1.355 0.00791347 1.443752 1.355 0.002622783 1.442699 1.355 0.007312953 1.443503 1.355 0.003272891 1.442699 1.355 0.007317364 1.444644 1.355 0.003432691 1.443503 1.355 0.006857693 1.444184 1.355 0.002832174 1.443752 1.355 0.006425142 1.44524 1.355 0.003887832 1.444184 1.355 0.006176412 1.444639 1.355 0.00342828 1.444644 1.355 0.005372822 1.445449 1.355 0.004569113 1.444639 1.355 0.005372822 1.444799 1.355 0.004320383 1.44524 1.355 0.07355237 1.512459 1.355 0.07303649 1.512303 1.364 0.07303649 1.512303 1.355 0.07249999 1.51225 1.364 0.07402777 1.512713 1.364 0.07196348 1.512303 1.355 0.07444447 1.513055 1.355 0.07144761 1.512459 1.364 0.07478648 1.513472 1.364 0.0709722 1.512713 1.355 0.07504069 1.513947 1.355 0.0705555 1.513055 1.364 0.07519716 1.514463 1.364 0.07021349 1.513472 1.355 0.07524996 1.515 1.355 0.06995928 1.513947 1.364 0.07519716 1.515536 1.364 0.06980276 1.514463 1.355 0.07504069 1.516052 1.355 0.06975001 1.515 1.364 0.07478648 1.516528 1.364 0.06980276 1.515536 1.355 0.07444447 1.516945 1.355 0.06995928 1.516052 1.364 0.07402777 1.517286 1.364 0.07021349 1.516528 1.355 0.07355237 1.517541 1.355 0.0705555 1.516945 1.364 0.07303649 1.517697 1.364 0.0709722 1.517286 1.355 0.07249999 1.51775 1.355 0.07144761 1.517541 1.364 0.07196348 1.517697 1.355 0.07303649 1.512303 1.355 0.07330358 1.51306 1.355 0.07249999 1.5129 1.355 0.07355237 1.512459 1.355 0.07249999 1.51225 1.355 0.07444447 1.513055 1.355 0.07144761 1.512459 1.355 0.07398486 1.513515 1.355 0.0716964 1.51306 1.355 0.07504069 1.513947 1.355 0.0705555 1.513055 1.355 0.07444006 1.514196 1.355 0.07101505 1.513515 1.355 0.07524996 1.515 1.355 0.06995928 1.513947 1.355 0.07459998 1.515 1.355 0.07055985 1.514196 1.355 0.07444006 1.515804 1.355 0.06975001 1.515 1.355 0.07504069 1.516052 1.355 0.07039999 1.515 1.355 0.07398486 1.516485 1.355 0.07055985 1.515804 1.355 0.07444447 1.516945 1.355 0.06995928 1.516052 1.355 0.07330358 1.51694 1.355 0.07101505 1.516485 1.355 0.07355237 1.517541 1.355 0.0705555 1.516945 1.355 0.07249999 1.5171 1.355 0.0716964 1.51694 1.355 0.07249999 1.51775 1.355 0.07144761 1.517541 1.355 0.00105232 1.584959 1.355 5.365e-4 1.584803 1.364 5.365e-4 1.584803 1.355 0 1.58475 1.364 0.001527786 1.585213 1.364 -5.365e-4 1.584803 1.355 0.001944482 1.585555 1.355 -0.00105232 1.584959 1.364 0.002286434 1.585972 1.364 -0.001527786 1.585213 1.355 0.002540588 1.586447 1.355 -0.001944482 1.585555 1.364 0.00269711 1.586963 1.364 -0.002286434 1.585972 1.355 0.002749979 1.5875 1.355 -0.002540588 1.586447 1.364 0.00269711 1.588036 1.364 -0.00269711 1.586963 1.355 0.002540588 1.588552 1.355 -0.002749979 1.5875 1.364 0.002286434 1.589028 1.364 -0.00269711 1.588036 1.355 0.001944482 1.589445 1.355 -0.002540588 1.588552 1.364 0.001527786 1.589786 1.364 -0.002286434 1.589028 1.355 0.00105232 1.590041 1.355 -0.001944482 1.589445 1.364 5.365e-4 1.590197 1.364 -0.001527786 1.589786 1.355 0 1.59025 1.355 -0.00105232 1.590041 1.364 -5.365e-4 1.590197 1.355 5.365e-4 1.584803 1.355 8.036e-4 1.58556 1.355 0 1.5854 1.355 0.00105232 1.584959 1.355 0 1.58475 1.355 0.001484811 1.586015 1.355 -0.00105232 1.584959 1.355 0.001944482 1.585555 1.355 -8.036e-4 1.58556 1.355 0.001940011 1.586696 1.355 -0.001944482 1.585555 1.355 0.002540588 1.586447 1.355 -0.001484811 1.586015 1.355 0.002099931 1.5875 1.355 -0.002540588 1.586447 1.355 0.002749979 1.5875 1.355 -0.001940011 1.586696 1.355 0.002540588 1.588552 1.355 -0.002749979 1.5875 1.355 0.001940011 1.588304 1.355 -0.002099931 1.5875 1.355 0.001944482 1.589445 1.355 -0.001940011 1.588304 1.355 0.001484811 1.588985 1.355 -0.002540588 1.588552 1.355 0.00105232 1.590041 1.355 -0.001484811 1.588985 1.355 8.036e-4 1.58944 1.355 -0.001944482 1.589445 1.355 0 1.59025 1.355 -8.036e-4 1.58944 1.355 0 1.5896 1.355 -0.00105232 1.590041 1.364 -0.009975671 1.586936 1.364 -0.01061028 1.588468 1.369 -0.01061028 1.588468 1.369 -0.01178288 1.58964 1.369 -0.009975671 1.586936 1.364 -0.01178288 1.58964 1.369 -0.009975671 1.585278 1.369 -0.0133149 1.590275 1.364 -0.009975671 1.585278 1.364 -0.0133149 1.590275 1.364 -0.01061028 1.583746 1.369 -0.01497316 1.590275 1.369 -0.01061028 1.583746 1.364 -0.01497316 1.590275 1.364 -0.01178288 1.582573 1.369 -0.01650518 1.58964 1.369 -0.01178288 1.582573 1.364 -0.01650518 1.58964 1.364 -0.0133149 1.581939 1.369 -0.01767778 1.588468 1.369 -0.0133149 1.581939 1.364 -0.01767778 1.588468 1.364 -0.01497316 1.581939 1.369 -0.01831239 1.586936 1.369 -0.01497316 1.581939 1.364 -0.01831239 1.586936 1.364 -0.01650518 1.582573 1.369 -0.01831239 1.585278 1.369 -0.01650518 1.582573 1.364 -0.01831239 1.585278 1.364 -0.01767778 1.583746 1.369 -0.01767778 1.583746 1.364 0.01831239 1.585278 1.364 0.01831239 1.586936 1.369 0.01831239 1.586936 1.369 0.01767778 1.588468 1.369 0.01831239 1.585278 1.364 0.01767778 1.588468 1.369 0.01767778 1.583746 1.369 0.01650518 1.58964 1.364 0.01767778 1.583746 1.364 0.01650518 1.58964 1.364 0.01650518 1.582573 1.369 0.01497316 1.590275 1.369 0.01650518 1.582573 1.364 0.01497316 1.590275 1.364 0.01497316 1.581939 1.369 0.0133149 1.590275 1.369 0.01497316 1.581939 1.364 0.0133149 1.590275 1.364 0.0133149 1.581939 1.369 0.01178288 1.58964 1.369 0.0133149 1.581939 1.364 0.01178288 1.58964 1.364 0.01178288 1.582573 1.369 0.01061028 1.588468 1.369 0.01178288 1.582573 1.364 0.01061028 1.588468 1.364 0.01061028 1.583746 1.369 0.009975671 1.586936 1.369 0.01061028 1.583746 1.364 0.009975671 1.586936 1.364 0.009975671 1.585278 1.369 0.009975671 1.585278 1.364 0.04381257 1.57292 1.364 0.04444718 1.574452 1.369 0.04444718 1.574452 1.369 0.04444718 1.576111 1.369 0.04381257 1.57292 1.364 0.04444718 1.576111 1.369 0.04263997 1.571748 1.369 0.04381257 1.577643 1.364 0.04263997 1.571748 1.364 0.04381257 1.577643 1.364 0.04110795 1.571113 1.369 0.04263997 1.578815 1.369 0.04110795 1.571113 1.364 0.04263997 1.578815 1.364 0.03944969 1.571113 1.369 0.04110795 1.57945 1.369 0.03944969 1.571113 1.364 0.04110795 1.57945 1.364 0.03791767 1.571748 1.369 0.03944969 1.57945 1.369 0.03791767 1.571748 1.364 0.03944969 1.57945 1.364 0.03674507 1.57292 1.369 0.03791767 1.578815 1.369 0.03674507 1.57292 1.364 0.03791767 1.578815 1.364 0.03611046 1.574452 1.369 0.03674507 1.577643 1.369 0.03611046 1.574452 1.364 0.03674507 1.577643 1.364 0.03611046 1.576111 1.369 0.03611046 1.576111 1.364 0.06264269 1.551745 1.364 0.06381529 1.552918 1.369 0.06381529 1.552918 1.369 0.0644499 1.55445 1.369 0.06264269 1.551745 1.364 0.0644499 1.55445 1.369 0.06111061 1.55111 1.369 0.0644499 1.556108 1.364 0.06111061 1.55111 1.364 0.0644499 1.556108 1.364 0.05945235 1.55111 1.369 0.06381529 1.55764 1.369 0.05945235 1.55111 1.364 0.06381529 1.55764 1.364 0.05792033 1.551745 1.369 0.06264269 1.558812 1.369 0.05792033 1.551745 1.364 0.06264269 1.558812 1.364 0.05674779 1.552918 1.369 0.06111061 1.559447 1.369 0.05674779 1.552918 1.364 0.06111061 1.559447 1.364 0.05611318 1.55445 1.369 0.05945235 1.559447 1.369 0.05611318 1.55445 1.364 0.05945235 1.559447 1.364 0.05611318 1.556108 1.369 0.05792033 1.558812 1.369 0.05611318 1.556108 1.364 0.05792033 1.558812 1.364 0.05674779 1.55764 1.369 0.05674779 1.55764 1.364 0.07193607 1.524976 1.364 0.07346808 1.52561 1.369 0.07346808 1.52561 1.369 0.07464069 1.526783 1.369 0.07193607 1.524976 1.364 0.07464069 1.526783 1.369 0.07027781 1.524976 1.369 0.0752753 1.528315 1.364 0.07027781 1.524976 1.364 0.0752753 1.528315 1.364 0.06874579 1.52561 1.369 0.0752753 1.529973 1.369 0.06874579 1.52561 1.364 0.0752753 1.529973 1.364 0.06757318 1.526783 1.369 0.07464069 1.531505 1.369 0.06757318 1.526783 1.364 0.07464069 1.531505 1.364 0.06693857 1.528315 1.369 0.07346808 1.532678 1.369 0.06693857 1.528315 1.364 0.07346808 1.532678 1.364 0.06693857 1.529973 1.369 0.07193607 1.533312 1.369 0.06693857 1.529973 1.364 0.07193607 1.533312 1.364 0.06757318 1.531505 1.369 0.07027781 1.533312 1.369 0.06757318 1.531505 1.364 0.07027781 1.533312 1.364 0.06874579 1.532678 1.369 0.06874579 1.532678 1.364 0.07027781 1.496688 1.364 0.07193607 1.496688 1.369 0.07193607 1.496688 1.369 0.07346808 1.497322 1.369 0.07027781 1.496688 1.364 0.07346808 1.497322 1.369 0.06874579 1.497322 1.369 0.07464069 1.498495 1.364 0.06874579 1.497322 1.364 0.07464069 1.498495 1.364 0.06757318 1.498495 1.369 0.0752753 1.500027 1.369 0.06757318 1.498495 1.364 0.0752753 1.500027 1.364 0.06693857 1.500027 1.369 0.0752753 1.501685 1.369 0.06693857 1.500027 1.364 0.0752753 1.501685 1.364 0.06693857 1.501685 1.369 0.07464069 1.503217 1.369 0.06693857 1.501685 1.364 0.07464069 1.503217 1.364 0.06757318 1.503217 1.369 0.07346808 1.50439 1.369 0.06757318 1.503217 1.364 0.07346808 1.50439 1.364 0.06874579 1.50439 1.369 0.07193607 1.505024 1.369 0.06874579 1.50439 1.364 0.07193607 1.505024 1.364 0.07027781 1.505024 1.369 0.07027781 1.505024 1.364 0.05792033 1.471187 1.364 0.05945235 1.470553 1.369 0.05945235 1.470553 1.369 0.06111061 1.470553 1.369 0.05792033 1.471187 1.364 0.06111061 1.470553 1.369 0.05674779 1.47236 1.369 0.06264269 1.471187 1.364 0.05674779 1.47236 1.364 0.06264269 1.471187 1.364 0.05611318 1.473892 1.369 0.06381529 1.47236 1.369 0.05611318 1.473892 1.364 0.06381529 1.47236 1.364 0.05611318 1.47555 1.369 0.0644499 1.473892 1.369 0.05611318 1.47555 1.364 0.0644499 1.473892 1.364 0.05674779 1.477082 1.369 0.0644499 1.47555 1.369 0.05674779 1.477082 1.364 0.0644499 1.47555 1.364 0.05792033 1.478255 1.369 0.06381529 1.477082 1.369 0.05792033 1.478255 1.364 0.06381529 1.477082 1.364 0.05945235 1.478889 1.369 0.06264269 1.478255 1.369 0.05945235 1.478889 1.364 0.06264269 1.478255 1.364 0.06111061 1.478889 1.369 0.06111061 1.478889 1.364 0.03674507 1.452357 1.364 0.03791767 1.451185 1.369 0.03791767 1.451185 1.369 0.03944969 1.45055 1.369 0.03674507 1.452357 1.364 0.03944969 1.45055 1.369 0.03611046 1.453889 1.369 0.04110795 1.45055 1.364 0.03611046 1.453889 1.364 0.04110795 1.45055 1.364 0.03611046 1.455548 1.369 0.04263997 1.451185 1.369 0.03611046 1.455548 1.364 0.04263997 1.451185 1.364 0.03674507 1.45708 1.369 0.04381257 1.452357 1.369 0.03674507 1.45708 1.364 0.04381257 1.452357 1.364 0.03791767 1.458252 1.369 0.04444718 1.453889 1.369 0.03791767 1.458252 1.364 0.04444718 1.453889 1.364 0.03944969 1.458887 1.369 0.04444718 1.455548 1.369 0.03944969 1.458887 1.364 0.04444718 1.455548 1.364 0.04110795 1.458887 1.369 0.04381257 1.45708 1.369 0.04110795 1.458887 1.364 0.04381257 1.45708 1.364 0.04263997 1.458252 1.369 0.04263997 1.458252 1.364 0.009975671 1.443064 1.364 0.01061028 1.441532 1.369 0.01061028 1.441532 1.369 0.01178288 1.440359 1.369 0.009975671 1.443064 1.364 0.01178288 1.440359 1.369 0.009975671 1.444722 1.369 0.0133149 1.439725 1.364 0.009975671 1.444722 1.364 0.0133149 1.439725 1.364 0.01061028 1.446254 1.369 0.01497316 1.439725 1.369 0.01061028 1.446254 1.364 0.01497316 1.439725 1.364 0.01178288 1.447427 1.369 0.01650518 1.440359 1.369 0.01178288 1.447427 1.364 0.01650518 1.440359 1.364 0.0133149 1.448061 1.369 0.01767778 1.441532 1.369 0.0133149 1.448061 1.364 0.01767778 1.441532 1.364 0.01497316 1.448061 1.369 0.01831239 1.443064 1.369 0.01497316 1.448061 1.364 0.01831239 1.443064 1.364 0.01650518 1.447427 1.369 0.01831239 1.444722 1.369 0.01650518 1.447427 1.364 0.01831239 1.444722 1.364 0.01767778 1.446254 1.369 0.01767778 1.446254 1.364 -0.01831239 1.444722 1.364 -0.01831239 1.443064 1.369 -0.01831239 1.443064 1.369 -0.01767778 1.441532 1.369 -0.01831239 1.444722 1.364 -0.01767778 1.441532 1.369 -0.01767778 1.446254 1.369 -0.01650518 1.440359 1.364 -0.01767778 1.446254 1.364 -0.01650518 1.440359 1.364 -0.01650518 1.447427 1.369 -0.01497316 1.439725 1.369 -0.01650518 1.447427 1.364 -0.01497316 1.439725 1.364 -0.01497316 1.448061 1.369 -0.0133149 1.439725 1.369 -0.01497316 1.448061 1.364 -0.0133149 1.439725 1.364 -0.0133149 1.448061 1.369 -0.01178288 1.440359 1.369 -0.0133149 1.448061 1.364 -0.01178288 1.440359 1.364 -0.01178288 1.447427 1.369 -0.01061028 1.441532 1.369 -0.01178288 1.447427 1.364 -0.01061028 1.441532 1.364 -0.01061028 1.446254 1.369 -0.009975671 1.443064 1.369 -0.01061028 1.446254 1.364 -0.009975671 1.443064 1.364 -0.009975671 1.444722 1.369 -0.009975671 1.444722 1.364 -0.04381257 1.45708 1.364 -0.04444718 1.455548 1.369 -0.04444718 1.455548 1.369 -0.04444718 1.453889 1.369 -0.04381257 1.45708 1.364 -0.04444718 1.453889 1.369 -0.04263997 1.458252 1.369 -0.04381257 1.452357 1.364 -0.04263997 1.458252 1.364 -0.04381257 1.452357 1.364 -0.04110795 1.458887 1.369 -0.04263997 1.451185 1.369 -0.04110795 1.458887 1.364 -0.04263997 1.451185 1.364 -0.03944969 1.458887 1.369 -0.04110795 1.45055 1.369 -0.03944969 1.458887 1.364 -0.04110795 1.45055 1.364 -0.03791767 1.458252 1.369 -0.03944969 1.45055 1.369 -0.03791767 1.458252 1.364 -0.03944969 1.45055 1.364 -0.03674507 1.45708 1.369 -0.03791767 1.451185 1.369 -0.03674507 1.45708 1.364 -0.03791767 1.451185 1.364 -0.03611046 1.455548 1.369 -0.03674507 1.452357 1.369 -0.03611046 1.455548 1.364 -0.03674507 1.452357 1.364 -0.03611046 1.453889 1.369 -0.03611046 1.453889 1.364 -0.06264269 1.478255 1.364 -0.06381529 1.477082 1.369 -0.06381529 1.477082 1.369 -0.0644499 1.47555 1.369 -0.06264269 1.478255 1.364 -0.0644499 1.47555 1.369 -0.06111061 1.478889 1.369 -0.0644499 1.473892 1.364 -0.06111061 1.478889 1.364 -0.0644499 1.473892 1.364 -0.05945235 1.478889 1.369 -0.06381529 1.47236 1.369 -0.05945235 1.478889 1.364 -0.06381529 1.47236 1.364 -0.05792033 1.478255 1.369 -0.06264269 1.471187 1.369 -0.05792033 1.478255 1.364 -0.06264269 1.471187 1.364 -0.05674779 1.477082 1.369 -0.06111061 1.470553 1.369 -0.05674779 1.477082 1.364 -0.06111061 1.470553 1.364 -0.05611318 1.47555 1.369 -0.05945235 1.470553 1.369 -0.05611318 1.47555 1.364 -0.05945235 1.470553 1.364 -0.05611318 1.473892 1.369 -0.05792033 1.471187 1.369 -0.05611318 1.473892 1.364 -0.05792033 1.471187 1.364 -0.05674779 1.47236 1.369 -0.05674779 1.47236 1.364 -0.07193607 1.505024 1.364 -0.07346808 1.50439 1.369 -0.07346808 1.50439 1.369 -0.07464069 1.503217 1.369 -0.07193607 1.505024 1.364 -0.07464069 1.503217 1.369 -0.07027781 1.505024 1.369 -0.0752753 1.501685 1.364 -0.07027781 1.505024 1.364 -0.0752753 1.501685 1.364 -0.06874579 1.50439 1.369 -0.0752753 1.500027 1.369 -0.06874579 1.50439 1.364 -0.0752753 1.500027 1.364 -0.06757318 1.503217 1.369 -0.07464069 1.498495 1.369 -0.06757318 1.503217 1.364 -0.07464069 1.498495 1.364 -0.06693857 1.501685 1.369 -0.07346808 1.497322 1.369 -0.06693857 1.501685 1.364 -0.07346808 1.497322 1.364 -0.06693857 1.500027 1.369 -0.07193607 1.496688 1.369 -0.06693857 1.500027 1.364 -0.07193607 1.496688 1.364 -0.06757318 1.498495 1.369 -0.07027781 1.496688 1.369 -0.06757318 1.498495 1.364 -0.07027781 1.496688 1.364 -0.06874579 1.497322 1.369 -0.06874579 1.497322 1.364 -0.07027781 1.533312 1.364 -0.07193607 1.533312 1.369 -0.07193607 1.533312 1.369 -0.07346808 1.532678 1.369 -0.07027781 1.533312 1.364 -0.07346808 1.532678 1.369 -0.06874579 1.532678 1.369 -0.07464069 1.531505 1.364 -0.06874579 1.532678 1.364 -0.07464069 1.531505 1.364 -0.06757318 1.531505 1.369 -0.0752753 1.529973 1.369 -0.06757318 1.531505 1.364 -0.0752753 1.529973 1.364 -0.06693857 1.529973 1.369 -0.0752753 1.528315 1.369 -0.06693857 1.529973 1.364 -0.0752753 1.528315 1.364 -0.06693857 1.528315 1.369 -0.07464069 1.526783 1.369 -0.06693857 1.528315 1.364 -0.07464069 1.526783 1.364 -0.06757318 1.526783 1.369 -0.07346808 1.52561 1.369 -0.06757318 1.526783 1.364 -0.07346808 1.52561 1.364 -0.06874579 1.52561 1.369 -0.07193607 1.524976 1.369 -0.06874579 1.52561 1.364 -0.07193607 1.524976 1.364 -0.07027781 1.524976 1.369 -0.07027781 1.524976 1.364 -0.05792033 1.558812 1.364 -0.05945235 1.559447 1.369 -0.05945235 1.559447 1.369 -0.06111061 1.559447 1.369 -0.05792033 1.558812 1.364 -0.06111061 1.559447 1.369 -0.05674779 1.55764 1.369 -0.06264269 1.558812 1.364 -0.05674779 1.55764 1.364 -0.06264269 1.558812 1.364 -0.05611318 1.556108 1.369 -0.06381529 1.55764 1.369 -0.05611318 1.556108 1.364 -0.06381529 1.55764 1.364 -0.05611318 1.55445 1.369 -0.0644499 1.556108 1.369 -0.05611318 1.55445 1.364 -0.0644499 1.556108 1.364 -0.05674779 1.552918 1.369 -0.0644499 1.55445 1.369 -0.05674779 1.552918 1.364 -0.0644499 1.55445 1.364 -0.05792033 1.551745 1.369 -0.06381529 1.552918 1.369 -0.05792033 1.551745 1.364 -0.06381529 1.552918 1.364 -0.05945235 1.55111 1.369 -0.06264269 1.551745 1.369 -0.05945235 1.55111 1.364 -0.06264269 1.551745 1.364 -0.06111061 1.55111 1.369 -0.06111061 1.55111 1.364 -0.03674507 1.577643 1.364 -0.03791767 1.578815 1.369 -0.03791767 1.578815 1.369 -0.03944969 1.57945 1.369 -0.03674507 1.577643 1.364 -0.03944969 1.57945 1.369 -0.03611046 1.576111 1.369 -0.04110795 1.57945 1.364 -0.03611046 1.576111 1.364 -0.04110795 1.57945 1.364 -0.03611046 1.574452 1.369 -0.04263997 1.578815 1.369 -0.03611046 1.574452 1.364 -0.04263997 1.578815 1.364 -0.03674507 1.57292 1.369 -0.04381257 1.577643 1.369 -0.03674507 1.57292 1.364 -0.04381257 1.577643 1.364 -0.03791767 1.571748 1.369 -0.04444718 1.576111 1.369 -0.03791767 1.571748 1.364 -0.04444718 1.576111 1.364 -0.03944969 1.571113 1.369 -0.04444718 1.574452 1.369 -0.03944969 1.571113 1.364 -0.04444718 1.574452 1.364 -0.04110795 1.571113 1.369 -0.04381257 1.57292 1.369 -0.04110795 1.571113 1.364 -0.04381257 1.57292 1.364 -0.04263997 1.571748 1.369 -0.04263997 1.571748 1.355 0 1.5854 1.35 4.097e-4 1.58544 1.35 -4.097e-4 1.58544 1.355 4.097e-4 1.58544 1.355 -8.036e-4 1.58556 1.355 8.036e-4 1.58556 1.35 -0.001166582 1.585754 1.35 0.001166582 1.585754 1.355 -0.001484811 1.586015 1.355 0.001484811 1.586015 1.35 -0.001746058 1.586333 1.35 0.001746058 1.586333 1.355 -0.001940011 1.586696 1.355 0.001940011 1.586696 1.35 -0.002059519 1.58709 1.35 0.002059519 1.58709 1.355 -0.002099931 1.5875 1.355 0.002099931 1.5875 1.35 -0.002059519 1.58791 1.35 0.002059519 1.58791 1.355 -0.001940011 1.588304 1.355 0.001940011 1.588304 1.35 -0.001746058 1.588667 1.35 0.001746058 1.588667 1.355 -0.001484811 1.588985 1.355 0.001484811 1.588985 1.35 -0.001166582 1.589246 1.35 0.001166582 1.589246 1.355 -8.036e-4 1.58944 1.355 8.036e-4 1.58944 1.35 -4.097e-4 1.58956 1.35 4.097e-4 1.58956 1.355 0 1.5896 1.355 0.07249999 1.5129 1.35 0.07290971 1.51294 1.35 0.07209026 1.51294 1.355 0.07290971 1.51294 1.355 0.0716964 1.51306 1.355 0.07330358 1.51306 1.35 0.07133328 1.513254 1.35 0.07366669 1.513254 1.355 0.07101505 1.513515 1.355 0.07398486 1.513515 1.35 0.07075387 1.513833 1.35 0.0742461 1.513833 1.355 0.07055985 1.514196 1.355 0.07444006 1.514196 1.35 0.07044041 1.51459 1.35 0.07455956 1.51459 1.355 0.07039999 1.515 1.355 0.07459998 1.515 1.35 0.07044041 1.51541 1.35 0.07455956 1.51541 1.355 0.07055985 1.515804 1.355 0.07444006 1.515804 1.35 0.07075387 1.516167 1.35 0.0742461 1.516167 1.355 0.07101505 1.516485 1.355 0.07398486 1.516485 1.35 0.07133328 1.516746 1.35 0.07366669 1.516746 1.355 0.0716964 1.51694 1.355 0.07330358 1.51694 1.35 0.07209026 1.51706 1.35 0.07290971 1.51706 1.355 0.07249999 1.5171 1.355 0.005372822 1.440599 1.35 0.005782485 1.44064 1.35 0.004963099 1.44064 1.355 0.005782485 1.44064 1.355 0.004569113 1.440759 1.355 0.006176412 1.440759 1.35 0.00420618 1.440953 1.35 0.006539583 1.440953 1.355 0.003887832 1.441214 1.355 0.006857693 1.441214 1.35 0.003626704 1.441533 1.35 0.00711894 1.441533 1.355 0.003432691 1.441896 1.355 0.007312953 1.441896 1.35 0.003313124 1.44229 1.35 0.007432401 1.44229 1.355 0.003272891 1.442699 1.355 0.007472813 1.442699 1.35 0.003313124 1.443109 1.35 0.007432401 1.443109 1.355 0.003432691 1.443503 1.355 0.007312953 1.443503 1.35 0.003626704 1.443866 1.35 0.00711894 1.443866 1.355 0.003887832 1.444184 1.355 0.006857693 1.444184 1.35 0.00420618 1.444445 1.35 0.006539583 1.444445 1.355 0.004569113 1.444639 1.355 0.006176412 1.444639 1.35 0.004963099 1.444759 1.35 0.005782485 1.444759 1.355 0.005372822 1.444799 1.355 -0.07249999 1.5129 1.35 -0.07209026 1.51294 1.35 -0.07290971 1.51294 1.355 -0.07209026 1.51294 1.355 -0.07330358 1.51306 1.355 -0.0716964 1.51306 1.35 -0.07366669 1.513254 1.35 -0.07133328 1.513254 1.355 -0.07398486 1.513515 1.355 -0.07101505 1.513515 1.35 -0.0742461 1.513833 1.35 -0.07075387 1.513833 1.355 -0.07444006 1.514196 1.355 -0.07055985 1.514196 1.35 -0.07455956 1.51459 1.35 -0.07044041 1.51459 1.355 -0.07459998 1.515 1.355 -0.07039999 1.515 1.35 -0.07455956 1.51541 1.35 -0.07044041 1.51541 1.355 -0.07444006 1.515804 1.355 -0.07055985 1.515804 1.35 -0.0742461 1.516167 1.35 -0.07075387 1.516167 1.355 -0.07398486 1.516485 1.355 -0.07101505 1.516485 1.35 -0.07366669 1.516746 1.35 -0.07133328 1.516746 1.355 -0.07330358 1.51694 1.355 -0.0716964 1.51694 1.35 -0.07290971 1.51706 1.35 -0.07209026 1.51706 1.355 -0.07249999 1.5171 1.35 -4.097e-4 1.58544 1.35 4.097e-4 1.58544 1.35 -0.001166582 1.589246 1.35 4.097e-4 1.58956 1.35 -0.001166582 1.585754 1.35 0.001166582 1.589246 1.35 -4.097e-4 1.58956 1.35 -0.001746058 1.588667 1.35 0.001166582 1.585754 1.35 -0.001746058 1.586333 1.35 0.001746058 1.586333 1.35 -0.002059519 1.58791 1.35 0.001746058 1.588667 1.35 -0.002059519 1.58709 1.35 0.002059519 1.58709 1.35 0.002059519 1.58791 1.35 0.07209026 1.51294 1.35 0.07290971 1.51294 1.35 0.07133328 1.516746 1.35 0.07290971 1.51706 1.35 0.07133328 1.513254 1.35 0.07366669 1.516746 1.35 0.07209026 1.51706 1.35 0.07075387 1.516167 1.35 0.07366669 1.513254 1.35 0.07075387 1.513833 1.35 0.0742461 1.513833 1.35 0.07044041 1.51541 1.35 0.0742461 1.516167 1.35 0.07044041 1.51459 1.35 0.07455956 1.51459 1.35 0.07455956 1.51541 1.35 0.004963099 1.44064 1.35 0.005782485 1.44064 1.35 0.004963099 1.444759 1.35 0.006539583 1.440953 1.35 0.00420618 1.440953 1.35 0.00711894 1.441533 1.35 0.003626704 1.441533 1.35 0.007432401 1.44229 1.35 0.003313124 1.44229 1.35 0.007432401 1.443109 1.35 0.003313124 1.443109 1.35 0.00711894 1.443866 1.35 0.003626704 1.443866 1.35 0.006539583 1.444445 1.35 0.00420618 1.444445 1.35 0.005782485 1.444759 1.35 -0.07290971 1.51294 1.35 -0.07209026 1.51294 1.35 -0.07366669 1.516746 1.35 -0.07209026 1.51706 1.35 -0.07366669 1.513254 1.35 -0.07133328 1.516746 1.35 -0.07290971 1.51706 1.35 -0.0742461 1.516167 1.35 -0.07133328 1.513254 1.35 -0.0742461 1.513833 1.35 -0.07075387 1.513833 1.35 -0.07455956 1.51541 1.35 -0.07075387 1.516167 1.35 -0.07455956 1.51459 1.35 -0.07044041 1.51459 1.35 -0.07044041 1.51541 1.322121 -0.05670523 1.444 1.324796 -0.0565651 1.444533 1.327064 -0.05644625 1.44605 1.329112 -0.0563389 1.451 1.32858 -0.05636686 1.448321 1.322121 -0.05670523 1.458 1.327064 -0.05644625 1.45595 1.315131 -0.05707162 1.451 1.324796 -0.0565651 1.457467 1.32858 -0.05636686 1.453679 1.319446 -0.05684542 1.457467 1.319446 -0.05684542 1.444533 1.317178 -0.05696433 1.45595 1.317178 -0.05696433 1.44605 1.315663 -0.05704379 1.453679 1.315663 -0.05704379 1.448321 1.365 -0.0277785 1.473427 1.365 -0.01913416 1.468806 1.365 -0.009754478 1.465961 1.365 -0.04619389 1.495866 1.365 -0.04157346 1.487221 1.365 -0.04619389 1.534134 1.365 -0.03535521 1.479645 1.365 -0.0277785 1.556573 1.365 -0.0490393 1.524755 1.365 -0.009754478 1.564039 1.365 -0.04157346 1.542779 1.365 -0.0490393 1.505245 1.365 -0.01913416 1.561194 1.365 0.009754478 1.564039 1.365 -0.03535521 1.550355 1.365 -0.04999995 1.515 1.365 0.009754478 1.465961 1.365 0 1.565 1.365 0 1.465 1.365 0.0277785 1.556573 1.365 0.04619389 1.495866 1.365 0.01913416 1.561194 1.365 0.0277785 1.473427 1.365 0.04619389 1.534134 1.365 0.01913416 1.468806 1.365 0.04157346 1.487221 1.365 0.0490393 1.505245 1.365 0.04157346 1.542779 1.365 0.03535521 1.479645 1.365 0.04999995 1.515 1.365 0.03535521 1.550355 1.365 0.0490393 1.524755 1.369 -0.01831239 1.585278 1.369 -0.01767778 1.583746 1.369 -0.01497316 1.581939 1.369 -0.01650518 1.582573 1.369 -0.009975671 1.585278 1.369 -0.0133149 1.581939 1.369 -0.01061028 1.588468 1.369 -0.01178288 1.582573 1.369 -0.0133149 1.590275 1.369 -0.009975671 1.586936 1.369 -0.01061028 1.583746 1.369 -0.01831239 1.586936 1.369 -0.01178288 1.58964 1.369 -0.01650518 1.58964 1.369 -0.01497316 1.590275 1.369 -0.01767778 1.588468 1.369 0.01061028 1.588468 1.369 0.009975671 1.586936 1.369 0.009975671 1.585278 1.369 0.01178288 1.58964 1.369 0.01061028 1.583746 1.369 0.01831239 1.585278 1.369 0.0133149 1.581939 1.369 0.01497316 1.590275 1.369 0.01178288 1.582573 1.369 0.01497316 1.581939 1.369 0.01650518 1.58964 1.369 0.0133149 1.590275 1.369 0.01650518 1.582573 1.369 0.01767778 1.588468 1.369 0.01767778 1.583746 1.369 0.01831239 1.586936 1.369 0.04444718 1.574452 1.369 0.04444718 1.576111 1.369 0.03944969 1.57945 1.369 0.04263997 1.578815 1.369 0.03791767 1.578815 1.369 0.04381257 1.577643 1.369 0.04110795 1.57945 1.369 0.03674507 1.577643 1.369 0.04263997 1.571748 1.369 0.03611046 1.576111 1.369 0.04381257 1.57292 1.369 0.04110795 1.571113 1.369 0.03611046 1.574452 1.369 0.03674507 1.57292 1.369 0.03791767 1.571748 1.369 0.03944969 1.571113 1.369 0.06111061 1.55111 1.369 0.06264269 1.551745 1.369 0.06381529 1.552918 1.369 0.05792033 1.558812 1.369 0.05945235 1.559447 1.369 0.05674779 1.55764 1.369 0.06264269 1.558812 1.369 0.05611318 1.556108 1.369 0.0644499 1.55445 1.369 0.06111061 1.559447 1.369 0.05945235 1.55111 1.369 0.0644499 1.556108 1.369 0.05792033 1.551745 1.369 0.06381529 1.55764 1.369 0.05611318 1.55445 1.369 0.05674779 1.552918 1.369 0.07027781 1.533312 1.369 0.06874579 1.532678 1.369 0.06757318 1.531505 1.369 0.07346808 1.532678 1.369 0.07193607 1.533312 1.369 0.06693857 1.529973 1.369 0.07464069 1.531505 1.369 0.07193607 1.524976 1.369 0.0752753 1.529973 1.369 0.06693857 1.528315 1.369 0.0752753 1.528315 1.369 0.06757318 1.526783 1.369 0.07464069 1.526783 1.369 0.06874579 1.52561 1.369 0.07346808 1.52561 1.369 0.07027781 1.524976 1.369 0.07193607 1.505024 1.369 0.07027781 1.505024 1.369 0.06874579 1.50439 1.369 0.07346808 1.50439 1.369 0.0752753 1.501685 1.369 0.06757318 1.503217 1.369 0.07464069 1.503217 1.369 0.07027781 1.496688 1.369 0.06693857 1.501685 1.369 0.0752753 1.500027 1.369 0.06693857 1.500027 1.369 0.07464069 1.498495 1.369 0.06757318 1.498495 1.369 0.07346808 1.497322 1.369 0.06874579 1.497322 1.369 0.07193607 1.496688 1.369 0.05611318 1.473892 1.369 0.05674779 1.47236 1.369 0.06111061 1.478889 1.369 0.06264269 1.478255 1.369 0.05945235 1.478889 1.369 0.05945235 1.470553 1.369 0.05611318 1.47555 1.369 0.06381529 1.477082 1.369 0.05792033 1.471187 1.369 0.05792033 1.478255 1.369 0.0644499 1.47555 1.369 0.05674779 1.477082 1.369 0.06264269 1.471187 1.369 0.06111061 1.470553 1.369 0.0644499 1.473892 1.369 0.06381529 1.47236 1.369 0.04263997 1.458252 1.369 0.04110795 1.458887 1.369 0.03611046 1.453889 1.369 0.03611046 1.455548 1.369 0.04381257 1.45708 1.369 0.03791767 1.458252 1.369 0.03791767 1.451185 1.369 0.03944969 1.458887 1.369 0.03674507 1.45708 1.369 0.04444718 1.455548 1.369 0.03674507 1.452357 1.369 0.03944969 1.45055 1.369 0.04444718 1.453889 1.369 0.04110795 1.45055 1.369 0.04381257 1.452357 1.369 0.04263997 1.451185 1.369 0.01831239 1.444722 1.369 0.01767778 1.446254 1.369 0.01650518 1.447427 1.369 0.01497316 1.439725 1.369 0.009975671 1.444722 1.369 0.01831239 1.443064 1.369 0.01061028 1.441532 1.369 0.01178288 1.447427 1.369 0.01767778 1.441532 1.369 0.009975671 1.443064 1.369 0.01178288 1.440359 1.369 0.01497316 1.448061 1.369 0.01061028 1.446254 1.369 0.01650518 1.440359 1.369 0.0133149 1.439725 1.369 0.0133149 1.448061 1.369 -0.01061028 1.441532 1.369 -0.009975671 1.443064 1.369 -0.01178288 1.440359 1.369 -0.009975671 1.444722 1.369 -0.01178288 1.447427 1.369 -0.01061028 1.446254 1.369 -0.01831239 1.444722 1.369 -0.0133149 1.448061 1.369 -0.01497316 1.439725 1.369 -0.01650518 1.447427 1.369 -0.01650518 1.440359 1.369 -0.0133149 1.439725 1.369 -0.01497316 1.448061 1.369 -0.01767778 1.446254 1.369 -0.01767778 1.441532 1.369 -0.01831239 1.443064 1.369 -0.03791767 1.451185 1.369 -0.03674507 1.452357 1.369 -0.03611046 1.453889 1.369 -0.03944969 1.45055 1.369 -0.03611046 1.455548 1.369 -0.03674507 1.45708 1.369 -0.04381257 1.45708 1.369 -0.03791767 1.458252 1.369 -0.04263997 1.451185 1.369 -0.03944969 1.458887 1.369 -0.04381257 1.452357 1.369 -0.04110795 1.45055 1.369 -0.04110795 1.458887 1.369 -0.04444718 1.453889 1.369 -0.04263997 1.458252 1.369 -0.04444718 1.455548 1.369 -0.06111061 1.478889 1.369 -0.06264269 1.478255 1.369 -0.06381529 1.477082 1.369 -0.05792033 1.471187 1.369 -0.05945235 1.470553 1.369 -0.05674779 1.47236 1.369 -0.06264269 1.471187 1.369 -0.05611318 1.473892 1.369 -0.0644499 1.473892 1.369 -0.06111061 1.470553 1.369 -0.05792033 1.478255 1.369 -0.06381529 1.47236 1.369 -0.0644499 1.47555 1.369 -0.05945235 1.478889 1.369 -0.05611318 1.47555 1.369 -0.05674779 1.477082 1.369 -0.07027781 1.496688 1.369 -0.06874579 1.497322 1.369 -0.06757318 1.498495 1.369 -0.07346808 1.497322 1.369 -0.07193607 1.496688 1.369 -0.06693857 1.500027 1.369 -0.07464069 1.498495 1.369 -0.07193607 1.505024 1.369 -0.0752753 1.500027 1.369 -0.06693857 1.501685 1.369 -0.0752753 1.501685 1.369 -0.06757318 1.503217 1.369 -0.07464069 1.503217 1.369 -0.06874579 1.50439 1.369 -0.07346808 1.50439 1.369 -0.07027781 1.505024 1.369 -0.07193607 1.524976 1.369 -0.07027781 1.524976 1.369 -0.06874579 1.52561 1.369 -0.07464069 1.526783 1.369 -0.0752753 1.528315 1.369 -0.07346808 1.52561 1.369 -0.06757318 1.526783 1.369 -0.07027781 1.533312 1.369 -0.06693857 1.528315 1.369 -0.0752753 1.529973 1.369 -0.06693857 1.529973 1.369 -0.07464069 1.531505 1.369 -0.06757318 1.531505 1.369 -0.07346808 1.532678 1.369 -0.06874579 1.532678 1.369 -0.07193607 1.533312 1.369 -0.06111061 1.55111 1.369 -0.05945235 1.55111 1.369 -0.05792033 1.551745 1.369 -0.05611318 1.556108 1.369 -0.05611318 1.55445 1.369 -0.05674779 1.55764 1.369 -0.05674779 1.552918 1.369 -0.06264269 1.551745 1.369 -0.05945235 1.559447 1.369 -0.06381529 1.552918 1.369 -0.05792033 1.558812 1.369 -0.0644499 1.55445 1.369 -0.06264269 1.558812 1.369 -0.06111061 1.559447 1.369 -0.0644499 1.556108 1.369 -0.06381529 1.55764 1.369 -0.04444718 1.574452 1.369 -0.04381257 1.57292 1.369 -0.04444718 1.576111 1.369 -0.04263997 1.571748 1.369 -0.04110795 1.571113 1.369 -0.03791767 1.571748 1.369 -0.03944969 1.571113 1.369 -0.03674507 1.577643 1.369 -0.03674507 1.57292 1.369 -0.04263997 1.578815 1.369 -0.03611046 1.574452 1.369 -0.04110795 1.57945 1.369 -0.04381257 1.577643 1.369 -0.03611046 1.576111 1.369 -0.03944969 1.57945 1.369 -0.03791767 1.578815 1.23279 -0.07554137 1.590319 1.231357 -0.0747798 1.589235 1.230064 -0.07409226 1.5857 1.2304 -0.07427102 1.587613 1.23279 -0.07554137 1.581081 1.231357 -0.0747798 1.582164 1.238558 -0.07860839 1.587613 1.2304 -0.07427102 1.583786 1.236169 -0.07733798 1.590319 1.238558 -0.07860839 1.583786 1.237601 -0.07809948 1.589235 1.234479 -0.07643967 1.5907 1.238894 -0.07878696 1.5857 1.236169 -0.07733798 1.581081 1.234479 -0.07643967 1.5807 1.237601 -0.07809948 1.582164 1.126318 -0.01892936 1.494 1.124628 -0.01803106 1.493619 1.128007 -0.01982766 1.493619 1.123196 -0.01726955 1.492536 1.123196 -0.01726955 1.485464 1.128007 -0.01982766 1.484381 1.121903 -0.01658207 1.489 1.124628 -0.01803106 1.484381 1.130733 -0.02127677 1.489 1.122239 -0.01676064 1.490913 1.122239 -0.01676064 1.487086 1.126318 -0.01892936 1.484 1.12944 -0.02058917 1.485464 1.12944 -0.02058917 1.492536 1.130397 -0.02109801 1.487086 1.130397 -0.02109801 1.490913 1.23279 -0.07554137 1.448919 1.231357 -0.0747798 1.447836 1.230064 -0.07409226 1.4443 1.2304 -0.07427102 1.446213 1.23279 -0.07554137 1.43968 1.231357 -0.0747798 1.440764 1.236169 -0.07733798 1.43968 1.2304 -0.07427102 1.442387 1.234479 -0.07643967 1.4393 1.236169 -0.07733798 1.448919 1.234479 -0.07643967 1.4493 1.238894 -0.07878696 1.4443 1.237601 -0.07809948 1.440764 1.237601 -0.07809948 1.447836 1.238558 -0.07860839 1.442387 1.238558 -0.07860839 1.446213 1.172231 -0.04334187 1.4384 1.173921 -0.04424011 1.438781 1.170542 -0.04244357 1.438781 1.175353 -0.0450018 1.439864 1.175353 -0.0450018 1.446935 1.176646 -0.04568928 1.4434 1.170542 -0.04244357 1.448019 1.17631 -0.04551059 1.441487 1.17631 -0.04551059 1.445313 1.173921 -0.04424011 1.448019 1.167817 -0.04099458 1.4434 1.172231 -0.04334187 1.4484 1.168153 -0.04117321 1.445313 1.168153 -0.04117321 1.441487 1.16911 -0.04168206 1.446935 1.16911 -0.04168206 1.439864 1.306263 -0.1146077 1.5415 1.304573 -0.1137094 1.541119 1.307952 -0.115506 1.541119 1.303141 -0.1129479 1.540035 1.303141 -0.1129479 1.532964 1.301848 -0.1122604 1.5365 1.307952 -0.115506 1.531881 1.302184 -0.112439 1.538413 1.302184 -0.112439 1.534586 1.304573 -0.1137094 1.531881 1.310677 -0.1169551 1.5365 1.306263 -0.1146077 1.5315 1.310341 -0.1167764 1.534586 1.310341 -0.1167764 1.538413 1.309384 -0.1162675 1.532964 1.309384 -0.1162675 1.540035 1.176516 -0.04561996 1.587806 1.175782 -0.04522985 1.589571 1.171575 -0.04299312 1.581656 1.169955 -0.04213136 1.582316 1.173296 -0.04390799 1.581748 1.172887 -0.04369068 1.591545 1.174855 -0.0447368 1.582578 1.174508 -0.04455232 1.590884 1.16868 -0.04145383 1.583629 1.176014 -0.04535305 1.584022 1.167947 -0.0410639 1.585394 1.176597 -0.04566311 1.585857 1.171166 -0.04277575 1.591452 1.169608 -0.041947 1.590622 1.168449 -0.04133075 1.589178 1.167865 -0.04102057 1.587343 1.126318 -0.01892936 1.546 1.124628 -0.01803106 1.545619 1.128007 -0.01982766 1.545619 1.123196 -0.01726955 1.544535 1.123196 -0.01726955 1.537464 1.128007 -0.01982766 1.536381 1.121903 -0.01658207 1.541 1.124628 -0.01803106 1.536381 1.130733 -0.02127677 1.541 1.122239 -0.01676064 1.542913 1.122239 -0.01676064 1.539086 1.126318 -0.01892936 1.536 1.12944 -0.02058917 1.537464 1.12944 -0.02058917 1.544535 1.130397 -0.02109801 1.539086 1.130397 -0.02109801 1.542913 1.306263 -0.1146077 1.4985 1.304573 -0.1137094 1.498119 1.307952 -0.115506 1.498119 1.303141 -0.1129479 1.497036 1.303141 -0.1129479 1.489964 1.301848 -0.1122604 1.4935 1.307952 -0.115506 1.488881 1.302184 -0.112439 1.495413 1.302184 -0.112439 1.491586 1.304573 -0.1137094 1.488881 1.310677 -0.1169551 1.4935 1.306263 -0.1146077 1.4885 1.310341 -0.1167764 1.491586 1.310341 -0.1167764 1.495413 1.309384 -0.1162675 1.489964 1.309384 -0.1162675 1.497036 1.3865 -0.0575788 1.544068 1.3865 -0.05712318 1.544015 1.3845 -0.0575788 1.544068 1.3845 -0.05712318 1.544015 1.3865 -0.05630439 1.544191 1.3845 -0.05630439 1.544191 1.3865 -0.05536562 1.545061 1.3845 -0.05536562 1.545061 1.3845 -0.05630439 1.544191 1.3865 -0.05630439 1.544191 1.3865 -0.05536562 1.545061 1.3865 -0.05514687 1.546322 1.3845 -0.05536562 1.545061 1.3845 -0.05514687 1.546322 1.3865 -0.05573809 1.547458 1.3845 -0.05573809 1.547458 1.3845 -0.05514687 1.546322 1.3865 -0.05514687 1.546322</float_array>
          <technique_common>
            <accessor source="#Mesh67_866-mesh-positions-array" count="8906" stride="3">
              <param name="X" type="float"/>
              <param name="Y" type="float"/>
              <param name="Z" type="float"/>
            </accessor>
          </technique_common>
        </source>
        <source id="Mesh67_866-mesh-normals">
          <float_array id="Mesh67_866-mesh-normals-array" count="19740">0.7440553 -0.3751683 0.5528386 -0.06384682 0.9961873 0.05945199 -0.3719355 0.9241775 0.08694869 -0.243605 0.9545824 0.1715489 -0.06439483 0.9948855 0.07782316 -0.03708064 0.9945557 0.09738636 -0.01666355 0.9898956 0.1408163 0 0.998631 0.05230891 -0.1402333 0.9655807 0.2190631 -0.4771719 0.8370881 0.2675642 -0.6876319 0.7094532 0.1543974 -0.3643034 0.9200819 0.1439878 -0.6783428 0.7252503 0.1177418 -0.8895897 0.4150381 0.1907179 -0.678809 0.6749941 0.2891393 -0.2723821 0.8903309 0.3648547 -0.09433567 0.9102128 0.4032538 -0.07742685 0.9124287 0.4018446 -0.07657235 0.9865901 0.1441416 -0.09530997 0.9845646 0.146795 -0.3912593 0.7875543 0.4761034 -0.9774696 0.189036 0.09390765 -0.7690268 0.5138239 0.3802406 -0.8993175 0.4305993 0.07623761 -0.4269678 0.6774414 0.5989757 -0.2224203 0.8179013 0.5306287 -0.2011824 0.826795 0.525296 -0.7018004 0.5112965 0.4960366 -0.4145339 0.6112568 0.6741861 -0.1850991 0.6711484 0.7178428 -0.2360069 0.8251544 0.5132457 -0.9888607 0.1459745 0.02908504 -0.9958536 0.08713066 0.02615445 -0.2441572 0.7923207 0.55912 -0.2535236 0.7835212 0.5672922 -0.2412567 0.8411483 0.484009 -0.2297499 0.8679408 0.4403337 -0.151497 0.6385824 0.7544941 -0.07867759 0.7531442 0.6531338 -0.1606836 0.8948537 0.4164346 -0.2500407 0.9555137 0.1564394 -0.07916629 0.744725 0.6626594 -0.06494534 0.8335472 0.5486176 -0.2785202 0.8676975 0.4117375 -0.4899869 0.8595142 0.1454243 -0.3779858 0.9137582 0.1489053 -0.03100711 0.6621974 0.7486878 -0.09732598 0.7561151 0.6471613 -0.4517428 0.8054279 0.3836854 -0.6988338 0.6994441 0.1496977 -0.7195281 0.6781437 0.1496677 -0.02072256 0.7458614 0.6657788 -0.1435933 0.7985377 0.5845668 -0.38247 0.7848082 0.4876401 -0.6455359 0.6800528 0.3475798 -0.6391425 0.6830604 0.3534481 -0.177257 0.8217366 0.5415984 -0.2463515 0.81929 0.5177595 -0.4054757 0.7902597 0.4594334 -0.7147094 0.6054795 0.3501215 -0.9210892 0.3251478 0.2141813 -0.9728969 0.1768903 0.1489346 -0.01229929 0.8835057 0.4682589 -0.131262 0.8617938 0.4899815 -0.7124412 0.5884415 0.3823145 -0.9153429 0.3034256 0.2647267 -0.9770276 0.1645876 0.1353812 -0.9548115 0.1710579 0.2430518 -0.2616404 0.6057436 0.7514114 -0.4031303 0.8001872 0.4440568 -0.1254643 0.8893284 0.4397201 -0.898736 0.3521026 0.2613378 -0.5754118 0.6081895 0.5468152 -0.9169408 0.3107436 0.2503161 -0.96108 0.2499522 0.117682 -0.8013461 0.532776 0.2720188 -0.9958563 0.08710038 0.02615451 -0.2283425 0.5782724 0.7832374 -0.6448724 0.6449944 0.4100266 -0.3491079 0.8426322 0.4099935 -0.08865761 0.9065662 0.4126471 -0.9152409 0.3762409 0.1441422 -0.8426691 0.3488359 0.4101492 -0.1799734 0.5656481 0.8047682 -0.04229968 0.514982 0.8561568 0 0.9708032 0.2398778 -0.26799 0.6471313 0.7137244 -0.06860721 0.6928168 0.7178426 -0.9719628 0.2336825 0.02609354 -0.9708046 0.1929401 0.142523 -0.9071448 0.0875588 0.4116089 -0.4952041 0.4952652 0.7137824 -0.0929315 0.6929121 0.7150081 -0.09052085 0.9058498 0.4138141 -0.1494521 0.3606749 0.9206398 -0.03854602 0.3800585 0.9241589 -0.2758886 0.2759802 0.9207174 -0.04062122 0.0980587 0.9943513 -0.03732472 0.1879969 0.9814602 -0.07501661 0.07507765 0.994352 -0.1013838 0.02304172 0.9945806 0 0.06570672 0.997839 -0.6470323 0.2679259 0.7138383 -0.3606767 0.1494223 0.9206441 -0.09390819 0.3824692 0.9191837 -0.09143441 0.1065717 0.9900921 -0.0979954 0.0405898 0.9943588 -0.02423202 0.1043442 0.994246 -0.3793865 0.03933948 0.9244017 -0.1003775 0.01055961 0.9948934 -0.6927564 0.07077413 0.7176905 -0.3703219 0.11988 0.9211355 -0.3646154 0.3711466 0.8539942 -0.363059 0.6536649 0.664011 -0.360713 0.8493649 0.385312 -0.1794527 0.972188 0.15049 -0.1840624 0.9813508 0.0554232 -0.385122 0.09476214 0.9179876 -0.6926943 0.1278144 0.7098156 -0.6947994 0.3124247 0.6477999 -0.2101566 -0.004181146 0.9776589 -0.6891611 0.5210596 0.5035414 -0.6848409 0.6657972 0.296154 -0.3953758 0.07461935 0.9154835 -0.6931554 0.1896777 0.6953833 -0.9132685 0.1161881 0.3904372 -0.915664 0.2076823 0.3441331 -0.7225003 0.09143406 0.685298 -0.9096289 0.3148985 0.2709507 -0.9069042 0.3874699 0.1655048 -0.9863904 0.1415494 0.08365392 -0.9856368 0.1582402 0.05899292 -0.9616144 0.2647499 0.07214623 -0.9880932 0.1163396 0.1006832 -0.9689598 0.124458 0.2136051 -0.2396968 0.2416501 0.9402928 -0.4654744 0.4336432 0.7715486 -0.0750457 0.05584937 0.995615 -0.8759536 0.1559211 0.4565018 -0.9724781 0.08502507 0.2169268 -0.9725093 0.08505564 0.2167744 -0.7055166 0.2614595 0.6586998 -0.04226905 0.116156 0.9923312 -0.1717918 0.6445628 0.745001 0 0 1 -0.6058095 0.5971115 0.5257877 -0.399096 0.8007861 0.446614 -0.7654888 0.5681806 0.3019899 -0.8945599 0.4093149 0.1795101 -0.9068334 0.4096528 0.09918582 -0.8740621 0.441853 0.2019437 -0.695415 0.7014883 0.1559236 -0.1634606 0.8701928 0.4648067 -0.2317951 0.9536104 0.1920893 -0.1629418 0.6454805 0.7461938 -0.07968401 0.8949269 0.4390403 -0.9376367 -0.03058004 0.3462691 -0.7864559 0.3343101 0.5193496 -0.9707338 0 0.2401579 -0.6099015 0.2996098 0.7336581 -0.3534404 0.29579 0.8874617 -0.2543448 0.2208045 0.9415701 -0.2646946 0.5699496 0.7778781 -0.1702971 0.7892874 0.589936 -0.4566332 0.579108 0.6753666 -0.6133489 0.5878346 0.5274977 -0.0731855 0.9218992 0.3804547 -0.2569684 0.7945576 0.5501323 -0.08444744 0.9089927 0.4081678 -0.02710115 0.9690493 0.2453753 -0.3380602 0.8060096 0.4858642 -0.1006538 0.904877 0.4136022 -0.03958362 0.9963061 0.07620692 -0.1502458 0.9864096 0.0665012 -0.4191451 0.9066829 0.04736512 -0.7026677 0.7089241 0.06070208 -0.9033023 0.4264425 0.04681617 -0.9653189 0.2584357 0.03701961 -0.2083847 0.978047 0 -0.6669305 0.7451201 3.05189e-5 -0.9056601 0.4240046 3.05193e-5 -0.9658153 0.2592313 0 -0.04336702 0.9990592 0 -0.03952157 0.996311 -0.07617443 -0.1154245 0.9919732 -0.05163884 -0.4191837 0.9066698 -0.04727447 -0.7026358 0.7089532 -0.06073254 -0.903301 0.4264419 -0.04684662 -0.9838781 0.1759737 -0.03189253 -0.04956227 0.979862 -0.1934271 -0.6962015 0.7007489 -0.1557389 -0.962859 0.2618571 -0.06583046 -0.9923599 0.08670485 -0.08777302 -0.9958563 0.08710038 -0.02615451 -0.9958531 0.08710014 -0.02627652 -0.9881053 0.1161848 -0.1007423 -0.9614484 0.2339912 -0.1444476 -0.8901445 0.2416791 -0.3863081 -0.91318 0.1163067 -0.3906086 -0.6935243 0.1855888 -0.6961184 -0.6926784 0.1278171 -0.7098305 -0.6941705 0.3106905 -0.6493065 -0.9154042 0.2071974 -0.3451153 -0.9689243 0.1245794 -0.2136956 -0.3847858 0.09286981 -0.918322 -0.3703233 0.1198499 -0.9211388 -0.9863421 0.1417605 -0.08386605 -0.9094334 0.3152299 -0.2712216 -0.3683992 0.3714817 -0.8522228 -0.6882638 0.5225764 -0.5031968 -0.1905924 0.01666343 -0.9815279 -0.1851267 0.1105389 -0.976478 -0.09061175 0.3848788 -0.9185086 -0.08908683 0.6914225 -0.7169369 -0.3684931 0.6524776 -0.6621828 -0.9068648 0.3877713 -0.1650149 -0.9856564 0.1581518 -0.0589025 -0.6847025 0.6663298 -0.295275 -0.08929866 0.9054995 -0.4148451 -0.3622627 0.849013 -0.3846332 -0.06860578 0.6928637 -0.7177974 -0.08862847 0.9065801 -0.4126229 -0.3643336 0.9200508 -0.1441099 -0.6783844 0.7252011 -0.1178047 -0.8993429 0.4305359 -0.07629823 -0.09085476 0.9845398 -0.1497562 -0.9616458 0.2646281 -0.07217681 -0.3719391 0.9241559 -0.0871632 -0.6876267 0.7096309 -0.1536028 -0.8646945 0.4928511 -0.09695881 0 0.9891716 -0.1467643 0 0.9986294 -0.05233937 -0.09412157 0.9938312 -0.05865812 -0.9626522 0.2684732 -0.03497445 -0.9625484 0.2688446 -0.03497511 -0.03857648 0.3800581 -0.9241579 0 0.1881512 -0.9821402 -0.01055967 0.100317 -0.9948996 -0.1494223 0.3606767 -0.9206441 -0.2680525 0.6471349 -0.7136978 -0.3491435 0.8426443 -0.4099384 -0.3779841 0.9137541 -0.1489351 -0.1895238 0.9532044 -0.2355467 -0.04059076 0.09805881 -0.9943525 -0.07083511 0.02456796 -0.9971855 -0.07507735 0.07507735 -0.9943475 -0.2759246 0.2759857 -0.920705 -0.495261 0.495261 -0.7137459 -0.6449674 0.6449369 -0.4099677 -0.6988525 0.6994324 -0.1496647 -0.4877288 0.8607356 -0.1457906 -0.2485472 0.9559181 -0.1563491 -0.1904994 0.979995 -0.05761981 -0.1458788 0.9879476 -0.05175948 -0.02386605 0.1521996 -0.9880616 -0.09805881 0.04059076 -0.9943525 -0.3606783 0.1493924 -0.9206482 -0.6469721 0.2679873 -0.7138698 -0.8426513 0.3488717 -0.4101554 -0.9152489 0.3762443 -0.1440825 -0.718054 0.6796914 -0.1497268 -0.1002535 0.01055938 -0.9949059 -0.3792344 0.03933954 -0.9244641 -0.6927427 0.07074218 -0.7177069 -0.9071676 0.08756101 -0.4115582 -0.9664724 0.09372353 -0.2390545 -0.1287601 0.1341314 -0.9825627 0 0 -1 -0.3955326 0.07404029 -0.9154627 -0.0740078 0.05511671 -0.9957335 -0.2408261 0.2418332 -0.9399573 -0.04263484 0.1142627 -0.9925354 -0.1712449 0.4860534 -0.8569874 -0.1509776 0.4844285 -0.8617047 -0.7224202 0.0915271 -0.6853699 -0.4682868 0.4370351 -0.7679244 -0.9376466 -0.0305804 -0.3462423 -0.5994285 0.3079697 -0.73881 -0.7863848 0.3420882 -0.5143683 -0.954822 0.1712124 -0.2429019 -0.9153009 0.3036354 -0.2646318 -0.9136048 0.3592464 -0.1904424 -0.9773266 0.1985295 -0.07361304 -0.6203979 0.589146 -0.5177001 -0.7123886 0.5886011 -0.3821665 -0.7148522 0.6053491 -0.3500556 -0.4551369 0.5745902 -0.6802181 -0.4031281 0.8002744 -0.4439017 -0.4089902 0.7925271 -0.4523582 -0.3465122 0.2988416 -0.8891698 -0.2586545 0.5680328 -0.7813045 -0.2603316 0.7909441 -0.5537464 -0.3431544 0.8050884 -0.483816 -0.2355807 0.8624227 -0.4480276 -0.1311711 0.8614934 -0.4905337 -0.1697493 0.7875247 -0.5924441 -0.08456784 0.908944 -0.4082512 -0.1008063 0.904846 -0.4136326 -0.02700924 0.9690372 -0.2454333 -0.01232963 0.8834928 -0.4682826 -0.02505612 0.9037925 -0.4272368 -0.07327747 0.9217523 -0.3807928 -0.159005 0.790203 -0.5918588 -0.9727165 0.2317343 -0.01104801 -0.4998993 0.7498795 -0.4333376 -0.1735319 0.8219113 -0.542539 -0.1409366 0.7992612 -0.5842246 -0.4508569 0.8077153 -0.3799002 -0.02072256 0.7458902 -0.6657466 -0.6392016 0.5285072 -0.5586605 -0.2958551 0.696758 -0.653451 -0.370719 0.7813574 -0.502044 -0.7665564 0.5714458 -0.2929865 -0.4146648 0.8912529 -0.1836342 -0.2600857 0.9237591 -0.2811135 -0.9718327 0.2342604 -0.02575761 -0.9795216 0.194653 -0.05145579 -0.2830689 0.8659619 -0.4122887 -0.04208612 0.9943503 -0.09744822 -0.2425352 0.9571703 -0.1581194 -0.06576895 0.9944393 -0.08224934 -0.4855325 0.8391299 -0.2451925 -0.09747862 0.7537353 -0.6499086 -0.1299818 0.9673711 -0.2174807 -0.2569463 0.8890115 -0.378995 -0.6872693 0.6667601 -0.288257 -0.3872877 0.7778715 -0.4948982 -0.03030508 0.9767835 -0.2120748 -0.09530997 0.9100074 -0.4034881 -0.7693331 0.5123902 -0.3815535 -0.9096612 0.3007076 -0.2865161 -0.8986989 0.3521305 -0.2614275 -0.9639953 0.2532445 -0.08111876 -0.8984614 0.234847 -0.3709636 -0.2024037 0.8269802 -0.5245345 -0.02267569 0.9735593 -0.2273063 -0.07712239 0.9123454 -0.4020924 -0.0782203 0.7615727 -0.6433418 -0.222759 0.817943 -0.5304223 -0.4268148 0.6761589 -0.6005316 -0.7018268 0.511263 -0.4960337 -0.1607428 0.8948737 -0.4163687 -0.124823 0.9676376 -0.21931 -0.07953238 0.7443881 -0.662994 -0.2364597 0.8252592 -0.5128687 -0.2461078 0.7985076 -0.5493783 -0.2509924 0.7977188 -0.5483134 -0.2231245 0.883098 -0.412739 -0.1957175 0.929727 -0.3119334 -0.07721292 0.7505833 -0.6562492 -0.08090704 0.6755481 -0.7328636 -0.04727476 0.6353558 -0.7707711 -0.4145433 0.6113011 -0.6741402 -0.2723234 0.6607422 -0.6994711 -0.2597769 0.6347016 -0.7277843 -0.2617897 0.6057665 -0.7513409 -0.3393778 0.5853352 -0.7363461 -0.5736703 0.6084623 -0.5483394 -0.0310077 0.6621803 -0.7487028 -0.04391705 0.6052259 -0.7948415 -0.8362568 0.5225805 -0.1660855 -0.9353 0.3517065 -0.03894281 -0.6163686 0.7667374 -0.1794537 -0.785961 0.6175255 -0.03045815 -0.9231762 0.3824365 -0.0385763 -0.3340327 0.6168847 -0.7126539 -0.4214723 0.7224848 -0.5480666 -0.2851442 0.9099404 -0.3011669 -0.3147452 0.9323331 -0.1780189 -0.6364771 0.7704257 -0.03662294 -0.2643274 0.6409655 -0.7206208 -0.1185049 0.657011 -0.7445087 -0.06885188 0.9836117 -0.1666362 -0.1428897 0.9893633 -0.02725338 -0.4252268 0.9044423 -0.03415119 -0.1167379 0.6509243 -0.7501134 -0.02407974 0.6503061 -0.7592906 -0.01361173 0.6471675 -0.7622263 0 0.999658 -0.02615499 -0.0394302 0.9515442 -0.3049739 0.08090651 0.9470731 -0.3106554 0.04190307 0.986111 -0.1607149 -0.02960371 0.6452705 -0.7633804 -0.03042775 0.6462778 -0.7624954 -0.03100746 0.6507298 -0.7586761 -0.02826082 0.6403549 -0.7675591 -0.0227673 0.6298557 -0.7763785 -0.0263077 0.640908 -0.7671669 -0.03094661 0.6490862 -0.7600852 0.1476491 0.8984684 -0.4134663 0.1183227 0.9112105 -0.3945822 0.1666951 0.8705561 -0.4629741 0.08417153 0.9571081 -0.2772351 0.08984881 0.9525688 -0.2907575 0.1165543 0.9111318 -0.3952897 0.1163697 0.9113032 -0.3949489 0.1163678 0.9113193 -0.3949121 -0.9958589 0.0870701 -0.02615457 -0.9958531 0.08713042 -0.02617001 -0.9958512 0.08714586 -0.02619272 -0.9958634 0.08700948 0.02618521 -0.9958533 0.08712637 0.02617824 -0.9958511 0.0871188 0.0262857 -0.255143 0.9605708 -0.1104806 -0.9958614 0.0870397 0.02615928 -0.05227977 0.9603242 -0.2739423 -0.07831144 0.9537459 -0.2902346 -0.9958502 0.08715659 0.02619594 -0.5880188 0.7514811 0.2991824 -0.4878872 0.726673 0.483645 -0.02597153 0.4582099 0.8884646 -0.1428 0.5292666 0.8363522 -0.2849854 0.9100124 0.3010994 -0.2900208 0.906746 0.3061042 -0.05212676 0.9510393 0.3046427 -0.03940016 0.9514953 0.3051304 0.07281827 0.9417545 0.3283231 0.04187172 0.9861228 0.1606508 0.1184459 0.9111269 0.3947383 0.08432352 0.9569182 0.2778435 0.1166728 0.9110425 0.3954606 0.1164923 0.911247 0.3950425 0.1666048 0.870685 0.4627641 0.1476535 0.8984339 0.4135396 0 0.999658 0.02615499 -4.75246e-6 0.9996575 0.02617257 -0.04394727 0.605191 0.7948663 -0.05115014 0.4292832 0.9017204 -0.06329661 0.4162195 0.9070584 -0.07968431 0.3448309 0.9352765 -0.0798375 0.3451081 0.9351612 -0.07980793 0.3442575 0.9354772 -0.08008205 0.3428818 0.9359589 -0.08002167 0.3433731 0.935784 -0.08005249 0.343191 0.935848 -0.08267533 0.3451977 0.9348815 -0.0741313 0.349873 0.9338595 -0.03470075 0.340324 0.9396678 -0.08481365 0.3421236 0.9358195 -0.06833148 0.2702435 0.9603642 -0.04828172 0.2282244 0.9724107 -0.04483205 0.2183923 0.9748307 -0.03427267 0.2732051 0.9613451 -0.03265511 0.2844355 0.9581389 -0.02826046 0.2890749 0.9568893 -0.02928471 0.2844806 0.9582344 -0.02576202 0.2969788 0.9545366 -0.03323584 0.3280858 0.9440631 -0.0312823 0.3269841 0.9445121 -0.03148972 0.3270868 0.9444696 -0.02871268 0.3207419 0.9467313 -0.06283819 0.201424 0.9774865 -0.2764087 0.1087079 0.9548721 -0.01736545 0.1977648 0.9800958 -0.01226866 0.220012 0.9754201 0.01120036 0.1612304 0.9868533 0.006164789 0.3023815 0.953167 -0.005707085 0.2686609 0.963218 -0.01663279 0.263378 0.9645494 -0.01672452 0.2637778 0.9644386 -0.01693803 0.2635625 0.9644936 -0.01806741 0.2724465 0.9620014 -0.01944047 0.286053 0.9580166 -0.02096658 0.2860245 0.9579929 -0.01999968 0.2865751 0.9578491 -0.0201916 0.2915166 0.9563528 -0.01419121 0.4007416 0.9160812 -0.001922667 0.3475851 0.9376466 -0.01785367 0.3408994 0.9399302 -0.01922708 0.3284481 0.9443264 -0.01934903 0.3295136 0.9439526 -0.02005118 0.3291813 0.9440539 -0.01632595 0.3316213 0.9432713 -0.02833354 0.3152108 0.9485986 -0.0348227 0.1374292 0.9898994 -0.02954202 0.1786865 0.9834625 -0.07587105 0.1635836 0.9836077 -0.03430306 0.1396844 0.9896018 -0.08401852 0.1124926 0.9900941 -0.03213638 0.1160938 0.9927182 -0.03131264 0.1011711 0.9943763 -0.05432432 0.0425744 0.9976153 -0.07535052 0.05819904 0.9954573 -0.03302109 0.1077917 0.993625 -0.02310264 0.1358997 0.9904533 -0.02774184 0.1224731 0.9920841 -0.03430306 0.1015359 0.9942403 -0.0340591 0.09604299 0.9947944 -0.03344905 0.09061163 0.9953245 -0.03195327 0.08362185 0.9959852 -0.0333268 0.08447676 0.995868 -0.03195309 0.07922655 0.9963445 -0.0302385 0.07765424 0.9965218 -0.06503552 -0.004455685 0.997873 -0.05670434 -0.03094625 0.9979113 -0.0335713 0.005981743 0.9994185 -0.02337741 0.01864695 0.9995529 -0.008880972 0.1679151 0.9857615 4.5779e-4 0.1247934 0.9921827 0.02819925 0.0821259 0.996223 0.01992869 0.05310261 0.9983903 -0.02313315 0.01745671 0.99958 -0.004699885 0.004699885 0.999978 -2.74669e-4 0.02673441 0.9996426 -0.01400828 0.03314387 0.9993525 0.01126134 0.05563551 0.9983876 -0.005462825 0.01211583 0.9999118 0.04501557 0.03595143 0.9983392 -0.05307328 -0.09577 0.9939877 0.09222757 -0.1101115 0.9896311 -0.001586973 -0.1684951 0.9857013 -0.04452729 -0.1435922 0.9886347 -0.06329703 -0.09271764 0.9936785 -0.06759864 -0.07718145 0.9947228 -0.2011833 -0.1097779 0.9733828 -0.2240442 -0.1177445 0.9674403 -0.06320464 0.007995903 0.9979686 -0.05246257 -0.1016901 0.9934318 -0.04202443 -0.1134385 0.9926559 -0.05304253 -0.1287304 0.9902601 -0.02819991 -0.1278458 0.9913931 0.05505645 -0.1667869 0.9844547 -0.02526956 -0.2101833 0.9773355 -0.0403763 -0.1694096 0.9847183 -0.0155037 -0.2163808 0.976186 -0.007812798 -0.1846698 0.9827696 0.005127251 -0.2776668 0.9606638 0.01113945 -0.1424934 0.9897331 0.006439387 -0.08972483 0.9959458 0.01007109 -0.05908399 0.9982023 0.004303097 -0.04962354 0.9987587 -0.005462825 -0.00891143 0.9999454 0.001739561 -0.06003147 0.9981951 -0.008301138 -0.04083442 0.9991316 -0.01455754 -0.03668373 0.999221 0.002288877 -0.07541263 0.9971498 -0.006561636 -0.09314489 0.995631 -0.01242125 -0.09680634 0.9952259 -0.02688694 -0.3312802 0.9431493 0.00149542 -0.3618096 0.9322509 0.01098698 -0.3999572 0.9164681 0.1825655 -0.08359187 0.9796338 0.3884531 -0.1792414 0.9038677 0.1051696 -0.3281744 0.9387444 0.1621792 -0.4073404 0.8987612 -0.06073325 0.04919695 0.9969409 -0.06070238 0.04995965 0.9969049 -0.06070244 0.0499292 0.9969063 -0.3232282 -0.1549456 0.93355 -0.1111799 -0.204018 0.9726334 0.02267557 -0.2411302 0.9702278 0.02685648 -0.2488195 0.9681775 -0.526481 -0.09695839 0.8446401 -0.4893127 -0.1337041 0.8617983 0.02645969 -0.2272118 0.9734859 0.09543353 -0.1966353 0.9758213 0.2403362 -0.1734999 0.9550583 0.2326763 -0.2669796 0.9351918 0.2326802 -0.2671366 0.935146 0.2328302 -0.2668284 0.9351966 0.1965153 0.03708124 0.9797993 0.2257152 -0.04104745 0.9733282 0.2126893 -0.1044372 0.9715227 0.232833 -0.2668927 0.9351776 0.2529128 -0.1748446 0.951559 0.3203902 -0.2021589 0.9254631 0.295758 -0.1962665 0.9348832 0.2321599 -0.2677149 0.9351099 0.2313653 -0.2688428 0.9349833 0.2330176 -0.2667113 0.9351834 0.4730697 -0.2650545 0.8402091 -0.4871481 -0.1341015 0.8629621 0.02462911 -0.2361592 0.9714022 0.02459806 -0.2361235 0.9714117 0.02618563 -0.2367393 0.9712203 0.02774178 -0.2366142 0.9712076 0.02853524 -0.2362779 0.9712665 0.3307657 -0.2031654 0.9215845 0.2741541 -0.2377141 0.9318431 0.5762058 -0.03793555 0.8164238 0.3785891 -0.02426266 0.9252468 0.8211814 -0.01266545 0.5705268 0.8962208 -0.06152623 0.4393209 0.7637747 -0.2501662 0.5950338 0.08194398 -0.0340594 0.9960548 -0.1958729 -0.05270683 0.9792119 0.01425254 -0.03467005 0.9992973 -0.03256392 -0.03485286 0.9988619 -0.06479215 -0.0352801 0.997275 -0.1118217 -0.03647023 0.9930589 -0.2805904 -0.04281795 0.9588721 -0.4764702 -0.06528115 0.8767638 -0.5530946 -0.05807751 0.8310917 0.3849084 -0.3664443 0.8470916 0.3923877 -0.3742287 0.8402291 0.3919265 -0.374317 0.840405 0.3939411 -0.3734322 0.8398564 0.3883909 -0.3746877 0.8418799 0.3811499 -0.3766637 0.844304 0.9443821 -0.113592 0.3086088 0.8258197 -0.2530654 0.503964 0.528322 -0.4115546 0.7426295 0.4030301 -0.4595507 0.7914417 0.3900029 -0.3539294 0.8500776 0.4088634 -0.459525 0.7884591 0.3573491 -0.2143362 0.9090443 0.3574126 -0.2090883 0.9102408 0.3574384 -0.2089635 0.9102594 0.02551436 -0.4687503 0.8829622 0.02862721 -0.4875181 0.8726434 0.04358112 -0.4644383 0.8845325 0.04361218 -0.4644138 0.8845439 0.0436421 -0.4643767 0.8845619 0.3337846 -0.2118923 0.9185258 0.2704321 -0.2154667 0.938318 0.3168548 -0.1830873 0.9306353 0.191784 -0.1384971 0.971616 0.08533173 0.2163202 0.9725863 0.302567 0.05575847 0.9514959 0.2420753 0.1709054 0.9550869 0.1644368 -0.1011402 0.9811887 0.1317526 -0.1456085 0.9805302 0.06244242 0.4390503 0.89629 0.1851904 0.307084 0.9334902 0.217966 0.457814 0.8619148 0.196972 -0.08185297 0.9769862 0.08789426 -0.128057 0.9878644 0.1107544 -0.1466756 0.9829648 0.308919 0.3962355 0.8646193 -0.05542236 0.511711 0.8573684 -0.05273753 0.4109748 0.9101201 -0.05875015 0.4687502 0.8813749 -0.05908578 0.4690546 0.8811904 -0.05810886 0.4688994 0.8813381 -0.060337 0.4692984 0.8809759 -0.0615257 0.4695304 0.8807701 -0.1089229 0.6581766 0.7449426 -0.0139473 0.6475278 0.7619141 -0.2347837 0.6604036 0.7132628 -0.2463524 0.6655973 0.704479 0.2702195 0.001159727 0.9627981 -3.05191e-4 -0.1600422 0.9871102 0.2108573 0.6058068 0.767162 0.1166741 0.777319 0.6181929 0.1402345 0.6488328 0.7478973 0.09164792 0.8688091 0.4865917 0.3026624 0.5675721 0.7656745 0.3605533 0.2511116 0.8983009 0.3318983 0.1687722 0.9280945 0.02304202 -0.1307751 0.9911442 0.1978216 0.01614433 0.9801051 0.2350293 -0.004089534 0.9719797 0.2065811 2.13631e-4 0.9784295 0.204571 -0.01379472 0.9787546 0.2045086 -0.01300114 0.9787785 0.2010918 -0.015046 0.9794569 0.2066478 -0.006225943 0.9783957 0.2017907 -0.01239061 0.9793503 0.1934307 -0.02108877 0.9808874 0.1941026 -0.02047842 0.9807675 0.1931573 -0.02044796 0.9809547 0.1574162 0.002594053 0.987529 0.1117014 0.04184222 0.9928606 0.1243364 -0.01855581 0.9920666 0.1570205 -0.0154426 0.9874746 0.1586076 -0.0167244 0.9872001 0.1588801 -0.01672416 0.9871563 0.1562975 -0.01384913 0.987613 0.159654 -0.01684844 0.9870293 0.1573482 -0.01328712 0.9874539 0.1665408 -0.01757878 0.9858779 0.1599811 -0.01617509 0.9869877 0.1603156 -0.01513731 0.9869498 0.1678854 -0.0209971 0.985583 0.1726163 -0.02118027 0.9847614 0.1720627 -0.02856236 0.9846718 0.1017205 -0.03509706 0.9941937 0.1019343 -0.02865755 0.9943783 0.1192072 -0.05093616 0.991562 0.2358214 -0.05176043 0.9704171 0.08340907 -0.05459886 0.9950186 0.1149946 -0.05896216 0.9916148 0.1259202 -0.09326517 0.9876466 0.1813139 -0.07437497 0.9806088 0.2068284 -0.0658909 0.9761559 0.1612609 -0.04025417 0.9860906 0.1657167 -0.03933858 0.9853885 0 -0.04449671 0.9990096 0.1693813 -0.03540223 0.9849146 0.1683448 -0.03592127 0.9850735 0.1710273 -0.03372323 0.984689 0.2894164 -0.2176651 0.9321267 0.01345884 0.01455754 0.9998036 0.06534159 0.0368061 0.997184 0.03296011 -0.001922667 0.9994549 0.03442543 0.001403868 0.9994063 0.03582972 0.001098692 0.9993574 0.03955239 -1.83113e-4 0.9992175 0.1993802 -0.03991878 0.9791088 0.1970621 -0.04004108 0.9795731 0.1927899 -0.03506654 0.9806132 0.1975522 -0.03811872 0.9795511 0.1965403 -0.03997945 0.9796804 0.03741616 0.01486265 0.9991893 0.05603247 -0.01162761 0.9983613 0.03594148 0.001871943 0.9993522 0.03471374 2.53943e-4 0.9993973 0.05227905 -0.06650096 0.9964159 0.004333674 -0.0505703 0.9987111 -0.01709067 -0.04593122 0.9987984 -0.01818901 -0.04589986 0.9987804 -0.01840317 -0.04590106 0.9987764 0.02661228 -0.003234982 0.9996407 0.03338795 0.001342833 0.9994416 0.03378409 0.01776182 0.9992714 0.01608324 -0.01022368 0.9998185 0.01458787 -0.009125053 0.9998521 0.002044737 -0.004699885 0.9999869 -0.04092574 -0.003570675 0.9991559 -0.0928989 0.008179008 0.9956421 -0.08035773 -8.24026e-4 0.9967657 -0.05728411 0.01007121 0.9983072 -0.03268611 -0.01492393 0.9993543 -0.02163803 -0.02017313 0.9995624 -0.0295118 -0.01608347 0.9994351 -0.03650039 -0.0257883 0.9990009 -0.07361257 -0.02099728 0.997066 -0.03064078 -0.04010158 0.9987257 -0.02804696 -0.04245197 0.9987049 -0.06152576 -0.06741583 0.9958262 -0.08438408 -0.07907384 0.9932909 -0.1105406 -0.09699004 0.9891278 -0.1518933 -0.06732505 0.9861013 -0.2204412 -0.07864832 0.9722243 -0.08313351 -0.02081388 0.996321 -0.09558558 -0.01638871 0.9952864 -0.09863674 -0.0172736 0.9949737 -0.09779047 -0.01270228 0.995126 -0.1028264 -0.01774579 0.9945411 -0.0972644 -0.02060037 0.9950454 -0.0977537 -0.0234999 0.9949331 -0.09650188 -0.02615499 0.9949891 -0.09000062 -0.02130228 0.9957139 -0.09630876 -0.02800178 0.9949576 -0.1031835 -0.02200388 0.994419 -0.09701859 -0.02737516 0.9949061 -0.1325141 0.01193296 0.9911094 -0.2162299 -0.03610444 0.9756748 -0.3515207 -0.03784382 0.935415 -0.4306207 -0.04632759 0.9013432 -0.2862418 -0.08643102 0.9542513 -0.1570807 -0.101933 0.9823112 -0.1080062 -0.09991872 0.9891163 -0.09729552 -0.1052 0.9896801 0.1030331 -0.1668488 0.9805844 -0.214522 0.001617491 0.9767178 -0.1586708 0.007202565 0.9873053 -0.1836944 -0.01297056 0.9828979 -0.2187009 -0.01336741 0.9757004 -0.1821655 -0.02642911 0.9829127 -0.1658688 -0.03552365 0.9855079 -0.138649 -0.03082442 0.9898618 -0.1146596 -0.03848433 0.9926591 -0.1030029 -0.03286933 0.9941379 -0.09665304 -0.02945059 0.9948824 -0.0928992 -0.03018307 0.995218 -0.09732657 -0.02514803 0.9949348 -0.0828498 -0.03556764 0.9959272 -0.09735631 -0.03076332 0.9947741 -0.09766101 -0.0278334 0.9948304 -0.09787565 -0.0255447 0.9948709 -0.3528008 -0.01400822 0.9355936 -0.3405058 -0.01059025 0.9401829 -0.4552868 -0.02108877 0.8900952 -0.5606961 -0.01635819 0.82786 -0.6187088 -0.01568669 0.7854638 -0.5950995 -0.3798151 0.7082353 -0.3942502 -0.06982845 0.9163464 0.06811892 -0.105444 0.9920895 -0.670925 -0.01028478 0.741454 -0.7400465 0.01022374 0.6724781 -0.7019977 0.01416081 0.7120385 -0.7065215 -0.02890175 0.7071013 -0.6775557 -0.3591494 0.6418178 -0.6454227 -0.4730191 0.5997353 -0.5777322 -0.554751 0.5987295 -0.5428737 -0.664004 0.5141857 -0.5045748 -0.6240577 0.5966208 -0.4837049 -0.6434749 0.5932703 -0.413598 -0.6623916 0.6246392 -0.4141158 -0.6618102 0.6249123 -0.3232291 -0.6875372 0.6502427 -0.7164419 -0.4294074 0.5498368 -0.3241737 -0.6868931 0.6504533 -0.09659326 -0.1579063 0.9827184 -0.2581961 -0.7062854 0.659163 -0.2581598 -0.7060559 0.659423 -0.7550459 -0.2809296 0.5924394 -0.7729908 -0.4558656 0.4412164 -0.7511412 0.003448665 0.6601326 -0.7995305 -0.009643912 0.6005482 -0.8337139 -0.2718008 0.4806718 -0.7538453 -0.004028439 0.6570397 -0.8231548 0.01092571 0.567712 -0.7756676 -0.5327374 0.3384237 -0.8360075 0.01089525 0.5486099 -0.8684479 0.005493402 0.4957502 -0.8642004 -0.02627664 0.5024612 -0.873894 -0.007874011 0.4860528 -0.8913248 -0.2687464 0.365124 -0.8232795 -0.4702971 0.3178549 -0.2074388 -0.7281874 0.6532322 -0.2073789 -0.7282832 0.6531445 -0.9099755 0.01345872 0.4144437 -0.9177669 0.00225836 0.397113 -0.9511451 0.004852592 0.3087063 -0.9312894 0.001861631 0.3642756 -0.7627043 -0.6243304 0.1688014 -0.88268 0.051364 0.4671593 -0.9221876 -0.03302133 0.3853308 -0.9176537 -0.3132194 0.244551 -0.755778 -0.6413614 0.1321177 -0.6069257 -0.7930594 0.05194282 -0.57644 -0.8156774 0.04886066 -0.9134129 -0.3864357 0.1278454 -0.9375673 -0.0213021 0.3471511 -0.9248511 4.27268e-4 0.3803291 -0.9696616 -0.2000545 0.1404806 -0.9844982 1.83117e-4 0.1753956 -0.9753825 0.0125432 0.220163 -0.9867094 0.08926802 0.1357789 -0.8721578 -0.4868787 0.04785466 -0.9929196 -0.03170967 0.1144784 -0.9927535 0.04306232 0.1121879 -0.9991568 8.54528e-4 0.04104781 -0.9923461 -0.02914535 0.1199995 -0.9870609 -0.09903568 0.1261065 -0.9323305 -0.3593634 0.04022425 -0.7427128 -0.6683378 0.04126179 -0.6935241 -0.7202287 0.0171824 -0.4368509 -0.8992157 0.02392697 -0.2789138 -0.9603132 0.002410948 -0.9316251 0.3613153 0.0390644 -0.8475518 0.5302425 0.02234011 -0.7375878 0.6743825 0.03424251 -0.4244627 0.9052335 -0.01959335 -0.2765979 0.9593792 -0.05554538 -0.9974663 -0.02188241 0.06769204 -0.9948287 0.007873892 0.1012621 -0.9977871 -0.005554437 0.06625664 -0.8291142 -0.5528547 0.0831952 -0.7252021 -0.6856794 0.06265634 -0.8542875 -0.5197994 0.001312315 -0.9350738 -0.353655 -0.02377432 -0.9418377 -0.3304565 -0.06115943 -0.9977265 -0.01232963 0.0662567 -0.9562586 -0.2624652 -0.1291573 -0.8477686 -0.5220958 -0.09329783 -0.8502068 -0.516997 -0.0993098 -0.9350171 -0.285843 -0.2098501 -0.9929652 -0.02121067 -0.1164909 -0.9977622 -0.008972585 -0.06625699 -0.9948064 0.007934987 -0.1014766 -0.9753205 0.0125432 -0.2204374 -0.9866498 0.09006166 -0.1356876 -0.9927308 0.04458862 -0.111792 -0.9923843 -0.02819949 -0.1199089 -0.9871118 -0.0983327 -0.1262578 -0.9776389 -0.08047801 -0.1942825 -0.9718724 -0.04116988 -0.2318821 -0.9555435 -0.01544249 -0.2944453 -0.9211645 -0.3173093 -0.225324 -0.759266 -0.6420098 -0.1064828 -0.999158 9.76605e-4 -0.04101735 -0.9316126 0.3613409 -0.0391249 -0.8475854 0.5301834 -0.02246224 -0.7375579 0.6744136 -0.03427302 -0.4244617 0.9052313 0.01971542 -0.2765673 0.9593792 0.05569797 -0.9380369 -0.06274735 -0.3408074 -0.8937487 3.96747e-4 -0.4485681 -0.9203643 -0.01739585 -0.390675 -0.9248511 4.27268e-4 -0.3803291 -0.8826959 0.03650051 -0.4685249 -0.8728482 -0.03479182 -0.4867502 -0.7965261 -0.0214551 -0.6042233 -0.9511483 0.004791438 -0.3086974 -0.9081987 0.008514881 -0.4184526 -0.9147377 0.009094536 -0.4039458 -0.8684883 0.01028496 -0.4956032 -0.8745667 0.0378136 -0.4834288 -0.9312894 0.001861631 -0.3642756 -0.8523387 0.003845393 -0.5229761 -0.8537402 -0.05752837 -0.5175117 -0.7900198 0.112219 -0.6027236 -0.7859795 0.06524902 -0.6147999 -0.7807393 0.03869819 -0.6236575 -0.9323202 -0.35939 -0.04022383 -0.9357295 -0.3513907 -0.03057956 -0.7426849 -0.6683706 -0.04123139 -0.6933379 -0.7204086 -0.01715183 -0.4368756 -0.8992038 -0.02392667 -0.2789138 -0.9603131 -0.002441525 -0.7145374 -0.6901223 -0.1147508 -0.7033969 -0.7016573 -0.1136214 -0.703505 -0.7016128 -0.1132273 -0.7037337 -0.7013837 -0.1132248 -0.7244732 -0.6746959 -0.1411529 -0.8168373 -0.5151584 -0.2595934 -0.8480755 -0.480804 -0.2227007 -0.8047382 -0.5242029 -0.278582 -0.7958761 -0.5256298 -0.3004907 -0.7885577 0.06116062 -0.611912 -0.7325928 -0.1053231 -0.6724692 -0.7259653 -0.02688759 -0.6872056 -0.6197234 -0.0298478 -0.7842526 -0.731077 -0.0122075 -0.682186 -0.7121096 -0.351248 -0.6078857 -0.8148406 0.005707144 -0.5796572 -0.8644952 -0.04870909 -0.5002755 -0.7344368 0.0127874 -0.6785567 -0.8440048 0.005096673 -0.5363116 -0.8425635 0.00112915 -0.538596 -0.7676907 -3.05196e-5 -0.6408206 -0.7441505 0.09869915 -0.6606804 -0.757725 -0.268689 -0.5946926 -0.6536249 -0.6742557 -0.3437352 -0.6796984 -0.005157768 -0.7334737 -0.646883 0.1003468 -0.7559583 -0.69428 0.3701057 -0.6172497 -0.6092241 0.3677868 -0.7025518 -0.7148858 0.3929675 -0.5783727 -0.4742197 0.6911558 -0.5453618 -0.5375348 0.6893679 -0.4856216 -0.6443252 0.5426651 -0.5388503 -0.269365 0.9121056 -0.3090404 -0.3193868 0.8976097 -0.3037913 -0.159279 0.9706285 -0.1803066 -0.203504 0.9524527 -0.2267599 -0.05981796 0.9967016 -0.0548433 -0.5797115 -0.01529008 -0.8146785 -0.5380531 0.1010184 -0.8368359 -0.5132133 0.3704743 -0.7741842 -0.4044446 0.693495 -0.5962293 -0.2467154 0.9098015 -0.3337556 -0.2189469 0.9483022 -0.2297508 -0.6451101 -0.1071826 -0.7565349 -0.6010388 -0.3715368 -0.7076107 -0.6903475 -0.3651334 -0.6245784 -0.7109484 -0.3911666 -0.5844151 -0.6402062 -0.541903 -0.5444973 -0.5354242 -0.6850585 -0.4939795 -0.3158423 -0.898544 -0.3047334 -0.2021273 -0.9523456 -0.2284348 -0.1625434 -0.9718733 -0.1704173 -0.1774053 -0.9578605 -0.2258995 -0.3311044 -0.8682144 -0.3695588 -0.4677913 -0.6918295 -0.5500394 -0.06036746 -0.9966432 -0.05530124 -0.2368928 -0.9127182 -0.3329074 -0.3956206 -0.6984933 -0.5963149 -0.5028274 -0.3838042 -0.7745057 -0.09863853 -0.9907803 -0.09287035 -0.5309152 -0.1268385 -0.837879 -0.4695979 -0.02722305 -0.8824607 -0.412223 0.04931902 -0.9097472 -0.4413664 0.5559959 -0.7043185 -0.1108764 -0.984154 -0.1383742 -0.2097554 -0.9502015 -0.2304776 -0.4281578 -0.5710805 -0.7003915 -0.3863369 -0.07446575 -0.9193469 -0.4236621 -0.05447602 -0.9041807 -0.5946112 -0.3801813 -0.7084489 -0.2165001 -0.06482183 -0.9741283 -0.462453 -0.3904894 -0.7960247 -0.3245699 -0.01941007 -0.9456626 -0.2072541 -0.02899295 -0.9778575 -0.09970635 -0.03479188 -0.9944086 -0.1031835 -0.04403835 -0.993687 -0.6249116 -0.1684355 -0.762309 -0.5302342 -0.3734589 -0.7611702 -0.6046193 -0.682871 -0.4100278 -0.4508031 -0.5465122 -0.7057628 -0.1557688 -0.1108754 -0.9815512 -0.4610819 -0.631836 -0.6230465 -0.4617021 -0.634993 -0.6193668 -0.04669409 -0.03094625 -0.9984298 -0.01983755 -0.1030944 -0.9944737 -0.007354974 -0.1244859 -0.9921941 -0.09662348 -0.1579059 -0.9827154 0.1225356 -0.0797168 -0.9892575 0.1949583 -0.07779407 -0.9777215 0.08786463 -0.1279973 -0.9878748 0.05038738 -0.1605316 -0.9857438 0.1823838 -0.02737587 -0.9828463 0.267502 0.001129209 -0.9635567 0.2364339 -0.0308246 -0.9711586 0.1644358 -0.1012006 -0.9811826 0.0974155 -0.02700895 -0.9948773 0.0685755 -0.03088492 -0.9971678 0.1747525 -0.01373356 -0.9845167 0.1032478 -0.173687 -0.9793736 0.05044788 -0.167 -0.9846655 0.3309154 0.1711189 -0.9280158 0.3137692 0.04529064 -0.9484186 0.1107228 -0.1467657 -0.9829549 0.2860861 -0.2382321 -0.9281165 0.2323103 0.1610791 -0.9592109 0.1857377 0.04739576 -0.9814558 0.09225815 -0.1100811 -0.9896317 0.2126893 -0.1044372 -0.9715227 0.2915212 0.3839645 -0.8761203 0.1318124 -0.1458207 -0.9804906 0.1919048 -0.1385877 -0.9715792 0.3616819 0.2502566 -0.8980857 0.3131276 0.2911537 -0.9039804 0.2852621 0.5579504 -0.7793055 0.2222415 0.5223072 -0.8232886 0.233317 0.2837038 -0.9300943 0.0855149 0.216656 -0.9724955 0.04498493 0.03607338 -0.9983363 0.1857402 0.307207 -0.9333404 0.09683603 0.3390635 -0.9357665 -0.03588986 0.2272414 -0.9731769 -0.04492449 0.04684716 -0.9978914 -0.05298185 -0.09580069 -0.9939896 -0.004211604 0.3756614 -0.9267475 -0.05505627 0.410969 -0.9099854 -0.0490747 0.1513442 -0.9872622 -0.04272681 0.009094715 -0.9990454 -0.05160737 -0.05233979 -0.9972949 -0.05530005 -0.07257372 -0.9958288 -0.06320524 -0.09476208 -0.9934915 -0.06097769 0.4685336 -0.8813388 -0.001342773 -0.1687375 -0.9856602 0.02639895 -0.2273057 -0.9734656 0.0954324 -0.1966939 -0.9758096 0.2403075 -0.1735011 -0.9550653 -0.04440522 -0.1438364 -0.9886047 -0.1978237 -0.1084032 -0.9742251 -0.2219649 -0.1139885 -0.9683688 -0.3232251 -0.1550052 -0.9335411 -0.1112126 -0.2040526 -0.9726225 -0.04626667 -0.1165213 -0.99211 -0.07687819 -0.1706641 -0.9823256 -0.07107883 -0.1517712 -0.9858567 -0.0428791 -0.142432 -0.9888755 0.04623621 -0.1669692 -0.9848775 0.1853421 -0.07571768 -0.9797527 -0.0225538 -0.1326678 -0.990904 0.3884793 -0.1796972 -0.903766 0.5758051 -0.03756904 -0.8167234 0.3785627 -0.02429342 -0.9252568 0.08023393 -0.03402847 -0.996195 -0.1959019 -0.05273693 -0.9792045 0.009857773 -0.03778308 -0.9992374 -0.03998011 -0.0579254 -0.9975201 -0.06457924 -0.04168963 -0.9970414 -0.1128296 -0.03650099 -0.9929437 -0.2817193 -0.04293996 -0.9585356 -0.0455954 -0.07294046 -0.9962935 -0.4764928 -0.06531059 -0.8767492 -0.5533695 -0.05807751 -0.8309087 -0.009949266 -0.272873 -0.9619987 0.09744715 -0.3177334 -0.9431594 0.02246189 -0.241038 -0.9702558 0.02420139 -0.2361546 -0.9714141 0.02429306 -0.2361253 -0.971419 0.02725309 -0.2367326 -0.9711926 0.03018349 -0.2369205 -0.97106 0.03155642 -0.2367953 -0.9710469 0.02597153 -0.2486674 -0.9682406 -0.5264794 -0.09698861 -0.8446376 -0.4887962 -0.1337963 -0.8620771 -0.4866309 -0.1341935 -0.8632396 0.2326186 -0.2669834 -0.935205 0.2327071 -0.2669494 -0.9351928 0.2326148 -0.2670401 -0.9351899 0.2324974 -0.267076 -0.9352087 0.2330781 -0.2663444 -0.9352729 0.2316123 -0.2691208 -0.9348421 0.2322177 -0.2674975 -0.9351578 0.297685 -0.2023428 -0.9329743 0.3238102 -0.1906238 -0.9267198 0.2529428 -0.1748137 -0.9515567 0.4703044 -0.2629249 -0.8424277 0.833741 -0.1163679 -0.5397542 0.1620267 -0.40908 -0.8979984 0.3792644 -0.3749002 -0.8459364 0.01126146 -0.3947008 -0.9187407 0.02548348 -0.4687745 -0.8829503 0.02868831 -0.4874578 -0.8726752 0.04352021 -0.4644395 -0.8845348 0.04376512 -0.4643868 -0.8845506 0.04364264 -0.4644132 -0.8845428 0.04455763 -0.4644069 -0.8845003 0.04254382 -0.4648693 -0.8843566 0.04077422 -0.4651805 -0.8842763 0.8700084 -0.1051993 -0.4816831 0.3924427 -0.3741313 -0.8402467 0.8211817 -0.01263493 -0.570527 0.9283624 0.005737602 -0.3716319 0.952136 -0.06180125 -0.2993623 0.3437674 -0.2004801 -0.9174049 0.275313 -0.2385374 -0.9312909 0.275709 -0.2570924 -0.9262225 0.272811 -0.283859 -0.9192379 0.3229252 -0.215375 -0.9215926 0.2637825 -0.2158054 -0.9401314 -0.05060011 0.3050352 -0.9509959 -0.059879 0.3438925 -0.9370979 -0.05530035 0.3465125 -0.9364139 -0.04855519 0.4410864 -0.8961502 -0.05121088 0.3438272 -0.9376356 -0.05121111 0.3439814 -0.9375789 -0.05121171 0.3436191 -0.9377117 -0.05121046 0.3446789 -0.9373228 -0.05121082 0.3459022 -0.936872 -0.0511803 0.3462378 -0.9367497 -0.0511198 0.3471267 -0.9364241 -0.05050969 0.4093573 -0.910975 -0.04922652 0.4745039 -0.8788759 -0.04718273 0.5080537 -0.8600321 -0.04229968 0.514982 -0.8561568 -0.04608374 0.549984 -0.8339029 -0.1600444 -0.7626833 0.6266578 -0.1602862 -0.762916 0.6263126 -0.1294333 -0.7684209 0.6267188 0.6529046 -0.4548938 0.6056298 -0.1208564 -0.7620972 0.6360831 -0.1207657 -0.7621332 0.6360571 -0.1209174 -0.7621892 0.6359614 -0.1214358 -0.7623383 0.6356837 -0.1208559 -0.7624302 0.635684 -0.1196633 -0.7626287 0.6356714 0.9544838 0 0.2982628 -0.9934055 -0.1020568 0.05224913 -0.9934009 -0.1021478 0.05215734 -0.9933932 -0.1022655 0.05207479 0.19389 -0.979613 0.05258494 0.3158147 -0.9468947 -0.06042838 0.5201107 -0.8519781 -0.0601536 0.4806804 -0.8755708 -0.04819011 0.1927306 -0.9755863 0.1052923 0.04910433 -0.996614 0.06595057 0.07684677 -0.9953767 -0.05761981 0.3676677 -0.9236709 -0.1079472 0.5157472 -0.8465163 0.1319658 0.3115366 -0.9381194 0.1512515 0.04907399 -0.9966174 -0.06592029 0.1338256 -0.9664131 -0.2194007 0.08496421 -0.977241 -0.1943739 0.05191224 -0.9778186 -0.2029187 0.1049543 -0.98643 -0.1262564 0.7043583 -0.7096686 -0.01580905 0.5171509 -0.8459057 -0.1303788 0.8839232 -0.4623941 -0.06979703 0.7831822 -0.6051945 -0.1427075 0.8583582 -0.5059202 0.08524066 0.8468958 -0.5317589 -6.10375e-5 0.8441228 -0.5298085 0.08221793 0.7832405 -0.6050398 0.1430427 0.8407241 -0.5230453 -0.140024 0.6259498 -0.7733884 0.1002863 0.6234495 -0.7754053 0.1002866 0.6231411 -0.7756455 0.1003471 0.6254029 -0.7738187 0.1003782 0.7241352 -0.6833307 0.0932064 0.5498407 -0.8147506 0.1840025 0.3212164 -0.9339843 0.1565033 0.3113287 -0.9381978 -0.1511932 0.3211236 -0.9340113 -0.1565333 0.5505052 -0.8143436 -0.183817 -0.1081585 -0.8852581 -0.4523493 -0.09939998 -0.9544782 -0.2812315 0.08798629 -0.8960384 -0.4351707 0.07651185 -0.6817098 -0.7276109 -0.316908 -0.5967662 -0.7371835 -0.3029073 -0.8782939 -0.3699284 0.8407737 -0.5227941 0.140663 0.8063841 -0.585332 0.0844472 0.8341012 -0.4956081 0.2421731 0.770123 -0.5868853 0.2499527 0.07016295 -0.3819441 -0.9215183 -0.3661383 -0.2394838 -0.8992165 -0.814988 -0.30089 -0.4952371 -0.6806216 -0.5405664 -0.494512 0.7699383 -0.5870368 -0.2501658 0.8341875 -0.4959102 -0.241256 0.3311309 -0.7825371 -0.5272458 0.0504179 -0.1230844 -0.9911147 -0.3682804 0.1876347 -0.9105838 -0.3418166 0.1592804 -0.9261702 -0.6360227 0.3319281 -0.6966341 -0.7971192 0.4297955 -0.4241191 0.4736897 -0.4280023 -0.7696962 0.3270998 -0.1954114 -0.9245648 -0.009399712 -0.01461833 -0.999849 0.6884851 -0.5412905 -0.4826934 0.6125507 -0.3539921 -0.7067329 0.1641921 -0.9680626 -0.1894619 0.4513506 -0.8209095 -0.3498433 0.5039291 -0.8449175 -0.1793599 0.7885052 -0.5868009 -0.1841859 0.8036268 -0.45571 -0.3827695 0.04699945 -0.9859212 -0.1604697 0.1719442 -0.97313 -0.1531445 0.5154942 -0.8568782 0.005066096 0.7933758 -0.5937501 0.1342232 0.8706612 -0.4918833 3.05195e-5 -0.8668625 -0.3983649 -0.2997579 -0.6290325 -0.777051 -0.02258425 -0.004089593 -0.9916355 -0.1290054 0.1804898 -0.976763 -0.1155757 0.4614824 -0.861682 0.2110409 0.6870529 -0.5470603 0.4782086 0.8033847 -0.4565962 0.3822211 0.163522 -0.9832989 -0.07989931 -0.8162394 0.4211667 -0.3954389 -0.9005494 0.4347101 -0.006164789 -0.9113501 0.4042205 -0.07776165 -0.9186066 0.3257347 0.2237384 -0.9564906 -0.04513734 0.2882503 -0.9512742 0.2125336 -0.2233983 -0.9536967 0.16633 -0.2505937 -0.9534978 0.1691045 -0.2494909 -0.9531404 0.1674885 -0.2519347 -0.9537851 0.1666041 -0.2500741 -0.9533589 0.1781406 -0.2436653 -0.9581727 0.102452 -0.2672238 -0.9579284 0.1020248 -0.2682615 -0.9510185 0.1901975 -0.2436982 0.350303 -0.5487104 0.7590815 0.377852 -0.2970384 0.8769242 0.6134423 -0.3477393 0.70906 -0.8878305 0.1060843 0.4477759 -0.8850729 -0.1570492 0.438157 -0.5478483 -0.6587852 0.5156202 0.1934005 -0.967918 0.1604091 0.1031226 -0.9900565 -0.09567606 0.07687783 -0.9944069 -0.07242202 0.01123112 -0.9723495 0.2332601 -0.1078546 -0.7526929 0.6494774 0.2934141 -0.8162429 0.4976503 -0.1366042 -0.3664143 0.9203694 0.3291165 -0.1945888 0.9240226 -0.2019459 -0.9567176 0.2095452 -0.4478104 -0.4186645 0.7900544 -0.0912227 -0.03766101 0.9951182 -0.003418147 -0.02047848 0.9997845 0.06692916 -0.992066 -0.1064214 -0.05191338 -0.9968841 0.0593906 -0.4270258 0.2032889 0.8810917 -0.3529272 0.1482941 0.9238244 0.2144554 -0.9469974 -0.2391756 -0.01858621 -0.999658 -0.01840311 -0.63993 0.3002495 0.7073472 0.4954527 -0.8395289 -0.222975 0.2922224 -0.9443284 -0.1511621 0.2612141 -0.945028 -0.1966964 0.4873598 -0.8301506 -0.2707961 -0.8265004 0.4100914 0.3856453 -0.6880863 0.3716936 0.6232025 -0.04538106 -0.994935 0.08969396 0.8081796 -0.464411 -0.3621716 0.7240991 -0.5780341 -0.376241 0.4559625 -0.7885039 -0.4127468 0.6172191 -0.5386933 -0.5734546 0.7117403 -0.4275447 -0.5573433 0.1659032 -0.9427732 -0.2892318 0.3232274 -0.7666695 -0.5547451 0.5254546 -0.3675161 -0.7673524 0.4171419 -0.4896259 -0.7656757 0.101323 -0.9565261 -0.2734806 0.1608663 -0.8905178 -0.4255588 0.2879456 -0.5775088 -0.7639181 0.2819937 -0.5737534 -0.7689516 0.3809702 -0.3297591 -0.8637828 0.04272651 -0.9532596 -0.2991163 0.2975363 -0.5721523 -0.7642736 0.2979267 -0.5709498 -0.7650203 0.2971695 -0.5736467 -0.7632955 0.2960959 -0.5774511 -0.7608401 0.3285084 -0.3427609 -0.8801121 0.008728384 -0.987136 -0.1596447 -0.001403868 -0.9548449 -0.2971015 0.06024479 -0.8112603 -0.5815731 0.08459901 -0.893661 -0.4406961 0.1050767 -0.7525359 -0.6501144 0.1707217 -0.4488083 -0.877169 0.0832864 -0.5782137 -0.8116233 0.1821106 -0.3565607 -0.9163516 0.2473626 -0.3004059 -0.9211776 0.1885805 -0.303853 -0.9338688 0.1247628 -0.3985515 -0.9086205 0.1783862 -0.2986025 -0.937558 -0.001586973 -0.7821792 -0.6230516 -0.02307212 -0.6411989 -0.7670277 0.1503987 -0.2855378 -0.9464927 0.1380054 -0.2282186 -0.9637795 0.03741645 -0.4162201 -0.9084938 0.05374497 -0.3915665 -0.9185789 0.06286901 -0.3672649 -0.9279893 0.008758902 -0.9976637 -0.067752 0.1335833 -0.9663349 0.219892 0.1636445 -0.9680114 0.1901963 0.04699897 -0.9859115 0.1605291 0.008697807 -0.9871314 0.1596745 0.008758902 -0.9976618 0.0677824 0.08438545 -0.9773148 0.1942544 0.05261427 -0.9778506 0.2025833 0.08865869 -0.8947052 0.4377695 -0.1097163 -0.8846889 0.4530872 -0.3233216 -0.5962862 0.7347829 0.08307445 -0.6798554 0.7286257 0.3295779 -0.782118 0.5288383 -0.41455 -0.3858308 0.8241863 0.07849484 -0.3816401 0.9209721 0.1048343 -0.986419 0.126442 -0.1000123 -0.9421666 0.3198746 -0.103093 -0.9409303 0.3225244 -0.3038164 -0.8777258 0.3705309 -0.6789243 -0.5435422 0.4935827 -0.8201076 -0.2980489 0.4884572 -0.3571681 -0.9306269 0.07977759 -0.6742066 -0.6722839 0.3057445 -0.8851271 -0.3684622 0.2842283 -0.944389 -0.206463 0.2559348 0.05502545 -0.9891765 0.1360225 -0.206525 -0.9589207 -0.1944698 -0.5452313 -0.6611139 -0.5154138 -0.5971347 -0.7525068 -0.2777839 -0.7956369 -0.4611764 -0.3927828 -0.8873736 -0.156502 -0.4336766 -0.9551562 0.0468468 -0.292373 -0.8892745 0.1096867 -0.4440269 -0.9140704 0.3372029 -0.2253207 -0.9043151 0.42144 0.06784421 -0.9005319 0.4347469 0.006134331 -0.7860592 0.3690718 0.4958802 -0.816199 0.4211921 0.3954952 -0.6359663 0.3319611 0.6966697 -0.4689917 0.1390769 0.8721837 -0.3418704 0.159277 0.9261509 0.05807733 -0.1278434 0.9900925 -0.493371 0.05142456 0.8682976 -0.009430229 -0.01461833 0.9998487 0.3270433 -0.1954447 0.9245778 0.4722599 -0.4277013 0.7707414 -0.7340649 0.2392966 0.6355202 -0.7326431 0.2472968 0.6340967 -0.9509359 0.2165005 0.2210173 -0.9537545 0.1654444 0.2509591 -0.09750902 -0.9642864 0.2462598 0.2923434 -0.9443252 0.1509479 0.4955505 -0.8394786 0.2229474 0.6125441 -0.3540188 0.7067252 0.6864994 -0.5406175 0.4862627 -0.8265513 0.4099643 -0.385671 0.4496681 -0.8203833 0.3532278 0.2310628 -0.9537635 0.1922115 -0.1011409 -0.7536739 -0.64942 -0.4478443 -0.4187896 -0.7899687 -0.3933632 -0.5476078 -0.738506 -0.05963486 -0.9955428 -0.07306343 0.06622648 -0.9922984 0.1046805 0.01336723 -0.9726666 -0.2318212 0.07681715 -0.9944115 0.07242238 0.1910166 -0.9686031 -0.1591246 0.2858458 -0.8177705 -0.4995434 0.2144294 -0.9470482 0.2389976 0.1030943 -0.9900475 0.09580022 0.3484049 -0.5417122 -0.7649588 -0.03396719 -0.2719819 -0.9617027 -0.09479266 -0.04101783 -0.9946517 -0.4472886 0.337969 -0.828076 0.3878112 -0.3012579 -0.8711178 -0.003387629 -0.02047848 -0.9997846 -0.3529195 0.1486266 -0.9237738 -0.6396517 0.3004919 -0.7074959 -0.6721298 0.2859367 -0.6829947 -0.5917438 0.1629744 -0.78948 -0.4412214 0.5284157 -0.725328 0.4604182 -0.8624221 -0.2103409 0.6880529 -0.5479093 -0.4757927 0.6134936 -0.3477339 -0.7090182 0.3290892 -0.1945908 -0.9240318 0.1637644 -0.9833498 0.07876926 0.4877803 -0.8298949 0.2708229 0.7965168 -0.5892925 -0.1352604 0.8033959 -0.4565721 -0.3822265 0.1794813 -0.9766643 0.1179553 0.5202333 -0.8540238 -9.15581e-4 0.8706277 -0.4919427 -3.05194e-5 0.5053101 -0.8437399 0.1810107 0.787465 -0.5873484 0.1868711 0.1715193 -0.9732957 0.1525667 0.8035828 -0.4557807 0.3827776 0.7244662 -0.5778517 0.3758141 0.4562275 -0.7885787 0.4123107 0.8069672 -0.4646295 0.3645864 0.7104246 -0.4276647 0.5589275 0.6180534 -0.5387328 0.5725181 0.1660544 -0.9427658 0.2891685 0.322735 -0.766263 0.5555925 0.5088192 -0.3737099 0.7755282 0.4161601 -0.4851946 0.7690234 0.09735614 -0.9428593 0.3186507 0.04269677 -0.9534601 0.2984809 0.3123959 -0.4799165 0.8198103 0.1746296 -0.7469218 0.6415703 0.3644584 -0.3372049 0.8680225 0.3292732 -0.34319 0.879659 0.3293681 -0.3429189 0.8797292 0.3293914 -0.3427893 0.8797709 0.3290939 -0.3445063 0.8792114 0.3297904 -0.3405026 0.8805091 0.3297002 -0.3410534 0.8803297 0.06018364 -0.8118995 0.5806868 0.3885054 -0.3730934 0.8425348 -0.001617491 -0.954796 0.2972579 0.1178656 -0.5833767 0.803604 0.07248347 -0.682474 0.727307 0.02258402 -0.6964429 0.7172568 0.005859732 -0.856591 0.5159628 -0.0308544 -0.9869137 0.15827 -0.03863716 -0.9522575 0.3028412 -0.0328077 -0.997202 0.06717187 -0.03280776 -0.997204 -0.06714147 -0.03872853 -0.9522834 -0.3027482 -0.03088504 -0.9869176 -0.15824 -0.05676525 -0.4039794 -0.9130051 -0.07037681 -0.7942875 0.6034522 -0.0892378 -0.290969 -0.9525617 -0.03076308 -0.2965834 -0.9545114 -0.05887222 -0.4428085 -0.8946813 0.01104801 -0.5364418 -0.843865 -0.2516005 -0.1850686 -0.949972 -0.3012573 -0.2460172 -0.9212598 -0.5995234 0.02267593 -0.800036 -0.7992287 0.101811 -0.5923411 -0.7603005 0.2614296 -0.5946409 -0.7964391 0.1267478 -0.5912865 -0.5393362 0.1782324 -0.8230127 -0.8602728 0.3601256 -0.3608886 -0.8791647 0.354907 -0.3179789 -0.1955965 0.08090591 -0.9773415 -0.3470062 0.1628823 -0.9236104 -0.6329142 0.3169454 -0.7063748 -0.8236536 0.4171371 -0.3841763 -0.8069041 0.4187576 -0.4165907 -0.8919284 0.4521749 0.001281797 -0.8897583 0.4535466 -0.05124181 -0.8243943 0.4176601 0.3820133 -0.856217 0.431664 0.2838289 -0.8348215 0.004181087 -0.5505049 -0.8432766 -0.01736539 -0.5371993 -0.6303976 0.3191968 0.7076103 -0.5650613 0.2022501 0.7998754 -0.7712537 0.2118956 0.6002234 -0.9758084 0.1767344 0.1286978 -0.992154 0.1152716 -0.04840368 -0.9200432 -0.3251448 -0.218635 -0.7664326 -0.3421525 -0.5436108 0.007538199 -0.5173283 -0.8557539 0.3319916 -0.5016192 -0.7988491 0.01403874 -0.51031 -0.8598759 0.01077312 -0.4947094 -0.8689917 0.04620581 -0.4920586 -0.8693351 0.1272331 -0.4828694 -0.8664 -0.009887993 -0.4234762 -0.9058533 0.08691745 -0.4254624 -0.9007925 0.004974663 -0.2914604 -0.95657 0.1074286 -0.3827146 -0.9175994 0.3407804 -0.5485265 -0.7635362 0.3786252 -0.611947 -0.6943802 0.6471009 -0.7435725 -0.1684055 0.6390207 -0.6399058 -0.4268175 0.6749022 -0.6058676 0.4212263 0.7437979 -0.633774 -0.2123567 0.5092803 -0.5571656 -0.6558964 0.7817259 -0.5052195 -0.3655928 0.6523271 -0.4380791 -0.6185113 0.8058875 -0.4516217 -0.3828622 0.6147739 -0.3488928 -0.7073379 0.5450426 -0.3134018 -0.7776296 0.5055558 -0.7693359 0.3905582 0.4063659 -0.5441306 0.7340223 0.3498737 -0.2604521 0.8998628 0.6326675 -0.3738628 0.6782025 0.636656 -0.3545387 0.6848149 0.3264353 -0.2019467 0.9233946 0.6159428 -0.3508207 0.7053647 0.852696 -0.4838149 0.1970601 0.4385311 -0.8227379 -0.3616531 0.5104557 -0.8597117 0.01818913 0.09796673 -0.344379 -0.9337053 0.2848028 -0.6430036 -0.7109388 0.09448677 -0.1636734 0.9819793 -0.01187175 -0.02652066 0.9995778 0.04168933 -0.2114682 -0.9764954 0.07880014 -0.3343972 -0.9391322 0.07709205 -0.7228829 0.6866564 0.1111816 -0.8363498 0.5368033 0.1391056 -0.9815519 0.1311706 0.137334 -0.94437 -0.2988389 0.09076303 -0.7131035 -0.6951585 -0.00100708 -0.2729631 0.962024 -0.0822786 -0.1239672 0.9888692 -0.3496316 -0.7763251 0.524478 -0.3310058 -0.659326 0.6750736 -0.3412058 -0.933372 0.1113344 -0.2683289 -0.9078379 -0.3222266 0.1011709 -0.1998087 -0.9745978 0.01870805 -0.3157787 -0.9486485 -0.5419053 -0.8372737 0.07288068 -0.7410048 -0.5190086 0.4260777 -0.6808182 -0.4297382 0.5931371 -0.1289451 -0.6871175 -0.7150124 -0.6118806 -0.6772223 -0.4086223 -0.3789311 0.04712218 0.9242244 -0.4210053 -0.1048927 0.9009728 -0.3187138 -0.5542623 -0.7689051 -0.470516 -0.342335 -0.8132783 -0.898507 -0.4355963 -0.05423206 -0.8914304 -0.3444073 0.2945087 -0.8383893 -0.2637458 0.4770131 -0.2430849 -0.04834228 0.9687997 -0.2219365 -0.2438189 0.944085 -0.3533528 0.1599518 0.9217144 -0.01104795 -0.319018 -0.9476844 0.807455 -0.4490947 0.3825317 0.8740143 -0.4858992 0.001129209 -0.009369313 -0.01736533 -0.9998053 0.03796511 -0.04004037 -0.9984766 0.2005428 -0.1261975 -0.9715231 0.3290597 -0.1967887 -0.9235767 0.3584155 -0.2099404 -0.9096502 0.01883053 -0.2232502 -0.9745793 0.8164741 -0.5403079 0.2035616 0.7832816 -0.5913448 0.1917842 -0.0238049 -0.5283776 -0.8486757 0.01376402 -0.5642661 -0.8254783 -0.0704385 -0.7944169 -0.6032747 -0.1421292 -0.5492591 -0.8234767 -0.08127254 -0.4743595 -0.8765717 -0.03982758 -0.4882166 -0.8718132 -0.05230891 -0.4305873 -0.9010319 -0.1185663 -0.3674182 -0.9224673 -0.05636906 -0.3794766 -0.9234826 -0.0669884 -0.319927 -0.9450711 -0.1391664 -0.2621577 -0.9549378 -0.0716288 -0.2586511 -0.9633115 -0.1510682 -0.1919634 -0.9697054 -0.07803601 -0.2048408 -0.9756796 -0.08936053 -0.1671848 -0.9818676 -0.2139708 -0.1455466 -0.9659362 -0.2537685 -0.2374101 -0.937677 -0.2733566 -0.1714544 -0.9465092 -0.2155238 -0.326765 -0.9202033 -0.2144908 -0.4216265 -0.8810362 -0.2945728 -0.2704625 -0.9165571 -0.1558925 -0.7147924 -0.6817401 -0.2623757 -0.3621437 -0.8944334 -0.02694833 -0.9158464 -0.4006236 -0.0794714 -0.944288 -0.3193812 -0.02731466 -0.915728 -0.4008694 -0.02716189 -0.9168516 -0.3983034 -0.02719235 -0.9165455 -0.3990049 -0.02758938 -0.9138371 -0.4051427 -0.02761983 -0.9139582 -0.4048676 -0.02740627 -0.9153637 -0.4016943 -0.4121021 -0.1395953 -0.9003805 -0.315847 -0.1771355 -0.9321286 -0.4312077 -0.1171637 -0.8946132 -0.4385035 -0.1526278 -0.8856746 -0.3991333 -0.1760361 -0.8998354 -0.3979099 -0.1857401 -0.8984255 -0.3919296 -0.1686195 -0.9044107 -0.5624889 0.06341767 -0.8243692 -0.6740517 0.1272354 -0.7276439 -0.1520181 -0.9776342 -0.1453343 -0.1489027 -0.9733154 -0.1745998 -0.1468261 -0.9681184 -0.2029502 -0.05990892 -0.9823785 -0.1770411 -0.8576222 0.3336978 -0.3913182 -0.8671357 0.3455053 -0.3587505 -0.4538735 -0.1198772 -0.8829658 -0.1129197 -0.2117703 -0.9707742 -0.6780705 0.04840308 -0.7334014 -0.481292 -0.08685839 -0.8722464 -0.5489228 0.04471099 -0.8346764 -0.4154872 -0.148567 -0.8973841 -0.1554343 -0.9348641 -0.3191698 -0.3169417 -0.6994997 -0.6405062 -0.3245092 -0.1563186 -0.9328763 -0.2838882 -0.13465 -0.949356 -0.5642946 -0.07028502 -0.8225762 -0.4458867 -0.1239693 -0.8864631 -0.5013406 -0.3545122 -0.7892901 -0.5786491 -0.08832329 -0.8107801 -0.8152571 -0.03360152 -0.5781236 -0.8357949 -0.01025438 -0.5489463 -0.6777899 -0.04016256 -0.7341579 -0.7914854 -0.06170982 -0.6080649 -0.9117648 -0.1347122 -0.3879921 -0.9557732 -0.02420181 -0.2931075 -0.9422503 -0.01409983 -0.3346127 -0.3870718 -0.8139404 -0.4332165 -0.2615781 -0.898692 -0.3520362 -0.3832053 -0.8796692 -0.2816662 -0.1947113 -0.9374833 -0.2884658 -0.66877 -0.6543954 -0.3528645 -0.8597158 -0.3639677 -0.3583523 -0.9630936 -0.1192384 -0.2413151 -0.981041 -0.1345898 -0.1394424 -0.9872785 -0.02941995 -0.1562555 -0.443201 -0.1098389 -0.8896675 -0.0679965 -0.290206 -0.9545454 0.2277984 -0.3776497 -0.8974902 0.4114942 -0.4238241 -0.8068741 -0.5149845 0.5549344 -0.653329 -0.6178835 -0.01086467 -0.7861947 -0.8961074 -0.3693749 -0.246077 -0.9741105 0.03283858 -0.2236749 -0.882533 0.002319455 -0.4702448 -0.4231824 -0.128792 -0.8968441 -0.6932691 -0.6750493 -0.2523614 -0.9110519 -0.3862174 -0.1442936 -0.406148 -0.8872509 -0.2186998 -0.7079905 -0.685864 -0.1683453 -0.4167128 -0.8945866 -0.161448 -0.9681649 -0.006531119 -0.250228 -0.9684211 0.01480156 -0.2488804 -0.9757533 0.03882014 -0.215403 -0.2335632 -0.2652117 -0.9354737 0.1905612 -0.487146 -0.8522766 0.53925 -0.6206151 -0.5692507 -0.8604233 0.2104287 -0.464103 -0.9167278 0.3000011 -0.2638362 -0.9309433 0.2636599 -0.2526423 -0.6376448 -0.01464933 -0.7701913 -0.6382144 -0.01455754 -0.769721 -0.2812326 -0.1247922 -0.951491 0.619445 -0.6044906 -0.5008785 0.5955805 -0.7129876 -0.3700442 0.4790932 -0.6367563 -0.6041616 0.529148 -0.6466177 -0.5494434 0.1960856 -0.4897412 -0.8495317 0.4384734 -0.7334746 -0.5193805 -0.3680008 -0.1669096 -0.9147222 0.02447628 -0.5238604 -0.8514525 -0.5111002 -0.07220774 -0.8564828 -0.3495095 -0.2057626 -0.9140595 0.4985559 -0.8668575 -4.57783e-4 0.1212523 -0.7699356 -0.6264959 0.6156548 -0.6848104 0.389877 0.3356145 -0.880557 -0.3346379 0.6927782 -0.4601939 0.5552297 -0.1254342 -0.5109843 -0.850389 0.3901916 -0.8955332 0.2139416 0.4331921 -0.8293946 0.3527735 0.2431184 -0.9582514 -0.1504917 -0.1782925 -0.8888683 -0.4220484 -0.3659861 -0.1975507 -0.9094107 -0.3269525 -0.5797129 -0.7463479 0.4909959 -0.360556 0.7930462 0.6185626 -0.3572269 0.6998352 0.8099784 -0.4418868 0.385579 0.8684585 -0.47189 -0.1519863 0.8747301 -0.4846081 -0.001556456 0.808062 -0.4496117 -0.3806379 0.6432206 -0.3537774 -0.67905 0.614569 -0.3492334 -0.7073479 0.2543744 -0.1523805 -0.9550256 0.3288443 -0.1960247 -0.9238159 -0.01098668 -0.01327556 -0.9998516 -0.5443681 -0.7922742 -0.2756174 -0.524878 -0.5358956 -0.6613011 -0.7910683 -0.5728226 -0.2146749 -0.6636087 -0.4057523 -0.6284812 -0.9308065 -0.2838595 -0.2302677 -0.7439134 -0.2358243 -0.625284 -0.8752312 -0.0859422 -0.4760088 -0.4343538 -0.1458833 -0.8888504 -0.5238637 -0.08856695 -0.8471853 -0.5154682 -0.08838343 -0.8523385 -0.9989399 -0.03103756 0.03399789 -0.951308 6.1038e-5 -0.308242 -0.944126 -0.2823985 0.1699335 -0.8098017 -0.2378071 0.5363479 -0.7589437 -0.619625 0.2001734 -0.9218053 0.03363227 0.3861914 -0.6913204 -0.2038986 0.6931821 -0.592024 -0.5592762 0.5802739 -0.4448717 -0.1823495 -0.876834 -0.4597374 -0.878671 0.1287594 -0.2730507 -0.3860614 0.8811357 -0.292588 -0.8075087 0.512174 -0.284681 -0.1260433 -0.9502999 -0.2812341 -0.1238162 -0.9516181 -0.4319366 -0.2213854 -0.8743107 -0.2913686 -0.9545246 0.06314462 -0.04629766 -0.5960408 0.8016183 -0.1321494 -0.8892162 0.4379854 -0.3568886 -0.1033067 -0.9284171 0.09958523 -0.2383271 0.9660658 0.2049371 -0.6016575 0.7720163 -0.0511201 -0.1225051 0.9911505 -0.3151081 -0.08874905 0.9448971 -0.2521206 0.04107904 0.9668235 -0.304364 0.01883006 0.9523697 -0.02114951 -0.03061032 0.9993076 0.319774 -0.2158582 0.9225778 0.2892329 -0.3091316 0.9059702 -0.3942117 -0.235239 -0.8884029 -0.9218029 0.1552513 0.3552134 -0.3511505 0.1569282 0.9230747 -0.5864199 0.3086373 0.7489023 -0.636106 0.3134904 0.7050483 -0.8649708 0.4382535 0.2444575 -0.8243479 0.417591 0.382189 -0.8761675 0.4678549 0.1159414 -0.8916077 0.4528079 8.54527e-4 -0.8139638 0.4234321 -0.3977038 -0.8233712 0.4178657 -0.3839896 -0.585183 0.2917979 -0.7565811 -0.6335157 0.3165137 -0.7060291 -0.4467946 0.2178428 -0.8677092 -0.3470894 0.1619628 -0.9237408 -0.3316197 0.1565015 -0.9303417 -0.2367653 0.1048628 -0.9658914 -0.008453607 -0.01705986 -0.9998188 -0.1471936 0.05679601 -0.9874758 -0.9206279 0.3725726 -0.1167646 -0.3476442 0.3779498 -0.8580778 -0.839235 0.4728879 0.2684429 -0.464718 0.4655115 -0.7532173 -0.2913069 0.71403 -0.636633 -0.02957254 0.9211145 -0.3881669 -0.9547257 -0.01010173 -0.297316 -0.9647417 -0.01922702 -0.2624954 -0.9649518 -0.05353039 -0.2569095 -0.9435394 0.0119636 -0.3310445 -0.9980282 0.02606308 0.05710077 -0.9460856 0.1741102 0.2731441 -0.9826397 0.1855229 8.54522e-4 -0.8720195 0.3582626 0.3335117 -0.7179072 0.2713172 0.6410899 -0.6720998 0.3332421 0.6612349 -0.8342056 0.4198495 0.3575298 -0.8861212 0.4463109 0.124884 -0.8923525 0.4512882 0.006775259 -0.8909829 0.4540368 4.57791e-4 -0.883593 0.4493653 -0.13166 -0.8409618 0.424189 -0.3359269 -0.4187229 0.2083238 0.8838961 -0.1255857 0.06555479 0.9899145 -0.02002054 -0.06518894 0.9976721 -0.8691332 0.08795708 0.4866939 -0.8775275 0.06158834 0.475555 -0.9852009 -0.07574945 0.1537573 -0.9583914 0.09656244 0.2686291 -0.3294852 -0.1562582 0.9311407 -0.7623124 -0.1338579 0.6332156 -0.8519701 0.433035 -0.2943258 -0.7851275 0.3984539 -0.4741406 -0.6878479 0.3427947 -0.6398103 0.1736845 -0.1179565 0.9777116 0.3724312 -0.2201076 0.9015808 -0.04614555 -0.4366128 0.8984652 -0.07953262 -0.02877944 0.9964168 -0.9759644 -0.1990138 0.08881002 -0.8414415 -0.3322001 0.4261684 -0.3280809 -0.4369732 0.8375066 -0.6186955 -0.4084147 0.6711284 0.4803466 -0.2700672 0.8344644 0.009247243 -0.4697806 0.8827347 0.603178 -0.3130947 0.7335858 -0.9366168 -0.3502013 0.01040685 -0.7496737 -0.5923472 0.2951512 -0.4767051 -0.71872 0.5061559 -0.9660724 -0.09753805 -0.2391452 -0.1340103 -0.745709 0.6526556 -0.3666593 -0.8567084 0.3627834 -0.6130024 -0.7881198 -0.05563592 -0.8661768 -0.4615479 -0.191602 0.05090504 -0.6631084 0.7467904 0.2373182 -0.8171546 0.5252984 -0.003814876 -0.8744661 0.4850718 -0.07477146 -0.5558419 0.8279185 -0.9542328 -0.1141099 -0.2764397 0.5514201 -0.6480743 0.5252957 0.5507428 -0.6490744 0.5247713 0.5504195 -0.6493636 0.5247526 0.5508705 -0.6487148 0.5250818 -0.7976304 -0.4348741 -0.4179357 -0.9460746 -0.09714359 -0.3090407 -0.5082994 -0.7275196 -0.4608113 -0.1835402 -0.9574974 -0.2225127 -0.1776203 -0.8826692 -0.4351392 0.1742636 -0.977494 -0.1189021 0.1789036 -0.9197879 -0.3492618 0.4031268 -0.9143827 -0.03732484 0.3887827 -0.853436 -0.3471242 0.1519553 -0.6962965 -0.7014847 -0.1781693 -0.6521583 -0.7368482 -0.4928241 -0.5318887 -0.6886354 0.6862567 -0.7214455 0.092565 0.685639 -0.7220482 0.09244191 0.6847001 -0.7230628 0.09146624 0.6851806 -0.7224442 0.09274703 -0.7790356 -0.3240539 -0.5367429 0.3183157 -0.6917186 -0.6482288 0.1175579 -0.4979122 -0.8592227 -0.3100179 -0.3969071 -0.8639177 -0.750708 -0.2252917 -0.6210325 -0.9450733 -0.06210559 -0.3209043 -0.9424612 -0.08292043 -0.323869 -0.989679 -0.01782321 -0.1421893 0.341389 -0.7871844 -0.5136094 0.4418923 -0.555486 -0.7043909 -0.4947858 -0.1641961 -0.853362 -0.8221617 -0.09366399 -0.5614956 -0.8708244 -0.1033368 -0.4806106 -0.8850235 -0.1020864 -0.4542158 -0.9028785 -0.09671515 -0.4188753 -0.4935597 -0.1374288 -0.8587853 -0.6694054 0.006958305 -0.7428647 -0.9569194 -0.01678538 -0.2898683 -0.9673016 -0.03366249 -0.2513855 -0.8817433 -0.09955161 -0.4611055 -0.8867952 -0.09323602 -0.4526602 -0.8762343 -0.101415 -0.471093 -0.8702492 -0.1037645 -0.4815592 -0.8856253 -0.09173953 -0.455249 -0.8778728 -0.09897238 -0.4685549 -0.9955175 -0.03009134 -0.08966368 -0.2751561 0.03067123 -0.9609103 -0.6987091 -0.07172036 -0.7118018 -0.5696737 0.1923022 -0.7990568 -0.8418608 0.09750753 -0.5308133 -0.9680325 0.006347954 -0.2507442 -0.9958146 -0.03201472 -0.08560663 -0.1584249 0.06183177 -0.9854331 0.1677644 -0.09763109 -0.9809809 0.450255 -0.2355805 -0.861262 0.5640911 -0.2668926 -0.7813896 0.6746248 -0.3862192 -0.6290597 0.8093406 -0.4111251 -0.4194569 0.8355138 -0.376999 -0.3997355 0.8364428 -0.4577897 -0.3013172 0.878795 -0.4549774 -0.1439276 -0.4488773 0.2177549 -0.8666557 -0.6831395 0.3389146 -0.6468828 -0.9719004 7.93488e-4 -0.2353911 -0.9731285 -0.008301138 -0.2301132 -0.970824 -0.01754868 -0.2391505 -0.9957846 -0.04315429 -0.08093726 -0.9970517 -0.04748731 -0.06027477 -0.735754 -0.677249 0 -0.959816 -0.2800099 0.01864695 -0.08185142 -0.9929296 -0.08597147 -0.2508358 -0.9646759 -0.08050918 -0.9110333 -0.3862835 0.1442344 -0.9821052 -0.1262881 0.1397165 -0.9925491 -0.04312378 0.1139591 -0.9615371 -0.02353024 0.2736654 -0.9871827 -0.03735578 0.155161 -0.942228 -0.01406943 0.3346767 -0.9690407 -0.001068115 0.246899 -0.9704295 -0.009735405 0.2411882 -0.9823931 0.18681 0.002441525 -0.8426386 0.100317 0.5290526 -0.9728568 -0.006927788 0.2313041 -0.9716925 0.00112915 0.2362471 -0.9675748 0.007141411 0.2524838 -0.6695902 0.005005121 0.742714 -0.956426 -0.01843327 0.2913926 -0.9962485 -0.01016265 0.0859403 -0.9955072 -0.02987831 0.08984863 -0.9673109 -0.03360176 0.2513574 -0.9896127 -0.01736533 0.1427073 -0.821794 -0.09378588 0.5620135 -0.5683602 0.1917525 0.8001235 -0.2745191 0.03021389 0.9611069 -0.4931524 -0.13767 0.8589807 -0.4941375 -0.1644684 0.8536852 -0.6817486 0.3382496 0.6486957 -0.4487199 0.2176305 0.8667684 -0.1583017 0.06177031 0.9854568 0.1677041 -0.09769254 0.980985 0.4502508 -0.2357308 0.8612232 0.5643283 -0.2671335 0.7811359 -0.8828683 -0.09924942 0.4590134 -0.8804121 -0.09665364 0.464255 -0.886295 -0.09445554 0.4533866 -0.878328 -0.09650009 0.4682177 -0.893895 -0.08325517 0.4404775 -0.9086319 -0.07929009 0.4100014 -0.74926 -0.226365 0.6223894 -0.9446539 -0.06262493 0.3220362 -0.3094975 -0.3974546 0.8638526 -0.495356 -0.5351225 0.6843 -0.7809917 -0.3221629 0.5350357 -0.9418828 -0.08279848 0.3255785 0.1174685 -0.4983792 0.8589642 0.1482605 -0.703673 0.6948836 -0.1806426 -0.6578701 0.7311465 -0.6979401 -0.07199442 0.7125282 -0.5108293 -0.7253788 0.4613882 -0.8006679 -0.4322721 0.4148153 -0.1800962 -0.8816502 0.4361861 0.3214911 -0.6989548 0.6388316 0.1808876 -0.9173175 0.3546949 -0.9464061 -0.0970211 0.3080626 0.4412456 -0.5560891 0.7043206 0.6746594 -0.3862521 0.6290025 0.810006 -0.4110305 0.4182635 0.8367856 -0.3764589 0.3975784 0.836195 -0.4580624 0.3015905 0.8784742 -0.4555956 0.1439301 -0.1829028 -0.9557765 0.2302995 -0.6132886 -0.7874327 0.06186294 0.400049 -0.8490207 0.3451445 0.4152485 -0.9091151 0.03283894 0.1852831 -0.9754911 0.1186898 -0.8658159 -0.4614124 0.1935496 0.3609235 -0.7854802 0.5027475 -0.9544194 -0.1131337 0.2761965 -0.9429206 0.01171934 0.3328117 0.6844493 -0.7237578 -0.0877726 0.6851152 -0.7230194 -0.0886569 0.6850571 -0.7231751 -0.08783328 -0.9364908 -0.3505164 -0.01110905 -0.9661188 -0.09714287 0.2391186 -0.7503263 -0.5917766 -0.294637 -0.3661059 -0.8597202 -0.3561567 -0.4758834 -0.719456 -0.5058837 -0.8424577 -0.327107 -0.4280957 -0.9762234 -0.1974909 -0.08936071 -0.9647548 -0.05328547 0.2576993 -0.01834189 -0.8773919 -0.4794236 -0.1375523 -0.7494115 -0.6476588 -0.6210988 -0.4006882 -0.6735616 0.2209916 -0.8224393 -0.5241723 0.03671395 -0.6682068 -0.7430692 -0.3309194 -0.4278788 -0.841078 0.5495631 -0.6519557 -0.5224313 0.5574321 -0.6471889 -0.5200156 0.5534618 -0.6489252 -0.5220883 0.5523765 -0.6496429 -0.5223451 -0.7628901 -0.1334607 -0.6326034 -0.9852223 -0.07559615 -0.1536949 -0.05038756 -0.43185 -0.9005369 -0.3304665 -0.1559247 -0.9308487 -0.9645627 -0.01901352 0.263168 -0.09698909 -0.5562685 -0.8253233 -0.8817555 0.00213629 0.4717019 -0.02041691 -0.06488257 -0.9976841 -0.0799601 -0.02856588 -0.9963887 -0.8771882 0.06195431 -0.4761329 0.3715695 -0.220134 -0.9019297 0.01010173 -0.4696564 -0.8827916 0.1736549 -0.1179571 -0.9777168 0.4801928 -0.2701581 -0.8345235 0.6030251 -0.3132471 -0.7336465 -0.1256486 0.06567782 -0.9898985 -0.7188608 0.2714421 -0.6399675 -0.9980614 0.02612417 -0.05649054 -0.9544771 -0.01025432 0.2981081 -0.8690896 0.08826094 -0.486717 -0.9470444 0.1725561 -0.2707977 -0.6878846 0.3427672 0.6397855 -0.7836441 0.397575 0.4773219 -0.8420854 0.4245829 0.3325981 -0.8512431 0.4326715 0.2969523 -0.8827337 0.4489051 0.1388007 -0.8922792 0.4512515 -0.01449644 -0.8909507 0.453914 0.0130012 -0.8861768 0.4465827 -0.1235099 -0.8329374 0.4194901 -0.3608927 -0.8720664 0.3588797 -0.3327245 -0.6720929 0.3333302 -0.6611976 -0.9683728 0.01431345 0.2490973 -0.975638 0.04065155 0.2155876 -0.9741476 0.03192323 0.2236459 -0.8358185 -0.01019322 0.5489112 -0.9589828 0.09668564 -0.2664655 -0.4186646 0.2084167 -0.8839018 -0.5650962 0.493681 0.6610185 -0.8153613 -0.03354102 0.57798 -0.5877755 -0.07342994 0.8056849 -0.6779183 -0.04010194 0.7340428 -0.9962397 -0.02343875 0.08340907 -0.9954372 -0.04699915 0.08304208 -0.995424 -0.04727464 0.08304351 -0.9953994 -0.04779231 0.08304148 -0.9954136 -0.04754883 0.08301216 -0.9954219 -0.04742717 0.0829823 -0.9954208 -0.0473966 0.08301275 -0.6232007 -0.023225 0.781717 -0.5562736 0.3137069 0.7695113 -0.2755581 0.7254727 0.63068 -0.4180765 0.7413313 0.5250144 -0.3448072 0.8523739 0.3931498 -0.4679525 0.8090363 0.3556415 -0.433829 0.8583801 0.2738173 -0.530908 0.8210518 0.2097874 -0.4763479 0.8706595 0.1226577 -0.5175362 0.8516549 0.08270567 -0.5193141 0.850569 0.08273744 -0.4301401 -0.1406028 0.8917458 -0.5643516 -0.07025402 0.8225398 -0.4856227 0.4083479 0.7729312 -0.4539716 -0.1196349 0.8829482 -0.4457911 -0.1241513 0.8864856 -0.4439567 -0.1096234 0.8893173 -0.422939 -0.1289448 0.896937 -0.5108653 -0.07367396 0.8564981 -0.4688958 0.1601949 0.8686048 -0.1124328 -0.211834 0.9708168 -0.07217794 -0.2907872 0.9540615 0.2250468 -0.3828603 0.8959755 -0.0345472 -0.3828575 0.9231612 0.4130157 -0.4321817 0.8016465 0.410237 -0.5700958 0.7118262 -0.3678756 -0.1670608 0.9147449 -0.5623749 0.06308287 0.8244727 0.5401943 -0.6236649 0.5650066 0.3935449 -0.7707315 0.5010945 0.1846112 -0.6676401 0.721232 -0.4161623 -0.1490261 0.8969952 -0.3989729 -0.1764904 0.8998177 -0.3980967 -0.1857418 0.8983423 -0.3920817 -0.1684361 0.904379 -0.4120088 -0.1395031 0.9004375 -0.2949104 -0.2702811 0.9165021 -0.2157374 -0.326368 0.9202942 -0.2539834 -0.2365568 0.9378343 -0.4312691 -0.1171638 0.8945835 -0.398428 -0.1282416 0.9081901 -0.6776393 0.04849433 0.7337939 -0.637663 -0.01464909 0.7701763 -0.8604421 0.2104639 0.4640522 -0.6382476 -0.0145576 0.7696936 -0.6743284 0.1273273 0.7273713 -0.9167082 0.3000047 0.2639003 -0.9309695 0.2635977 0.2526106 -0.2761339 -0.1732245 0.9453801 -0.2838882 -0.13465 0.949356 -0.8578174 0.334618 0.3901029 -0.8672882 0.3465124 0.3574077 -0.5486124 0.04467999 0.8348821 -0.1594029 -0.3825303 0.9100888 -0.3718811 -0.1666064 0.9132069 0.5671435 -0.7336273 0.3743519 0.542599 -0.8321337 -0.1146297 0.4096034 -0.8877845 0.2099137 0.1995029 -0.8198634 0.5366773 0.4797971 -0.6364843 0.6038895 0.5351278 -0.6473172 0.5427882 0.1084061 -0.7640616 0.6359703 -0.1325438 -0.2588922 0.9567691 -0.1426784 -0.1948667 0.9703968 -0.2139408 -0.1455774 0.9659383 -0.2812646 -0.1249149 0.9514655 -0.4345279 -0.1460329 0.8887407 -0.2811726 -0.1239686 0.9516165 -0.2847129 -0.1261661 0.950274 -0.4448223 -0.1825068 0.8768264 -0.745555 -0.2344489 0.6238442 -0.8753545 -0.08603388 0.4757654 -0.5245653 -0.08850586 0.8467574 -0.3562206 -0.1033381 0.9286701 -0.4318725 -0.2214143 0.8743351 -0.6641091 -0.4077434 0.6266614 -0.7891115 -0.5758109 0.2138804 -0.9327449 -0.278209 0.229318 -0.755747 -0.6235683 -0.2000228 -0.9465494 -0.2740919 -0.1700523 -0.9989504 -0.03112941 -0.03360146 -0.9512783 9.15571e-5 0.3083338 -0.5878981 -0.5631772 -0.5806955 -0.812188 -0.228012 -0.5369926 -0.4727085 -0.5090261 -0.7193324 -0.508388 -0.1428601 -0.8491954 -0.9004102 0.03323549 -0.4337705 -0.3939683 -0.2351785 0.8885269 -0.5239893 -0.5368075 0.6612661 -0.5409511 -0.7942292 0.2767167 -0.2511448 0.03903436 -0.9671623 -0.04693782 -0.1262866 -0.9908828 -0.02114963 -0.03039687 -0.9993142 0.1051076 -0.2418025 -0.964616 0.319685 -0.2158293 -0.9226155 -0.3509367 0.1570502 -0.9231353 -0.5860652 0.3084602 -0.7492529 -0.09680557 -0.269664 -0.9580763 0.2959097 -0.3129392 -0.9025003 0.5059806 -0.289995 -0.812334 0.6182542 -0.3574692 -0.699984 -0.04300129 -0.5928325 -0.8041769 0.2230342 -0.5772705 -0.7855028 -0.9220831 0.1549776 -0.3546051 -0.4545156 -0.8815035 -0.1279346 -0.2868192 -0.8105589 -0.5106164 -0.3929099 -0.5004001 0.7715061 -0.4050243 -0.856011 0.3212483 -0.29564 -0.9531162 -0.06454819 -0.1375191 -0.8878014 -0.4392007 -0.3653492 -0.1884886 0.9115877 0.6464049 -0.3370278 -0.6845239 0.5208385 -0.2783035 -0.8070158 0.8099161 -0.4421609 -0.3853953 0.5847551 -0.7702531 -0.2545028 0.8683319 -0.4718571 0.1528095 0.8747301 -0.4846081 0.001525938 -0.6360256 0.313557 -0.7050911 0.8080198 -0.4496662 0.3806629 -0.8651009 0.4383186 -0.2438799 0.6430343 -0.3536536 0.6792909 0.6145111 -0.3492658 0.7073822 -0.516174 -0.08832299 0.8519175 0.2542564 -0.1522913 0.9550713 0.3287261 -0.1960271 0.9238574 -0.01058995 -0.01364177 0.9998509 -0.008453607 -0.01705986 0.9998188 -0.1465513 0.0564903 0.9875888 -0.2364312 0.1047109 0.9659897 -0.3470026 0.161904 0.9237837 -0.3313485 0.1562896 0.9304739 -0.4463668 0.217629 0.8679829 -0.6335538 0.3164869 0.706007 -0.585269 0.2920393 0.7564213 -0.8234013 0.4178349 0.3839589 -0.8138545 0.4233923 0.3979699 -0.8916201 0.4527837 -8.2402e-4 -0.8763374 0.4675589 -0.1158521 -0.8243179 0.4176219 -0.3822198 -0.9204695 0.3734372 0.1152418 -0.8395988 0.4723983 -0.2681674 -0.04858571 -0.2212604 0.9740037 -0.0510286 -0.223006 0.9734806 -0.07657229 -0.1859527 0.9795705 -0.04483324 -0.2231286 0.9737575 -0.2148241 -0.4212861 0.8811178 -0.07910519 -0.4737766 0.877085 -0.1165513 -0.3669276 0.9229193 -0.04483282 -0.2230349 0.973779 -0.2511757 -0.3745356 0.8925435 -0.1421914 -0.5489584 0.8236665 -0.04483217 -0.2230929 0.9737657 -0.05237025 -0.2995421 0.9526447 -0.041323 -0.4275134 0.9030641 -0.04065227 -0.6023374 0.7972058 -0.02423226 -0.4867824 0.873187 -0.0242322 -0.486842 0.8731539 -0.04168969 -0.3746274 0.9262377 -0.04165941 -0.374691 0.9262134 -0.04168963 -0.3747798 0.9261761 -0.1559233 -0.7146102 0.6819239 -0.07950174 -0.9442858 0.3193805 -0.04681658 -0.6963895 0.7161355 -0.05990892 -0.9823785 0.1770411 -0.146827 -0.9681245 0.202921 -0.1489027 -0.9733154 0.1745998 -0.1520479 -0.9776296 0.1453336 -0.155403 -0.9348906 0.3191074 -0.3168801 -0.6995288 0.6405048 -0.5090523 -0.3659195 0.779082 -0.3832243 -0.8796734 0.2816273 -0.3870814 -0.8139301 0.4332273 -0.7914751 -0.06161749 0.6080875 -0.9117614 -0.1346507 0.3880212 -0.8597523 -0.3639092 0.3583242 -0.1947113 -0.9374833 0.2884658 -0.668788 -0.6544137 0.3527968 -0.4062775 -0.8871756 0.2187648 -0.693248 -0.6750584 0.2523953 -0.9631006 -0.1191782 0.2413169 -0.2615781 -0.898692 0.3520362 -0.8960515 -0.3694686 0.2461395 -0.4167149 -0.894591 0.1614182 -0.7079529 -0.6859182 0.1682826 -0.3520049 -0.9279269 0.1226554 -0.05466043 -0.9909691 0.1224443 -0.1290665 -0.9836707 0.1254347 -0.05508726 -0.9981029 0.02749782 2.26655e-4 0.9943045 0.1065765 -0.07329756 0.9973086 -0.001731395 1.94243e-4 0.9943065 -0.1065583 0.4681923 -0.3196868 -0.8237696 0.4636497 -0.3203004 -0.8260973 0.4838518 -0.3181019 -0.8152906 0.4888257 -0.3179183 -0.81239 0.4735439 -0.3189005 -0.8210108 0.4689252 -0.3189241 -0.8236483 0.4675042 -0.3195003 -0.8242326 0.4666619 -0.3200299 -0.8245045 1 0 0 0.01889139 -0.2232789 0.9745715 0.004974603 -0.291396 0.9565896 0.04196333 -0.2113428 0.9765108 0.09729522 -0.3446534 0.9336742 0.07684624 -0.3352181 0.9390013 0.1016895 -0.2002967 0.9744437 0.1068174 -0.3815826 0.918142 0.378622 -0.6103243 0.6958087 0.281511 -0.6426166 0.7125977 0.4333143 -0.825336 0.362021 0.08789575 -0.7122001 0.6964521 0.01632755 -0.3189219 0.9476404 0.6503975 -0.7402159 0.170481 0.5031443 -0.8640066 -0.01840323 0.1391049 -0.9437036 0.3001223 0.08658355 -0.424586 0.9012381 0.33934 -0.5500733 0.7630649 0.4970352 -0.7744544 -0.3913778 0.1420074 -0.9812335 -0.1304405 0.7012967 -0.6948267 -0.1593703 0.4646581 -0.6845505 -0.5616794 0.1149348 -0.8363143 -0.5360676 0.634473 -0.6448192 0.4262069 -0.1199713 -0.6919335 0.7119236 -0.2636579 -0.9092062 0.3222248 0.7402174 -0.6405105 0.2045105 0.03320497 -0.4847687 -0.874012 -0.3425143 -0.7792102 -0.5248957 -0.3354389 -0.93542 -0.1116705 -0.161235 -0.4418627 0.8824742 -0.01599198 -0.3150793 0.9489307 -0.5080258 -0.650826 0.564212 -0.6085237 -0.6813732 0.4067303 -0.2751578 -0.4381589 -0.8557482 -0.06528079 -0.1280285 -0.9896197 0.103703 -0.1647101 -0.9808753 0.3259783 -0.3907101 -0.8608623 0.3532038 -0.2595085 -0.8988339 0.5990332 -0.4648397 -0.6519842 0.6335679 -0.3714734 -0.6786746 0.326431 -0.2017304 -0.9234434 0.6159362 -0.3507863 -0.7053876 0.8543159 -0.4804592 -0.1982508 0.8074066 -0.4490848 -0.3826453 0.8740013 -0.4859225 -0.001068115 0.7785337 -0.5081069 0.368392 0.8058657 -0.4516571 0.3828663 0.6499652 -0.4303498 0.626374 0.6147805 -0.3488659 0.7073454 0.5435464 -0.3123637 0.7790933 0.3563408 -0.2089641 0.9106895 0.3291506 -0.1967884 0.9235444 0.1984973 -0.1252205 0.9720693 -0.009369313 -0.01736533 0.9998053 0.03628671 -0.03921651 0.9985717 -0.1971222 0.08163827 0.976974 -0.3469679 0.1629092 0.92362 -0.5399743 0.1782925 0.8225811 -0.6329005 0.3169386 0.70639 -0.8236633 0.417142 0.3841503 -0.8069977 0.4187891 0.416378 -0.8919161 0.4521992 -0.001281738 -0.8897783 0.4535107 0.0512107 -0.8244146 0.4176244 -0.3820086 -0.0116887 -0.02636826 -0.999584 -0.8558717 0.4314455 -0.285199 -0.6298578 0.3196289 -0.7078958 -0.5570378 0.1927292 -0.8078147 -0.3533174 0.1608041 -0.9215795 -0.365957 0.03708094 -0.9298927 -0.2250797 -0.0573762 -0.9726496 -0.4215569 -0.1062971 -0.9005503 -0.8209154 0.09928011 -0.5623536 -0.7358206 -0.5247185 -0.4280638 -0.745737 -0.6661428 -0.01141417 -0.681286 -0.4378322 -0.5866451 -0.9733653 -0.07611376 -0.2162559 -0.9231887 -0.3142504 0.2212906 -0.7689604 -0.3352528 0.5443395 -0.9921992 0.1149341 0.04828083 -0.4617579 -0.3421831 0.8183462 -0.03189247 -0.2953642 0.9548523 -0.8447003 -0.0140081 0.5350562 -0.08911615 -0.2914893 0.952414 0.1500036 -0.2855103 0.9465638 0.1384647 -0.2282821 0.9636986 0.06283867 -0.3675712 0.92787 -0.8370891 0.002258419 0.5470622 -0.7991148 0.1017815 0.5924998 -0.7964878 0.1257693 0.5914299 -0.5997981 0.02295058 0.7998223 -0.301314 -0.2462272 0.9211852 -0.05588078 -0.4045635 0.912801 -0.05926907 -0.4422597 0.8949266 0.09235012 -0.4671526 0.8793407 0.03735536 -0.4164942 0.9083707 0.1247328 -0.398553 0.9086239 0.05368328 -0.3917447 0.9185065 -0.7601252 0.2608829 0.5951049 -0.2515419 -0.1851009 0.9499812 0.6331847 -0.3500568 -0.6903169 0.5090543 -0.5612109 0.6526149 0.1280887 -0.482904 0.8662546 -0.0100407 -0.4233887 0.9058925 0.6019384 -0.4561462 0.6554394 0.8143479 -0.5449536 -0.1996576 0.7839446 -0.5932306 -0.1830536 0.0112006 -0.5373551 0.8432817 0.1626348 -0.5013937 0.8497966 -0.8602095 0.3602772 0.3608876 -0.8790208 0.3551241 0.3181346 0.1782013 -0.298935 0.9374871 0.04739665 -0.4922483 0.8691636 0.1820771 -0.356616 0.9163367 0.1886083 -0.3039707 0.9338248 1.22077e-4 -0.4941657 0.8693678 0.008392751 -0.518368 0.8551165 0.01382488 -0.5645939 0.8252531 -0.02383542 -0.5283772 0.8486751 0.004181146 -0.5195047 0.8544573 0.2473247 -0.3004274 0.9211807 0.2053633 -0.3467279 0.915208 -0.5919309 0.5345883 -0.603186 1 6.12745e-5 0 0.281295 0.5569744 -0.7814427 0.2811447 0.5566128 -0.7817543 0.2860854 0.5678372 -0.7718265 0.3419078 0.5543222 -0.758832 0.2927101 0.5769969 -0.7624929 0.2928953 0.5784658 -0.7613079 0.29228 0.577144 -0.7625467 0.2932949 0.5778916 -0.76159 0.3403476 0.5552927 -0.7588238 0.4143342 0.5335133 -0.7373539 0.4141472 0.5337525 -0.7372858 0.4692664 0.5078735 -0.7223944 0.4695108 0.5076906 -0.7223643 0.5259725 0.4656355 -0.7117139 0.5258764 0.4657535 -0.7117077 0.5540832 0.4738167 -0.6844629 0.5541053 0.4741146 -0.6842389 -0.4431082 0.8896344 -0.1104794 -0.516529 0.8522958 -0.0824005 -0.5604852 0.797009 -0.2250181 -0.5193494 0.8505769 -0.08243298 -0.360798 0.8999198 -0.2448861 -0.5387332 0.7458701 -0.3917199 -0.2151007 0.9206787 -0.325703 -0.2098787 0.9224655 -0.3240501 0.1480484 0.7403336 -0.6557345 0.01849442 0.4349862 -0.9002472 0.162546 0.6151173 -0.7714984 -0.04269635 0.5801393 -0.8133975 0.165748 0.6190755 -0.7676414 0.02905422 0.7584921 -0.6510342 0.03839349 0.7778815 -0.6272371 0.6576875 0.4212251 -0.6245132 0.6580849 0.4164035 -0.6273216 0.6581268 0.415953 -0.6275765 0.7365184 0.3898209 -0.5527932 0.7356629 0.3906139 -0.5533723 0.8042647 0.3574069 -0.4747826 0.8042361 0.3577129 -0.4746006 0.8955652 0.3090408 -0.3200889 0.9150525 0.3047021 -0.2642644 0.8955344 0.3091933 -0.3200277 0.915677 0.3046153 -0.2621931 0.9421594 0.2841341 -0.1777745 0.9422472 0.2840719 -0.1774076 0.9587625 0.2648156 -0.1031856 0.9587672 0.2647864 -0.1032166 0.9658815 0.2521827 -0.05896365 0.9659377 0.2519678 -0.05896335 0.1649253 0.6114508 0.7739042 0.1695629 0.6172444 0.7682824 -0.0568872 0.2989022 0.9525868 -0.05981779 0.2942669 0.9538496 0.9643579 0.2580044 0.05871778 0.9657852 0.2526087 0.05871921 0.958692 0.2649045 0.1036118 0.9663594 0.2504099 0.05868834 0.9586358 0.2651195 0.1035819 0.9661493 0.2511898 0.05881601 0.9416894 0.2859921 0.177284 0.9658628 0.2522879 0.05882084 0.941542 0.2862683 0.1776206 0.9658823 0.2522182 0.05880075 0.9150026 0.3035461 0.2657631 0.965486 0.2532701 0.06075453 0.9156393 0.3033311 0.2638086 0.9661184 0.2517893 0.05672204 0.8943678 0.3112052 0.3213376 0.9650441 0.2541254 0.06411129 0.8527981 0.3359248 0.3998625 0.9663265 0.2522915 0.05061984 0.8527814 0.3357777 0.4000217 0.7350909 0.3915948 0.5534393 0.7358746 0.3912538 0.5526384 0.6582266 0.4217985 0.6235574 0.6575809 0.4166266 0.6277019 0.6593554 0.2392967 0.7127325 0.6246988 0 0.7808659 0.6658182 -0.05221921 0.7442845 0.6857663 0 -0.7278218 0.2808632 0.5569959 0.7815827 0.2921957 0.5784096 0.7616194 0.2925885 0.5787068 0.7612427 0.2808679 0.5569749 0.781596 0.2932882 0.5799233 0.7600468 0.2936323 0.577956 0.7614113 0.2959479 0.5775516 0.7608214 0.2834652 0.5730038 0.7689696 0.2858124 0.5666807 0.772777 0.3212795 0.6009303 0.7318897 0.3366571 0.6329984 0.6971192 0.9652478 0.2609783 -0.01368671 0.9671403 0.2542434 0 0.5548352 0.4734411 0.6841137 0.554898 0.4737172 0.6838716 0.5257281 0.4667034 0.7111948 0.5257612 0.4666143 0.7112289 0.4692029 0.5068942 0.7231231 0.4696107 0.5067535 0.7229569 0.4146641 0.5335668 0.7371297 0.4146043 0.5335683 0.7371624 0.3884184 0.5307602 0.753276 0.3881438 0.5301805 0.7538256 0.3886278 0.5311816 0.752871 -0.9969621 0 -0.07788765 0.9942851 0.1067562 -7.01942e-4 0.6505231 -0.05704092 0.7573414 0.6569845 -0.03936958 0.7528755 -0.09714347 0 0.9952704 -0.1831164 0 0.9830913 0.6191083 -0.03708052 0.7844297 0.4667568 0.8843812 0.002826452 0.4592086 0.8882724 0.009992003 0.4713208 0.8819552 -0.003466367 0.4726419 0.8812038 -0.009466052 0.4694435 0.8829627 1.03901e-4 0.4708696 0.8822029 1.57311e-4 0.4693601 0.883007 -3.89058e-5 0.4701851 0.882568 -2.42735e-4 0.4696051 0.8828766 -1.87196e-5 0.4693159 0.8830304 -4.54222e-5 0.4698576 0.8827416 0.001108288 0.3869577 0.6258649 0.6771684 0.4698354 0.8827535 0.001068115 0.4697752 0.8827856 9.46081e-4 0.4696312 0.8828627 1.52597e-4 0.4691731 0.8831063 0 0.1485359 0 0.988907 0.6110238 -0.03125154 0.7909951 0.4693937 0.882989 -1.39878e-4 0.4688205 0.8832935 -1.40994e-4 0.4697704 0.8827887 2.61113e-4 0.4694665 0.8829504 2.247e-4 0.4696062 0.882876 3.84295e-4 0.4699278 0.8827048 3.70381e-4 0.4690929 0.8831488 -5.10448e-4 0.4691008 0.8831446 -3.63658e-4 0.4685121 0.8834571 -4.88291e-4 0.4685248 0.8834504 -3.84236e-4 0.4697743 0.8827866 5.5099e-5 0.4697942 0.882776 5.93624e-5 0.469092 0.8831494 -2.69125e-5 0.4691718 0.883107 -4.16943e-6 0.4695879 0.8828858 -1.08952e-5 0.4704318 0.8824365 0 0.4689153 0.8832432 3.84573e-5 0.4707363 0.882274 -7.80103e-5 0.4704217 0.8824418 -1.74794e-4 0.4692894 0.8830444 5.17368e-6 0.4696584 0.8828482 -3.02511e-5 0.4690615 0.8831655 6.00847e-5 0.4689647 0.8832169 9.39433e-5 0.4691552 0.8831157 4.33791e-4 0.4688276 0.8832896 5.34494e-4 0.4700961 0.8826152 -3.01675e-4 0.4696563 0.8828494 -3.67174e-4 0.4696847 0.882834 -6.84273e-4 0.4695179 0.8829227 -7.44358e-4 0.4696808 0.8828361 6.82676e-4 0.4693803 0.8829959 7.91299e-4 0.4695317 0.8829156 1.10417e-4 0.4696796 0.8828369 1.17195e-4 0.4693379 0.8830186 1.49694e-5 0.4694483 0.88296 1.95185e-5 0.4696521 0.8828517 8.2282e-5 0.4689238 0.8832387 1.8713e-5 0.4708677 0.8822038 2.42635e-4 0.4694855 0.8829402 6.98639e-5 0.4709997 0.8821326 0.00119102 0.4695979 0.8828804 4.25772e-4 0.4698473 0.8827433 -0.002817869 0.486538 0.873034 0.03305232 0.4698102 0.8827635 -0.002655148 0.4692332 0.8830741 -6.10385e-4 0.471431 0.8818846 0.005676567 0.4712515 0.8819828 0.005340874 -0.9353127 0.3516693 0.03897261 -0.923174 0.3824356 0.03863722 -0.8638758 0.5027118 0.03161782 -0.7853267 0.6183243 0.03061097 -0.9658671 0.2573061 0.02990865 -0.6371534 0.7700958 0.03143495 -0.6367121 0.7702316 0.03662246 -0.3360767 0.9413321 0.03076326 -0.4252268 0.9044423 0.03415119 -0.1737477 0.984408 0.02743703 -0.1860452 0.9820784 0.03015297 0.08752757 -0.6018592 0.7937912 0.05188298 -0.563907 0.824207 0.07452768 -0.5544106 0.8288996 0.1510101 -0.5873464 0.7951227 0.1633372 -0.7102059 0.6847836 0.1283637 -0.5255101 0.8410482 0.1791473 -0.5108905 0.8407719 0.2778806 -0.5291787 0.8017183 0.3594546 -0.6049812 0.7104859 0.2222397 -0.6937285 0.6850916 0.2558094 -0.7572959 0.6008865 0.2438808 -0.7768721 0.5805101 0.2309684 -0.7930384 0.5636875 0.2659183 -0.7844787 0.5602504 0.1840283 -0.8623088 0.4717597 0.3365362 -0.7256877 0.6001008 0.2622524 -0.4251644 0.8662905 0.3422783 -0.420714 0.8401461 0.4313585 -0.448205 0.7829702 0.4465256 -0.5113483 0.7342602 0.1939169 -0.8138161 0.5478136 0.1928182 -0.8145489 0.5471119 0.4908359 -0.4602254 0.7397788 0.5187059 -0.4170766 0.7463186 0.579388 -0.4495567 0.6798592 0.1393219 -0.8612327 0.4887409 0.1245502 -0.8847916 0.4490337 0.3630502 -0.8594671 0.3598763 0.1657492 -0.9607717 0.2223621 0.5415256 -0.3975378 0.7407522 0.6428016 -0.4504372 0.6196068 0.7042368 -0.5045784 0.4994511 0.4310822 -0.2333185 0.8716254 0.7573684 -0.4954512 0.4253483 0.7688624 -0.5090857 0.386888 0.7809597 -0.544099 0.306689 0.6554131 -0.697744 0.2891142 0.6554353 -0.4183603 0.6287918 0.683798 -0.5427351 0.4877077 0.6831158 -0.5866745 0.434932 0.581357 -0.3573167 0.7309917 0.6547373 -0.4265422 0.624004 0.7834347 -0.5962283 0.1753343 0.6342872 -0.7274327 0.2617659 0.3428533 -0.9111219 0.2287113 0.4632501 -0.852827 0.2410097 0.4433836 -0.8604292 0.2511429 0.3381879 -0.8911424 0.30248 0.690862 -0.6683388 0.2757405 0.5117736 -0.7294964 0.4537875 0.3541456 -0.8102561 0.4669753 0.4484221 -0.727675 0.5190441 0.4501582 -0.7237324 0.5230382 0.4531196 -0.7278237 0.5147381 0.4536162 -0.7281116 0.5138929 0.4539776 -0.7278901 0.5138874 0.6275908 -0.5985062 0.4979159 0.8025771 -0.4073773 0.4357911 0.7984778 -0.4880349 0.3524985 0.8913463 -0.2599022 0.3714197 0.9607614 -0.02838242 0.2759202 0.8979939 -0.3453236 0.2726881 0.9847169 -0.1450859 0.09634757 0.8911378 -0.3666913 0.2672284 0.8627383 -0.5001739 0.0742219 0.8727416 -0.4788542 0.09497731 0.9714571 -0.2342655 0.03729444 0.9993078 -0.01284837 0.03491348 0.9778578 0.208536 0.01751786 0.947776 0.3189264 0.002563595 0.8497247 -0.5262482 0.03210651 0.567694 -0.8219829 0.04547411 0.482151 -0.8529049 0.2002095 0.4514178 -0.8320297 0.3224108 0.609194 -0.7110671 0.351093 0.05435436 -0.9732524 0.2232163 -0.1774997 -0.9721895 0.1527792 0.01239073 -0.9964487 0.08328658 0.1748458 -0.9838858 0.03738629 -0.03021359 -0.9986978 0.04110884 0.3140439 -0.9485715 0.03985822 0.3074828 -0.9509229 0.03463947 0.4001963 -0.915724 0.03595143 0.4595814 -0.8873317 0.03778213 0.6229807 -0.7814955 0.03405898 0.498497 -0.8660677 0.03778249 -0.3848161 -0.9228079 0.0184946 -0.5280735 -0.8491965 -0.001953184 0.3855134 -0.8753401 0.2918207 0.2461992 -0.9432297 0.2229435 0.5644804 -0.7986226 0.2087197 0.6005862 -0.7675564 0.2239494 0.5046043 -0.8417803 0.1917825 0.315263 -0.9452397 0.08444654 0.5664708 -0.8127013 0.1364828 0.7291677 -0.5509349 0.4059376 0.6961521 -0.6947788 0.1807065 0.7049688 -0.6796072 0.2028627 0.4965741 -0.7062089 0.5046616 0.631404 -0.5683216 0.527579 0.5767847 -0.6293695 0.5207818 0.3639978 -0.7953811 0.4846386 0.1613256 -0.8581146 0.4874562 0.01196336 -0.9255761 0.3783729 -0.1325136 -0.8973816 0.420888 0.308916 -0.7435714 0.5930199 -0.4182288 -0.8794891 0.2271205 -0.4392675 -0.767688 0.4665824 0.6315316 -0.5660987 0.5298115 -0.4785133 -0.7477858 0.4602627 -0.3642812 -0.5630856 0.7417775 -0.2203222 -0.6218709 0.7514884 0.05435407 -0.4811607 0.8749458 0.6241596 -0.5756943 0.5282055 0.6184125 -0.5829491 0.5270072 -0.1983751 -0.2971048 0.9340108 -0.04318392 -0.3547493 0.9339636 0.2494645 -0.1482931 0.9569622 -6.71425e-4 0.01135319 0.9999354 0.1431025 -0.08697849 0.9858785 0.6076195 -0.5493571 0.5735899 0.7768679 -0.4885218 0.3972693 0.3037602 0.2052128 0.9303857 0.4668548 0.1735026 0.8671468 0.6878464 -0.4300795 0.5847213 0.7985593 -0.4244883 0.4267467 0.8338142 -0.4933423 0.2477241 0.8326598 -0.532746 0.1511929 0.1917838 0.3233833 0.9266295 0.4712833 0.4810495 0.7392451 0.4453433 -0.2134852 0.8695364 0.445459 -0.2169919 0.8686085 0.487337 -0.1667591 0.857143 0.5181535 -0.3303388 0.7889191 0.4962127 -0.2620384 0.827713 0.6552461 -0.2975617 0.6943411 0.1885468 -0.72788 0.659273 0.3825532 0.01351982 0.9238346 0.8170937 0.05194383 0.57416 0.7063746 0.0307942 0.7071681 0.6459985 -0.03259438 0.7626426 0.7630725 -0.3162403 0.5636598 0.8382534 -0.3578432 0.4114357 0.3555509 0.5859723 0.7281621 0.5034177 0.7389054 0.4478723 0.6482374 -0.424101 0.6323977 0.5561911 -0.2736091 0.7847226 0.6534529 -0.4092664 0.6367892 0.6964223 -0.4075561 0.5906726 0.6855607 -0.3906502 0.614328 0.6858592 -0.3906159 0.6140168 0.7601489 -0.437741 0.4801631 0.7137305 -0.427396 0.5549067 0.7555608 -0.3900033 0.526332 0.9363292 0 0.3511235 0.755655 -0.3900657 0.5261507 0.755445 -0.3900981 0.526428 0.7977143 -0.3805456 0.4678003 0.8078483 -0.4713109 0.3539028 0.864255 -0.122109 0.4880089 0.7974029 -0.3055877 0.5203506 0.827811 -0.2302086 0.5115984 0.8727291 -0.04614514 0.4860194 0.8819718 0.03164827 0.4702385 0.8506267 0.2441218 0.4656595 0.8618569 0.3325962 0.382861 0.8427638 0.4015748 0.3584508 0.7543491 0.5227371 0.397119 0.6047118 0.7798017 0.1619665 0.6110861 0.7643536 0.2057605 0.470729 0.7631645 0.4427123 0.7978342 -0.3022016 0.5216655 0.798256 -0.3016197 0.5213568 0.7974705 -0.3032097 0.5216367 -0.00100708 -0.003723323 0.9999926 0.6957137 -0.7005968 0.1585773 0.8319251 -0.548462 0.0842027 0.822579 -0.5586506 0.1061756 0.7940518 -0.6010171 0.09088653 0.9238842 0.05551481 0.378624 0.9779 0.07327687 0.1958119 0.9988064 0.0488004 0.002105832 0.994989 0.0560944 -0.0827682 0.9268113 0.04446667 -0.3728854 0.8986092 0.06671506 -0.4336482 0.7138106 0.03036648 -0.6996803 0.6259989 0.05783283 -0.7776767 -0.176126 0.002319455 0.9843649 -0.3833175 -0.02090543 0.9233801 0.3895729 0.01287889 -0.9209057 0.2350304 0.03937005 -0.9711905 -0.5943641 -0.02835243 0.8036962 -0.7064513 -0.03595125 0.706848 0.002807676 -0.007019221 -0.9999715 -0.1997188 0.0171824 -0.9797026 -0.9040902 -0.04254323 0.425219 -0.9218181 -0.04809749 0.3846275 -0.384759 -0.02762007 -0.9226038 -0.5968357 -0.004150569 -0.8023528 -0.7113432 -0.045138 -0.701394 -0.8816411 -0.02148556 -0.4714314 -0.9261382 -0.0555756 -0.3730677 -0.9982641 -0.03360098 -0.04837197 -0.9984058 -0.05557548 0.009857654 0.6598342 -0.6533335 0.3711796 0.7316447 -0.5823431 0.3543623 0.7716798 -0.5895103 0.2387217 0.7011116 -0.7080699 0.08414071 0.5651478 -0.7716993 0.2916991 0.5973837 -0.7372839 0.315508 0.6184766 -0.7127817 0.3308003 0.6668532 -0.693802 0.2719296 0.7985347 -0.5259373 0.2928012 0.779577 -0.6255171 0.03143453 0.7230376 -0.68852 0.05618637 0.4203975 -0.9044575 0.07226866 0.4642263 -0.8620431 0.2034099 0.3632738 -0.9178439 0.1599833 0.4697815 -0.8827669 -0.005310297 0.1853106 -0.9783741 0.0918923 0.8981316 -0.3259496 0.2951553 0.9505994 -0.1212816 0.2857475 0.9600055 0 0.2799813 0.9166975 -0.3872243 0.0986067 0.9196705 -0.3455097 0.1866259 0.7685326 -0.6389485 0.03320479 0.4076445 -0.9127062 0.02816915 0.1051387 -0.9941031 0.02655172 0.1026665 -0.9939794 0.038271 0.3904978 -0.917998 0.06921833 0.7090163 -0.6980905 0.09982746 0.8103281 -0.5774629 0.09952467 0.8566086 -0.5113771 0.06866782 0.4886754 -0.8721813 0.02227908 0.9780442 -0.1943453 0.07522946 0.5992411 -0.8005142 0.009338796 0.4063977 -0.9122583 0.05124223 0.3104988 -0.9487395 0.05902343 0.2613058 -0.9640418 0.0484035 0.5989175 -0.800103 0.03366315 6.10384e-5 -0.9996563 0.02621597 0.09927815 -0.9946436 0.02877938 0.3267974 -0.9449292 0.01767045 0.3271635 -0.9448066 0.01745682 0.3257301 -0.9452978 0.01767051 0.3270076 -0.9448583 0.01757872 0.3299713 -0.9438301 0.01742631 0.3840476 -0.9233134 0 0.7070457 -0.7071678 0 0.9233612 -0.3839327 0 0.7090747 -0.6980269 -0.09985762 0.3905872 -0.9179623 -0.06918746 0.1949251 -0.9803327 -0.0308547 0.1919645 -0.9802091 -0.04837256 0.3625671 -0.9181981 -0.1595539 0.666468 -0.6942706 -0.2716777 0.9165885 -0.387474 -0.09863859 0.9950139 -0.09973639 0 0.798511 -0.5261248 -0.2925289 0.9230282 -0.3371781 -0.1852831 0.9925386 -0.0971114 -0.07373386 0.9636189 -0.2584381 0.06818026 0.9631834 -0.2470827 0.1059623 0.9997416 0 0.0227366 0.9974249 0 -0.07171982 0.9642622 -0.2649394 0.002349972 0.8617262 -0.5073735 -3.35706e-4 0.9624142 -0.2629205 -0.06805717 0.9626931 -0.2583132 -0.08060079 0.9342805 -0.2913046 -0.2055765 0.8832553 -0.4338605 -0.1778352 0.183938 -0.9761195 -0.1155754 0.4634051 -0.8631774 -0.2004507 0.5718123 -0.7666789 -0.291949 0.5955148 -0.739808 -0.3131237 0.6174362 -0.7144877 -0.3290593 0.6594086 -0.6542813 -0.370265 0.7051357 -0.7090725 1.22075e-4 0.7018535 -0.7108567 -0.04565691 0.7714896 -0.5898711 -0.2384449 0.7050944 -0.6963353 -0.1340116 0.7014924 -0.7105567 -0.05493521 0.7072219 -0.7045668 -0.05850529 0.7324069 -0.5813659 -0.3543924 0.7049573 -0.6795654 -0.2030426 0.5664336 -0.8127223 -0.1365117 0.4203682 -0.9044905 -0.07202476 0.7112525 -0.7004181 -0.05945158 0.5654312 -0.7978053 -0.2092709 0.2482451 -0.9429594 -0.2218153 0.3152656 -0.945217 -0.08469134 0.235453 -0.9679667 0.08719235 0.2605754 -0.9654533 5.18831e-4 0.6949839 -0.7008131 -0.1608058 0.6986545 -0.7103741 -0.08514964 0.6959551 -0.694826 -0.1812828 0.7140501 -0.6970816 -0.06488311 0.7836412 -0.5959482 -0.1753633 0.6934853 -0.718694 -0.05057013 0.4088351 -0.9122491 -0.02560555 0.2124461 -0.9768373 -0.02560585 0.2123224 -0.9767381 -0.0300309 0.2926753 -0.9542619 -0.0610376 0.4062102 -0.9123401 -0.05127221 0.5991876 -0.8005546 -0.009308397 0.7795584 -0.6255572 -0.03109931 0.7940675 -0.6010059 -0.09082376 0.2611826 -0.9651669 -0.01538163 0.7684085 -0.6390993 -0.03317415 0.1673684 -0.9603844 -0.2228221 0.2609398 -0.965233 0.01535117 0.6171839 -0.7475606 -0.245433 0.5107052 -0.83851 -0.1899504 0.4775357 -0.8476435 -0.2312144 0.3906392 -0.8721936 -0.2944138 0.8225471 -0.5586802 -0.106267 0.8319549 -0.548431 -0.08411103 0.8327418 -0.5326789 -0.1509776 0.7763417 -0.488914 -0.3978149 0.7296765 -0.5523921 -0.4030326 0.7809285 -0.5442817 -0.3064445 0.6556785 -0.6970018 -0.2903004 0.6618122 -0.7001445 -0.2679599 0.3426384 -0.9111185 -0.2290461 0.4440535 -0.8607313 -0.2489141 0.3351329 -0.8928435 -0.3008597 0.3631821 -0.8599175 -0.3586652 0.1839997 -0.8621954 -0.4719781 0.4501595 -0.8325356 -0.3228635 0.05276781 -0.9732903 -0.2234316 -0.1785359 -0.9719375 -0.1531746 0.004028499 -0.9965659 -0.08270633 0.1686159 -0.984961 -0.03769057 -0.03015255 -0.9986984 -0.04113936 0.3140439 -0.9485715 -0.03985822 0.2975288 -0.954082 -0.03469997 0.3867409 -0.9215005 -0.03561604 0.4467986 -0.8938415 -0.03766047 0.48541 -0.8734633 -0.03793549 0.6207856 -0.7830548 -0.0380876 0.5546009 -0.8313825 -0.03494483 0.7281876 -0.6838738 -0.04538202 0.7293726 -0.6761171 -0.1043138 0.8509082 -0.523894 -0.03860688 0.8956086 -0.4375194 -0.08038681 0.689732 -0.669681 -0.275313 0.9714785 -0.2341717 -0.0373246 0.9848999 -0.1446282 -0.09515732 0.5115941 -0.7297152 -0.453638 0.3528905 -0.8113155 -0.4660853 0.8972695 -0.3471273 -0.2727822 0.7986859 -0.4880926 -0.3519467 0.9993088 -0.01284837 -0.03488302 0.9778709 0.2084777 -0.01748758 0.9477884 0.3188898 -0.002563536 0.8893892 -0.3703194 -0.2680497 0.9607465 -0.02942055 -0.2758637 0.8910405 -0.2611228 -0.3712974 0.8024204 -0.4080466 -0.4354531 0.1248829 -0.885106 -0.4483211 0.1388027 -0.8618708 -0.4877628 0.2655488 -0.7844998 -0.5603963 0.1636121 -0.7100238 -0.6849067 0.6266828 -0.6000089 -0.4972505 0.4519287 -0.7293179 -0.5136691 0.4511013 -0.7296177 -0.5139704 0.4479667 -0.7279536 -0.5190469 0.4503081 -0.7235754 -0.5231265 -0.3847249 -0.9228392 -0.01883029 -0.5286204 -0.8488568 0.001678526 -0.528958 -0.8486461 0.001831114 0.6987681 -0.6101402 -0.3734331 0.7576026 -0.4938883 -0.4267466 0.6846483 -0.5841775 -0.4358823 0.6845892 -0.5421229 -0.4872788 0.643585 -0.4506742 -0.6186204 0.6874293 -0.4893553 -0.5366306 0.6872021 -0.5115333 -0.5158364 0.6010798 -0.5579254 -0.5722084 0.307243 -0.7420588 -0.5957773 0.496361 -0.7059654 -0.5052115 0.685466 -0.4351763 -0.5837448 0.6286612 -0.5717737 -0.5271244 0.6288656 -0.5694126 -0.5294313 0.6283641 -0.5699195 -0.5294812 0.6270571 -0.571664 -0.5291501 0.1601329 -0.859017 -0.4862585 0.3676946 -0.7927043 -0.486231 0.4336102 -0.7494792 -0.5002632 0.5758382 -0.6298573 -0.5212391 -0.1338279 -0.8978835 -0.4193989 0.01098698 -0.9258092 -0.3778315 0.08356022 -0.9119299 -0.4017484 -0.2212625 -0.6227396 -0.750492 0.05350047 -0.484709 -0.8730378 -0.04428339 -0.3552133 -0.9337359 -0.1985872 -0.296889 -0.9340344 -0.3644534 -0.5626415 -0.74203 -0.4395109 -0.7678088 -0.4661543 -0.4781476 -0.7477561 -0.4606905 -0.4164965 -0.8801758 -0.2276432 0.2474788 -0.1520153 -0.9568938 0.1437733 -0.08591002 -0.9858747 -8.54538e-4 0.01168882 -0.9999313 -0.4325812 -0.8826195 -0.1840011 0.7030367 -0.4597389 -0.5425676 0.7630627 -0.3175791 -0.5629201 0.3054668 0.2032579 -0.9302561 0.1910819 0.323536 -0.9267213 0.5872512 -0.4578191 -0.6674863 0.6554911 -0.4183264 -0.6287563 0.4310573 -0.2333215 -0.8716368 0.5325344 -0.4043526 -0.7435766 0.4644479 0.1688652 -0.869352 0.4707673 0.4800453 -0.7402262 0.3558272 0.585914 -0.7280741 0.7989404 -0.4239469 -0.4265716 0.8155996 0.05243223 -0.5762362 0.8341429 -0.4931551 -0.2469895 0.8382526 -0.3580565 -0.4112522 0.5050096 -0.4471747 -0.7382412 0.5037242 0.7385106 -0.4481787 0.7544367 0.5216356 -0.3983987 0.4708211 0.7631959 -0.4425603 0.8648623 -0.1225664 -0.4868169 0.8503543 0.2430848 -0.4666984 0.6096833 0.7656368 -0.2051504 0.8428677 0.400681 -0.359206 0.8820672 0.03167897 -0.4700574 0.7978299 -0.3812444 -0.4670335 0.8278478 -0.2237624 -0.5143912 0.8086305 -0.4717316 -0.351548 0.7144822 -0.4283658 -0.5531889 0.6705142 -0.4031326 -0.6228122 0.7960107 -0.3060805 -0.5221894 0.5553541 -0.2737858 -0.7852536 0.5771718 -0.3596031 -0.7331838 0.6855478 -0.390643 -0.6143471 0.5975383 -0.4335273 -0.6745386 0.4872483 -0.254596 -0.8353264 0.4920854 -0.3061342 -0.814944 0.5038447 -0.30379 -0.8086113 0.5556855 -0.3589617 -0.7499069 0.4780539 -0.1879377 -0.8579883 0.4454284 -0.2134822 -0.8694935 0.6547373 -0.4265422 -0.624004 0.4542752 -0.2711918 -0.8485806 0.4540699 -0.2711052 -0.8487182 0.4541296 -0.2710129 -0.8487158 0.382553 0.01355034 -0.9238342 0.4804403 -0.1398105 -0.8658119 0.4981373 -0.3917162 -0.7735747 -0.001068115 -0.003723323 -0.9999925 -0.1760669 0.002319455 -0.9843756 0.3771511 -0.2216579 -0.8992358 -0.3833175 -0.02090543 -0.9233801 -0.5943979 -0.02838313 -0.8036701 0.4319642 -0.4477425 -0.7829009 0.4469308 -0.5109306 -0.7343044 0.8249368 -0.5615553 -0.06430417 0.8352268 -0.5473059 -0.05340909 0.8391934 -0.5387904 -0.07388758 0.2787011 -0.528531 -0.8018608 0.3599501 -0.6043829 -0.7107443 0.34218 -0.4205225 -0.840282 0.8457673 -0.5331328 -0.02114951 0.8248223 -0.5617129 0.06439632 0.8351253 -0.547452 0.05349999 0.8391859 -0.5387856 0.074009 0.8457328 -0.5331801 0.02133327 0.1515883 -0.5871265 -0.7951752 0.2230939 -0.693636 -0.6849075 0.3372384 -0.7251085 -0.6004065 0.2560873 -0.7572444 -0.6008331 0.2438808 -0.7768721 -0.5805101 0.226729 -0.7957033 -0.5616496 0.1846688 -0.8189398 -0.5433555 -0.7064368 -0.03592151 -0.7068641 -0.9040902 -0.04254323 -0.425219 0.2624375 -0.4255339 -0.8660528 0.2336859 -0.5011568 -0.8332063 0.7063739 0.03082466 -0.7071674 0.08768236 -0.601569 -0.7939941 0.7293533 0.04306286 -0.6827807 0.9238842 0.05551481 -0.378624 -0.9218181 -0.04809749 -0.3846275 -0.9984052 -0.05557543 -0.009918689 -0.9982651 -0.03357046 0.04837203 0.9779058 0.07327729 -0.1957826 0.9988092 0.04873949 -0.002136349 0.2417712 -0.5038071 -0.8292919 0.07449609 -0.5543415 -0.8289487 -0.9261084 -0.05545353 0.3731596 -0.8816307 -0.02136319 0.4714564 0.9949872 0.0561248 0.08276808 0.9267822 0.04455828 0.3729469 -0.7113149 -0.04507708 0.7014266 -0.5968358 -0.004120051 0.8023529 0.8985859 0.06680721 0.4336822 0.7137798 0.03039693 0.6997104 0.0518521 -0.5638729 -0.8242322 0.5293036 -0.4111617 -0.7421482 0.6764621 -0.3561612 -0.6446304 0.8224921 -0.2437872 -0.5138821 0.891869 -0.1694133 -0.4193673 0.95012 -0.1070914 -0.2929221 0.8741068 -0.1362081 -0.4662452 0.8748884 -0.1361147 -0.4648045 0.8735579 -0.1366965 -0.4671305 0.8739474 -0.1365123 -0.4664552 0.8711823 -0.1382233 -0.4711007 0.8634789 -0.1420362 -0.483973 -0.384785 -0.02761977 0.9225929 -0.1997189 0.01715189 0.9797032 0.6259814 0.05780351 0.7776929 0.389573 0.01284843 0.920906 0.002838194 -0.007110774 0.9999708 0.2350595 0.0393393 0.9711847 0.5530782 0.8146016 -0.1747253 0.5321975 0.784227 -0.3189889 0.5403942 0.8315728 0.1283005 0.5219455 0.759174 0.3888802 0.4370065 0.6830231 0.5852391 0.3252119 0.4517443 0.8307614 0.2390571 0.3757833 0.8953427 0.02990889 -0.005493462 0.9995376 0.003723263 0.006073176 0.9999747 -0.2247461 -0.3668146 0.9027382 -0.2535897 -0.4732108 0.8436611 -0.4172339 -0.6829684 0.5995582 -0.4609533 -0.776638 0.4293665 -0.5189451 -0.8288961 0.208872 -0.5303051 -0.8475237 0.02191293 -0.5293946 -0.8472572 -0.04355156 -0.4481764 -0.8364738 -0.3153563 -0.5475718 -0.8137891 -0.1947112 -0.3651292 -0.8260271 -0.4293717 -0.1985862 0.97816 0.06137341 -0.3786504 0.9230499 0.06784391 -0.1979468 0.9782895 0.06137388 -0.3939106 0.916612 0.06824082 -0.6913804 0.7187561 0.07336795 -0.7241969 0.6857118 0.07306361 -0.9065487 0.4164984 0.06854659 -0.9339622 0.3511475 0.06640857 -0.9900246 0.128575 0.05761915 -0.994517 0.088413 0.05584943 -0.9985271 0.01461869 0.05224883 -0.998524 0.01461863 0.05230969 0.9774004 0.2024018 0.06100738 0.9774636 0.202097 0.06100749 0.9345678 0.3495092 0.06653243 0.9053172 0.4191486 0.06866782 0.7273087 0.6823841 0.07330769 0.6867249 0.723196 0.07346099 0.397365 0.9150993 0.06851643 0.3703523 0.926415 0.06778347 0.09885096 0.9934538 0.05725359 0.0960139 0.9937408 0.05710166 -0.001831114 0.9986293 0.05230885 0.1985554 -0.9781278 0.0619837 0.201428 -0.9775363 0.06204593 0.3741661 -0.924825 0.06854623 0.4071248 -0.9107205 0.06955301 0.6966832 -0.7134685 0.07480156 0.737055 -0.6717147 0.07449591 0.9159894 -0.3950956 0.06973528 0.9412752 -0.3308289 0.06747806 0.9827157 -0.1746304 0.06143498 0.9826298 -0.1750587 0.06158792 -0.9830878 -0.1725561 0.06134378 -0.9826596 -0.1749669 0.06137424 -0.9413523 -0.3306406 0.06732445 -0.9150567 -0.3972988 0.06946164 -0.7382673 -0.6703919 0.07440656 -0.693687 -0.7164234 0.07440423 -0.4139908 -0.9076059 0.069736 -0.3709 -0.9261667 0.0681799 -0.2023127 -0.9773517 0.06207633 -0.2026787 -0.9772893 0.06186264 -0.9668228 0.2501366 0.05182182 -0.8785259 0.4750009 0.05066186 -0.8776473 0.4765304 0.05151677 -0.9587313 0.2792815 0.05325603 -0.9821547 -0.18061 0.05246174 -0.9872155 -0.1503392 0.05295139 -0.8491635 -0.5255694 0.05194348 -0.8350985 -0.547546 0.05295091 -0.7239761 -0.6879329 0.05105859 -0.7224186 -0.6894884 0.05212664 0.876396 0.4771713 0.06509792 0.7904822 0.6104789 0.04953289 0.7647902 0.6399651 0.07443726 0.9004972 0.4329748 0.04046833 0.9963949 0.04233026 0.07352101 0.9988229 0.005798578 0.04815882 0.968454 -0.245707 0.04153609 0.9642744 -0.264385 0.01660221 -0.2796185 -0.9596816 0.0287187 -0.0717206 -0.9963369 0.04657262 -0.2713483 -0.9615147 0.04312396 -0.03064113 -0.9977609 0.05945116 0.40938 -0.9112932 0.0441913 0.4378918 -0.8969945 0.06042832 0.656708 -0.7516832 0.06088536 0.6665067 -0.7411259 0.08063143 -0.733595 -0.6781107 0.04477196 -0.739567 -0.670533 0.05853539 -0.7254357 -0.6877753 0.02661252 -0.7469875 -0.6604351 0.07638949 -0.9350848 0.35253 0.03659278 -0.992082 0.1159418 0.04828107 -0.936736 0.3468545 0.0470916 -0.9965943 0.05887091 0.0577417 -0.9822002 -0.1787816 0.05762028 -0.9802895 -0.1849182 0.06955415 0.4562587 -0.8884074 0.0506004 0.6027539 -0.7965202 0.04736572 0.6058687 -0.7939285 0.05099767 0.4543719 -0.8895778 0.04687768 0.2941756 -0.9545218 0.04846465 0.2905381 -0.9558154 0.04477089 -0.3686441 0.9278209 0.05701023 -0.2034091 0.9774628 0.05649065 -0.2185148 0.9745273 0.0504781 -0.3854623 0.9212946 0.0513339 -0.6305016 0.7742177 0.05527073 -0.6174709 0.784901 0.05157798 -0.6971005 0.7151071 0.05170035 -0.718971 0.6929687 0.05362218 -0.9986228 0 0.0524646 -0.9986228 0 -0.0524646 -0.3222247 -0.6875125 -0.650767 -0.3232001 -0.6871437 -0.650673 -0.3707171 -0.6821659 -0.6302527 -0.2601772 -0.7053931 -0.6593394 -0.3709873 -0.6826459 -0.6295736 -0.2563611 -0.7067632 -0.659367 -0.2074113 -0.7283507 -0.6530588 -0.2074388 -0.7281874 -0.6532322 -0.1604074 -0.7626678 -0.626584 -0.1604686 -0.7627296 -0.626493 -0.1217111 -0.7623424 -0.6356261 -0.1215865 -0.7629068 -0.6349723 -0.1225671 -0.7626568 -0.6350844 -0.1214774 -0.7614284 -0.6367654 -0.5283189 -0.8409766 0.1167806 0.4722213 0.8814799 5.53384e-4 -0.7759063 0.5707774 0.2686685 -0.775755 0.5710026 0.2686269 -0.5295482 0.8470453 0.04574906 -0.3130689 0.9488204 0.0415675 -0.1298875 0.9913998 0.01599174 -0.6806671 0.729864 0.06317448 -0.8003706 0.597783 0.04541277 -0.9146247 0.4000129 0.05874907 -0.9560815 0.2887746 0.05017387 -0.9982764 -1.22076e-4 0.05868798 -0.9965692 0.06421208 0.05221807 -0.9939614 -0.09619468 0.05279719 -0.948058 -0.3140763 0.05041819 -0.9139366 -0.4026131 0.05121165 -0.6841509 -0.7274578 0.05237108 -0.7461532 -0.6644545 0.04190224 -0.3331784 -0.9407858 0.06256437 -0.3865257 -0.9212527 0.04348981 -0.1315356 -0.9889894 0.06781256 3.36985e-5 0 1 3.51181e-5 0 1 -1.57631e-5 0 1 -1.57414e-5 0 1 3.52989e-5 0 1 1.13969e-4 0 1 -1.26964e-4 0 1 -5.62596e-5 0 1 2.13301e-4 0 1 -1.59351e-4 0 1 0.2569379 -0.9611595 0.1007731 0.2580393 -0.9615359 0.09415149 0.2572792 -0.9648123 0.05426359 0.2566655 -0.9510052 0.1723718 0.2568508 -0.9649301 0.05420231 0.2566031 -0.9509391 0.1728286 0.2396324 -0.9363734 0.2564788 0.2393001 -0.9359287 0.258405 0.1791472 -0.9046475 0.3866772 0.1789023 -0.9047358 0.3865842 0.05969643 -0.8480801 0.5264946 0.05884009 -0.8473528 0.5277605 -0.01861667 -0.8126035 0.5825195 -0.0192573 -0.8131411 0.5817481 -0.05139243 -0.0872637 0.9948588 -0.6182996 0.7835962 0.06068497 -0.620243 0.7820882 0.06030452 -0.9514355 -0.3017759 0.06084233 -0.9502206 -0.3057027 0.06022262 0.998614 -0.003296732 0.05252802 0.998606 -0.003424227 0.05267316 -1.0426e-4 0.9986274 0.05237585 -1.35139e-4 0.9986302 0.05232334 0.258558 -0.9644654 -0.05435454 0.2581939 -0.9645646 -0.05432444 0.2578569 -0.9615998 -0.0939992 0.2567866 -0.9612255 -0.1005294 0.2565711 -0.951147 -0.1717289 0.2571248 -0.9509804 -0.1718235 0.2395755 -0.9359927 -0.2579176 0.2405253 -0.9364341 -0.2554189 0.1794826 -0.9046465 -0.3865241 0.1795436 -0.905012 -0.3856388 0.05926835 -0.8473364 -0.5277388 0.05984848 -0.8484697 -0.5258492 -0.01959323 -0.8129975 -0.5819376 -0.02032536 -0.8135963 -0.5810748 0.8459908 -0.5282684 -0.0723322 0.8460705 -0.5284052 -0.07037621 0.8459531 -0.5287207 -0.06941205 0.846035 -0.5285334 -0.0698381 0.8461995 -0.5282936 -0.06965976 0.8460122 -0.5286563 -0.0691809 0.8459588 -0.528654 -0.06984663 0.8458318 -0.5288613 -0.069817 0.8457986 -0.5288831 -0.07005363 0.8459731 -0.5286047 -0.0700488 0.8460059 -0.5286261 -0.06948775 0.8460819 -0.5285052 -0.06948268 0.846054 -0.5285367 -0.0695818 0.8460237 -0.5285857 -0.06957811 0.8459851 -0.5285919 -0.06999951 0.8459609 -0.5286307 -0.06999939 0.8459705 -0.5286395 -0.06981712 0.8459872 -0.528611 -0.06983041 0.845968 -0.528667 -0.06963706 0.846 -0.5286179 -0.06962168 0.8460033 -0.5286066 -0.06966686 0.846041 -0.52854 -0.06971389 0.8458364 -0.5287942 -0.07026833 0.8460383 -0.5287373 -0.06823676 0.8458058 -0.5283133 -0.0741446 0.176952 -0.8909965 -0.4181067 0.6069749 0.008942246 0.7946708 0.200782 -0.977725 0.06115931 0.1989561 -0.9780866 0.06134402 0.3650067 -0.9285697 0.06729429 0.4041318 -0.9121196 0.06866759 0.6955621 -0.7146976 0.07349008 0.7141792 -0.6960813 0.07361221 0.9203652 -0.3850598 0.06824076 0.9215273 -0.382314 0.06799674 0.9781487 -0.1986511 0.06134408 0.9788404 -0.1951088 0.06167912 -0.9782149 -0.1980966 0.06207495 -0.9777882 -0.2003246 0.06164771 -0.9258675 -0.3716349 0.06824141 -0.9132505 -0.4015384 0.06885081 -0.7135945 -0.696626 0.07413053 -0.6854397 -0.7243521 0.07407104 -0.391373 -0.9176392 0.0690335 -0.3536221 -0.9329315 0.06775188 -0.184857 -0.9808377 0.06152743 -0.1843351 -0.9809435 0.06140428 -0.1851919 0.9807725 0.06155765 -0.1855854 0.9806944 0.06161761 -0.3573155 0.9314986 0.06808769 -0.3885058 0.9188635 0.06894218 -0.6901257 0.7198513 0.07443577 -0.7097297 0.7005434 0.07431483 -0.9176157 0.3914065 0.06915611 -0.9239902 0.3762065 0.06863701 -0.9791879 0.1932495 0.06201559 -0.9789346 0.194499 0.0621066 0.9183418 0.3897864 0.06866729 0.9794496 0.1920262 0.06167906 0.9787188 0.1958414 0.06128245 0.9253439 0.3730369 0.06769168 0.7188465 0.6912572 0.07364255 0.6924405 0.71771 0.07361125 0.4071876 0.9107549 0.06872928 0.3635157 0.929161 0.06720352 0.2009103 0.9776948 0.06122225 0.2009393 0.977687 0.06125229 -0.7831992 -0.618808 0.06062775 -0.7828709 -0.6192405 0.06045192 0.001879632 -0.9986264 0.05236446 0.001893043 -0.9986285 0.05232304 0.3012776 -0.9515834 0.06099915 0.3019524 -0.9513818 0.06080794 0.8480485 -0.5299188 8.11126e-6 0.8477674 -0.5303677 7.19679e-4 0.8481752 -0.5297156 5.49426e-4 0.8482762 -0.529554 -5.00066e-4 0.8478789 -0.5301899 -9.70557e-5 0.8479263 -0.5301141 1.75117e-4 0.847926 -0.5301148 -1.56046e-4 0.8480399 -0.5299324 0 0.8480705 -0.5298835 5.1693e-5 0.8480337 -0.5299423 2.95331e-5 0.8480249 -0.5299566 2.95054e-5 0.8480507 -0.5299151 -4.06643e-5 0.848081 -0.5298666 5.05945e-5 0.8480076 -0.5299842 -3.07368e-5 0.8480434 -0.5299268 -1.2384e-5 0.8479983 -0.529999 -2.71433e-4 0.8480347 -0.5299407 3.03679e-4 0.8480289 -0.52995 -1.90512e-5 0.8480728 -0.5298797 5.57213e-5 0.8482635 -0.5295745 2.45902e-4 0.847994 -0.5300061 1.48654e-4 0.8481008 -0.5298349 -8.68867e-5 0.8480741 -0.5298777 -1.90341e-5 0.8477787 -0.5303501 4.95982e-5 0.8482123 -0.5296565 3.56828e-5 0.8457082 -0.5290809 0.06965088 0.8459815 -0.5285434 0.07040899 0.8458276 -0.5288441 0.0699979 0.8460783 -0.5284776 0.06973582 0.8459996 -0.5286041 0.06973069 0.8459932 -0.5286284 0.06962305 0.8459784 -0.5286509 0.06963491 0.8459806 -0.5286214 0.06983178 0.845973 -0.5286356 0.0698167 0.8459399 -0.5286639 0.07000142 0.8459826 -0.5285961 0.06999951 0.8460747 -0.5285056 0.06956756 0.846034 -0.5285691 0.0695793 0.846066 -0.5285301 0.06948596 0.846025 -0.5285955 0.06948935 0.845939 -0.5286588 0.07004964 0.8457595 -0.528945 0.07005858 0.8458722 -0.5287964 0.06981921 0.8458902 -0.5287634 0.06984943 0.8460604 -0.5285809 0.06916737 0.8461494 -0.5283809 0.06960433 0.8460834 -0.5284559 0.06983792 0.8460481 -0.5284994 0.06993603 0.8459864 -0.5287902 0.06846833 0.8456658 -0.5285944 0.07374 0.7541217 0.6506527 0.08917212 -0.001037895 -0.9986268 0.05237764 -0.001020669 -0.9986259 0.05239605 -0.001026451 -0.9986254 0.05240559 -0.001053392 -0.9986246 0.05241864 -0.001049757 -0.998627 0.05237561 -9.49986e-4 -0.9986251 0.05241245 -0.001150488 -0.9986287 0.05233895 -0.01505261 -0.9985099 0.05245441 -0.01507502 -0.9985069 0.05250537 -0.1054587 0.9930421 0.05240112 -0.1054395 0.993046 0.05236738 0.9457038 0.3214606 0.04803746 0.9418789 0.3336953 0.03888124 0.9472484 0.3162683 0.05191278 0.9507995 0.303698 0.06122177 0.6418104 0.7649843 0.05365204 0.6571043 0.7528119 0.038576 0.6461866 0.7615803 0.0493803 0.6307744 0.7732999 0.06427377 -0.8998272 0.4332807 0.05078387 -0.8975954 0.4374904 0.05407971 -0.957914 0.2821523 0.05282914 -0.9599828 0.2745511 0.05527031 -0.9986705 0.004364192 0.05136328 -0.9986625 0.007751703 0.05111873 -0.9586642 -0.2793713 0.05398815 -0.9589043 -0.2786987 0.05319446 -0.8927815 -0.447291 0.0535919 -0.894723 -0.4437144 0.050875 -0.5339928 -0.8439754 0.05057013 -0.5425079 -0.8381161 0.05697917 -0.3014045 -0.9517924 0.05697876 -0.3362031 -0.9398488 0.06042861 0.1181087 -0.9915945 0.05282843 0.2087211 -0.9733197 0.09531158 0.4885496 -0.8674747 0.0938462 0.5525249 -0.8240873 0.1248857 0.6418179 -0.7648406 0.05557537 0.1682817 -0.983963 0.0591458 0.1684051 -0.98394 0.05917674 0.3287786 -0.9422362 0.0639978 0.3446817 -0.9365063 0.06442558 0.6915941 -0.7190613 0.06817972 0.713418 -0.697426 0.06805789 0.8625032 -0.5019494 0.06430393 0.8625701 -0.5018306 0.06433486 -0.1547904 0.9856902 0.0667442 -0.1639503 0.9832745 0.07931995 -0.1466438 0.9876253 0.05560559 -0.13752 0.9895585 0.04315429 0.4532659 0.8908756 0.02984738 0.4271129 0.9016219 0.06820988 0.4395308 0.8968235 0.05020332 0.4125897 0.9065744 0.08884149 0.7657147 -0.6409847 0.05310255 0.5610076 -0.8263128 0.04977709 0.734723 -0.6762784 0.05319523 0.5643312 -0.8243551 0.04437494 0.9718393 -0.2302945 0.04992866 0.9785982 -0.1976729 0.05719298 0.963881 0.2616698 0.04962384 0.9581636 0.2800176 0.05926907 0.8627245 0.5022284 0.05893307 0.8583441 0.5082923 0.06988829 -0.7844255 -0.6180673 0.05166834 -0.8854367 -0.4620373 0.05023533 -0.7859756 -0.6163163 0.04895371 -0.8910405 -0.4509527 0.05185222 -0.9574101 -0.2844672 0.04944068 -0.956215 -0.2893792 0.04373341 -0.01621711 0.01177352 0.9997993 0.370664 -0.9272926 0.05231302 0.3708 -0.9272264 0.05252194 0.37047 -0.9273599 0.05249339 0.3694096 -0.9277921 0.0523293 0.3693229 -0.9278172 0.05249643 -0.9986519 0.001306653 0.05189323 -0.9985821 6.52242e-4 0.0532307 -0.998619 5.22063e-4 0.05253481 -0.9985729 3.27186e-4 0.05340462 -0.9986204 0.001306235 0.05249369 -0.9986506 3.2593e-4 0.05193293 -0.9986184 0 0.05254942 -0.9990652 0.001634538 0.04319703 -0.9986155 0.002614974 0.05254018 -0.9990045 0.001911342 0.04456853 -0.9986186 0 0.0525453 -0.9965984 9.93948e-4 0.08240562 -0.9986179 0.002316117 0.0525065 0 -1 0 0.9984824 0.01722109 0.05231201 0.9984809 0.01722967 0.05233764 -0.001860618 -0.998629 0.05231219 -0.001889407 -0.998623 0.05242866 -0.001887083 -0.9986246 0.05239582 -0.00190109 -0.9986284 0.05232435 -0.001474201 -0.9986312 0.05228447 -0.001498878 -0.9986286 0.0523324 -0.9984207 0.01992571 0.05252808 -0.9984233 0.02001494 0.05244213 -0.9985436 0.01970338 0.05022579 -0.9982526 0.02058982 0.05538797 -0.9985397 0.01969689 0.05030572 -0.001056969 -0.9986273 0.05236738 -0.00106734 -0.9986286 0.05234372 -0.9984678 0.01815599 0.05227434 -0.9984599 0.01702111 0.05280315 -0.9984723 0.01722329 0.05250138 -0.9984934 0.01683443 0.05222624 -0.001050531 0.9986249 0.05241364 -0.001072943 0.9986306 0.05230551 -0.001077055 0.9986295 0.05232584 -0.001438081 0.9986245 0.05241167 -0.001476764 0.9986272 0.05235904 0.9985488 0.01480662 0.05178105 0.9985255 0.01467078 0.05226588 -0.2288918 -0.9723019 0.04730427 -0.1149657 -0.992331 0.04541248 -0.1202141 -0.9915911 0.04791474 -0.2358819 -0.9705372 0.0491662 -0.1261664 -0.99105 0.04361188 -0.3434652 -0.9380742 0.04526025 -0.126195 -0.9910356 0.04385542 -0.3481302 -0.9361092 0.05005115 -0.1262263 -0.991041 0.04364204 -0.1261972 -0.9910528 0.04345941 0.930023 -0.3631525 0.05636966 0.9285375 -0.3679358 0.04941004 0.9311997 -0.3591796 0.06210643 0.9325644 -0.3543238 0.06912517 -1.07912e-5 0 -1 9.87349e-6 0 -1 1.69285e-4 0 -1 -1.61854e-5 0 -1 -1.7064e-4 0 -1 -0.3867411 -0.9211652 -0.04342901 -0.3332334 -0.9407685 -0.06253272 -0.1315354 -0.9889873 -0.06784296 -0.7467685 -0.663757 -0.04199409 -0.6841704 -0.7274461 -0.05227869 -0.9480765 -0.3140112 -0.05047857 -0.9139282 -0.4026399 -0.05115014 -0.9982746 -9.15568e-5 -0.05871844 -0.9940579 -0.09515756 -0.05285853 -0.9964877 0.06546401 -0.05221861 -0.9561289 0.2886179 -0.05017316 -0.9146325 0.3999858 -0.05881065 -0.80072 0.5973127 -0.04544234 -0.6806481 0.7298763 -0.06323659 -0.5300825 0.8467161 -0.0456562 -0.3130339 0.9488373 -0.04144483 -0.129918 0.9913997 -0.0157476 0.99848 -0.01628816 0.05265414 0.9984891 -0.01623374 0.05249857 -7.51351e-4 -0.998628 0.05236184 -7.69079e-4 -0.9986276 0.05236721 -0.9984786 -0.01647365 0.05262207 -0.9984923 -0.01645213 0.05237054 0.05236321 -0.9982833 0.02624195 0.0523141 -0.9982872 0.02619564 0.05231392 -0.9982873 0.02618581 0.05231148 -0.9982874 0.02618891 0.05230784 -0.9982876 0.02618718 0.05229872 -0.9982889 0.02615886 0.05229276 -0.9982885 0.02618551 0.05232983 -0.9982865 0.02618962 0.05230879 -0.9982882 0.02616322 0.05231565 -0.9982879 0.0261656 0.05229902 -0.9982888 0.02616024 0.05230337 -0.9982891 0.02613836 0.05227285 -0.9982903 0.026156 0.05230391 -0.9982877 0.0261932 0.0523042 -0.9982877 0.02619069 0.05233669 -0.9982868 0.02616369 0.05231928 -0.998287 0.02618783 0.05231893 -0.9982881 0.02614766 -0.7043304 -0.06657063 0.706744 -0.9986201 -4.78456e-4 0.0525133 -0.9986206 -4.59241e-4 0.05250585 -0.3588169 0.9319363 0.05239671 -0.3587874 0.9319458 0.05242943 -0.9542763 0.2928274 0.06007361 -0.9533245 0.2957568 0.06083112 -0.998627 -0.003571689 0.05226385 -0.9986169 -0.003630697 0.05245155 -0.6061122 -0.7930619 0.0606715 -0.6058141 -0.793282 0.06076979 -0.3395072 -0.9391481 0.05230593 -0.3395193 -0.9391468 0.05224996 -0.9985855 -0.007824063 0.05259233 -0.9986107 -0.007490575 0.05215907 0.3634021 0.9301565 0.05241847 0.3634414 0.9301446 0.05235934 -0.3410689 0.9357466 0.08972454 -0.9728219 -0.1851701 0.1390309 -0.5291978 -0.8484953 -0.002340197 -0.5501453 -0.8026424 -0.2304461 -0.1037958 -0.9942853 0.02496469 -0.4737496 -0.8802961 -0.02530038 -0.5912819 -0.8022317 -0.08252429 -0.06915575 -0.9956785 0.06198382 0.3054997 -0.9512912 0.04141485 0.3021078 -0.9517662 0.05359137 0.6490819 -0.7596529 0.04025477 0.62394 -0.779742 0.05197465 0.865378 -0.4977107 0.05835312 0.8938634 -0.446886 0.03607314 0.9873189 -0.1447209 0.0652495 0.9975554 -0.06433475 0.02728426 0.9644469 0.2641769 0.0072636 0.9124373 0.4073419 -0.0391258 0.9925509 0 0.1218317 0.05229121 -0.9982917 -0.02606439 0.05231463 -0.9982872 -0.02619111 0.05232465 -0.9982873 -0.02616983 0.05230724 -0.9982876 -0.02619147 0.05230391 -0.9982877 -0.0261932 0.05227172 -0.9982904 -0.02615457 0.05230158 -0.9982893 -0.02613878 0.05229967 -0.9982887 -0.02616143 0.0523163 -0.9982877 -0.02616727 0.05231136 -0.998288 -0.02616274 0.05232983 -0.9982865 -0.02618962 0.05229222 -0.9982885 -0.02618527 0.05230611 -0.9982885 -0.0261594 0.05231273 -0.9982873 -0.02618825 0.05230867 -0.9982875 -0.02618891 0.0523104 -0.9982876 -0.02618581 0.05230945 -0.9982876 -0.02618664 0.05235069 -0.9982829 -0.02628391 0 -0.9996581 -0.02615302 6.87081e-5 -0.9996569 -0.02619743 0 -0.9996531 -0.02634084 -0.002743065 0 -0.9999963 -8.45181e-5 0 -1 2.16523e-4 0 -1 -1.88145e-5 0 -1 3.51474e-5 0 -1 -7.49404e-6 0 -1 1.41244e-4 0 -1 -5.04261e-5 0 -1 -6.8209e-5 0 -1 8.58157e-5 0 -1 -2.04363e-4 0 -1 8.92623e-5 0 -1 2.37323e-5 0 -1 2.91214e-4 0 -1 -3.19521e-5 0 -1 1.22303e-5 0 -1 0.9976095 -0.06344926 -0.02737563 0.9644769 0.2640546 -0.007721424 0.9124907 0.4072775 0.0385456 0.9873172 -0.1446901 -0.06534099 0.8946401 -0.4453363 -0.03598213 0.8654575 -0.4975511 -0.05853539 0.6506928 -0.7582718 -0.04028487 0.623691 -0.7799494 -0.05185216 0.3022329 -0.9517453 -0.05325621 0.3075091 -0.9506354 -0.0415973 -0.06912589 -0.9956881 -0.06186234 -0.1028172 -0.9943878 -0.02493369 -0.4737471 -0.8802914 0.02551388 -0.5911601 -0.8022931 0.08279901 -0.9771925 -0.170848 -0.1261184 -0.3275594 0.93938 -0.1013426 -0.7043086 -0.06657367 -0.7067654 0.01103872 0.2931241 0.9560108 0.01121217 0.2841788 0.9587057 0.01112663 0.2864738 0.9580236 0.08293735 0.6900331 0.7190104 0.2214311 -0.1923012 0.9560275 -0.2896222 -0.01425218 -0.957035 -0.183509 -0.01184123 -0.9829467 -0.293469 -0.01300102 -0.9558802 -0.1846112 -0.01086485 -0.9827516 0.09857749 -0.005523979 -0.9951142 0.103765 -0.005218744 -0.9945882 0.2376203 -0.001983702 -0.9713562 0.2357935 -0.001983761 -0.9718012 0.2374117 -0.001922726 -0.9714073 0.2370449 -0.002014279 -0.9714967 0.2367357 -0.00213629 -0.9715718 0.2364912 -0.002105772 -0.9716314 0.2370636 -0.002250194 -0.9714915 0.9986323 -0.001574218 0.05226194 0.9986341 -0.001479625 0.0522291 0.008463621 0.9985962 0.05228912 0.008444309 0.9985925 0.0523616 0.008461058 -0.9985974 0.05226558 0.008435189 -0.9985938 0.0523377 0.9986147 -9.43026e-4 0.05260938 0.9986151 -8.93293e-4 0.05260354 0.009938776 -0.998577 0.0523948 0.009949803 -0.9985792 0.05234986 -0.9986065 -7.5969e-4 0.05276924 -0.9986046 -8.10885e-4 0.05280309 0.01099401 -0.9985747 0.05222797 0.01109623 -0.9985666 0.05236119 -0.9986137 -0.001341164 0.05262005 -0.9986141 -0.00131756 0.05261439 0.01089072 0.9985739 0.05226486 0.01093089 0.9985693 0.05234521 0.01092803 0.9985615 0.05249512 0.01090818 0.9985716 0.05230736 0.01090306 0.9985718 0.05230295 -0.9986035 -0.002228975 0.05278247 -0.9986034 -0.00217849 0.05278724 0.009765148 0.9985786 0.05239844 0.009781658 0.9985775 0.05241554 0.9986124 -0.002233862 0.05261653 0.9986145 -0.002182543 0.05257785 -0.9324957 -0.3573999 0.05212718 -0.9318959 -0.3589211 0.05240124 -0.9325301 -0.3572006 0.05287438 -0.9320811 -0.3584459 0.0523591 -0.9320496 -0.3585583 0.05214977 -0.2963697 -0.9531334 0.06084424 -0.2945734 -0.9537202 0.06036829 0.7933256 -0.6057636 0.06070554 0.793261 -0.6058567 0.06062006 0.93884 -0.3403945 0.05206811 0.9388533 -0.3403691 0.05199635 0.004635334 -0.9986153 0.05240356 0.004631996 -0.9986159 0.05239242 -0.9304968 0.3625031 0.05260533 -0.9304564 0.362547 0.05301541 0.001998186 0.9986274 0.05233824 0.002015173 0.9986256 0.05237418 0.9277485 0.3695203 0.05232155 0.9277673 0.3694753 0.05230545 0.9277182 0.3696201 0.05215406 0.940248 0.3334171 0.06904214 -0.05268377 -0.9976634 -0.04349976 -0.05267322 -0.9976643 -0.04349118 -0.0461567 -0.9980802 -0.04129958 -0.05275475 -0.9976632 -0.04341894 -0.05093646 -0.997794 -0.04257422 -0.04660308 -0.9981058 -0.04016345 -0.04626661 -0.9980893 -0.04095631 -0.04411542 -0.9982526 -0.03931415 -0.4045342 -0.004303216 -0.9145128 -0.1712715 0.0295422 -0.9847809 -0.4407263 0.04016309 -0.8967427 -0.3372003 0.03924691 -0.9406146 0.09091526 -0.00213629 -0.9958564 0.3535622 0.03936946 -0.9345822 0.4719154 0.004333674 -0.8816332 0.5997647 0.02942055 -0.7996354 0.6262236 0 -0.7796436 -0.03943139 -0.998282 -0.04334062 -0.03766047 -0.9983398 -0.04358118 0.2925288 -0.899774 -0.3237807 -0.03936982 -0.9982858 -0.04330682 -0.03451681 -0.9984253 -0.04422181 0.7525711 0 -0.6585112 -0.03473085 -0.9984057 -0.04449701 -0.03448617 -0.9984233 -0.04428935 -0.02911531 -0.9987725 -0.04007172 -0.03442525 -0.9984245 -0.04431337 -0.03433412 -0.9984677 -0.04339832 -0.03787451 -0.9982278 -0.04590111 -0.03250247 -0.9985749 -0.04232954 -0.03561556 -0.998365 -0.04471015 -0.03045499 -0.9986755 -0.04147046 -0.03045797 -0.9986753 -0.04147535 0.2686936 0 -0.9632258 0.3420567 0 -0.9396793 0.341993 6.10375e-5 -0.9397026 0.2627398 0.00213629 -0.9648644 0.1312021 4.27269e-4 -0.9913556 0.1890975 0 -0.9819583 0.0253306 0.002868711 -0.999675 -0.05697935 0 -0.9983754 -0.1277525 0 -0.9918062 -0.1276324 0 -0.9918217 -0.04144459 0.998272 -0.04165822 -0.04422163 0.9981769 -0.0410782 -0.04855549 0.9979361 -0.04202443 -0.04246312 0.9981617 -0.04324549 -0.0446338 0.9981963 -0.04015201 -0.0412085 0.9981916 -0.04376709 -0.04685705 0.9980421 -0.04143071 -0.04031622 0.9982308 -0.04370385 -0.03558474 0.998449 -0.04281765 -0.04867666 0.9979189 -0.04229229 -0.03293007 0.9986145 -0.0410481 -0.05049103 0.9977983 -0.04300278 -0.03541368 0.9984437 -0.04308247 -0.03140437 0.9987142 -0.03979718 -0.05172395 0.9977161 -0.04344457 -0.03536385 0.9984472 -0.04304063 -0.03137385 0.9987152 -0.03979718 -0.05189174 0.9976606 -0.04450368 -0.03481566 0.9984859 -0.04258978 -0.0513308 0.9977564 -0.04297989 -0.03537636 0.9984435 -0.04311978 -0.04936128 0.9979279 -0.04127204 -0.04747122 0.99792 -0.04361504 -0.03696757 0.9983417 -0.04413014 -0.05073827 0.9978183 -0.04224127 -0.04658085 0.9979629 -0.04359292 -0.03804022 0.9982622 -0.04500472 -0.05131763 0.9977745 -0.04257541 -0.04631179 0.9979732 -0.04364639 -0.03571498 0.9984673 -0.04227983 -0.05154973 0.9977532 -0.04279327 -0.04546582 0.9980146 -0.04358744 -0.04072201 0.9981957 -0.04412668 -0.04541671 0.9980177 -0.04356819 -0.04216086 0.9980953 -0.0450353 -0.0451709 0.998028 -0.04358494 -0.04269665 0.9981076 -0.04425317 -0.03827059 0.9983326 -0.04321467 -0.04211586 0.9981472 -0.04391652 -0.04401838 0.9980795 -0.04358649 -0.04133528 0.9981972 -0.04351848 -0.0414372 0.998134 -0.04484981 -0.7772051 0 -0.6292474 -0.8753685 -0.003021299 -0.483447 -0.7899335 0.008423328 -0.6131347 -0.9015645 0.01171928 -0.4324861 -0.9863929 -7.01929e-4 -0.1644039 -0.9915294 0.008362174 -0.1296138 -0.9981073 0 -0.06149661 -0.9959858 0 -0.08951205 -0.9993503 0 -0.0360431 -0.9994344 0 -0.03363186 -0.9936173 9.76618e-4 -0.1127994 -0.9937211 8.85044e-4 -0.1118817 -0.9416546 0.003723263 -0.3365603 -0.9410847 0.003692746 -0.3381508 -0.8991503 0.005005061 -0.4376117 -0.8992218 0.005035638 -0.4374642 0.9272556 0.370748 0.05237281 0.9272786 0.3706983 0.05232 -0.9986202 -0.001347661 0.0524981 -0.9986201 -0.001255691 0.05250173 -0.01505851 0.9985063 0.05252277 -0.01506036 0.998505 0.05254536 0.9986135 -0.001294374 0.05262547 0.9986156 -0.001195907 0.05258893 -0.5457363 0.8362748 0.05307209 -0.5422013 0.8387548 0.05008172 -0.5447114 0.8369963 0.05221879 -0.5482152 0.8345151 0.05517858 -0.1460767 -0.9878883 0.05233019 -0.1460791 -0.9878866 0.05235391 -0.9816986 0.183078 0.0524457 -0.9817263 0.183081 0.051912 -0.005569875 0.99861 0.05241298 -0.005556941 0.9986123 0.05237168 0.9986277 -0.001907527 0.05233722 0.9986262 -0.001960039 0.05236393 -0.006294012 -0.9986124 0.05228507 -0.006332576 -0.9986079 0.05236542 0.9829637 -0.1761518 0.05247026 0.9829011 -0.1763932 0.05282878 -0.3994688 -0.9153694 0.05023497 -0.1867141 -0.9810273 0.05218714 -0.3990379 -0.9155135 0.05102801 -0.1589449 -0.9858369 0.05350041 0.06384545 -0.996533 0.05334699 0.06482309 -0.996365 0.05527049 -0.02157717 -0.01638889 0.9996328 -0.01846396 -0.01071214 0.9997722 -0.02523922 -0.01742637 0.9995296 -0.02029484 -0.00854516 0.9997575 -0.0255751 -0.02407968 0.9993829 -0.02529984 -0.03863644 0.998933 -0.01913523 -0.04800593 0.9986639 -0.03781342 -0.05218803 0.9979211 -0.01864701 -0.09064108 0.9957091 -0.0330218 -0.06683719 0.9972174 -0.02667325 -0.1154521 0.9929549 -0.03750836 -0.08438622 0.995727 -0.02295011 -0.1103253 0.9936305 -0.03412008 -0.14646 0.988628 -0.02884078 -0.1449977 0.9890117 -0.02252274 -0.1412402 0.9897192 -0.02270615 -0.1415472 0.9896711 -0.02270591 -0.1418207 0.989632 -0.0223397 -0.1405999 0.9898145 -0.6623595 -0.7472031 0.05447685 -0.8213663 -0.5680865 0.05133348 -0.8212973 -0.5681726 0.05148553 -0.642196 -0.7647327 0.052616 -0.2642312 -0.962988 0.05325514 -0.2815698 -0.9579966 0.05441564 0.01940995 -0.9984836 0.05151569 0.0250864 -0.9982998 0.05261433 0.2998231 -0.9525427 0.05261552 0.300554 -0.9523242 0.0524016 0.4575774 -0.8876566 0.0518524 0.5549016 -0.8302466 0.05267626 0.6430929 -0.7640391 0.05172938 -0.9959826 -0.07413023 0.05023401 -0.9953801 -0.07962429 0.05365252 -0.9956763 -0.07696843 0.05200403 -0.9962664 -0.07138419 0.04855591 0.765986 0 -0.6428573 0.765946 0 -0.6429049 -0.7660481 0 0.6427834 -0.8375597 0.016236 0.5461046 -0.825347 0 0.564626 -0.94428 0.009979605 0.3289919 -0.7660631 0 0.6427654 -0.9705618 0.01266533 0.2405194 -0.9990714 0.02923721 0.03164821 -0.9862506 0.04071223 -0.1601635 -0.9988588 -0.02526974 -0.04052931 -0.9713581 -9.15569e-5 -0.2376207 -0.983346 -0.06909453 -0.1680975 0 -1 4.35464e-6 0 -1 -4.01358e-6 0 -1 5.79476e-7 0 -1 8.28165e-7 0 -1 0 0 -1 9.68812e-7 0 -1 -1.72366e-6 0 -1 1.38716e-6 0 -1 -1.14151e-6 0 -1 -1.1033e-6 0 -1 6.95526e-6 0 -1 -8.14184e-7 0 -1 2.99674e-7 0 -1 1.20633e-6 0 -1 2.28285e-6 0 -1 -6.10415e-7 0 -1 -2.28402e-6 0 -1 8.14014e-7 0.01443547 -0.0293287 0.9994656 0.03766053 -0.03326576 0.9987368 0.01858603 -0.02179056 0.9995898 0.02975571 -0.03686654 0.9988771 0.005066096 -0.02233982 0.9997376 0.05252313 -0.03766036 0.9979093 0.006805658 -0.02215653 0.9997314 -0.007751703 -0.02038645 0.9997622 0.07275807 -0.02734529 0.9969748 0.01174992 -0.03473109 0.9993277 -0.009918749 -0.01992911 0.9997523 0.09265673 -0.02716219 0.9953276 0.03738528 -0.0155645 0.9991797 0 -0.05395716 0.9985433 -0.009644091 -0.01995968 0.9997543 0.09335833 -0.03030556 0.9951713 0.03637844 -0.01550352 0.9992179 0.08789408 -0.02047806 0.9959193 0.07065236 -0.02362197 0.9972214 0.0355848 -0.01562559 0.9992446 0.05081444 -0.01901346 0.9985271 0.03589063 -0.01580893 0.9992308 0.7762408 0 -0.6304366 0.7759128 0 -0.6308403 0.6475306 0 -0.7620395 0.6474322 0 -0.762123 0.4948073 0 -0.8690028 0.488214 0 -0.8727241 0.1432241 0 -0.9896903 0.1378228 6.10376e-5 -0.9904569 -0.2271234 0 -0.973866 -0.2302945 6.10375e-5 -0.9731211 -0.566218 3.05189e-5 -0.8242556 -0.5667412 -3.05192e-5 -0.8238959 -0.8268828 -3.0519e-5 -0.5623743 -0.8278574 0 -0.5609385 -0.9744745 -6.10382e-5 -0.2244984 -0.9754149 -3.05189e-5 -0.220377 -0.9896767 -9.15576e-5 0.1433181 -0.9886395 0 0.1503071 -0.9440855 -6.10387e-5 0.3297005 -0.943818 0 0.330466 0.9986468 -0.00356251 0.05188453 0.9986215 -0.003858625 0.05234688 -0.02372586 -0.06742459 0.9974423 -0.3414348 -0.9384552 0.05219548 -0.3414298 -0.938459 0.05215781 -0.3499978 0.9352787 0.0524922 -0.3501201 0.9352524 0.05214279 0.7559652 -0.6525961 0.0513336 0.879932 -0.4721944 0.05246263 0.7548342 -0.6539679 0.05050945 0.8693662 -0.4914791 0.05148565 0.9976522 -0.04358047 0.05282765 0.9958162 -0.07519966 0.05191338 0.9065124 0.4188763 0.05270665 0.9197721 0.388943 0.05237179 0.6157872 0.7861456 0.05273723 0.6345598 0.7711037 0.05227971 0.2855079 0.9569627 0.05203533 0.2768669 0.9594818 0.05233979 -0.008667469 0.9985644 0.0528596 -0.003051817 0.9986896 0.05108803 -0.3727564 0.9265503 0.05056959 -0.3638464 0.9300028 0.05206525 -0.7689055 0.6371533 0.05310368 -0.7658721 0.6408666 0.05224835 -0.9024899 0.4274855 0.05261546 -0.8987609 0.4359062 0.0470606 -0.935446 -0.3495875 0.0522446 -0.9354593 -0.3495501 0.05225658 0.03545379 -0.02478951 0.9990639 0.001889646 0.9986292 0.05230748 0.001871287 0.9986311 0.05227279 0.9382451 -0.3419988 0.05228006 0.9382695 -0.3418985 0.05249738 0.1557392 0.1884558 -0.9696545 0.1581823 0.1904414 -0.9688708 0.1258307 0.1639187 -0.9784158 0.09888297 0.1417322 -0.9849539 0.05493426 0.09799659 -0.9936695 0.05502581 0.09637916 -0.9938225 0.05524015 0.09259593 -0.9941703 0.05492293 0.0987088 -0.9935995 0.2380514 0.226454 0.9444842 0.2385367 0.2267563 0.9442892 0.257886 0.2391473 0.9361109 0.3003066 0.2661254 0.9159658 0.0312317 0.8883696 -0.4580656 0.6154159 -0.7102925 0.341684 0.8022028 -0.5827377 -0.1299517 0.8959645 -0.4433585 -0.02609425 0.8528673 -0.5216392 -0.02258437 0.7877163 -0.6157439 -0.01904362 0.8019157 -0.5971641 -0.01806718 0.7192164 -0.6204561 -0.3126696 0.4852875 -0.5726032 -0.6607735 0.4744847 -0.5686064 -0.6719756 0.0654841 0 0.9978537 -0.6810777 0.4857584 -0.5478796 -0.7031835 0.00778228 -0.7109658 -0.7345069 0.2192198 -0.6422167 -0.7070679 0.02505618 -0.7067017 -0.735302 0.2334423 -0.6362669 -0.5522419 0.1194515 0.8250821 -0.4442972 0.530239 0.7221127 -0.4973425 0.06439572 0.8651611 -0.4586477 0.5108972 0.7270671 -0.6125087 0.0841093 0.7859764 0.8891737 -0.4478 -0.09404933 0.4509767 -0.7130308 0.5368494 0.06793576 -0.2351969 0.9695706 0.9598958 -0.07854944 0.2691283 0.4248905 -0.4403956 -0.7908982 -0.8468955 0.1173769 0.5186432 -0.06380641 0.7757317 -0.6278288 -0.06336724 0.7742251 -0.6297302 -0.9728438 0.2311827 0.01138544 -0.02392446 0.2918319 0.9561704 -0.02393949 0.2917142 0.9562059 0.1407319 0.6485843 -0.7480193 0.8387432 0.2750211 0.4699717 0.9629594 0.03042721 -0.2679244 0.9639728 0.02310281 -0.2649964 0.8719917 0.2380795 -0.4277251 0.9705127 0.01168882 -0.2407665 0.9770753 0.02661281 -0.211224 0.9832097 0.06006193 -0.1723119 0.9447547 0.2685696 0.1879072 0.8707314 0.1057553 0.4802527 0.9637728 0.0229811 0.2657326 0.9769389 0.02606308 0.2119228 0.9704167 0.01150566 0.2411621 0.9830303 0.05939072 0.1735638 0.962543 0.03143471 0.2693008 0.947058 0.2658183 -0.1800606 0.8588056 0.2553222 0.4441435 -0.2483981 0 0.968658 -0.4533072 0 0.8913545 0.9701426 0 0.2425356 -0.09842073 0.9932884 -0.06075853 -0.2385334 0.7465733 0.6210718 0.2208043 0.5244674 0.8223014 -0.003204464 0.5070416 0.8619157 0.01492404 0.5133385 0.8580565 -0.02777242 0.5018881 0.8644866 -0.01925784 0.5204197 0.8536935 -0.01413023 0.5326783 0.8461998 -0.09821081 0.6637319 0.7414949 0.8906223 -0.3955008 -0.2244348 0.4189022 0.1273553 0.8990559 0.4193937 0.1205505 0.8997647 0.4090768 0.1433783 0.9011653 0.4155176 0.1209777 0.901504 0.4067912 0.1450275 0.9019357 0.390607 0.1068454 0.914336 0.3728502 0.2149146 0.9026596 0.1606559 0.4873392 0.8583066 0.8907592 -0.3958121 0.2233403 -0.4857139 0.8513957 -0.1980089 -0.4939772 0.8519016 -0.1739266 -0.4956348 0.8442577 -0.2039 -0.5365345 0.8146595 -0.2201378 -0.4812304 0.8665993 -0.1319965 -0.4806452 0.8673833 -0.1289432 -0.4812475 0.8670634 -0.1288494 -0.5109738 0.8398733 0.1830813 -0.4967559 0.8442439 0.201211 -0.4908984 0.8450716 0.2118325 -0.5197795 0.8378243 0.1669728 -0.503442 0.8448889 0.1808558 -0.4787938 0.8550719 0.1990193 -0.4503372 0.8658218 0.2180576 -0.5106009 -0.8334891 0.2111466 0.9992976 0 0.03747361 0.7778731 -0.6222985 0.0875107 0.6317833 -0.04529082 0.7738209 0 0.05255877 -0.9986178 0.5992016 0.007507562 0.8005631 0.9984407 0.01990097 0.05215525 0.9984508 0.0196706 0.05204951 -0.03921735 0.1373677 0.9897435 -0.03491348 0.136236 0.990061 -0.03738635 0.1311117 0.9906625 -0.037813 0.128546 0.9909825 -0.03268599 0.1373668 0.9899809 -0.04088813 0.1233801 0.9915168 -0.03265583 0.1357507 0.9902048 -0.01656615 0.1366712 0.990478 -0.03174763 0.1374776 0.989996 -0.03003078 0.1255863 0.9916281 -0.04242146 0.1063284 0.9934258 -0.03979659 0.1065413 0.9935116 -0.04232972 0.09463912 0.9946114 -0.04040753 0.08011311 0.9959664 -0.04086536 0.0850268 0.9955403 -0.03781348 0.07053023 0.9967927 -0.03454786 0.06271725 0.9974333 -0.03350996 0.0594207 0.9976704 -0.02969539 0.05496549 0.9980466 -0.02816933 0.06348019 0.9975855 -0.02444535 0.0547198 0.9982025 -0.024598 0.05893141 0.997959 -0.02407395 0.05555391 0.9981654 -0.02734535 0.077977 0.9965801 -0.0204783 0.05816936 0.9980967 -0.02215707 0.05685758 0.9981364 -0.02960336 0.08694851 0.9957729 -0.01754862 0.06296145 0.9978618 -0.02868825 0.08981877 0.9955449 -0.01397758 0.07220733 0.9972918 -0.03042703 0.1033971 0.9941747 -0.009308218 0.08270597 0.9965306 -0.03100717 0.105748 0.9939095 0 0.09853017 0.9951342 -0.03207564 0.1144469 0.9929114 -0.01089531 0.0845685 0.9963582 -0.004394769 0.09091734 0.9958488 -0.03094655 0.1165533 0.9927023 -0.009765923 0.09534031 0.9953969 -0.02838265 0.1247923 0.991777 -0.01132261 0.09903502 0.9950196 -0.0254836 0.1323927 0.9908697 -0.0104984 0.1111187 0.9937517 -0.02285891 0.1380081 0.9901673 -0.0119636 0.1207347 0.9926127 -0.02133256 0.138372 0.9901506 -0.01406913 0.1214039 0.9925036 -0.02100992 0.1405453 0.9898513 -0.01693785 0.1338857 0.9908521 -0.02172684 0.1405339 0.9898375 -0.01837253 0.1371534 0.9903795 0.004547297 0 0.9999898 -0.0195015 -0.01980668 0.9996137 0.0260328 -0.003875911 0.9996536 -0.05075383 -0.0299701 0.9982615 -0.009979546 -0.01602226 0.9998219 -0.01528984 -0.01742613 0.9997313 -0.02337777 -0.02090573 0.9995082 -0.02235639 -0.02091318 0.9995313 -0.01942044 -0.01978826 0.9996157 -0.01947915 -0.01980286 0.9996142 -0.01953905 -0.01985508 0.999612 -0.02036356 -0.02010345 0.9995905 -0.01932084 -0.01748865 0.9996604 0.6024522 0.01083433 0.7980814 -0.06217443 -0.02010679 0.9978628 -0.07077455 -0.0152902 0.9973753 -0.06415021 -0.018067 0.9977768 -0.06348001 -0.01931864 0.9977962 -0.07147568 -0.0147407 0.9973334 -0.09018385 -0.01068162 0.9958679 -0.06308239 -0.01211595 0.9979349 -0.08993977 -0.0125128 0.9958686 -0.1047112 -0.01153624 0.9944359 -0.1131334 -0.01165819 0.9935114 -0.1210675 -0.01303142 0.9925588 -0.1298261 -0.01666313 0.9913968 -0.1319647 -0.01699912 0.9911087 -0.1356273 -0.01983743 0.9905613 -0.1354375 -0.01850503 0.9906131 -0.1359593 -0.0195257 0.990522 -0.1315996 -0.02343887 0.9910259 -0.1352294 -0.01989835 0.9906146 -0.1350471 -0.02084451 0.99062 -0.1274472 -0.02615475 0.9915005 -0.1207351 -0.02835255 0.9922799 -0.1100815 -0.0306409 0.9934502 -0.1062679 -0.02987825 0.9938886 -0.0949763 -0.03012263 0.9950238 -0.07956379 -0.02374398 0.996547 -0.08047801 -0.02749741 0.9963771 -0.06711226 -0.03033632 0.9972842 -0.06421166 -0.03122079 0.9974479 -0.04202455 -0.05212634 0.9977559 -0.06683689 -0.03128206 0.9972735 -0.05926799 -0.03643971 0.9975768 -0.0640285 -0.03347915 0.9973864 -0.086461 -0.04645025 0.9951718 -0.0742228 -0.03384584 0.9966672 -0.07266616 -0.03369313 0.9967871 -0.07492429 -0.03515791 0.9965693 -0.08237093 -0.04055982 0.9957761 -0.09323453 -0.05624586 0.9940542 -0.1087405 -0.05603355 0.9924897 -0.09976816 -0.06445711 0.9929208 -0.1140513 -0.04870909 0.9922801 -0.1121285 -0.04358178 0.9927375 -0.1196641 -0.03671407 0.9921355 -0.4679912 -0.8837325 0.001078426 -0.4685337 -0.8834453 7.96639e-4 -0.4690816 -0.8831547 -4.76922e-4 -0.4691787 -0.8831033 -2.32295e-4 -0.4694722 -0.8829474 -2.82243e-5 -0.4695014 -0.8829318 -1.21333e-4 -0.4693713 -0.8830009 -1.02685e-4 -0.4688966 -0.883253 -2.70478e-4 -0.4685564 -0.8834336 -2.83134e-4 -0.4694709 -0.882948 -2.44835e-5 -0.4696062 -0.882876 -3.76866e-5 -0.4685888 -0.8834163 3.30698e-4 -0.4227225 -0.9062089 0.009552478 -0.4695107 -0.8829268 0 -0.4686182 -0.8834009 3.05189e-4 -0.4691969 -0.8830937 3.05189e-5 -0.4689924 -0.8832023 0 -0.470711 -0.8822875 -3.30322e-4 -0.4690068 -0.8831946 2.90859e-5 -0.4689741 -0.8832119 -1.9308e-5 -0.1053838 -0.9907241 -0.08579027 -0.4691366 -0.8831256 0 -0.4689559 -0.8832216 -1.52595e-4 -0.4684009 -0.8835161 -3.35706e-4 -0.4683762 -0.8835292 -3.57228e-4 -0.469356 -0.8830091 7.993e-5 -0.4694747 -0.882946 7.83513e-5 0.05264532 -0.9986133 0 0.08871936 -0.9960559 -0.001281797 0.05288875 -0.9986004 0 0.07306224 -0.9973273 -2.44151e-4 0.09665369 -0.9953165 -0.001800596 0.8411706 -0.5407699 0 0.8404648 -0.5418662 0 0.838158 -0.5453231 0.0106818 0.8386806 -0.5446236 0 0.840272 -0.5421652 0 0.8377419 -0.5447001 0.03860628 0.8255833 -0.5584765 0.08072406 0.7503397 -0.5165643 0.4124945 0.7425637 -0.5116551 0.4322135 0.890514 -0.4442982 0.09789776 0.01097339 0.2893153 -0.957171 0.01105493 0.28355 -0.9588938 0.01102197 0.2855316 -0.958306 0.7719524 -0.3859762 0.5050861 0.04924041 0.483854 0.8737624 -0.2212504 -0.8850016 -0.4096589 0.8132888 0.4066444 0.4161751 0.4688125 -0.3198058 0.8233706 0.4691076 -0.320344 0.8229933 0.4679554 -0.3198443 0.8238432 0.4706944 -0.3200221 0.8222121 0.4626795 -0.3203353 0.8266275 0.4375822 -0.3208774 0.839976 0.5513867 -0.3330233 0.7648977 0.3894613 -0.3388597 0.8564426 0.2436007 -0.3007624 0.9220633 0.5194348 -0.297378 0.8010954 0.4945365 -0.3126103 0.8109923 0.4635864 -0.3210313 0.8258491 0.01522767 0.8596236 -0.5107011 0.06252175 0.8617582 0.5034521 0.1100023 0.8087303 0.5778018 -0.1576232 0.4042668 0.9009569 0.1756186 0.7605964 0.6250209 -0.7631028 -0.5419604 -0.3520697 -0.7415022 -0.5655267 -0.3610459 -0.7900865 -0.5118716 -0.33727 -0.8274167 -0.441527 -0.3470383 -0.8399578 -0.4032542 -0.3631211 -0.8739947 0.1453531 -0.463687 0.2227643 0.9646983 0.1404754 -0.2282583 0.9716839 0.06106209 -0.6287546 0.02310293 0.7772606 -0.5236471 -0.1411509 0.8401609 -0.5458357 -0.1030938 0.8315259 -0.6786254 -0.2177851 0.7014538 -0.7745571 -0.02813905 0.6318779 -0.7857523 -0.002441525 0.6185366 -0.834272 -0.1644983 0.526242 -0.8925672 0.01550376 0.4506478 -0.9200204 -0.005554378 0.3918312 -0.9440256 0.02224862 0.3291211 -0.9636888 0.005188167 0.2669775 -0.9767535 0.006317377 0.2142723 -0.9909862 0.007843375 0.1337348 -0.9946517 0.00137335 0.103277 -0.9999817 0.006073236 0 -1 0 3.05185e-5 -0.9946579 0.001464903 -0.1032166 -0.9909849 0.007995963 -0.1337346 -0.9767721 0.006409049 -0.2141848 -0.9636787 0.005188286 -0.2670137 -0.9440404 0.02215665 -0.3290851 -0.9200204 -0.005554378 -0.3918312 -0.8925672 0.01550376 -0.4506478 -0.834272 -0.1644983 -0.526242 -0.7745571 -0.02813905 -0.6318779 -0.7857523 -0.002441525 -0.6185366 -0.6786299 -0.217756 -0.7014584 -0.6287546 0.02310293 -0.7772606 -0.5458357 -0.1030938 -0.8315259 -0.5236471 -0.1411509 -0.8401609 0.1575807 0 0.9875061 0.4663615 0.7389576 -0.4862599 0.3251528 0.4517775 -0.8307664 0.4370065 0.6830231 -0.5852391 0.2390283 0.3757861 -0.8953493 0.4219619 0.8364464 -0.3497223 0.02987837 -0.005493462 -0.9995386 0.003723263 0.006103694 -0.9999745 -0.224804 -0.3668096 -0.9027258 -0.2536468 -0.4732034 -0.843648 -0.4172263 -0.6829559 -0.5995778 -0.4669982 -0.7774046 -0.4213726 -0.4333349 -0.885683 -0.166693 -0.4957572 -0.8684601 -0.001434385 -0.5499008 -0.8342207 -0.0410487 -0.4482008 -0.8364624 0.3153519 -0.547645 -0.8137461 0.194685 -0.3651384 -0.8260173 0.4293825 0.5752484 0.6829816 0.4501397 0.3220379 0.940771 -0.1060267 0.9841401 0.1682196 0.05630719 0.9845257 0.166697 0.05404984 0.9050419 0.4222613 0.05093622 0.9099715 0.4107629 0.0567969 0.5919756 0.804479 0.04876923 0.589762 0.8055666 0.05694967 0.2133287 0.9757884 0.04825073 0.2068912 0.9768968 0.05356156 -0.1011391 0.9935377 0.05151563 -0.10755 0.9926707 0.05511784 -0.4316254 0.9007583 0.04831099 -0.4472497 0.8927599 0.0542925 -0.620023 0.7826281 0.05536133 -0.623681 0.7790824 0.06366205 5.01523e-5 0 1 1.78919e-4 0 1 -1.00872e-4 0 1 -1.72212e-4 0 1 9.87333e-5 0 1 -2.14539e-5 0 1 7.63903e-5 0 1 3.47176e-5 0 1 -1.79527e-4 0 1 -1.14863e-5 0 1 -0.8017553 0.03967422 -0.5963343 -0.7775046 0.0787087 -0.6239324 -0.8049095 0.03430336 -0.5924053 -0.8216943 0.004303157 -0.5699123 0.07556611 0.9956963 0.05365312 0.07178014 0.996133 0.05066114 0.06338739 0.9970169 0.04403853 0.08408105 0.9946287 0.0603674 -0.01924252 0.3121725 0.9498306 -0.01928305 0.3122079 0.9498181 -0.01871383 0.3121757 0.9498401 -0.01936292 0.3125981 0.9496882 -0.03561532 0.312115 0.9493766 -0.02438467 0.3123316 0.9496602 -0.02331691 0.3125504 0.949615 -0.03320491 0.3126087 0.9493014 -0.0295419 0.3165383 0.9481196 -0.03000056 0.3080628 0.950893 -0.02292007 0.3089483 0.9508027 -0.02377414 0.3162665 0.9483724 -0.02642947 0.2955161 0.9549721 -0.01834201 0.3129132 0.9496046 -0.02664285 0.3291141 0.9439143 -0.02658188 0.2962157 0.9547511 -0.02078336 0.3129715 0.9495352 -0.02661269 0.3275009 0.9444761 -0.02670401 0.2802857 0.9595451 -0.0303058 0.3131603 0.9492167 -0.02646028 0.3436785 0.9387145 -0.02679616 0.2827028 0.9588333 -0.03115981 0.3127579 0.9493216 -0.02639907 0.34328 0.9388621 -0.02670383 0.2699684 0.9624989 -0.03409785 0.3129456 0.9491588 -0.02630782 0.3553695 0.9343557 -0.02652114 0.2698203 0.9625455 -0.03362518 0.3131767 0.9490994 -0.02630752 0.3553962 0.9343456 -0.03353798 0.3130776 0.9491352 -0.01373368 -0.2950617 0.9553796 -0.004119992 -0.297864 0.9545994 -0.01156663 -0.2956978 0.9552116 -0.001953244 -0.2985107 0.9544043 0.1844866 -0.02072232 0.9826166 0.1853397 -0.01577812 0.9825479 0.1856151 -0.01611387 0.9824905 0.1843065 -0.01501548 0.9827542 0.1863588 -0.01489263 0.982369 0.1840896 -0.01418918 0.9828072 0.1839989 -0.02688717 0.9825586 0.1840009 -0.01849466 0.982752 0.1838161 -0.02581906 0.9826216 0.1839213 -0.02832651 0.9825327 0.1837847 -0.02809298 0.9825651 0.183821 -0.02856642 0.9825447 0.1815889 -0.02853536 0.9829605 0.1719725 -0.02868747 0.9846839 0.1801835 -0.02826046 0.983227 0.1831199 -0.02780717 0.9826973 0.173959 -0.02874898 0.9843332 0.1850372 -0.02743661 0.9823485 0.1934291 -0.02758908 0.9807263 0.1865632 -0.0280165 0.9820435 0.1832153 -0.02800738 0.9826739 0.1660232 -0.02877938 0.9857019 0.1906514 -0.02746695 0.9812735 0.1829812 -0.02676099 0.9827522 0.1654446 -0.02871853 0.985801 0.198712 -0.02743697 0.9796739 0.1830855 -0.02926802 0.9826613 0.1829619 -0.03573781 0.9824702 0.1829937 -0.02884072 0.982691 0.1597961 -0.02871811 0.9867322 0.1982508 -0.02700918 0.9797791 0.1829934 -0.03625684 0.9824454 0.1598606 -0.02868819 0.9867227 0.2048454 -0.02603292 0.9784482 0.1829408 -0.04079073 0.9822773 0.2039895 -0.02493405 0.9786555 0.1830374 -0.04070574 0.982263 0.1830512 -0.04064899 0.9822627 0.183009 -0.04083478 0.9822629 -0.2754728 -0.02239871 0.961048 -0.275878 -0.0238986 0.9608955 -0.4693461 -0.8830144 8.2692e-5 -0.4700123 -0.8826599 -3.77534e-4 -0.4693539 -0.8830103 6.10383e-5 -0.4699687 -0.882683 -3.35714e-4 -0.4601595 -0.8877862 0.009430229 -0.4700472 -0.8826412 -3.85047e-4 -0.4698559 -0.8827431 -2.32926e-4 -0.4696449 -0.8828554 -2.33066e-4 -0.4699695 -0.8826826 -5.31787e-4 -0.4687077 -0.8833534 -3.84507e-4 -0.09841769 0.9932886 0.06075859 -0.09842497 0.6640709 -0.7411628 -0.01950162 0.5202875 -0.8537684 -0.01413017 0.5327358 -0.8461636 0.01409977 0.5133311 -0.8580748 -0.02826052 0.5016095 -0.8646325 -0.003326594 0.5070774 -0.8618942 0.2114059 0.5245931 -0.8246876 -0.6812419 0.4857003 0.5477269 -0.6962842 0.3563323 -0.6230695 0.1645604 0.4822061 -0.8604633 0.3727348 0.2155593 -0.9025536 0.4091442 0.143289 -0.9011489 0.4070026 0.1448436 -0.9018698 0.415637 0.1210685 -0.9014369 0.391623 0.1066038 -0.9139295 0.4193609 0.1207024 -0.8997597 0.4188787 0.1273269 -0.8990709 0.4256417 -0.4404268 0.7904767 0.8684108 -0.3873413 0.3095636 -0.4635048 0.2861588 -0.8386158 -0.8510255 0.1155791 -0.512247 -0.463688 0.2861637 0.8385128 -0.6955321 0.3562034 0.6239826 0.8675574 -0.3875409 -0.3116988 0.9588662 -0.07906746 -0.2726241 0.4502875 -0.7128069 -0.5377244 0.1539092 0.6216188 -0.7680508 0.1547642 0.6253439 -0.7648485 0.1500648 0.6482669 -0.7464789 0.1538488 0.6351107 -0.7569445 0.1517105 0.6388567 -0.7542189 0.1519339 0.6360757 -0.7565208 0.1519241 0.6381988 -0.7547327 0.1502462 0.6470383 -0.7475076 0.1509775 0.6429745 -0.7508592 0.1505836 0.6457059 -0.748591 0.149897 0.6495217 -0.745421 0.1498344 0.6498896 -0.7451129 0.1501086 0.6479863 -0.7467136 0.2028046 0.3709554 -0.9062353 0.04905998 0.4831783 -0.8741464 0.2202649 -0.2169105 -0.951017 0.08246606 0.6943907 -0.7148573 -0.2730383 -0.8191149 0.5044809 -0.5514566 -0.6302361 0.5465329 0.9928566 0.0424751 0.1114972 0.2017211 0.3841586 0.9009611 0.06864774 -0.615495 0.7851455 -0.9944843 0 -0.104887 -0.3860299 0.864993 0.3205746 0.03339689 0.1214979 0.9920298 0.003389775 0.1321168 -0.9912284 0.9405642 0.3325315 -0.06900572 -0.7525767 0 0.6585046 0.8386032 0.2743624 -0.470606 0.8480522 -0.5299128 0 0.8479714 -0.5300421 -1.75093e-4 0.8480138 -0.5299742 -2.95324e-5 0.848209 -0.5296614 5.02726e-4 0.8481184 -0.5298066 4.83167e-4 0.8478636 -0.530214 -7.17882e-4 0.8481453 -0.5297638 4.97503e-5 0.848052 -0.5299129 -8.11067e-6 0.8480752 -0.5298759 -1.15801e-4 0.8481721 -0.5297205 -5.49531e-4 0.8479983 -0.529999 2.72062e-4 0.8478766 -0.5301936 9.83373e-5 0.8480277 -0.529952 1.90517e-5 0.8479781 -0.5300316 1.53517e-4 0.8483452 -0.5294437 -2.48327e-4 0.8480705 -0.5298835 -5.1693e-5 0.8480936 -0.5298467 8.68815e-5 0.8480558 -0.5299071 -2.9501e-5 0.8477888 -0.5303341 -4.92788e-5 0.8480643 -0.5298935 -5.16158e-5 0.848239 -0.5296138 -3.53669e-5 0.8481484 -0.5297588 1.23819e-5 0.8480473 -0.5299208 1.83547e-5 0.847979 -0.5300299 -3.01222e-4 0.8480426 -0.5299283 -1.47421e-4 0.848079 -0.52987 -5.57203e-5 -0.2205474 0.2162161 -0.9511096 0.7468416 -0.3745439 -0.5494949 0.8984794 0 -0.4390158 0.06660509 -0.2349509 -0.9697226 -0.2213129 0.2162724 0.950919 0.06855511 -0.6136412 -0.7866033 -0.4696255 -0.8828657 1.23518e-4 -0.4695686 -0.882896 -3.34768e-5 -0.4694435 -0.8829625 1.62748e-4 -0.4692062 -0.8830888 -1.22578e-4 -0.4694434 -0.8829625 -1.98485e-4 -0.4691021 -0.883144 2.18997e-4 -0.4690403 -0.8831768 -2.91735e-4 -0.4691846 -0.8831002 2.17142e-4 -0.4692632 -0.8830582 -5.2711e-4 -0.4691079 -0.8831408 2.62213e-4 -0.4692615 -0.8830592 -3.53326e-4 -0.469537 -0.8829129 1.36366e-5 -0.4693051 -0.8830361 -3.2148e-4 -0.4694837 -0.8829411 -1.19092e-4 -0.4694646 -0.8829514 6.38332e-5 -0.4697399 -0.8828049 -2.87567e-4 -0.4695618 -0.8828996 3.39258e-4 -0.4698172 -0.8827637 -2.62625e-4 -0.4693498 -0.8830125 9.11671e-5 -0.4694707 -0.8829481 2.98778e-4 -0.4697638 -0.8827922 -1.11485e-4 -0.4695299 -0.8829166 3.18507e-4 -0.4694819 -0.8829421 -4.56465e-5 -0.4695596 -0.8829009 -7.30037e-5 -0.46978 -0.8827836 -1.1268e-4 -0.4693018 -0.8830379 -1.31981e-4 -0.4697993 -0.8827732 -1.76798e-4 -0.4693491 -0.8830128 -6.07679e-5 -0.4694967 -0.8829342 -1.57297e-4 -0.469751 -0.882799 6.39546e-6 -0.469669 -0.8828427 -2.18755e-5 -0.4699049 -0.8827171 6.58146e-5 -0.4694992 -0.882933 -6.75016e-6 -0.4696035 -0.8828775 1.11855e-4 -0.4895902 -0.7834603 0.3827422 -0.5299358 -0.8480377 0 -0.4895372 -0.7835648 0.382596 -0.5298426 -0.848096 0 -0.3747459 -0.5998253 0.7069479 -0.4895315 -0.7835556 -0.382622 -0.3747777 -0.5997664 0.7069809 -0.4895669 -0.783472 -0.3827479 -0.2027977 -0.3245678 0.9238662 -0.3748064 -0.5998245 -0.7069164 -0.2028579 -0.3246276 0.9238321 -0.3747434 -0.5997604 -0.7070043 0 -3.05185e-5 1 -0.2028306 -0.3246023 -0.923847 3.05185e-5 3.05185e-5 1 -0.2028616 -0.324664 -0.9238184 0.2028636 0.3246367 0.9238275 0.2027977 0.3245678 0.9238662 -3.05194e-5 3.05194e-5 -1 0.3747764 0.5997339 0.7070091 0.2028616 0.324664 -0.9238184 0.3746872 0.5996766 0.707105 0.2028306 0.3246023 -0.923847 0.4895847 0.783421 0.3828295 0.3747764 0.5997339 -0.7070091 0.4895266 0.7834563 0.3828318 0.3747478 0.5996758 -0.7070736 0.5299935 0.8480018 0 0.4895847 0.783421 -0.3828295 0.5298783 0.8480738 0 0.4895266 0.7834563 -0.3828318 0.8484653 -0.5292512 0 0.848515 -0.5291714 0 0.8480441 -0.5299258 0 0.8480232 -0.529959 0 0.8481175 -0.5298082 -1.52822e-4 0.8480798 -0.5298687 1.52016e-4 0.8480545 -0.5299092 -5.46266e-5 0.8475493 -0.5307167 1.94138e-4 0.8480054 -0.5299878 5.07442e-5 0.8475493 -0.5307167 -1.94138e-4 0.847697 -0.5304749 0.002505064 0.848446 -0.5292813 9.69684e-4 0.8476973 -0.5304745 -0.002488672 0.8484209 -0.5293216 -9.55304e-4 -0.4895836 -0.7835414 0.3825845 -0.3748064 -0.5998245 0.7069164 -0.4895959 -0.7834694 0.3827161 -0.374812 -0.5997725 0.7069576 -0.5299002 -0.8480601 0 -0.4895547 -0.7835439 -0.3826162 3.05185e-5 -3.05185e-5 1 -0.4895321 -0.7834954 -0.3827445 0 3.05185e-5 1 -0.3747802 -0.5998314 -0.7069245 0.2028286 0.3246296 0.9238378 -0.3748039 -0.5997595 -0.7069728 0.2028326 0.324575 0.9238561 -0.2028579 -0.3246276 -0.9238321 0.3747434 0.5997604 0.7070043 0.3747409 0.5996954 0.7070607 -6.1037e-5 0 -1 0.4895904 0.7834301 0.3828034 1.22074e-4 3.05185e-5 -1 0.4895672 0.7834419 0.3828092 0.202803 0.3246681 -0.9238299 0.5299358 0.8480377 0 0.2028014 0.3246043 -0.9238527 0.3746872 0.5996766 -0.707105 0.4896253 0.7834067 -0.3828069 0.8484771 -0.5292322 0 0.8484232 -0.5293187 0 0.8480564 -0.5299062 0 0.8482229 -0.5296394 0 0.8480711 -0.5298823 -3.56947e-4 0.8480449 -0.5299245 0 0.8480108 -0.529979 0 0.8480696 -0.5298848 3.56911e-4 0.8476472 -0.5305545 0.002504944 0.8481106 -0.5298194 5.07281e-5 0.8471981 -0.5312712 -0.002492368 0.8481722 -0.5297197 -9.56023e-4 1 1.72493e-5 0 1 -4.03247e-5 0 1 3.10735e-5 0 1 -4.84555e-5 0 1 1.33092e-5 0 1 7.53012e-5 0 1 -2.09691e-5 0 1 1.58952e-5 0 1 4.76781e-5 0 1 -1.36855e-4 0 1 -4.52161e-5 0 1 1.00664e-4 0 1 -1.68976e-4 0 1 4.20606e-5 0 1 5.77101e-5 0 1 -3.35225e-5 0 1 6.38212e-5 0 1 -8.58993e-5 0 1 1.32732e-4 0 1 1.28005e-4 0 1 8.40348e-5 0 1 9.00495e-5 0 1 1.68848e-4 0 1 -7.93147e-5 0 1 -9.42907e-5 0 1 6.77337e-5 0 1 2.90946e-5 0 1 -8.5357e-5 0 1 -4.84496e-5 0 1 -4.71442e-5 0 1 -3.19153e-5 0 1 -4.61467e-5 0 1 9.00414e-5 0 1 -5.34416e-5 0 1 2.36698e-5 0 1 -9.32401e-5 0 1 -2.15295e-5 0 1 -2.46792e-5 0 1 1.00644e-4 0 1 9.23361e-5 0 1 1.98229e-5 0 0.05232971 -0.9986299 -5.02466e-5 0.0523383 -0.9986294 -5.70341e-5 0.05232328 -0.9986303 0 0.05237054 -0.9986277 5.97837e-5 0.05234622 -0.998629 0 0.05236858 -0.9986279 5.70775e-5 0.05232065 -0.9986304 -7.73934e-5 0.0522803 -0.9986326 -1.63104e-5 0.05237013 -0.9986278 -4.75573e-5 0.05230063 -0.9986315 -1.42716e-5 0.05240142 -0.9986262 -3.53421e-5 0.05230373 -0.9986312 -8.15378e-6 0.05239248 -0.9986266 -5.23449e-5 0.05229735 -0.9986317 8.15236e-6 0.05233538 -0.9986296 -8.15447e-6 0.05229729 -0.9986317 1.42629e-5 0.05235993 -0.9986283 7.13578e-6 0.0522964 -0.9986317 1.63019e-5 0.05240345 -0.998626 -3.26434e-5 0.05235606 -0.9986286 -5.70949e-5 0.05240523 -0.998626 3.26377e-5 0.05239045 -0.9986267 -5.97941e-5 0.05236297 -0.9986282 -7.1336e-6 0.05232882 -0.99863 5.70342e-5 0.05235058 -0.9986288 1.08679e-5 0.05232161 -0.9986303 5.02466e-5 0.05238181 -0.9986272 5.47305e-5 0.05233126 -0.9986299 0 0.05239784 -0.9986264 3.26263e-5 0.05235022 -0.9986288 0 0.05237013 -0.9986278 4.75573e-5 0.05233418 -0.9986296 7.60356e-5 0.05239754 -0.9986264 1.3312e-4 0.05243241 -0.9986245 8.31997e-5 0.05235058 -0.9986289 -5.9415e-6 0.05233138 -0.9986298 -5.4297e-5 0.05235636 -0.9986285 2.17292e-5 0.05231368 -0.9986308 -1.42531e-5 0.05232727 -0.9986301 0 0.05242472 -0.9986249 5.16313e-5 0.05233246 -0.9986298 0 0.0524193 -0.9986252 -5.43487e-5 0.05232328 -0.9986303 4.75321e-5 0.05231767 -0.9986305 1.42542e-5 0.0523383 -0.9986294 5.70341e-5 0.052316 -0.9986306 5.42923e-5 0.05238038 -0.9986273 -5.43394e-6 0.05243045 -0.9986246 -8.31965e-5 0.05232572 -0.9986301 -3.32801e-5 0.0523957 -0.9986264 -1.35825e-4 0.05225419 -0.9986339 5.15756e-5 0.05235368 -0.9986287 5.94105e-6 0.05223655 -0.9986348 2.30703e-5 0.05233275 -0.9986297 -1.90128e-5 0.05224257 -0.9986345 2.01874e-5 0.05234783 -0.9986289 0 0.05225723 -0.9986337 -2.01935e-5 0.05234324 -0.9986292 0 0.05223119 -0.9986351 -2.30703e-5 0.05230039 -0.9986314 -4.75285e-5 0.05225104 -0.998634 -5.42925e-5 0.05233591 -0.9986295 -6.05988e-5 0.05232179 -0.9986303 3.32775e-5 0.05236774 -0.9986279 0 0.3826816 0 -0.9238803 0.7071373 0 -0.7070763 0.7071831 0 -0.7070305 -0.3827076 0 -0.9238696 0.9239584 0 -0.3824928 -0.3826447 0 -0.9238957 0.9239692 0 -0.3824668 -0.707122 0 -0.7070915 -0.7071678 0 -0.7070457 -0.9238544 0 -0.3827444 0.9239584 0 0.3824928 -0.9238696 0 -0.3827076 -1 0 0 0.7071373 0 0.7070763 0.7071068 0 0.7071068 -0.9238544 0 0.3827444 0.3824928 0 0.9239584 0.3824668 0 0.9239692 -0.707122 0 0.7070915 -0.7071068 0 0.7071068 -0.3824668 0 0.9239692 0 1 -6.84369e-6 0 1 -7.69941e-6 0 1 7.69325e-6 0 1 0 0 1 -7.69325e-6 0 1 -1.36821e-5 0 1 6.84969e-6 0 1 7.70891e-6 0 1 1.37016e-5 0 1 1.36821e-5 0 1 -2.74033e-5 0 1 3.84994e-6 0 1 -6.84556e-6 0 1 6.84556e-6 0 1 -1.02672e-5 0 1 -1.54045e-5 0 1 -3.84994e-6 0 1 -6.84257e-6 0 1 1.54216e-5 -0.7068504 0.01281797 0.7072471 -0.9200519 -0.01077312 0.3916485 -0.706707 -0.009735643 0.7074394 -0.945154 0.01113951 0.326435 -0.341995 0.01016277 0.9396469 -0.9996982 -0.02456748 0 -0.378957 -0.004486322 0.9254034 0.009705007 0.001617491 0.9999516 -0.9451985 0.01110881 -0.3263073 -0.002960324 -0.004669368 0.9999848 -0.9200887 -0.01086473 -0.3915596 0.3286279 0.01455748 0.9443474 -0.70647 0.01266562 -0.7076297 0.3844841 -0.004242181 0.9231219 -0.7066152 -0.009766161 -0.7075307 0.7360318 -8.85057e-4 0.6769466 -0.2998218 0.01474082 -0.9538813 0.7087833 5.1883e-4 0.7054261 -0.3740127 0.003479182 -0.9274172 0.9227393 -0.001068115 0.3854234 -0.008575797 0.004913508 -0.9999513 0.9047316 -2.44151e-4 0.4259822 0.2882518 0.01825034 -0.9573807 0.9780532 3.66232e-4 0.2083555 0.384484 -0.004272699 -0.9231218 0.9999856 -0.005371332 0 0.7355201 -9.15585e-4 -0.6775025 1 0 -3.05194e-4 0.7088442 5.4935e-4 -0.705365 0.9778457 3.96741e-4 -0.2093269 0.9227393 -0.00100708 -0.3854234 0.9041258 -2.13633e-4 -0.4272662 0 1 0 0 1 0 0 1 -4.25964e-7 0 1 0 0 1 0 0 1 4.25334e-7 0 1 -2.3344e-7 0 1 0 0 1 4.70264e-7 0 1 -5.66816e-7 0 1 1.37276e-7 0 1 -2.13287e-7 0 1 -5.68796e-7 0 1 -1.59495e-7 0 1 4.25112e-7 0 1 2.34754e-7 0 1 -2.8356e-7 0 1 2.35012e-7 0 1 0 0 1 0 0 1 0 0 1 4.25967e-7 0 1 -1.36115e-7 0 -1 5.502e-6 0 -1 -2.03769e-6 0 -1 -4.07432e-6 0 -1 -1.3752e-6 0 -1 4.07604e-6 0 -1 -5.502e-6 0 -1 -8.1481e-6 0 -1 5.50128e-6 0 -1 4.07405e-6 0 -1 -5.50128e-6 -0.9807879 0 -0.1950772 -0.9238803 0 -0.3826816 -0.9807879 0 0.1950772 -0.9238803 0 0.3826816 -0.8314535 0 -0.5555943 -0.8314535 0 0.5555943 -0.7071068 0 -0.7071068 -0.5555732 0 -0.8314677 -0.5555943 0 -0.8314535 -0.5555732 0 0.8314677 -0.5555943 0 0.8314535 -0.3826816 0 -0.9238803 -0.3826816 0 0.9238803 -0.1951066 0 -0.9807821 -0.1950772 0 -0.9807879 -0.1950772 0 0.9807879 0.1950772 0 -0.9807879 0.1951066 0 -0.9807821 0.1950772 0 0.9807879 0.3826816 0 0.9238803 0.5555943 0 -0.8314535 0.5555732 0 -0.8314677 0.5555943 0 0.8314535 0.5555732 0 0.8314677 0.7071068 0 -0.7071068 0.8314535 0 -0.5555943 0.8314535 0 0.5555943 0.9238803 0 -0.3826816 0.9238803 0 0.3826816 0.9807879 0 -0.1950772 0.9807879 0 0.1950772 -0.02221786 0.09009236 0.9956856 -0.02349966 0.09598255 0.9951056 -0.01907426 0.09827083 0.994977 -0.02105778 0.1028169 0.9944775 -0.02209597 0.08868908 0.9958143 -0.02713137 0.09726405 0.9948888 -0.0202949 0.1046791 0.9942989 -0.01693809 0.09482282 0.99535 -0.02144551 0.08487337 0.9961609 -0.02441507 0.1010784 0.9945788 -0.01565611 0.1010173 0.9947615 -0.02017307 0.08820009 0.9958986 -0.02230948 0.105291 0.9941912 -0.01766115 0.09158182 0.995641 -0.02108836 0.1062659 0.9941142 0 1 -7.99355e-7 0 1 0 0 1 0 0 1 -1.55216e-6 0 1 1.5526e-6 0 1 7.99355e-7 0 1 1.99839e-7 0 1 -3.99611e-7 0 1 -1.55256e-6 -0.4695259 -0.8829187 0 -0.4695994 -0.8828794 5.91937e-4 -0.4696617 -0.8828465 0 -0.4698081 -0.8827685 4.75239e-4 -0.4695079 -0.8829283 1.92236e-4 -0.4696096 -0.8828742 3.29355e-4 -0.4692737 -0.8830528 7.59506e-5 -0.4698787 -0.882731 2.48924e-4 -0.4695829 -0.8828883 -3.84533e-4 -0.4697375 -0.8828061 1.96591e-4 -0.4697828 -0.882782 -2.21811e-4 -0.4695612 -0.8829 2.23509e-4 -0.469667 -0.8828436 -1.81059e-4 -0.4695112 -0.8829265 -6.33995e-5 -0.4698873 -0.8827264 -8.88208e-5 -0.4693826 -0.882995 6.33753e-5 -0.4701447 -0.8825893 -6.09069e-5 -0.4696055 -0.8828765 -2.23595e-4 -0.469906 -0.8827165 6.23067e-5 -0.4697342 -0.8828079 -1.90392e-4 -0.469969 -0.8826829 8.88266e-5 -0.4697535 -0.8827977 -2.49122e-4 -0.4697272 -0.8828117 1.81257e-4 -0.4697661 -0.8827909 -3.29892e-4 -0.4698006 -0.8827726 2.21987e-4 -0.469733 -0.8828085 -4.75163e-4 -0.469824 -0.8827601 3.8499e-4 -0.4693365 -0.8830192 -5.82366e-4 -0.4692515 -0.8830646 -7.75251e-5 -0.4696385 -0.8828589 0 -0.4694705 -0.8829482 -1.80913e-4 -0.4695457 -0.8829082 0 -0.4693605 -0.8830066 -5.93043e-4 -0.4696986 -0.8828267 -4.78787e-4 -0.4697215 -0.8828146 -3.29825e-4 -0.4696009 -0.8828788 0 -0.4697955 -0.8827753 -2.4096e-4 -0.4695028 -0.8829311 -2.15671e-4 -0.4697984 -0.8827737 -2.09408e-4 -0.4691928 -0.8830959 -1.37262e-4 -0.4699084 -0.8827152 -5.71016e-5 -0.4697534 -0.8827975 5.07238e-4 -0.4691199 -0.8831345 -1.13106e-4 -0.4697955 -0.8827753 2.49192e-4 -0.4690847 -0.8831533 1.13109e-4 -0.4696542 -0.8828505 1.45706e-4 -0.4699479 -0.8826941 5.71003e-5 -0.4698873 -0.8827264 8.88208e-5 -0.4697279 -0.8828113 2.09417e-4 -0.4699414 -0.8826977 6.23054e-5 -0.4699218 -0.8827081 2.41025e-4 -0.4700565 -0.8826364 -6.23267e-5 -0.4698159 -0.8827644 3.30034e-4 -0.469733 -0.8828085 4.75163e-4 -0.4696542 -0.8828505 -1.45706e-4 -0.4695155 -0.8829241 5.94996e-4 -0.4696874 -0.8828328 -2.49183e-4 -0.4696895 -0.8828316 -5.07608e-4 -0.469261 -0.8830596 1.37018e-4 -0.4695403 -0.882911 2.13675e-4 -0.469348 -0.8830133 2.91599e-4 -0.4692413 -0.88307 1.35815e-4 -0.4695211 -0.8829212 2.06327e-4 -0.4692961 -0.883041 2.21749e-4 -0.4693582 -0.8830079 1.51863e-4 -0.4691178 -0.8831357 1.58333e-4 -0.4693664 -0.8830035 0 -0.4694121 -0.8829792 3.8007e-5 -0.4695916 -0.8828838 0 -0.4695507 -0.8829056 -3.80388e-5 -0.4695377 -0.8829123 -4.20971e-4 -0.4689966 -0.8832 -1.58231e-4 -0.4692831 -0.8830478 -3.16472e-4 -0.469022 -0.8831865 -2.2773e-4 -0.4695532 -0.8829042 -4.18474e-4 -0.4694178 -0.8829762 -1.35801e-4 -0.4690141 -0.8831908 -2.71473e-4 -0.4693875 -0.8829923 -3.0427e-4 -0.4693666 -0.8830034 -1.4579e-4 -0.4694682 -0.8829494 -2.06334e-4 -0.4690762 -0.8831577 -9.49496e-5 -0.4693477 -0.8830135 -1.5186e-4 -0.4693493 -0.8830126 -1.10309e-4 -0.4693758 -0.8829985 0 -0.4693405 -0.8830173 1.10309e-4 -0.4689972 -0.8831996 9.49541e-5 -0.469568 -0.8828963 4.30471e-4 -0.4692638 -0.8830581 1.51833e-4 -0.4693711 -0.8830009 3.24932e-4 -0.4691243 -0.8831321 2.7151e-4 -0.4695137 -0.8829252 4.31165e-4 -0.4693329 -0.8830213 1.48731e-4 -0.4694705 -0.8829482 2.03528e-4 -0.4693875 -0.8829923 2.78914e-4 -0.4695822 -0.8828889 0 -0.4693847 -0.8829938 1.35817e-4 -0.4695256 -0.8829189 -4.30618e-4 -0.4691355 -0.8831263 2.2808e-4 -0.4692169 -0.8830829 -3.1655e-4 -0.4691553 -0.8831158 1.58346e-4 -0.4694716 -0.8829476 -4.05766e-4 -0.4693726 -0.8830002 3.80079e-5 -0.4689435 -0.8832282 -2.71484e-4 -0.4695903 -0.8828846 -3.80379e-5 -0.4693826 -0.882995 -1.52101e-4 -0.4689613 -0.8832188 -1.58234e-4 -0.469017 -0.8831892 -9.81181e-5 -0.4692836 -0.8830475 -2.27955e-4 -0.4693229 -0.8830267 -1.1031e-4 -0.4692875 -0.8830456 -1.35658e-4 -0.4693052 -0.883036 1.07483e-4 -0.4694316 -0.8829689 -3.03774e-4 -0.4691651 -0.8831105 9.49881e-5 -0.469433 -0.8829681 -2.03511e-4 -0.4694416 -0.8829636 1.51956e-4 -0.4690009 -0.8831977 2.71308e-4 -0.4693996 -0.8829858 4.30502e-4 -0.4694598 -0.8829539 0 -0.4692831 -0.8830478 3.16472e-4 -0.469597 -0.8828808 4.20956e-4 -0.469632 -0.8828622 2.62585e-4 -0.4697399 -0.8828049 2.87567e-4 -0.4694665 -0.8829503 -3.00061e-4 -0.4693064 -0.8830356 1.19104e-4 -0.469518 -0.8829229 -3.18499e-4 -0.469537 -0.8829129 -1.36366e-5 -0.4695011 -0.882932 7.3008e-5 -0.4692503 -0.8830652 -2.62044e-4 -0.4694187 -0.8829757 1.33742e-4 -0.4691266 -0.883131 -2.17116e-4 -0.4693493 -0.8830127 6.11621e-5 -0.4690379 -0.8831781 -2.19042e-4 -0.4698155 -0.8827648 -6.40155e-6 -0.469294 -0.883042 1.22528e-4 -0.4697796 -0.8827839 -6.5765e-5 -0.4696428 -0.8828566 3.34749e-5 -0.4696035 -0.8828775 -1.11855e-4 -0.4695261 -0.8829186 -1.23582e-4 -0.4696827 -0.8828353 6.75694e-6 -0.4694327 -0.8829683 -1.62845e-4 -0.4692887 -0.883045 -7.90284e-5 -0.4694549 -0.8829565 1.98359e-4 -0.4693887 -0.8829917 1.40312e-4 -0.4689673 -0.8832156 2.91488e-4 -0.4697945 -0.8827759 1.76455e-4 -0.4691275 -0.8831304 5.26412e-4 -0.4697693 -0.8827892 1.10727e-4 -0.4693222 -0.883027 3.53171e-4 -0.4694024 -0.8829844 4.42721e-5 -0.4693051 -0.8830361 3.2148e-4 -0.4697158 -0.8828177 1.09703e-4 -0.4696404 -0.8828579 -6.24869e-5 -0.4693895 -0.8829913 -9.25326e-5 -0.4693475 -0.8830136 -3.39434e-4 -0.4694924 -0.8829365 8.37916e-5 -0.4693742 -0.8829993 1.47131e-4 -0.4696822 -0.8828356 -2.37544e-4 -0.4697881 -0.8827792 7.30527e-5 -0.4699274 -0.8827051 -2.38124e-4 -0.4699742 -0.8826802 4.26501e-4 -0.4696715 -0.8828412 -3.00969e-4 -0.469446 -0.8829613 2.93107e-4 -0.4697795 -0.8827839 -2.86688e-4 -0.4694213 -0.8829743 -1.17061e-4 -0.4697549 -0.8827968 -3.7452e-4 -0.4695685 -0.8828961 3.51506e-5 -0.4697328 -0.8828088 -2.55442e-4 -0.4696945 -0.882829 3.14074e-4 -0.4692701 -0.8830547 -2.20924e-4 -0.4693764 -0.8829982 7.56362e-5 -0.4694293 -0.8829701 -5.94789e-5 -0.4696059 -0.8828762 -5.34493e-5 -0.4694001 -0.8829855 2.53947e-4 -0.4694924 -0.8829365 -2.36509e-4 -0.4697034 -0.8828243 2.16294e-5 -0.4698437 -0.8827496 -3.8128e-4 -0.4695047 -0.88293 -1.13711e-4 -0.4697077 -0.882822 -1.83885e-4 -0.4694166 -0.882977 -3.51263e-5 -0.4695882 -0.8828856 -1.8059e-4 -0.4693897 -0.8829913 -5.34369e-5 -0.4695011 -0.882932 8.112e-5 -0.4693913 -0.8829903 1.33804e-4 -0.4695828 -0.8828884 7.02127e-5 -0.4700376 -0.8826464 4.01787e-5 -0.4697373 -0.8828063 -1.43686e-4 -0.4696046 -0.8828769 1.86803e-4 -0.4692125 -0.8830853 1.38462e-4 -0.4693847 -0.8829938 0 -0.469807 -0.8827691 -4.65475e-4 -0.4696273 -0.8828649 -2.68711e-4 -0.4696626 -0.8828461 -2.9126e-4 -0.4698695 -0.8827359 -2.7893e-4 -0.4693205 -0.8830279 -2.2607e-4 -0.469559 -0.8829012 -2.37631e-4 -0.4696071 -0.8828755 4.9556e-4 -0.4695507 -0.8829056 4.43786e-5 -0.4698104 -0.8827673 2.53204e-4 -0.4695903 -0.8828846 -4.43775e-5 -0.4698089 -0.8827681 2.34549e-4 -0.4696573 -0.8828488 2.37727e-4 -0.469985 -0.8826745 7.92951e-5 -0.4697198 -0.8828156 2.78811e-4 -0.4699766 -0.8826789 5.94721e-5 -0.4698662 -0.8827377 2.69003e-4 -0.4700565 -0.8826364 -5.94936e-5 -0.4695633 -0.8828987 4.66239e-4 -0.4700086 -0.8826619 -7.93076e-5 -0.4693161 -0.8830302 -1.3844e-4 -0.4695777 -0.8828912 -2.34434e-4 -0.4695786 -0.8828908 -1.89918e-4 -0.4698991 -0.8827201 -2.53398e-4 -0.4695634 -0.8828988 0 -0.4696053 -0.8828763 -4.96415e-4 -0.4692456 -0.8830677 2.26034e-4 -0.4695995 -0.8828795 2.97551e-4 -0.915261 -0.13587 -0.379258 -1 0 6.1037e-5 -0.9239217 0 -0.3825818 -0.7004542 -0.1368497 -0.7004542 -0.6797947 -0.2753178 -0.6797642 -0.8886154 -0.2735093 -0.3681786 -0.9620085 -0.2730197 0 -0.9620165 -0.2729915 0 -0.3792627 -0.1357801 -0.9152724 -0.8887819 -0.2725065 0.36852 -0.9153608 -0.1354439 0.3791698 -0.3681809 -0.2733889 -0.8886514 0 -0.1358091 -0.9907351 0 -0.2736971 -0.9618159 -0.3825558 0 -0.9239324 -0.6798752 -0.2752217 0.6797226 -0.7005429 -0.1368796 0.7003598 -0.7072288 0 0.7069847 -0.9239584 0 0.3824928 0.3685225 -0.2727829 -0.8886961 -0.3792627 -0.1357801 0.9152724 6.1037e-5 0 -1 -0.3825926 0 0.9239172 0.379139 -0.1355354 -0.91536 0.6796582 -0.2754645 -0.6798413 -0.3681839 -0.2733607 0.8886588 0.3824928 0 -0.9239584 3.0519e-5 -0.1357791 0.9907391 0.7003354 -0.1369723 -0.700549 3.05185e-5 0 1 0.9152649 -0.1358401 -0.3792596 0.8886114 -0.273548 -0.3681591 0.7070152 0 -0.7071983 0 -0.2736327 0.9618343 0.3684899 -0.2728425 0.8886913 0.379139 -0.1355354 0.91536 0.9907181 -0.135933 3.05193e-5 0.9617207 -0.2740318 0 0.6797894 -0.2751935 0.6798199 0.9239324 0 -0.3825558 0.7004698 -0.1368467 0.7004393 1 0 6.1037e-5 0.7070915 0 0.707122 0.8887013 -0.2728455 0.3684636 0.9153637 -0.1355054 0.3791406 -0.9799697 -0.03843015 0.1954035 0.9806136 -0.01922768 0.1950061 0.9804833 -0.02562308 -0.1949256 -0.6734092 -0.7392699 0 -0.6731861 -0.7394732 0 -0.4531181 -0.869369 -0.1971843 -0.4531786 -0.8693374 0.1971841 -0.6214093 -0.7400389 -0.2572801 -0.6215354 -0.7399217 0.2573123 -0.3536238 -0.866862 -0.3514264 -0.3536276 -0.8668713 0.3513997 0 -0.9810358 -0.1938266 -0.4764398 -0.7388464 -0.4765619 0 -0.9810358 0.1938266 -0.476385 -0.7389171 0.4765071 -0.192972 -0.8648493 -0.4634625 -0.219891 -0.9717016 -0.08627784 -0.2574291 -0.7398149 -0.6216142 -0.1929426 -0.8648545 0.4634653 -0.2198625 -0.9717108 0.08624809 -0.2574291 -0.7398149 0.6216142 0 -0.8636904 -0.5040228 0 -0.8640489 0.503408 0 -0.7394884 -0.6731694 0.1930065 -0.8648365 -0.463472 0.192972 -0.8648493 0.4634625 0 -0.7401417 0.672451 0.3536276 -0.8668713 -0.3513997 0.3535953 -0.8668976 0.3513674 0.2574282 -0.7398428 -0.6215814 0.4532392 -0.869306 -0.1971839 0.4532149 -0.869318 0.1971866 0.2574331 -0.7398568 0.6215627 0.4764048 -0.738931 -0.4764658 0.6216803 -0.7397904 -0.2573397 0.2198904 -0.9716991 -0.08630812 0.219891 -0.9717016 0.08627784 0.6216476 -0.7398183 0.2573387 0.476343 -0.7389909 0.4764345 0.6724829 -0.7401127 0 0.6724191 -0.7401707 0 -0.9799904 -0.03841525 -0.1953028 0.379167 -0.1361144 0.9152625 0 -0.2751283 0.9614076 0.368152 -0.2743058 0.8883809 0.6801162 -0.273725 0.6800857 0.7005735 -0.1357809 0.7005429 0.707061 0 0.7071526 0.3827965 0 0.9238327 3.05194e-5 0 1 0 -0.2752854 0.9613626 0.9152114 -0.13636 0.3792017 0.9238174 0 0.3828334 -0.3791159 -0.1363011 0.9152559 -0.3677559 -0.2747335 0.8884128 -0.6800635 -0.2739115 0.6800635 0.888374 -0.2748225 0.367783 -0.3827965 0 0.9238327 0.9907058 -0.1360229 3.05189e-5 -0.7005313 -0.1359007 0.7005618 1 0 3.05185e-5 -0.9153005 -0.1363596 0.3789871 -0.8884755 -0.274734 0.367604 0.9617655 -0.2738745 3.05187e-5 0.888374 -0.2748225 -0.367783 0.91523 -0.1364192 -0.3791357 0.9238544 0 -0.3827444 -0.990714 -0.135963 3.05192e-5 -0.9618263 -0.2736608 3.05187e-5 0.6801219 -0.2736968 -0.6800914 -0.9239172 0 0.3825926 0.7005429 -0.1357809 -0.7005735 -0.8884755 -0.274734 -0.367604 0.3789523 -0.136114 -0.9153514 -1 0 3.05194e-5 0.3826187 0 -0.9239065 -0.9153189 -0.1364188 -0.378921 -0.6800441 -0.2740075 -0.6800441 -0.9239324 0 -0.3825558 0.3680289 -0.2741829 -0.8884698 -0.7005589 -0.1359307 -0.7005284 0 -0.1360229 -0.9907058 3.05194e-5 0 -1 -0.3789625 -0.1363313 -0.9153149 -0.3676033 -0.2746419 -0.8885042 -0.7070763 0 -0.7071373 0 -0.2738463 -0.9617735 -0.3825297 0 -0.9239432 0.1945531 -0.0448122 0.9798678 0.1947913 -0.02242201 -0.9805884 -0.1948153 -0.02242475 -0.9805837 -0.2576718 -0.7393227 0.6220991 -0.1974324 -0.8689896 0.4537375 0 -0.7393861 0.6732817 -0.3509419 -0.8672682 0.3531088 0 -0.7394303 0.6732332 -0.1938266 -0.9810358 0 -0.4755117 -0.7401393 0.4754812 0.2577022 -0.739261 0.6221598 -0.4633784 -0.8648937 0.1929751 -0.08615493 -0.9716923 0.2199804 -0.6213159 -0.7401283 0.2572488 0.1974272 -0.868997 0.4537255 -0.5041765 -0.8636007 0 0.3513338 -0.867012 0.3533481 -0.673265 -0.7394013 0 -0.4633689 -0.8649066 -0.1929407 0.193856 -0.98103 3.05189e-5 0.4760084 -0.739481 0.4760084 -0.3509151 -0.8672775 -0.3531126 0.4639825 -0.8645158 0.1932167 0.08615553 -0.9716988 0.2199514 0.6222943 -0.7390927 0.25786 -0.621288 -0.7401619 -0.2572194 -0.1974912 -0.8690106 -0.4536715 0.5034668 -0.8640146 0 -0.4754951 -0.7401608 -0.4754645 -0.2577013 -0.7392889 -0.6221271 -0.08633899 -0.9717031 -0.2198608 0.4639491 -0.8645408 -0.1931849 0.6727062 -0.7399097 3.05193e-5 0 -0.7392989 -0.6733773 0.3513016 -0.8670382 -0.3533158 0 -0.7393129 -0.6733622 0.1974567 -0.8690233 -0.4536622 0.6222525 -0.7391403 -0.2578247 0.08630675 -0.9717139 -0.2198258 0.2577316 -0.7392274 -0.6221876 0.4759809 -0.7395163 -0.4759809 -0.1945687 -0.04521596 0.9798462 0 -0.9631044 -0.2691283 0 -0.9763764 -0.2160772 0 -1 -3.05185e-5 0 -0.9763699 -0.2161064 0 -1 -6.1037e-5 0 -0.9763971 0.2159835 -0.03112894 -0.9995154 0 0.03112894 -0.9995154 0 -0.2675872 -0.9635337 0 0.2691137 -0.9631085 0 0 -0.9635536 0.2675153 0 1 -1.18767e-6 0 1 4.75329e-7 0 1 5.94468e-7 0 1 -9.50657e-7 0 1 5.93836e-7 0 1 -9.50252e-7 0 1 4.75097e-7 0 1 1.18776e-6 0 1 9.50657e-7 0 1 -5.93836e-7 0 1 -4.75213e-7 0 1 9.50831e-7 0 1 -4.75329e-7 0 1 -9.5057e-7 0 1 2.37787e-6 0 1 -1.18821e-6 0 1 -9.50831e-7 0 1 9.49963e-7 0.0032655 -0.9748617 -0.2227872 0 -0.9917315 -0.1283305 -3.05194e-5 -0.9965814 -0.08261609 -0.005310237 -0.9805974 -0.1959608 -0.004913568 -0.9239689 -0.3824362 0.00451678 -0.9127622 -0.4084663 -0.00463891 -0.831595 -0.5553631 0.004211604 -0.8166933 -0.5770567 -0.01409983 -0.9999007 0 -3.05194e-5 -0.9965814 0.08261609 -0.005310237 -0.9805974 0.1959608 -0.004364192 -0.7072831 -0.7069169 0.003936946 -0.689851 -0.7239407 0.003296017 -0.9748616 0.2227871 0 -0.9917354 0.1283006 -0.004913568 -0.9239689 0.3824362 -0.004028558 -0.5557306 -0.8313527 0.003662288 -0.537022 -0.8435604 0.00451678 -0.9127622 0.4084663 -0.00463891 -0.831595 0.5553631 -0.003753781 -0.3828567 -0.9238001 0.003326594 -0.3640049 -0.9313911 0.004211604 -0.8166933 0.5770567 -0.004364192 -0.7072526 0.7069475 -0.003418087 -0.1951993 -0.9807577 0.003021299 -0.1772219 -0.9841663 0.003937005 -0.689835 0.723956 -0.004059076 -0.5557305 0.8313526 -0.003112912 -1.22077e-4 -0.9999952 0.001342833 0.01385575 -0.9999032 0.00363177 -0.5370221 0.8435605 -0.003784418 -0.3828675 0.9237956 -0.0035097 0.1951112 -0.9807748 0 0.1543936 -0.9880094 0.003326594 -0.3640049 0.9313911 -0.003448605 -0.1952286 0.9807517 3.96744e-4 0.2520243 -0.9677209 -0.002410948 0.3826175 -0.9239037 0.002044737 0.3939111 -0.9191464 0.003021299 -0.1772219 0.9841663 -0.003112912 -1.22077e-4 0.9999952 -0.002044796 0.5555509 -0.83148 0.001709043 0.5640243 -0.8257564 0.002685666 0.01617509 0.9998657 -0.002746701 0.1949884 0.9808018 -0.001709043 0.707121 -0.7070905 0.001312315 0.712866 -0.7012992 0.00238043 0.2089928 0.9779143 -0.002441465 0.3826436 0.9238929 -0.00137335 0.8314904 -0.5555375 9.46078e-4 0.8348982 -0.5504035 0.002014219 0.3939111 0.9191464 -0.002075254 0.5555368 0.8314894 -9.76624e-4 0.9239168 -0.3825924 5.79855e-4 0.9254792 -0.378798 0.001678526 0.5640243 0.8257566 -0.001739561 0.7071058 0.7071058 -5.79857e-4 0.9808123 -0.1949539 1.83113e-4 0.9812107 -0.1929399 0.001312315 0.712866 0.7012992 -0.00137335 0.8314904 0.5555375 -3.96753e-4 1 0 1.83113e-4 0.9812107 0.1929399 -5.79857e-4 0.9808123 0.1949539 5.79855e-4 0.9254792 0.378798 -9.76624e-4 0.9239168 0.3825924 9.46102e-4 0.834889 0.5504176 0.6241834 -0.3318073 -0.7073183 0.337785 -0.1795741 -0.9239342 0.6242734 -0.3318369 -0.707225 0.3376674 -0.1795765 -0.9239768 0.8158028 -0.4336441 -0.3826469 3.05185e-5 0 -1 0.8157137 -0.433676 -0.3828007 0.8829783 -0.4694141 3.05191e-5 -0.3377562 0.1796056 -0.9239387 0.8829461 -0.4694743 3.0519e-5 -0.3377927 0.1796088 -0.9239248 0.8157525 -0.4336804 0.382713 -0.6242172 0.331931 -0.7072304 0.8158321 -0.4336435 0.3825854 -0.6242421 0.3318976 -0.7072241 0.6243312 -0.3318657 0.7071603 -0.8157405 0.433735 -0.3826768 0.6242992 -0.3318649 0.7071891 -0.8157194 0.4337706 -0.3826813 0.3377832 -0.1796037 0.9239292 -0.8829461 0.4694743 6.10381e-5 0.3378197 -0.1796069 0.9239152 -0.8829461 0.4694743 3.0519e-5 -0.8157792 0.4337394 0.3825892 -0.8157684 0.4337642 0.3825841 -0.3378179 0.1796364 0.9239101 -0.6243071 0.3319607 0.7071371 -0.3378449 0.1796346 0.9239006 -0.6243008 0.3319879 0.7071299 -0.7070968 -0.2706738 0.6532611 -0.7070376 -0.1378551 0.6936092 -0.7070815 -0.2706796 0.6532751 -0.7072913 -0.392848 0.5877156 -0.707 0 0.7072136 -0.7074355 -0.4996607 0.4998743 -0.7074463 -0.4996378 0.4998819 -0.707074 0.1379477 0.6935539 -0.707071 0.1379777 0.6935509 -0.7071822 -0.5879146 0.3927467 -0.7070659 0.27046 0.6533829 -0.7071906 -0.5879216 0.3927209 -0.7069157 -0.6535072 0.2705525 -0.7070801 0.2704654 0.6533654 -0.7073556 0.3928194 0.5876573 -0.7069288 -0.6534277 0.2707101 -0.7072404 -0.6933848 0.1379445 -0.7073794 0.392785 0.5876516 -0.7071948 0.5000904 0.4997852 -0.7072311 -0.6934057 0.1378876 -0.7070915 -0.707122 0 -0.7072209 0.5000567 0.499782 -0.7074394 0.5875593 0.3928151 -0.7070763 -0.7071373 0 -0.7071072 -0.693526 -0.1379178 -0.7074589 0.5875195 0.3928394 -0.7067621 0.6535978 0.2707352 -0.7070952 -0.6935447 -0.1378849 -0.7067924 -0.6536281 -0.2705826 -0.7067572 0.6536543 0.2706112 -0.7073822 0.6932516 0.1378873 -0.7067914 -0.6535661 -0.2707347 -0.707139 -0.588021 -0.3926651 -0.7073914 0.6932308 0.1379442 -0.7070915 0.707122 0 -0.7071348 -0.5880481 -0.3926322 -0.7074095 -0.4997859 -0.4997859 -0.7074095 -0.4997554 -0.4998164 -0.7071646 0.6934614 -0.1379476 -0.7071556 0.6934831 -0.1378848 -0.7075275 -0.392569 -0.5876175 -0.7075513 -0.3925347 -0.5876119 -0.7068217 0.6535965 -0.2705821 -0.7068207 0.6535345 -0.2707343 -0.7072644 -0.2704964 -0.653153 -0.7070704 0.5881063 -0.3926609 -0.7072504 -0.2704911 -0.6531704 -0.706669 -0.1380682 -0.6939425 -0.7070746 0.5880792 -0.3926937 -0.7076133 0.4995654 -0.499718 -0.707 0 -0.7072136 -0.7076241 0.4995119 -0.4997561 -0.7072355 0.3928509 -0.5877809 -0.7072269 0.3928767 -0.5877739 -0.7067507 0.1380053 -0.6938718 -0.7073383 0.2704897 -0.6530756 -0.7067354 0.1380082 -0.6938868 -0.7073525 0.2704951 -0.6530582 0 -0.1950772 0.9807879 0 0.1950772 0.9807879 0 0.3826555 0.9238911 0 -0.3826555 0.9238911 0 0.5555732 0.8314677 0 -0.5555732 0.8314677 0 0.7071068 0.7071068 0 -0.7071068 0.7071068 0 0.8314677 0.5555732 0 -0.8314677 0.5555732 0 0.9238803 0.3826816 0 -0.9238803 0.3826816 0 0.9807879 0.1950772 0 -0.9807879 0.1950772 0 0.9807879 -0.1950772 0 -0.9807879 -0.1950772 0 0.9238803 -0.3826816 0 -0.9238803 -0.3826816 0 0.8314677 -0.5555732 0 -0.8314677 -0.5555732 0 0.7071068 -0.7071068 0 -0.7071068 -0.7071068 0 0.5555732 -0.8314677 0 -0.5555732 -0.8314677 0 0.3826816 -0.9238803 0 -0.3826816 -0.9238803 0 0.1950772 -0.9807879 0 -0.1950772 -0.9807879 0.706548 0.1380684 -0.6940656 0.707061 -3.05189e-5 -0.7071526 0.7070457 -3.05195e-5 -0.7071678 0.7070322 0.270703 -0.6533188 0.7071305 0.3927825 -0.5879529 0.7071067 0.3928167 -0.5879585 0.7065783 -0.1380684 -0.6940349 0.7073987 0.4997478 -0.4998393 0.7065752 -0.1380983 -0.6940319 0.7070252 -0.2707425 -0.65331 0.7070346 -0.2707649 -0.6532906 0.7073987 0.4997172 -0.4998698 0.7069737 0.5881021 -0.3928412 0.7069543 0.5881417 -0.3928168 0.7073836 -0.3926348 -0.5877467 0.7067009 0.6536892 -0.2706741 0.7066999 0.6536272 -0.2708263 0.7071688 -0.4999104 -0.500002 0.7070893 0.6935389 -0.1379448 0.7071688 -0.4999409 -0.4999715 0.7070424 -0.5880168 -0.3928454 0.7070983 0.6935172 -0.1380076 0.7069084 0.7073051 0 0.7070382 -0.5880438 -0.3928125 0.7065212 -0.653845 -0.270767 0.7065516 -0.6538753 -0.2706143 0.7070015 0.6936342 0.137915 0.7070437 -0.6935846 -0.1379478 0.7070378 -0.6935788 -0.1380077 0.7070105 0.6936125 0.1379778 0.7068315 0.6534834 0.2708299 0.7069084 -0.7073051 0 0.7068325 0.6535454 0.2706778 0.7071067 0.5879585 0.3928167 0.7071025 0.5879855 0.3927838 0.7069258 -0.6937108 0.1379181 0.7069381 -0.6936929 0.1379451 0.7069648 0.5001919 0.5000088 0.706954 0.5002148 0.5000012 0.7069278 -0.6533657 0.2708623 0.7069441 -0.6534136 0.2707043 0.7073836 0.3926348 0.5877467 0.706978 -0.5881361 0.3927825 0.7069823 -0.5881091 0.3928154 0.7068795 0.2707334 0.6534714 0.70687 0.270711 0.6534909 0.7071688 -0.4999715 0.4999409 0.7069258 0.1379181 0.6937108 0.7069381 0.1379451 0.6936929 0.7072592 -0.3927251 0.5878363 0.7068321 0 0.7073814 0.7072507 -0.3927509 0.5878293 0.7068795 -0.2707334 0.6534714 0.7069169 -0.1380079 0.693702 0.70687 -0.270711 0.6534909 0 -0.3827076 -0.9238696 0 -0.3826816 0.9238803 0 0.3826816 0.9238803 1 1.4979e-4 0 1 -1.4276e-4 0 1 -2.09828e-5 0 1 1.40418e-5 0 1 1.25907e-5 0 1 6.43087e-5 0 1 -2.05482e-5 0 1 -5.60538e-5 0 1 1.03263e-4 0 1 5.45494e-5 0 1 1.11822e-5 0 1 2.5505e-5 0 1 -1.34198e-4 0 1 5.05306e-5 0 1 -3.48074e-5 0 1 2.43309e-4 0 1 -5.33618e-5 0 1 -4.90653e-5 0 1 9.33567e-6 0 1 -2.80731e-5 0 1 -7.00176e-6 0 1 -4.11142e-5 0 1 -5.63126e-5 0 1 2.68188e-5 0 1 4.21147e-5 0 1 -6.43087e-5 0 1 -1.25907e-5 0 1 2.09828e-5 0 1 -7.49064e-5 0 1 1.4276e-4 0 1 7.00176e-6 0 1 -3.77667e-5 0 1 4.11142e-5 0 1 -5.72738e-5 0 1 -2.56916e-5 0 0.9999998 5.72738e-4 0 1 7.50666e-5 0 1 -9.33637e-6 0 1 5.61419e-5 0 1 -1.67935e-4 0 1 -6.92469e-5 0 1 1.67898e-4 0 1 -3.3766e-4 0 1 -3.21461e-5 0 1 7.70606e-5 0 1 -1.28551e-4 0 1 5.72606e-5 0 1 -1.43164e-4 0 1 -7.50033e-5 0 1 7.74146e-5 0 1 -1.86722e-5 0 1 6.29287e-5 0 1 -5.6164e-5 0 0.9999998 -5.72738e-4 0 1 -7.50666e-5 0 1 1.67935e-4 0 1 -5.61419e-5 0 1 1.86727e-5 0 1 1.40704e-5 0 1 1.0072e-4 0 1 -1.67898e-4 0 1 3.3766e-4 0 1 -1.43123e-4 0 1 -2.09943e-4 0 1 5.72475e-5 0 1 -7.70606e-5 0 1 1.12322e-4 0 1 -6.29287e-5 0 1 9.3362e-6 0 1 -7.74146e-5 0 1 1.28551e-4 0 1 9.33532e-6 0 1 1.0725e-4 0 1 -2.86238e-5 0 0.9999994 0.001145422 0 1 8.28727e-5 0 1 -1.51782e-4 0 1 -1.45142e-5 0 1 4.91256e-5 0 1 1.47232e-5 0 1 -4.82067e-5 0 1 3.86997e-5 0 1 1.4817e-5 0 1 -1.11749e-4 0 1 -1.50022e-4 0 0.9999997 8.58983e-4 0 1 -1.04958e-4 0 1 -1.12314e-4 0 1 1.86707e-5 0 1 1.07262e-4 0 1 4.1099e-5 0 1 -1.14521e-4 0 1 -6.0183e-5 0 1 -4.22273e-5 0 1 -8.21997e-5 0 1 -1.00685e-4 0 1 -1.25966e-4 0 1 -2.2899e-4 0 1 6.16323e-5 0 1 1.43123e-4 0 1 -1.87392e-4 0 1 -6.29882e-5 0 1 3.77605e-5 0 1 1.86717e-5 0 1 -1.40774e-5 0 1 5.13653e-6 0 1 5.72213e-5 0 1 -2.05502e-5 0 1 -2.62644e-4 0 1 4.21135e-5 0 1 5.63e-5 0 1 4.01955e-5 0 1 1.25881e-5 0 1 1.02779e-5 0 1 -1.4988e-4 0 1 -2.98045e-5 0 1 -2.94486e-5 0 1 -1.02661e-5 0 1 2.90731e-5 0 1 1.48192e-5 0 1 4.55e-5 0 1 -1.11807e-5 0 1 1.95592e-5 0 1 2.0547e-5 0 1 -5.81395e-5 0 1 -1.25881e-5 0 1 4.10981e-5 0 1 -4.21135e-5 0 1 -5.72213e-5 0 1 2.62644e-4 0 1 -8.3986e-5 0 1 4.0222e-5 0 1 -1.86717e-5 0 1 1.40774e-5 0 1 3.21461e-5 0 1 -8.2176e-5 0 1 -3.77605e-5 0 1 2.29003e-4 0 1 7.70622e-5 0 1 1.87392e-4 0 1 -7.50103e-5 0 1 1.25966e-4 0 1 6.29279e-5 0 1 -1.86723e-5 0 1 4.22273e-5 0 1 -1.86707e-5 0 1 -1.07262e-4 0 1 -4.1099e-5 0 1 1.12314e-4 0 1 1.14508e-4 0 1 -1.49959e-4 0 0.9999994 -0.001145422 0 1 1.11749e-4 0 1 -5.80535e-5 0 1 5.88789e-5 0 1 -8.03471e-5 0 1 -7.73994e-5 0 1 6.0183e-5 0 1 1.51782e-4 0 1 -6.70586e-5 0 1 1.45142e-5 0 1 -1.47232e-5 0 1 5.13347e-5 0 1 8.726e-5 0 1 8.59107e-5 0 0.9999997 -8.59106e-4 0 1 7.72147e-5 0 1 -1.0725e-4 0 1 2.09943e-4 0 -0.3817638 -0.02667367 -0.923875 -0.002075314 -1.22078e-4 -0.9999979 -0.3835319 -0.02682614 -0.923138 0.3798157 0.02655196 -0.9246811 -0.7053607 -0.04931908 -0.7071308 0.3817009 0.02667355 -0.923901 -0.7064284 -0.04934954 -0.7060621 0.7043263 0.04916667 -0.7081717 -0.9216857 -0.06436538 -0.3825606 0.7053628 0.04925817 -0.7071329 -0.9219618 -0.06439602 -0.3818898 0.9213551 0.06436574 -0.3833562 -0.9975699 -0.06967455 0 0.9215875 0.06451749 -0.3827715 -0.9975593 -0.06982636 0 0.9975593 0.06982636 0 -0.921951 -0.06439524 0.3819158 0.9975526 0.06991958 0 -0.9216749 -0.06436461 0.3825867 0.9215893 0.06448709 0.3827722 -0.7064589 -0.04934954 0.7060316 0.9213443 0.06436496 0.3833823 -0.7053302 -0.04931908 0.7071613 0.7053639 0.04922771 0.707134 -0.3835948 -0.02682626 0.9231119 0.7043263 0.04916667 0.7081717 -0.3817638 -0.02667367 0.923875 0.3817641 0.02664321 0.9238757 -0.002105832 -1.22078e-4 0.9999979 0.379868 0.02655136 0.9246597 0.0697804 -0.9975625 2.03917e-5 0.06974989 -0.9975645 -1.14739e-5 0.06970161 -0.9975679 2.03985e-5 0.06975072 -0.9975645 0 0.06975185 -0.9975644 0 0.06975102 -0.9975644 0 0.06983274 -0.9975587 3.43715e-5 0.06984287 -0.997558 -3.56445e-5 0.06976711 -0.9975633 0 0.06974345 -0.997565 1.14729e-5 0.06981205 -0.9975602 -5.09875e-6 0.06980443 -0.9975607 7.64813e-6 0.06976252 -0.9975636 -2.03984e-5 0.0697804 -0.9975625 -2.03917e-5 -0.3820995 -0.0199595 -0.9239057 0.3820995 0.0199595 -0.9239057 -0.3820735 -0.01995974 -0.9239165 0.3820735 0.01995974 -0.9239165 -0.7061216 -0.03689759 -0.7071287 0.7060299 0.03689759 -0.7072202 0.7060733 0.03698986 -0.707172 -0.9225854 -0.04821979 -0.3827677 0.9226155 0.04837238 -0.3826759 -0.922629 -0.048312 -0.382651 0.9226343 0.04843437 -0.3826227 -0.9986326 -0.05227851 0 0.9986246 0.05243229 0 -0.9986246 -0.05243229 0 -0.9226168 -0.04834192 0.3826765 0.9226388 0.048433 0.3826119 -0.9225841 -0.04825025 0.3827671 0.9226155 0.04837238 0.3826759 -0.7061368 -0.03689843 0.7071135 0.7060887 0.03698903 0.7071568 -0.7061216 -0.03689759 0.7071287 0.7060299 0.03689759 0.7072202 -0.3821256 -0.01995927 0.9238949 0.3820995 0.0199595 0.9239057 9.15555e-5 0 1 0.3827705 0 0.9238435 0.3827444 0 0.9238544 -0.3827444 0 0.9238544 0.707122 0 0.7070915 -0.7070915 0 0.707122 0.9238435 0 0.3827705 0.9238435 0 -0.3827705 -0.9239692 0 -0.3824668 0.7070915 0 -0.707122 0.707122 0 -0.7070915 -0.707061 0 -0.7071526 0.3824668 0 -0.9239692 0.3825558 0 -0.9239324 -0.38243 0 -0.9239845 -0.3824928 0 -0.9239584 -0.2707977 0.7071015 0.6532045 0 0.7070915 0.707122 -0.2709229 0.7070183 0.6532426 0 0.7070457 0.7071678 -0.4998799 0.7071688 0.5000325 0.2708897 0.7069807 0.6532971 -0.4997273 0.7071688 0.5001851 0.2707703 0.7070487 0.6532731 -0.653079 0.7073115 0.2705521 0.5001214 0.7070429 0.4999688 -0.6531409 0.7073125 0.2703999 0.4999701 0.7071059 0.5000312 -0.7071068 0.7071068 3.05195e-5 0.6535477 0.7067129 0.2709839 -0.7071526 0.707061 6.10377e-5 0.6535715 0.7067972 0.2707065 -0.6531746 0.7073159 -0.2703096 0.7073662 0.7068474 3.05189e-5 -0.6531072 0.707309 -0.2704902 0.7071526 0.707061 6.10377e-5 -0.4998494 0.7071688 -0.500063 0.653663 0.7067361 -0.2706454 -0.4997197 0.707158 -0.500208 0.6536653 0.7066165 -0.2709515 -0.270465 0.7071094 -0.6533338 0.5001583 0.7069908 -0.5000057 -0.2705557 0.7070766 -0.6533316 0.5000025 0.7070169 -0.5001246 0 0.707061 -0.7071526 0.2704596 0.7070953 -0.6533513 0 0.7070457 -0.7071678 0.270522 0.7070683 -0.6533545 0 1 -2.00064e-5 0 1 1.16392e-6 0 1 9.95381e-6 -0.005981683 -1.22076e-4 0.9999821 0.379202 -1.83116e-4 0.925314 -9.15583e-5 6.10389e-5 1 0.3829223 6.10381e-5 0.9237806 -0.3828963 0 0.9237914 0.7060683 -9.15585e-5 0.7081437 -0.3904025 -2.13635e-4 0.9206443 0.7072441 -2.13632e-4 0.7069694 -0.7068779 9.15566e-5 0.7073357 0.9237698 -2.13631e-4 0.3829483 -0.7135171 -2.44157e-4 0.7006378 0.9244865 9.15575e-5 0.3812149 1 -3.05185e-5 6.1037e-5 -0.9269918 -2.44154e-4 0.3750816 0.9999883 9.15573e-5 -0.004852533 -1 0 1.52593e-4 0.9238435 3.05191e-5 -0.3827705 -0.9999838 -9.15568e-5 -0.005707025 0.9212518 9.15575e-5 -0.3889669 -0.9238435 0 -0.3827705 0.7070915 -9.15566e-5 -0.707122 -0.9226086 -3.05196e-5 -0.3857377 0.70213 0 -0.7120488 -0.7067558 -3.05189e-5 -0.7074577 0.3824928 -1.52594e-4 -0.9239584 -0.7064198 1.22075e-4 -0.7077931 0.3771243 6.10382e-5 -0.9261627 -0.3841993 1.22075e-4 -0.9232503 -3.05185e-5 -9.15555e-5 -1 -0.3824668 -1.22077e-4 -0.9239692 -0.00439471 9.15574e-5 -0.9999904 0.3378468 -0.1796051 -0.9239057 0.6241771 -0.3318344 -0.7073112 3.05194e-5 3.05194e-5 -1 0.6241914 -0.3319031 -0.7072663 0 -3.05185e-5 -1 0.8157303 -0.4337458 -0.3826864 -0.3377599 0.1795465 -0.9239488 0.81575 -0.4337401 -0.3826508 -0.3378738 0.1796032 -0.9238961 0.8829268 -0.4695107 3.05194e-5 -0.6242092 0.3318352 -0.7072824 0.81571 -0.4337655 0.3827074 -0.81575 0.4337401 -0.3826508 0.8157207 -0.4337407 0.3827124 -0.8157303 0.4337458 -0.3826864 0.6243713 -0.3319624 0.7070795 0.6243321 -0.3319272 0.7071307 -0.8829589 0.4694505 3.05195e-5 0.3379703 -0.1796668 0.9238485 -0.8157315 0.4337159 0.3827175 0.3379085 -0.179636 0.923877 -0.81571 0.4337655 0.3827074 -6.1037e-5 3.05185e-5 1 -0.6243971 0.3319904 0.7070437 6.1037e-5 -3.05185e-5 1 -0.6243134 0.3319336 0.7071442 -0.3379085 0.179636 0.923877 -0.3379684 0.1796964 0.9238435 0.337758 -0.179576 -0.9239438 0.3377869 -0.1795446 -0.9239393 0.6244221 -0.3319569 -0.7070374 -3.05194e-5 0 -1 0.6244229 -0.3320184 -0.7070078 6.1037e-5 -3.05185e-5 -1 0.8157582 -0.433775 -0.3825936 -0.3377522 0.1795119 -0.9239584 0.815778 -0.4337692 -0.3825581 -0.337785 0.1795741 -0.9239342 0.8829268 -0.4695107 0 -0.6244542 0.3319578 -0.7070087 0.8829461 -0.4694743 0 -0.6244165 0.3320455 -0.7070006 0.8157875 -0.4337743 0.382532 -0.815778 0.4337692 -0.3825581 0.8157684 -0.4337642 0.3825841 -0.8157582 0.433775 -0.3825936 0.6243 -0.3319264 0.7071595 -0.8829461 0.4694743 0 0.6242421 -0.3318976 0.7072241 -0.8829656 0.4694379 0 0.337785 -0.1795741 0.9239342 -0.8157888 0.4337444 0.3825631 0.3377599 -0.1795465 0.9239488 -0.815778 0.4337692 0.3825581 -6.1037e-5 0 1 -0.6242742 0.3318984 0.7071954 -0.3377522 0.1795119 0.9239584 -0.337785 0.1795741 0.9239342 0.3378815 -0.1796378 -0.9238866 0.3378449 -0.1796346 -0.9239006 0.6242358 -0.3319247 -0.707217 -0.3378179 0.1796364 -0.9239101 -0.6242358 0.3319247 -0.707217 0.8157392 -0.4337648 -0.3826457 -0.6242493 0.3319319 -0.7072017 -0.8157086 0.4337953 -0.3826763 0.8829335 -0.4694981 6.10372e-5 0.8829461 -0.4694743 6.10381e-5 -0.8829268 0.4695107 3.05194e-5 0.8157582 -0.433775 0.3825936 -0.8829656 0.4694379 3.05187e-5 0.8157672 -0.433794 0.382553 -0.8157582 0.433775 0.3825936 0.6242687 -0.331987 0.7071586 -0.8157875 0.4337743 0.382532 0.6243392 -0.3319615 0.7071083 -0.6242624 0.3320142 0.7071515 0.3378449 -0.1796346 0.9239006 -0.6243641 0.331928 0.707102 0.3378179 -0.1796364 0.9239101 6.1037e-5 0 1 -0.3377927 0.1796088 0.9239248 0.3379085 -0.179636 -0.923877 -0.3378834 0.1796083 -0.9238917 0.6242108 -0.3319582 -0.7072232 -0.3377813 0.1796332 -0.9239241 -0.6242742 0.3318984 -0.7071954 0.8157194 -0.4337706 -0.3826813 -0.6242037 0.3319239 -0.7072457 -0.8157392 0.4337648 -0.3826457 -0.8157207 0.4337407 0.3827124 0.624365 -0.3319895 0.7070724 -0.8157303 0.4337458 0.3826864 0.6243587 -0.3320167 0.7070652 -0.6243329 0.3319887 0.7071011 0.3380031 -0.1797291 0.9238244 -0.6243899 0.331956 0.7070661 0.3380572 -0.1797254 0.9238053 -0.3379125 0.1797297 0.9238574 -0.338059 0.1796959 0.9238104 6.10389e-5 0 1 0.3378179 -0.1796364 -0.9239101 0.3378121 -0.1795723 -0.9239248 -0.3377909 0.1796383 -0.9239197 0.6241843 -0.3318687 -0.7072887 0.6242218 -0.3317809 -0.7072967 0.8157258 -0.4336214 -0.3828369 0.8157525 -0.4336804 -0.382713 0.8829783 -0.4694141 6.10382e-5 0.8829268 -0.4695107 6.10388e-5 0.8157538 -0.4336505 0.3827441 0.8157163 -0.4336163 0.3828629 -0.8157513 0.4337102 0.3826819 0.6243562 -0.3318322 0.707154 0.6243641 -0.331928 0.707102 0.3379337 -0.1796636 0.9238625 -0.624365 0.3319895 0.7070724 0.3380553 -0.179755 0.9238002 -0.3380031 0.1797291 0.9238244 -0.2129617 0.113256 0.9704743 -0.2130554 0.1132572 0.9704536 0.1310169 -0.06967425 0.9889289 -0.5245955 0.279007 0.804335 0.1310808 -0.0696758 0.9889203 -0.5246921 0.2789792 0.8042816 0.455411 -0.2421717 0.856711 -0.7564336 0.4022511 0.5157543 0.4554352 -0.2421683 0.8566991 -0.7564927 0.4022196 0.515692 0.7101135 -0.3776102 0.5942638 -0.873128 0.4642908 0.1485987 0.7101544 -0.3776157 0.5942114 -0.8731477 0.4642545 0.1485968 0.8568785 -0.4556163 0.2411907 -0.8568586 0.4556524 -0.2411936 0.8568322 -0.4556852 0.2412253 -0.8568642 0.4556249 -0.2412257 0.873124 -0.4642887 -0.1486285 -0.7101742 0.3776406 -0.594172 0.8731397 -0.4642503 -0.1486565 -0.7102384 0.3776117 -0.5941135 0.756486 -0.4022771 -0.5156569 -0.4552231 0.2420166 -0.8568546 0.7566071 -0.402246 -0.5155037 -0.4552592 0.2420195 -0.8568347 0.5245739 -0.2789202 -0.8043791 -0.1311708 0.06967496 -0.9889084 0.5246925 -0.2788879 -0.8043129 -0.1310169 0.06967425 -0.9889289 0.212778 -0.1131032 -0.9705325 0.2125976 -0.1130741 -0.9705755 -0.3379973 0.179665 0.9238389 -6.10389e-5 0 1 -0.3379954 0.1796945 0.9238339 0.3379973 -0.179665 0.9238389 -0.6243705 0.3319009 0.7071092 0.3380339 -0.1796682 0.9238249 -0.6243891 0.3318946 0.7070956 0.6244149 -0.3319226 0.7070598 -0.8158148 0.4335895 0.3826831 0.6243071 -0.3319607 0.7071371 -0.8157735 0.4336448 0.3827086 0.8157303 -0.4337458 0.3826864 -0.8830229 0.46933 0 0.8156794 -0.4337961 0.3827379 -0.8829909 0.4693903 0 -0.8158416 0.4336485 -0.3825592 -0.8158429 0.4336187 -0.3825904 0.8157684 -0.4337642 -0.3825841 -0.6243954 0.3318674 -0.7071028 -0.6242671 0.3318641 -0.7072178 0.6242493 -0.3319319 -0.7072017 0.6243249 -0.3318929 -0.7071532 -3.05185e-5 0 -1 0.3378486 -0.1795755 -0.9239107 0 0.7070915 -0.707122 0 -0.7070915 -0.707122 0 -0.7070915 0.707122 1 1.14572e-5 0 1 1.22212e-5 0 1 -1.22214e-5 0 1 -1.52774e-5 0 1 1.22211e-5 0 1 -5.34671e-6 0 1 -1.22211e-5 0 1 -7.63755e-6 0 1 6.11053e-6 0 1 1.52774e-5 0 1 -6.11053e-6 0 1 -1.52767e-5 0 1 5.34671e-6 0 1 7.63825e-6 0 1 -1.22212e-5 0 1 1.22217e-5 0 1 -1.22217e-5 0 1 -1.90948e-6 0 0 0.1951066 0.9807821 0 0.555538 0.8314912 0 -0.1951066 0.9807821 0 -0.555538 0.8314912 0 0.1951066 -0.9807821 0 -0.1951066 -0.9807821 1 4.15503e-6 0 1 8.13696e-6 0 1 -1.22613e-5 0 1 -1.62347e-5 0 1 -3.34001e-5 0 1 1.24057e-5 0 1 -1.22862e-5 0 1 3.2396e-5 0 1 3.34919e-5 0 1 1.65077e-5 0 1 -1.64204e-5 0 1 1.61561e-5 0 1 1.67867e-5 0 1 -1.64712e-5 0 1 -8.05789e-6 0 1 8.41637e-6 0 1 -1.64376e-5 0 1 -1.6488e-5 0 1 8.03781e-6 0 1 -8.43896e-6 0 1 -3.31082e-5 0 1 6.53576e-5 0 1 -8.43882e-6 0 1 3.27418e-5 0 1 8.41623e-6 0 1 -1.64883e-5 0 1 -8.05802e-6 0 1 1.67864e-5 0 1 -1.64368e-5 0 1 1.64532e-5 0 1 1.61559e-5 0 1 1.67459e-5 0 1 1.61975e-5 0 1 -1.67008e-5 0 1 -1.64703e-5 0 1 -1.62331e-5 0 1 1.62746e-5 0 1 -4.07724e-6 0 1 -4.14539e-6 0 1 4.13497e-6 0 0.00262463 -0.425437 0.9049844 0 -0.1948658 0.9808299 -0.005737602 -0.1948039 0.9808255 0.002594113 0.04690808 0.998896 -0.00552392 -0.555417 0.8315537 -0.00552392 0.1948041 0.9808267 0.00552392 -0.7070044 0.7071875 0.005523979 0.3824979 0.92394 -0.005524039 -0.8314456 0.5555788 -0.00552392 0.555417 0.8315537 0.005493402 -0.9238772 0.3826497 0.005493521 0.7070199 0.7071725 -0.00552386 -0.9807543 0.1951681 -0.00552386 0.831455 0.5555648 0.00552392 -0.9999848 -9.15569e-5 0.005493402 0.9238772 0.3826497 -0.005493402 -0.9807906 -0.1949862 -0.00552386 0.9807543 0.1951681 0.00552392 -0.9239292 -0.3825239 0.00552392 0.9999848 -9.15569e-5 -0.00552392 -0.8313703 -0.5556914 -0.00552392 0.9807905 -0.1949861 0.005462884 -0.7071878 -0.7070047 0.005493462 0.9239401 -0.3824979 -0.005584955 -0.5555082 -0.8314923 -0.005524039 0.8313844 -0.5556703 0.005463004 -0.3824719 -0.923951 0.005462884 0.7071878 -0.7070047 -0.005523979 -0.1952327 -0.9807414 -0.005584955 0.5555082 -0.8314923 0.005462884 0 -0.9999851 0.005432486 0.382472 -0.9239512 -0.005554497 0.1952326 -0.9807413 1 1.54385e-4 0 1 -1.66889e-4 0 1 -2.92056e-4 0 1 5.57041e-5 0 1 -5.44935e-5 0 1 2.22816e-4 0 1 1.11334e-4 0 1 -2.22816e-4 0 1 2.23115e-4 0 1 -7.13391e-5 0 1 -2.23115e-4 0 1 5.56793e-5 0 0.00262463 -0.4262644 0.9045948 0 -0.195629 0.980678 -0.005737602 -0.1952618 0.9807344 0.002624571 0.04736489 0.9988743 -0.005493462 -0.5555437 0.8314692 -0.005523979 0.195262 0.9807355 0.005554437 -0.7070349 0.707157 0.00552392 0.3828904 0.9237774 -0.00552386 -0.8313939 0.5556563 -0.005493402 0.5555086 0.8314928 0.00552392 -0.9238402 0.3827386 0.00552392 0.7070655 0.7071265 -0.005493402 -0.9807906 0.1949862 -0.005493342 0.831394 0.5556563 0.00552392 -0.9999848 9.15569e-5 0.005523979 0.923851 0.3827126 -0.00552392 -0.9807601 -0.1951388 -0.005493402 0.9807906 0.1949862 0.005493521 -0.9238619 -0.3826866 0.00552392 0.9999848 9.15569e-5 -0.005493342 -0.8314787 -0.5555297 -0.00552392 0.9807601 -0.1951388 0.005493402 -0.7070351 -0.7071572 0.005493342 0.9238665 -0.3826758 -0.00552392 -0.555417 -0.8315537 -0.005493342 0.8314787 -0.5555297 0.005493521 -0.3824718 -0.9239509 0.005493402 0.7070351 -0.7071572 -0.00552392 -0.1948041 -0.9808267 -0.005524039 0.5553958 -0.8315678 0.005463004 0.3824719 -0.923951 -0.005523979 0.1947748 -0.9808325 1 1.54321e-4 0 1 -2.50501e-4 0 1 -2.50417e-4 0 1 1.70242e-4 0 1 5.57289e-5 0 1 -1.15711e-4 0 1 -1.11508e-4 0 1 2.22866e-4 0 1 -2.22916e-4 0 1 3.40252e-4 0 1 5.56545e-5 0 0.005493402 -0.7070046 0.7071877 -0.00552386 -0.831455 0.5555648 0.005524039 0.7070197 0.7071723 -0.00552392 -0.9807905 -0.1949861 0.005493462 -0.9239401 -0.3824979 -0.005524039 -0.8313844 -0.5556703 -0.005493402 0.9807906 -0.1949862 0.005523979 0.92394 -0.3824979 -0.005554437 -0.5555084 -0.8314925 -0.00552392 0.8313703 -0.5556914 0.005432486 -0.382472 -0.9239512 1 -7.13709e-5 0 1 -5.56793e-5 0 0.005493402 -0.7070351 0.7071572 -0.005523979 -0.8314691 0.5555437 0.005493342 -0.9238665 0.3826758 0.00552392 0.707035 0.707157 -0.00552392 -0.9807601 0.1951388 -0.005523979 0.8314691 0.5555437 0.00552392 -0.9999848 -6.10379e-5 0.005493342 0.9238665 0.3826758 -0.00552392 0.9807601 0.1951388 0.005523979 -0.92394 -0.3824979 0.00552392 0.9999848 -6.10379e-5 -0.005554497 -0.8314077 -0.555635 0.005493402 -0.7072182 -0.7069741 -0.005554497 0.8314077 -0.555635 0.005462884 -0.382524 -0.9239295 0.005493402 0.7072182 -0.7069741 -0.005584895 -0.1951974 -0.9807481 0.005462884 0.382524 -0.9239295 -0.005554378 0.1951975 -0.9807483 1 2.22717e-4 0 1 -1.70184e-4 0 1 -5.44749e-5 0 1 3.4031e-4 0 1 1.11359e-4 0 1 4.45633e-4 0 1 -3.40483e-4 0 1 3.39905e-4 0 0 0.9807821 0.1951066 0 0.8313924 0.5556858 0 0.831383 0.5556999 0 0.5555943 0.8314535 0 0.1952298 0.9807575 0 0.8315289 -0.5554817 0 -0.1952298 0.9807575 0 0.8315148 -0.5555028 0 0.5555028 -0.8315148 0 0.5554817 -0.8315289 0 -0.5555943 0.8314535 0 0.1948952 -0.9808241 0 -0.831383 0.5556999 0 -0.8313924 0.5556858 0 -0.1949245 -0.9808182 0 -0.9807821 0.1951066 0 -0.1948952 -0.9808241 0 -0.5555028 -0.8315148 0 -0.5554817 -0.8315289 0 -0.8315289 -0.5554817 0 -0.8315148 -0.5555028 0 0.8313924 -0.5556858 0 0.555538 -0.8314912 0 0.8314065 0.5556647 0 0.1952005 -0.9807634 0 -0.1952005 -0.9807634 0 0.1952005 0.9807634 0 -0.1952005 0.9807634 0 -0.555538 -0.8314912 0 -0.8314065 -0.5556647 0 -0.8313924 -0.5556858 0 -0.8314065 0.5556647 0 0.5557562 -0.8313453 0 0.9807821 -0.1951066 0 -0.5557562 -0.8313453 0 -0.9807821 -0.1951066 0 0.1949245 -0.9808182 0 0.8315052 0.5555169 0 -0.8315052 -0.5555169 0 0.8315148 0.5555028 0 0.5554817 0.8315289 0 0.5555028 0.8315148 0 0.1948952 0.9808241 0 0.1949245 0.9808182 0 -0.8315148 0.5555028 0 -0.1948952 0.9808241 0 -0.1949245 0.9808182 0 -0.5555028 0.8315148 0 -0.5554817 0.8315289 0 -0.8315289 0.5554817 0 0.8315289 0.5554817 0 -0.5555943 -0.8314535 0 0.8314065 -0.5556647 -0.003479123 0.04706025 0.9988861 0.007721245 -0.1953824 0.9806967 0.007294058 0.1953831 0.9806999 -0.007416069 0.3827078 0.9238397 -0.003418147 -0.4257445 0.9048369 0.007324576 0.5556638 0.8313748 0.007324576 -0.5556638 0.8313748 -0.007355153 0.7069808 0.7071945 -0.007355153 -0.7069808 0.7071945 0.007355153 0.8313511 0.5556989 0.007355153 -0.8313511 0.5556989 -0.007355034 0.9238401 0.382708 -0.007355034 -0.9238401 0.382708 0.007355034 0.9807602 0.1950778 0.007355034 -0.9807602 0.1950778 -0.007354974 0.9999729 0 -0.007354974 -0.9999729 0 0.007355093 0.9807661 -0.1950484 0.007324576 -0.9807663 -0.1950485 -0.007355153 0.9238248 -0.3827449 -0.007355153 -0.9238248 -0.3827449 0.007324457 0.8313607 -0.555685 0.007324457 -0.8313607 -0.555685 -0.007355153 0.7069503 -0.707225 -0.007355153 -0.7069503 -0.707225 0.007324516 0.5555372 -0.8314595 0.007293999 -0.5555374 -0.8314597 -0.007385671 0.3826819 -0.9238507 -0.007385671 -0.3826819 -0.9238507 0.007293999 0.1952598 -0.9807245 0.007293999 -0.1952598 -0.9807245 -0.007416009 0 -0.9999726 -0.007385671 0.3826819 0.9238507 0.007324695 -0.5556428 0.831389 -0.007324635 0.7069505 0.7072252 0.007324635 0.8313513 0.5556991 0.007324635 -0.8313513 0.5556991 -0.007355034 0.9238661 0.3826451 0.007355153 0.9807719 -0.195019 0.007355153 -0.9807719 -0.195019 -0.007324516 0.9238404 -0.3827081 0.007324576 0.8313748 -0.5556638 0.007324576 -0.8313748 -0.5556638 -0.007354974 0.7069351 -0.7072402 0.007293999 0.5555374 -0.8314597 -0.007446587 0.3826449 -0.9238656 0.007324516 0.1952598 -0.9807242 0.007324516 -0.1952598 -0.9807242 -0.007446527 0 -0.9999724 -0.003357052 0.04580885 0.9989447 0.007873833 -0.1948011 0.9808112 0.007446587 0.1948017 0.9808144 0 -0.1952592 0.9807517 -0.007263541 0.3826193 0.9238776 -0.00338757 -0.4246082 0.905371 0.007385611 0.5554807 0.8314967 0.007416129 -0.5554805 0.8314965 -0.007293939 0.7072101 0.7069659 -0.007293939 -0.7072101 0.7069659 0.007385551 0.8315814 0.555354 0.007385611 -0.8316189 0.5552976 -0.007324576 0.9239401 0.3824673 -0.007324635 -0.923914 0.3825302 0.007355093 -0.9807661 0.1950484 -0.007354974 0.9999729 1.22074e-4 -0.007324457 -0.9999732 1.22074e-4 0.007355034 0.9807602 -0.1950778 -0.007385671 0.9238507 -0.3826819 0.007355034 0.831337 -0.5557201 0.007355093 -0.8313746 -0.5556637 -0.007324635 0.7069505 -0.7072252 0.007324576 0.5555725 -0.831436 0.007294058 -0.5555725 -0.8314361 0.007293939 0.1952891 -0.9807186 0.007263422 -0.1952892 -0.9807189 -0.007416188 0.3826818 0.9238505 -0.003387629 -0.4257446 0.904837 0.007294178 0.555643 0.8313891 -0.007324635 -0.7069505 0.7072252 -0.007355034 -0.9238661 0.3826451 -0.007324516 -0.9238404 -0.3827081 -0.007354974 -0.7069351 -0.7072402 0.007324516 -0.5555372 -0.8314595 -0.007446587 -0.3826449 -0.9238656 1 -2.68894e-5 0 1 5.59994e-5 0 1 1.15075e-4 0 1 -1.72161e-4 0 0.9999998 6.36335e-4 0 0.9999997 -9.05387e-4 0 1 -2.68875e-5 0 1 5.5991e-5 0 1 1.15068e-4 0 1 -1.72176e-4 0 0.9999999 6.36436e-4 0 0.9999997 -9.05592e-4 0 1 -3.52361e-4 0 1 2.30143e-4 0 1 2.30256e-4 0 1 -3.4459e-4 0 1 -3.44353e-4 0 1 3.18142e-4 0 1 -2.27273e-4 0 1 3.18218e-4 0 1 3.44323e-4 0 0.05232483 -0.9986302 -1.02018e-5 0.05234026 -0.9986293 -9.31985e-6 0.05226683 -0.9986333 3.05654e-5 0.05232751 -0.9986301 0 0.05233693 -0.9986296 8.60334e-6 0.05234175 -0.9986292 0 0.05235207 -0.9986287 2.04102e-5 0.05227535 -0.9986327 -2.92966e-5 0.05233699 -0.9986295 1.16266e-5 0.05233484 -0.9986296 -1.16257e-5 0.05236977 -0.9986278 -8.94905e-6 0.05236494 -0.9986281 7.1576e-6 0.05234843 -0.9986289 5.09921e-6 0.05232971 -0.9986299 -5.09838e-6 1 -6.97759e-6 0 1 3.42126e-5 0 1 -6.71073e-5 0 1 9.93813e-5 0 1 2.6967e-6 0 1 6.97759e-6 0 1 -1.05723e-5 0 1 -6.84252e-5 0 1 3.35556e-5 0 1 4.42576e-4 0 1 -5.6205e-5 0 1 -4.42576e-4 0 1 3.10752e-4 0 1 -8.41043e-5 0 1 -5.15623e-5 0 1 1.10424e-4 0 1 1.68265e-4 0 1 -3.10752e-4 0 1 -1.12334e-4 0 1 -4.66941e-5 0 1 7.52429e-5 0 1 4.42282e-4 0 1 -1.75107e-5 0 1 7.29182e-5 0 1 2.21141e-4 0 1 -8.59845e-5 0 1 5.61672e-5 0 1 -9.11411e-6 0 1 1.82309e-5 0 1 6.44662e-6 0 1 -3.108e-4 0 1 2.2119e-4 0 1 -8.41078e-5 0 1 3.88199e-5 0 1 8.40901e-5 0 1 -1.55376e-4 0 1 -7.29076e-5 0 1 1.554e-4 0 1 -8.59771e-5 0 1 1.12334e-4 0 1 3.50189e-5 0 1 -2.2119e-4 0 1 -1.07485e-5 0 1 -2.21582e-4 0 1 7.29215e-5 0 1 1.55424e-4 0 1 -3.64551e-5 0 1 1.009e-5 0 1 -1.4052e-5 0 1 -5.15756e-5 0 1 1.68124e-4 0 1 -2.10137e-5 0 1 2.73573e-5 0 1 -1.93339e-5 0 1 8.41025e-5 0 1 -3.10849e-4 0 1 -3.88199e-5 0 1 -8.40901e-5 0 1 1.55376e-4 0 1 -9.11278e-6 0 1 -2.21435e-4 0 1 -4.42478e-4 0 1 -7.76578e-5 0 1 1.47195e-4 0 1 -4.51031e-5 0 1 4.20398e-5 0 1 2.57891e-5 0 1 -3.10728e-4 0 1 -2.21141e-4 0 1 -1.10816e-4 0 -0.4692099 -0.8830866 -1.3679e-4 -0.469202 -0.8830909 -1.19898e-4 -0.4693709 -0.8830012 0 -0.4693302 -0.8830229 1.40216e-4 -0.4694802 -0.8829431 0 -0.4690929 -0.8831488 1.19819e-4 -0.4694489 -0.8829597 3.93456e-5 -0.4694839 -0.8829411 0 -0.4695918 -0.8828838 1.99928e-5 -0.4696096 -0.882874 -6.38925e-4 -0.4694671 -0.88295 0 -0.4694392 -0.8829649 -3.93598e-5 -0.4693779 -0.8829973 6.38609e-4 -0.4695215 -0.8829211 -1.99864e-5 -0.4693779 -0.8829972 5.88718e-4 -0.4694099 -0.8829804 -1.45708e-4 -0.4694727 -0.882947 0 -0.4694672 -0.88295 0 -0.4695037 -0.8829305 0 -0.4694099 -0.8829804 1.47463e-4 -0.4694243 -0.8829728 0 -0.4693266 -0.8830246 3.247e-5 -0.4694355 -0.8829668 -3.11965e-5 -0.4696096 -0.882874 -5.89009e-4 -0.4691935 -0.8830954 -1.38439e-4 -0.4691553 -0.8831158 1.38478e-4 -0.4693109 -0.883033 2.49591e-6 -0.4693929 -0.8829895 -2.49805e-6 -0.469281 -0.883049 -1.3668e-4 -0.4690773 -0.8831571 -1.19907e-4 -0.4693955 -0.882988 0 -0.4693357 -0.8830199 1.40251e-4 -0.4694634 -0.882952 0 -0.4691786 -0.8831034 1.19943e-4 -0.4696574 -0.8828486 6.40296e-4 -0.4694518 -0.8829582 0 -0.4692447 -0.883068 -6.38863e-4 -0.469519 -0.8829224 0 -0.4693905 -0.8829907 1.40318e-5 -0.4694232 -0.8829733 -1.40244e-5 -0.4695918 -0.8828838 3.99857e-5 -0.4696541 -0.8828506 -4.49822e-5 -0.4693779 -0.8829973 6.58566e-4 -0.4693661 -0.8830037 -1.75556e-4 -0.4695146 -0.8829248 0 -0.4694511 -0.8829585 0 -0.4695051 -0.8829299 0 -0.4694671 -0.88295 -9.99717e-6 -0.4695606 -0.8829003 7.49745e-6 -0.4694985 -0.8829333 1.75374e-4 -0.4694545 -0.8829568 0 -0.4694938 -0.8829357 -6.58728e-4 -0.4696261 -0.8828656 7.02024e-6 -0.4695028 -0.882931 -5.2649e-6 -0.469801 -0.8827724 -3.99083e-5 -0.4692447 -0.883068 5.98934e-4 -0.4695655 -0.8828977 -1.40303e-4 -0.4694663 -0.8829505 0 -0.4695234 -0.88292 0 -0.4694681 -0.8829494 0 -0.4697164 -0.8828174 3.99827e-5 -0.4694355 -0.8829668 -3.49401e-5 -0.4694099 -0.8829804 1.40441e-4 -0.4695469 -0.8829076 0 -0.4694938 -0.8829357 -5.98844e-4 -0.4695162 -0.882924 1.40271e-5 -0.4694535 -0.8829573 -1.2282e-5 -0.469389 -0.8829915 1.99808e-5 -0.4695918 -0.8828838 -1.99928e-5 -0.4692915 -0.8830434 -4.65937e-5 -0.4696099 -0.882874 1.36714e-4 -0.4694238 -0.8829731 -2.41024e-5 -0.469498 -0.8829336 -4.03202e-5 -0.4693949 -0.8829883 -3.22574e-5 -0.4691435 -0.8831219 2.74826e-4 -0.4692553 -0.8830626 -1.08606e-4 -0.4694919 -0.8829368 2.10597e-5 -0.4695733 -0.8828935 8.93523e-5 -0.4697164 -0.8828174 6.24729e-5 -0.4693571 -0.8830085 -9.38917e-5 -0.4695757 -0.8828923 6.64508e-5 -0.4697192 -0.882816 2.80865e-5 -0.4686576 -0.88338 -9.28412e-5 -0.4694343 -0.8829675 -1.45576e-4 -0.4694688 -0.8829491 0 -0.469506 -0.8829294 0 -0.4694975 -0.8829339 1.47455e-4 -0.4695918 -0.8828838 3.24884e-5 -0.4694043 -0.8829833 -3.11971e-5 -0.4694937 -0.8829357 -5.88863e-4 -0.4691662 -0.8831099 1.38547e-4 -0.4695215 -0.8829211 -2.49831e-6 -0.4695851 -0.8828873 -1.40426e-4 -0.4694733 -0.8829467 0 -0.469484 -0.882941 0 -0.4694671 -0.88295 3.99887e-5 -0.4695289 -0.8829171 -3.49382e-5 -0.4694207 -0.8829747 -1.22823e-5 -0.4694513 -0.8829584 1.99801e-5 -0.4696183 -0.8828696 -1.996e-5 0 0.1153909 0.9933203 0 -0.04797548 0.9988485 0 -0.2100939 0.9776812 0 -0.6797501 0.7334439 0 -0.6796983 0.7334918 0 -0.9852865 0.1709107 0 -0.9852839 0.170926 0 -0.8870654 -0.4616439 0 -0.8870607 -0.4616529</float_array>
          <technique_common>
            <accessor source="#Mesh67_866-mesh-normals-array" count="6580" stride="3">
              <param name="X" type="float"/>
              <param name="Y" type="float"/>
              <param name="Z" type="float"/>
            </accessor>
          </technique_common>
        </source>
        <vertices id="Mesh67_866-mesh-vertices">
          <input semantic="POSITION" source="#Mesh67_866-mesh-positions"/>
        </vertices>
        <triangles material="Material-material" count="6428">
          <input semantic="VERTEX" source="#Mesh67_866-mesh-vertices" offset="0"/>
          <input semantic="NORMAL" source="#Mesh67_866-mesh-normals" offset="1"/>
          <p>0 0 1 0 2 0 3 1 4 2 5 3 5 3 7 4 3 1 3 1 7 4 10 5 10 5 14 6 3 1 14 6 19 7 3 1 5 3 8 8 7 4 6 9 5 3 4 2 10 5 7 4 8 8 4 2 9 10 6 9 9 10 4 2 12 11 12 11 18 12 9 10 18 12 13 13 9 10 9 10 13 13 6 9 6 9 13 13 16 14 11 15 6 9 16 14 11 15 8 8 6 9 5 3 6 9 8 8 15 16 8 8 11 15 14 6 8 8 15 16 8 8 14 6 10 5 14 6 15 16 27 17 14 6 27 17 31 18 31 18 26 19 14 6 16 14 20 20 11 15 25 21 16 14 13 13 29 22 16 14 25 21 24 23 13 13 18 12 29 22 20 20 16 14 20 20 29 22 34 24 33 25 20 20 34 24 28 26 20 20 33 25 15 16 20 20 28 26 11 15 20 20 15 16 29 22 42 27 34 24 52 28 34 24 42 27 52 28 67 29 34 24 34 24 50 30 33 25 13 13 24 23 25 21 24 23 38 31 25 21 38 31 47 32 25 21 34 24 64 33 50 30 64 33 34 24 74 34 74 34 34 24 88 35 98 36 88 35 34 24 63 37 67 29 52 28 67 29 63 37 32 38 31 18 27 17 41 39 39 40 31 18 41 39 15 16 32 38 27 17 49 41 32 38 63 37 32 38 15 16 40 42 41 39 32 38 49 41 61 43 39 40 41 39 39 40 61 43 62 44 62 44 48 45 39 40 39 40 48 45 26 19 32 38 41 39 27 17 41 39 49 41 61 43 49 41 63 37 72 46 72 46 73 47 49 41 62 44 61 43 84 48 62 44 71 49 48 45 62 44 84 48 85 50 73 47 72 46 96 51 73 47 61 43 49 41 73 47 96 51 97 52 84 48 73 47 97 52 73 47 84 48 61 43 84 48 97 52 110 53 31 18 39 40 26 19 108 54 85 50 84 48 108 54 118 55 85 50 122 56 97 52 96 51 122 56 110 53 97 52 122 56 131 57 110 53 141 58 110 53 131 57 150 59 110 53 141 58 160 60 110 53 150 59 171 61 110 53 160 60 96 51 130 62 122 56 140 63 122 56 130 62 160 60 150 59 172 64 172 64 184 65 160 60 200 66 160 60 184 65 200 66 184 65 197 67 52 28 90 68 63 37 150 59 141 58 161 69 122 56 140 63 131 57 140 63 130 62 149 70 149 70 141 58 140 63 51 71 42 27 29 22 51 71 65 72 42 27 51 71 29 22 66 73 66 73 76 74 51 71 75 75 51 71 76 74 47 32 38 31 60 76 90 68 52 28 77 77 71 49 86 78 48 45 48 45 86 78 69 79 69 79 44 80 48 45 62 44 85 50 71 49 85 50 94 81 71 49 94 81 95 82 71 49 77 77 52 28 65 72 65 72 91 83 77 77 100 84 77 77 91 83 26 19 19 7 14 6 26 19 48 45 44 80 44 80 54 85 26 19 80 86 69 79 86 78 55 87 69 79 80 86 85 50 109 88 94 81 119 89 94 81 109 88 120 90 94 81 119 89 71 49 95 82 86 78 104 91 86 78 95 82 44 80 69 79 55 87 35 92 44 80 55 87 30 93 44 80 35 92 104 91 80 86 86 78 80 86 104 91 101 94 80 86 101 94 78 95 101 94 104 91 124 96 101 94 124 96 125 97 125 97 114 98 101 94 134 99 125 97 124 96 134 99 103 100 125 97 102 101 125 97 103 100 78 95 101 94 114 98 104 91 121 102 124 96 121 102 139 103 124 96 55 87 80 86 78 95 55 87 53 104 35 92 53 104 55 87 78 95 139 103 134 99 124 96 103 100 79 105 102 101 134 99 139 103 154 106 78 95 102 101 79 105 145 107 134 99 154 106 44 80 30 93 54 85 156 108 154 106 139 103 154 106 156 108 165 109 139 103 121 102 138 110 95 82 94 81 120 90 95 82 121 102 104 91 120 90 121 102 95 82 103 100 83 111 79 105 68 112 79 105 83 111 68 112 53 104 79 105 78 95 79 105 53 104 43 113 53 104 68 112 35 92 21 114 30 93 43 113 35 92 53 104 17 115 30 93 21 114 17 115 12 11 4 2 17 115 21 114 12 11 4 2 22 116 17 115 103 100 106 117 83 111 83 111 106 117 92 118 83 111 92 118 57 119 57 119 68 112 83 111 165 109 156 108 180 120 57 119 43 113 68 112 36 121 43 113 57 119 36 121 21 114 43 113 21 114 35 92 43 113 36 121 23 122 21 114 23 122 12 11 21 114 139 103 138 110 156 108 157 123 156 108 138 110 106 117 105 124 92 118 105 124 81 125 92 118 81 125 57 119 92 118 81 125 56 126 57 119 138 110 121 102 120 90 148 127 138 110 120 90 36 121 57 119 56 126 36 121 56 126 45 128 23 122 24 23 18 12 23 122 18 12 12 11 23 122 36 121 45 128 37 129 23 122 45 128 37 129 24 23 23 122 45 128 59 130 37 129 59 130 58 131 37 129 37 129 58 131 46 132 46 132 24 23 37 129 58 131 60 76 38 31 59 130 60 76 58 131 70 133 59 130 45 128 56 126 70 133 45 128 56 126 82 134 70 133 81 125 82 134 56 126 134 99 145 107 103 100 106 117 103 100 126 135 126 135 128 136 106 117 103 100 145 107 135 137 115 138 81 125 105 124 81 125 115 138 127 139 127 139 115 138 136 140 115 138 105 124 128 136 115 138 128 136 137 141 146 142 135 137 145 107 126 135 135 137 146 142 145 107 126 135 146 142 135 137 126 135 103 100 147 143 126 135 145 107 145 107 154 106 165 109 145 107 165 109 177 144 128 136 105 124 106 117 128 136 126 135 147 143 128 136 147 143 155 145 147 143 166 146 155 145 155 145 166 146 179 147 179 147 194 148 155 145 179 147 208 149 194 148 194 148 209 150 155 145 193 151 179 147 166 146 178 152 166 146 147 143 191 153 166 146 178 152 178 152 147 143 192 154 207 155 178 152 192 154 120 90 158 156 148 127 197 67 184 65 182 157 158 156 120 90 168 158 182 157 148 127 197 67 157 123 180 120 156 108 148 127 157 123 138 110 167 159 157 123 148 127 167 159 181 160 157 123 181 160 196 161 157 123 192 154 196 161 181 160 192 154 181 160 210 162 218 163 192 154 210 162 167 159 148 127 182 157 167 159 195 164 181 160 182 157 185 165 167 159 185 165 182 157 184 65 207 155 192 154 218 163 218 163 198 166 207 155 207 155 198 166 191 153 207 155 191 153 178 152 210 162 199 167 218 163 181 160 195 164 210 162 199 167 198 166 218 163 198 166 199 167 183 168 198 166 183 168 169 169 195 164 199 167 210 162 199 167 195 164 170 170 183 168 199 167 170 170 183 168 170 170 159 171 185 165 184 65 172 64 185 165 195 164 167 159 185 165 172 64 161 69 170 170 185 165 161 69 185 165 170 170 195 164 161 69 149 70 170 170 159 171 170 170 149 70 161 69 141 58 149 70 150 59 161 69 172 64 191 153 193 151 166 146 198 166 169 169 191 153 169 169 220 172 191 153 220 172 228 173 191 153 191 153 228 173 217 174 191 153 217 174 193 151 193 151 217 174 229 175 229 175 219 176 193 151 208 149 193 151 219 176 208 149 179 147 193 151 219 176 230 177 208 149 237 178 228 173 220 172 217 174 228 173 237 178 238 179 217 174 237 178 217 174 238 179 229 175 238 179 219 176 229 175 246 180 219 176 238 179 246 180 239 181 219 176 239 181 230 177 219 176 220 172 247 182 237 178 247 182 258 183 237 178 264 184 237 178 258 183 255 185 237 178 264 184 130 62 159 171 149 70 169 169 159 171 130 62 255 185 238 179 237 178 256 186 238 179 255 185 183 168 159 171 169 169 256 186 246 180 238 179 246 180 256 186 257 187 257 187 239 181 246 180 239 181 257 187 265 188 274 189 264 184 258 183 256 186 255 185 272 190 257 187 256 186 272 190 272 190 273 191 257 187 273 191 265 188 257 187 265 188 273 191 282 192 293 193 265 188 282 192 303 194 265 188 293 193 282 192 304 195 293 193 292 196 282 192 273 191 292 196 302 197 282 192 316 198 282 192 302 197 302 197 331 199 316 198 316 198 331 199 347 200 368 201 316 198 347 200 333 202 316 198 368 201 350 203 316 198 333 202 333 202 304 195 350 203 367 204 347 200 331 199 367 204 388 205 347 200 317 206 304 195 333 202 333 202 368 201 348 207 368 201 347 200 388 205 368 201 388 205 412 208 390 209 368 201 412 208 388 205 367 204 411 210 436 211 388 205 411 210 436 211 412 208 388 205 436 211 458 212 412 208 461 213 412 208 458 212 412 208 461 213 437 214 368 201 390 209 348 207 390 209 369 215 348 207 369 215 332 216 348 207 332 216 317 206 348 207 390 209 412 208 437 214 390 209 437 214 414 217 348 207 317 206 333 202 317 206 332 216 293 193 437 214 461 213 481 218 437 214 481 218 460 219 461 213 458 212 505 220 461 213 505 220 509 221 414 217 437 214 460 219 414 217 460 219 479 222 479 222 459 223 414 217 413 224 414 217 459 223 413 224 369 215 414 217 460 219 481 218 508 225 413 224 389 226 369 215 390 209 414 217 369 215 481 218 461 213 509 221 369 215 389 226 332 216 460 219 508 225 479 222 479 222 508 225 527 227 527 227 506 228 479 222 459 223 479 222 506 228 506 228 480 229 459 223 509 221 508 225 481 218 509 221 554 230 508 225 508 225 554 230 579 231 555 232 508 225 579 231 459 223 480 229 413 224 507 233 413 224 480 229 507 233 529 234 413 224 526 235 505 220 458 212 551 236 526 235 458 212 526 235 551 236 524 237 524 237 548 238 526 235 526 235 550 239 505 220 550 239 526 235 548 238 550 239 552 240 505 220 509 221 505 220 552 240 552 240 576 241 509 221 596 242 509 221 576 241 554 230 599 231 579 231 524 237 504 243 548 238 409 244 504 243 524 237 504 243 409 244 476 245 504 243 476 245 525 246 504 243 525 246 548 238 525 246 550 239 548 238 550 239 525 246 575 247 552 240 550 239 575 247 575 247 581 248 552 240 581 248 558 249 552 240 576 241 552 240 558 249 558 249 532 250 576 241 532 250 559 251 576 241 559 251 603 252 576 241 622 253 603 252 559 251 409 244 387 254 476 245 478 255 476 245 387 254 478 255 523 256 476 245 508 225 555 232 527 227 525 246 476 245 523 256 523 256 575 247 525 246 575 247 523 256 530 257 575 247 530 257 581 248 530 257 556 258 581 248 556 258 558 249 581 248 556 258 580 259 558 249 512 260 558 249 580 259 317 206 293 193 304 195 457 261 478 255 387 254 477 262 478 255 457 261 523 256 478 255 477 262 482 263 523 256 477 262 530 257 523 256 482 263 530 257 482 263 510 264 530 257 510 264 556 258 580 259 556 258 510 264 580 259 510 264 557 265 435 266 457 261 387 254 524 237 549 267 409 244 435 266 477 262 457 261 477 262 435 266 438 268 434 269 387 254 409 244 366 270 434 269 409 244 366 270 410 271 434 269 410 271 366 270 387 254 387 254 434 269 410 271 346 272 387 254 366 270 387 254 346 272 371 273 438 268 482 263 477 262 439 274 482 263 438 268 409 244 367 204 366 270 330 275 366 270 367 204 510 264 482 263 439 274 510 264 439 274 531 276 531 276 557 265 510 264 438 268 392 277 439 274 392 277 393 278 439 274 439 274 393 278 440 279 440 279 393 278 416 280 440 279 416 280 462 281 440 279 462 281 483 282 393 278 353 283 416 280 416 280 353 283 394 284 416 280 394 284 441 285 352 286 393 278 392 277 353 283 373 287 394 284 394 284 373 287 417 288 392 277 438 268 415 289 372 290 392 277 415 289 353 283 393 278 352 286 353 283 352 286 318 291 335 292 353 283 318 291 435 266 387 254 371 273 435 266 371 273 415 289 335 292 373 287 353 283 354 293 373 287 335 292 374 294 373 287 354 293 415 289 438 268 435 266 392 277 372 290 352 286 372 290 334 295 352 286 318 291 305 296 335 292 305 296 319 297 335 292 335 292 319 297 354 293 415 289 371 273 372 290 319 297 305 296 283 298 336 299 319 297 283 298 319 297 336 299 355 300 336 299 374 294 355 300 352 286 334 295 318 291 334 295 294 301 318 291 318 291 294 301 305 296 371 273 334 295 372 290 371 273 351 302 334 295 483 282 462 281 511 303 294 301 334 295 351 302 441 285 462 281 416 280 442 304 462 281 441 285 442 304 512 260 462 281 394 284 417 288 441 285 417 288 373 287 374 294 417 288 374 294 395 305 442 304 417 288 395 305 395 305 374 294 336 299 442 304 441 285 417 288 442 304 395 305 443 306 484 307 442 304 443 306 395 305 336 299 418 308 366 270 330 275 346 272 330 275 315 309 346 272 346 272 315 309 329 310 290 311 329 310 315 309 330 275 367 204 331 199 330 275 331 199 302 197 291 312 290 311 315 309 291 312 273 191 272 190 292 196 291 312 315 309 272 190 290 311 291 312 281 313 290 311 272 190 281 313 301 314 290 311 302 197 315 309 330 275 292 196 315 309 302 197 305 296 294 301 283 298 273 191 291 312 292 196 274 189 258 183 283 298 512 260 580 259 602 315 621 316 602 315 580 259 512 260 532 250 558 249 484 307 512 260 442 304 484 307 443 306 486 317 486 317 532 250 484 307 555 232 579 231 600 318 555 232 577 319 527 227 555 232 600 318 601 320 527 227 577 319 528 321 443 306 395 305 418 308 443 306 418 308 463 322 506 228 527 227 528 321 577 319 601 320 600 318 555 232 601 320 577 319 617 323 577 319 600 318 617 323 597 324 577 319 528 321 577 319 597 324 528 321 480 229 506 228 553 325 480 229 528 321 528 321 597 324 578 326 617 323 600 318 651 327 651 327 623 328 617 323 512 260 484 307 532 250 528 321 578 326 553 325 553 325 578 326 598 329 598 329 620 330 553 325 638 331 620 330 598 329 654 332 620 330 638 331 639 333 553 325 620 330 617 323 623 328 597 324 623 328 618 334 597 324 640 335 623 328 651 327 623 328 640 335 582 336 604 337 623 328 582 336 597 324 618 334 578 326 578 326 618 334 636 338 619 339 578 326 636 338 598 329 578 326 619 339 619 339 637 340 598 329 443 306 463 322 486 317 486 317 559 251 532 250 534 341 559 251 486 317 534 341 583 342 559 251 534 341 582 336 583 342 513 343 486 317 463 322 619 339 636 338 652 344 619 339 652 344 665 345 619 339 665 345 678 346 619 339 678 346 689 347 689 347 699 348 619 339 582 336 562 349 604 337 562 349 560 350 604 337 560 350 562 349 513 343 560 350 513 343 533 351 534 341 562 349 582 336 513 343 562 349 534 341 486 317 513 343 534 341 653 352 637 340 619 339 653 352 619 339 667 353 667 353 680 354 653 352 690 355 653 352 680 354 653 352 690 355 679 356 666 357 653 352 679 356 637 340 653 352 666 357 638 331 637 340 666 357 533 351 513 343 485 358 533 351 485 358 561 359 638 331 598 329 637 340 668 360 638 331 666 357 463 322 485 358 513 343 654 332 638 331 668 360 681 361 654 332 668 360 668 360 666 357 692 362 668 360 692 362 701 363 693 364 668 360 701 363 666 357 679 356 691 365 666 357 691 365 700 366 692 362 666 357 700 366 707 367 692 362 700 366 707 367 712 368 692 362 692 362 712 368 708 369 700 366 691 365 706 370 700 366 706 370 711 371 718 372 712 368 707 367 712 368 718 372 725 373 725 373 719 374 712 368 717 375 711 371 706 370 717 375 724 376 711 371 732 377 711 371 724 376 733 378 725 373 718 372 718 372 707 367 726 379 726 379 734 380 718 372 718 372 734 380 741 381 724 376 717 375 731 382 717 375 740 383 731 382 717 375 748 384 740 383 717 375 755 385 748 384 755 385 717 375 762 386 762 386 717 375 773 387 717 375 781 388 773 387 718 372 741 381 733 378 741 381 749 389 733 378 719 374 708 369 712 368 741 381 734 380 750 390 750 390 756 391 741 381 418 308 485 358 463 322 692 362 708 369 701 363 741 381 756 391 749 389 750 390 734 380 757 392 763 393 757 392 734 380 750 390 757 392 764 394 774 395 764 394 757 392 782 396 774 395 757 392 668 360 693 364 681 361 293 193 332 216 349 397 60 76 59 130 70 133 349 398 370 398 293 398 349 399 391 399 370 399 60 76 70 133 93 400 60 401 93 401 107 401 60 402 107 402 117 402 255 185 281 313 272 190 281 313 255 185 289 403 107 404 93 404 116 404 283 298 294 301 274 189 306 405 274 189 294 301 274 189 306 405 320 406 93 407 129 407 116 407 65 72 52 28 42 27 65 72 51 71 75 75 65 72 75 75 89 408 99 409 65 72 89 408 91 83 113 410 100 84 99 409 91 83 65 72 112 411 91 83 99 409 99 409 89 408 111 412 89 408 123 413 111 412 132 414 111 412 123 413 132 414 142 415 111 412 151 416 142 415 132 414 151 416 132 414 162 417 151 416 162 417 173 418 151 416 173 418 187 419 173 418 202 420 187 419 187 419 202 420 212 421 187 419 212 421 222 421 186 422 173 418 162 417 201 423 186 422 162 417 201 423 162 417 211 424 162 417 221 424 211 424 231 425 211 425 221 425 72 46 63 37 87 426 113 410 91 83 112 411 133 427 113 410 112 411 112 411 144 428 133 427 144 428 153 429 133 427 133 427 153 429 164 430 133 427 164 430 176 431 133 427 176 431 190 432 133 427 190 432 206 433 133 427 206 433 216 434 133 427 216 434 227 435 227 435 236 436 133 427 236 436 245 437 133 427 236 436 227 435 244 438 244 438 253 439 236 436 253 439 244 438 250 440 253 439 250 440 224 441 224 441 267 442 253 439 267 442 276 443 253 439 285 444 276 443 267 442 276 445 285 445 296 445 276 446 296 446 308 446 254 447 245 437 236 436 254 447 263 448 245 437 263 449 254 449 271 449 271 450 254 450 280 450 224 441 250 440 241 451 241 451 233 452 224 441 233 452 214 453 224 441 224 441 214 453 189 454 189 454 214 453 204 455 189 454 204 455 152 456 189 454 152 456 175 457 205 458 189 454 175 457 175 457 215 459 205 458 175 457 226 460 215 459 175 457 235 461 226 460 235 461 175 457 243 462 252 463 235 461 243 462 252 464 243 464 262 464 262 465 243 465 270 465 143 466 113 410 133 427 163 467 175 457 152 456 152 456 143 466 163 467 174 468 163 467 143 466 163 467 174 468 188 469 174 468 203 470 188 469 203 470 174 468 213 471 223 472 203 472 213 472 203 473 223 473 232 473 233 452 241 451 249 144 233 452 249 144 248 474 233 452 248 474 240 475 241 451 250 440 260 476 259 477 240 475 248 474 260 476 250 440 268 478 266 479 259 477 248 474 259 477 266 479 275 480 214 453 233 452 240 475 277 481 268 478 250 440 268 478 277 481 286 482 266 479 284 483 275 480 275 480 284 483 295 484 295 484 307 485 275 480 307 485 321 486 275 480 321 486 337 487 275 480 356 488 275 480 337 487 356 488 375 489 275 480 356 488 396 490 375 489 419 491 375 489 396 490 419 492 444 492 375 492 286 482 277 481 297 493 297 493 277 481 309 494 309 494 277 481 322 495 309 494 322 495 288 496 204 455 214 453 225 497 234 498 204 455 225 497 204 455 234 498 242 499 251 500 204 455 242 499 288 496 322 495 314 501 300 502 288 496 314 501 269 503 288 496 300 502 278 504 288 496 269 503 261 505 278 504 269 503 251 500 261 505 269 503 251 500 242 499 261 505 251 500 269 503 279 506 113 410 143 466 152 456 250 440 287 507 277 481 287 507 299 508 277 481 312 509 299 508 287 507 326 510 299 508 312 509 328 511 299 508 326 510 299 508 328 511 313 512 313 512 277 481 299 508 277 481 313 512 327 513 327 513 313 512 344 514 363 515 327 513 344 514 345 516 277 481 327 513 327 513 365 517 345 516 345 516 365 517 386 518 386 518 365 517 385 519 408 520 386 518 385 519 456 521 386 518 408 520 456 521 474 522 386 518 501 523 386 518 474 522 501 523 474 522 520 524 543 525 501 523 520 524 520 524 571 526 543 525 543 525 571 526 591 527 613 528 543 525 591 527 613 528 591 527 632 529 647 530 613 528 632 529 647 530 632 529 661 531 647 530 660 532 613 528 647 530 675 533 660 532 686 534 660 532 675 533 660 532 676 535 613 528 613 528 676 535 687 536 676 535 698 537 687 536 500 538 474 522 456 521 571 526 520 524 542 539 571 526 542 539 590 540 408 520 385 519 327 513 327 513 433 541 408 520 327 513 385 519 365 517 433 541 456 521 408 520 456 521 433 541 475 542 503 543 456 521 475 542 500 538 456 521 503 543 500 538 503 543 542 539 503 543 547 544 542 539 345 516 364 545 277 481 364 545 384 546 277 481 384 546 407 547 277 481 432 547 277 481 407 547 383 548 363 515 344 514 406 549 383 548 344 514 383 548 406 549 431 550 383 548 431 550 455 551 363 515 383 548 405 552 383 548 430 553 405 552 312 509 343 554 326 510 343 554 312 509 362 555 312 509 379 556 362 555 404 557 362 555 379 556 429 558 404 557 379 556 452 559 429 558 379 556 312 509 287 507 311 560 311 560 341 561 312 509 360 562 312 509 341 561 472 563 452 559 379 556 379 556 312 509 360 562 360 562 399 564 379 556 423 565 379 556 399 564 423 565 449 566 379 556 468 567 379 556 449 566 468 567 493 568 379 556 493 568 498 569 379 556 475 542 522 570 503 543 498 569 472 563 379 556 453 571 430 553 383 548 406 549 454 572 431 550 406 549 473 573 454 572 406 549 499 574 473 573 406 549 519 575 499 574 541 576 519 575 406 549 467 577 449 566 423 565 467 577 491 578 449 566 433 541 502 579 475 542 521 580 502 579 433 541 502 579 521 580 544 581 502 579 544 581 546 582 502 579 546 582 522 570 522 570 547 544 503 543 522 570 546 582 573 583 475 542 502 579 522 570 545 584 521 580 433 541 545 584 572 585 521 580 572 585 545 584 593 586 572 585 593 586 614 587 614 587 633 588 572 585 633 588 648 589 572 585 662 590 572 585 648 589 662 590 677 591 572 585 688 592 677 591 662 590 522 570 574 593 547 544 547 544 590 540 542 539 547 544 574 593 595 594 616 595 547 544 595 594 635 596 547 544 616 595 650 597 547 544 635 596 547 544 650 597 664 598 592 599 546 582 544 581 546 582 592 599 573 583 615 600 573 583 592 599 634 601 573 583 615 600 634 601 649 602 573 583 574 593 522 570 594 603 634 601 663 604 649 602 467 577 423 565 492 605 492 605 423 565 517 606 517 606 423 565 494 607 590 540 547 544 612 608 547 544 631 609 612 608 646 610 631 609 547 544 659 611 631 609 646 610 631 609 659 611 674 612 494 607 423 565 469 613 469 613 423 565 448 614 495 615 469 613 448 614 448 614 423 565 399 564 400 616 448 614 399 564 287 507 250 440 298 617 311 560 342 618 341 561 311 560 287 507 298 617 311 560 298 617 325 619 400 616 399 564 360 562 360 562 380 620 400 616 380 620 424 621 400 616 310 622 298 617 250 440 298 617 310 622 323 623 323 623 338 624 298 617 380 620 360 562 341 561 341 561 398 625 380 620 398 625 425 626 380 620 425 626 450 627 380 620 338 624 325 619 298 617 325 619 338 624 361 628 325 619 361 628 342 618 424 621 380 620 450 627 324 629 310 622 250 440 324 629 250 440 340 630 359 631 324 629 340 630 377 632 324 629 359 631 397 633 324 629 377 632 420 634 324 629 397 633 324 629 420 634 445 635 339 636 310 622 324 629 357 637 310 622 339 636 358 638 339 636 324 629 324 629 376 639 358 638 342 618 378 640 341 561 471 641 450 627 425 626 381 642 361 628 338 624 402 643 381 642 338 624 427 644 402 643 338 624 381 642 402 643 426 645 381 642 401 646 361 628 403 647 361 628 401 646 361 628 403 647 382 648 382 648 342 618 361 628 342 618 311 560 325 619 425 626 398 625 451 649 378 640 342 618 382 648 421 650 378 640 382 648 446 651 378 640 421 650 464 652 446 651 421 650 446 651 464 652 487 653 464 652 514 654 487 653 514 654 464 652 535 655 535 655 563 656 514 654 584 657 563 656 535 655 584 657 535 655 605 658 625 659 584 657 605 658 535 655 624 660 605 658 488 661 464 652 421 650 515 662 488 661 421 650 488 661 515 662 536 663 488 661 536 663 565 664 565 664 586 665 488 661 488 661 586 665 606 666 586 667 626 667 606 667 606 668 626 668 641 668 641 669 626 669 655 669 669 670 641 671 655 672 669 670 655 672 682 673 694 674 669 670 682 673 694 675 682 675 702 675 564 676 536 663 515 662 585 677 536 663 564 676 585 677 564 676 540 678 378 640 446 651 422 679 398 625 378 640 422 679 564 676 518 680 540 678 518 680 489 681 540 678 518 680 470 682 489 681 470 682 398 625 489 681 465 683 489 681 398 625 398 625 447 684 465 683 540 678 489 681 570 685 589 686 570 685 489 681 489 681 611 687 589 686 610 688 570 685 589 686 610 688 589 686 630 689 645 690 630 689 589 686 421 650 382 648 428 691 428 691 382 648 403 647 515 662 421 650 537 692 515 662 537 692 567 693 587 694 567 693 537 692 607 695 567 693 587 694 607 695 627 696 567 693 567 693 627 696 643 697 447 684 398 625 422 679 422 679 466 698 447 684 490 699 447 684 466 698 516 700 490 699 466 698 490 699 516 700 538 701 568 702 490 699 538 701 398 625 470 682 451 649 398 625 341 561 378 640 627 696 657 703 643 697 657 703 671 704 643 697 642 705 627 705 607 705 607 706 656 706 642 706 470 682 518 680 539 707 539 707 518 680 569 708 569 708 588 709 539 707 588 709 609 710 539 707 629 711 539 707 609 710 670 712 656 713 607 695 656 713 670 712 683 714 683 714 670 712 695 715 695 715 670 712 703 716 537 692 608 717 587 694 608 717 537 692 628 718 537 692 644 719 628 718 628 718 644 719 658 720 658 720 673 721 628 718 673 721 685 722 628 718 628 718 685 722 697 723 705 724 697 723 685 722 705 724 710 725 697 723 715 726 710 725 705 724 697 723 710 725 716 727 716 727 710 725 723 728 723 728 710 725 730 729 730 729 739 730 723 728 730 729 747 731 739 730 730 729 736 732 747 731 736 732 743 733 747 731 722 734 715 726 705 724 715 726 722 734 729 735 722 734 738 736 729 735 746 737 729 737 738 737 738 738 754 738 746 738 722 734 745 739 738 736 753 740 745 739 722 734 722 734 761 741 753 740 722 734 771 742 761 741 753 743 761 743 772 743 780 744 753 740 772 745 644 719 672 746 658 720 743 733 736 732 721 747 743 733 721 747 735 748 743 733 735 748 742 749 758 750 743 733 742 749 743 733 758 750 765 751 765 751 775 752 743 733 765 751 783 753 775 752 537 692 421 650 566 754 684 755 672 746 644 719 672 746 684 755 696 756 704 757 696 756 684 755 704 757 684 755 709 758 714 759 704 757 709 758 721 747 714 759 709 758 714 759 721 747 728 760 714 759 728 760 737 761 744 762 737 761 728 760 744 762 728 760 752 763 752 763 760 764 744 762 769 765 760 764 752 763 752 763 778 766 769 765 769 767 778 767 788 767 760 764 770 768 744 762 770 768 779 769 744 762 744 762 779 769 789 770 736 732 728 760 721 747 709 758 684 755 713 771 684 755 720 772 713 771 713 771 720 772 727 773 713 771 727 773 735 748 742 749 735 748 727 773 751 774 742 749 727 773 742 749 751 774 759 775 759 775 768 776 742 749 742 749 768 776 766 777 758 750 742 749 766 777 451 649 470 682 496 778 751 774 767 779 759 775 776 780 759 775 767 779 759 775 776 780 784 781 790 782 759 775 784 781 759 775 777 783 768 776 777 783 787 784 768 776 787 784 794 785 768 776 768 776 794 785 798 786 794 785 801 787 798 786 801 787 805 788 798 786 801 787 809 789 805 788 805 788 809 789 812 790 812 790 809 789 817 791 787 784 777 783 793 792 471 641 425 626 451 649 809 789 821 793 817 791 471 641 451 649 497 794 821 793 824 795 817 791 824 795 829 796 817 791 759 775 786 797 777 783 777 783 786 797 793 792 786 797 797 798 793 792 786 797 759 775 792 799 796 800 786 797 792 799 796 800 800 801 786 797 776 780 767 779 785 802 776 780 785 802 791 803 797 798 786 797 800 801 797 798 800 801 804 804 795 805 791 803 785 802 791 803 795 805 799 806 796 800 803 807 800 801 803 807 807 808 800 801 800 801 807 808 811 809 808 810 800 801 811 809 800 801 808 810 804 804 824 795 837 811 829 796 837 811 842 812 829 796 802 813 799 806 795 805 799 806 802 813 806 814 802 813 810 815 806 814 810 815 814 816 806 814 808 810 811 809 816 817 811 809 807 808 815 818 815 818 819 819 811 809 819 819 820 820 811 809 816 817 811 809 820 820 823 821 816 817 820 820 823 821 828 822 816 817 828 822 836 823 816 817 835 824 828 822 823 821 819 819 827 825 820 820 827 825 819 819 833 826 820 820 827 825 834 827 834 827 840 828 820 820 810 815 802 813 813 829 818 830 810 815 813 829 823 821 841 831 835 824 813 829 822 832 818 830 822 832 826 833 818 830 826 833 832 834 818 830 832 834 826 833 831 835 832 834 831 835 838 836 838 836 846 837 832 834 838 836 834 827 846 837 852 838 846 837 834 827 857 839 852 838 834 827 861 840 852 838 857 839 864 841 861 840 857 839 838 836 822 832 834 827 838 836 831 835 822 832 832 834 839 842 818 830 818 830 839 842 843 843 839 842 847 844 843 843 847 844 853 845 843 843 853 845 858 846 843 843 831 835 826 833 822 832 834 827 822 832 840 828 822 832 848 847 840 828 813 829 825 848 822 832 822 832 825 848 830 849 844 850 841 831 823 821 844 850 823 821 850 851 844 850 849 852 841 831 844 850 855 853 849 852 855 853 859 854 849 852 848 847 822 832 854 855 859 854 855 853 862 856 862 856 866 857 859 854 870 858 866 857 862 856 874 859 866 857 870 858 862 856 855 853 865 860 868 861 865 860 855 853 872 862 865 860 868 861 865 860 872 862 876 863 865 860 876 863 880 864 865 860 880 864 885 865 885 865 891 866 865 860 865 860 891 866 897 867 903 868 865 860 897 867 862 856 865 860 869 869 873 870 862 856 869 869 870 858 878 871 874 859 874 859 878 871 882 872 885 865 890 873 891 866 890 873 885 865 880 864 890 873 897 867 891 866 896 874 890 873 880 864 902 875 896 874 880 864 909 876 896 874 902 875 915 877 909 876 902 875 921 878 915 877 902 875 869 869 877 879 873 870 873 870 877 879 881 880 886 881 881 880 877 879 886 881 877 879 893 882 881 880 886 881 892 883 892 883 898 884 881 880 881 880 898 884 904 885 880 864 876 863 884 886 876 863 889 887 884 886 889 887 895 888 884 886 895 888 889 887 900 889 895 888 900 889 907 890 895 888 901 891 884 886 907 890 900 889 913 892 919 893 913 892 900 889 925 894 913 892 919 893 925 894 919 893 930 895 925 894 930 895 936 896 897 867 890 873 908 897 897 867 908 897 914 898 908 897 920 899 914 898 920 899 926 900 914 898 920 899 931 901 926 900 931 901 937 902 926 900 878 871 887 903 882 872 882 872 887 903 894 904 894 904 887 903 899 905 905 906 899 905 887 903 887 903 911 907 905 906 917 908 911 907 887 903 923 909 911 907 917 908 928 910 923 909 917 908 928 910 917 908 934 911 936 896 930 895 943 912 936 896 943 912 945 913 945 913 939 914 936 896 945 913 933 915 939 914 933 915 922 916 939 914 922 916 933 915 927 917 927 917 904 885 922 916 922 916 904 885 916 918 904 885 910 919 916 918 910 919 904 885 898 884 904 885 927 917 932 920 906 921 900 889 889 887 889 887 912 922 906 921 906 921 912 922 918 923 918 923 924 924 906 921 938 925 932 920 927 917 944 926 938 925 927 917 929 927 924 924 918 923 935 928 924 924 929 927 941 929 924 924 935 928 941 929 935 928 949 930 941 929 948 931 924 924 955 932 941 929 949 930 955 932 961 933 941 929 941 929 961 933 954 934 971 935 961 933 955 932 970 936 961 933 971 935 971 935 987 937 970 936 987 937 980 938 970 936 980 938 954 934 970 936 980 938 987 937 995 939 954 934 961 933 970 936 929 927 942 940 935 928 935 928 950 941 949 930 949 930 950 941 962 942 949 930 962 942 963 943 935 928 942 940 950 941 954 934 948 931 941 929 955 932 949 930 963 943 963 943 972 944 955 932 955 932 972 944 971 935 987 937 971 935 972 944 987 937 972 944 988 945 945 913 951 946 933 915 951 946 945 913 957 947 965 948 957 947 945 913 965 948 945 913 975 949 975 949 982 950 965 948 974 951 965 948 982 950 974 951 982 950 989 952 989 952 982 950 996 953 989 952 996 953 1000 954 1000 954 1001 955 989 952 1001 955 990 956 989 952 989 952 990 956 976 957 996 953 1006 958 1000 954 976 957 974 951 989 952 957 947 974 951 976 957 990 956 1001 955 994 959 990 956 994 959 983 960 990 956 983 960 976 957 966 961 976 957 983 960 1001 955 1000 954 1011 962 966 961 957 947 976 957 965 948 974 951 957 947 957 947 966 961 951 946 953 963 951 946 966 961 956 964 950 941 942 940 964 965 950 941 956 964 950 941 964 965 962 942 962 942 964 965 981 966 962 942 981 966 963 943 981 966 972 944 963 943 972 944 981 966 988 945 994 959 1001 955 1005 967 1005 967 999 968 994 959 999 968 979 969 994 959 994 959 979 969 983 960 979 969 966 961 983 960 979 969 960 970 966 961 953 963 966 961 960 970 953 963 960 970 947 971 953 963 947 971 933 915 933 915 951 946 953 963 947 971 940 972 933 915 947 971 960 970 959 973 959 973 952 974 947 971 973 975 964 965 956 964 964 965 973 975 960 970 960 970 973 975 959 973 973 975 986 976 959 973 959 973 986 976 993 977 993 977 998 978 959 973 952 974 940 972 947 971 940 972 927 917 933 915 940 972 946 979 927 917 958 980 940 972 952 974 940 972 958 980 967 981 958 980 952 974 968 982 969 983 952 974 959 973 952 974 977 984 968 982 968 982 977 984 984 985 998 978 993 977 1004 986 978 987 969 983 959 973 978 987 985 988 969 983 992 989 969 983 985 988 991 990 985 988 978 987 997 991 985 988 991 990 997 991 1002 992 985 988 1002 992 1008 993 985 988 1003 994 997 991 991 990 997 991 1003 994 1009 995 997 991 1009 995 1013 996 1007 997 997 991 1013 996 1003 994 991 990 1010 998 1010 998 991 990 1016 999 1003 994 1010 998 1015 1000 1021 1001 1015 1000 1010 998 1014 1002 1008 993 1002 992 1003 994 1015 1000 1009 995 1009 995 1015 1000 1019 1003 1020 1004 1009 995 1019 1003 1007 997 1002 992 997 991 1012 1005 1002 992 1007 997 1002 992 1012 1005 1014 1002 1024 1006 1019 1003 1015 1000 1013 996 1009 995 1020 1004 1025 1007 1013 996 1020 1004 1025 1007 1026 1008 1013 996 1023 1009 1013 996 1026 1008 1013 996 1023 1009 1018 1010 1019 1003 1029 1011 1020 1004 1012 1005 1007 997 1017 1012 1013 996 1018 1010 1007 997 1018 1010 1022 1013 1007 997 1029 1011 1019 1003 1033 1014 1019 1003 1040 1015 1033 1014 1041 1016 1029 1011 1033 1014 1029 1011 1041 1016 1048 1017 1022 1013 1017 1012 1007 997 1020 1004 1029 1011 1025 1007 1029 1011 1035 1018 1025 1007 1035 1018 1034 1019 1025 1007 1034 1019 1026 1008 1025 1007 1026 1008 1034 1019 1030 1020 1034 1019 1035 1018 1049 1021 1050 1022 1034 1019 1049 1021 1034 1019 1050 1022 1042 1023 1034 1019 1042 1023 1030 1020 1043 1024 1030 1020 1042 1023 1036 1025 1030 1020 1043 1024 1030 1020 1036 1025 1023 1009 1042 1023 1050 1022 1056 1026 1062 1027 1042 1023 1056 1026 1042 1023 1057 1028 1043 1024 1057 1028 1064 1029 1043 1024 1064 1029 1065 1030 1043 1024 1058 1031 1043 1024 1065 1030 1051 1032 1043 1024 1058 1031 1056 1026 1069 1033 1062 1027 1023 1009 1026 1008 1030 1020 1036 1025 1044 1034 1023 1009 1044 1034 1039 1035 1023 1009 1031 1036 1023 1009 1039 1035 1031 1036 1027 1037 1023 1009 1036 1025 1043 1024 1051 1032 1051 1032 1052 1038 1036 1025 1058 1031 1066 1039 1051 1032 1044 1034 1036 1025 1052 1038 1065 1030 1066 1039 1058 1031 1074 1040 1066 1039 1065 1030 1074 1040 1077 1041 1066 1039 1077 1041 1082 1042 1066 1039 1073 1043 1065 1030 1064 1029 1064 1029 1076 1044 1073 1043 1080 1045 1073 1043 1076 1044 1076 1044 1085 1046 1080 1045 1085 1046 1076 1044 1084 1047 1085 1046 1084 1047 1094 1048 1076 1044 1064 1029 1079 1049 1098 1050 1094 1048 1084 1047 1094 1048 1098 1050 1102 1051 1094 1048 1102 1051 1107 1052 1107 1052 1113 1053 1094 1048 1107 1052 1119 1054 1113 1053 1119 1054 1124 1055 1113 1053 1124 1055 1119 1054 1127 1056 1127 1056 1119 1054 1130 1057 1119 1054 1133 1058 1130 1057 1119 1054 1135 1059 1133 1058 1131 1060 1127 1056 1130 1057 1135 1059 1119 1054 1137 1061 1137 1061 1138 1062 1135 1059 1131 1060 1124 1055 1127 1056 1084 1047 1076 1044 1079 1049 1089 1063 1084 1047 1079 1049 1095 1064 1084 1047 1089 1063 1077 1041 1087 1065 1082 1042 1082 1042 1087 1065 1092 1066 1082 1042 1092 1066 1096 1067 1082 1042 1096 1067 1100 1068 1082 1042 1100 1068 1105 1069 1105 1069 1109 1070 1082 1042 1077 1041 1091 1071 1087 1065 1074 1040 1081 1072 1077 1041 1086 1073 1077 1041 1081 1072 1077 1041 1086 1073 1090 1074 1027 1037 1018 1010 1023 1009 1027 1037 1031 1036 1038 1075 1027 1037 1038 1075 1046 1076 1027 1037 1046 1076 1055 1077 1027 1037 1055 1077 1061 1078 1027 1037 1061 1078 1068 1079 1027 1037 1068 1079 1060 1080 1027 1037 1060 1080 1054 1081 1045 1082 1027 1037 1054 1081 1045 1082 1037 1083 1027 1037 1037 1083 1028 1084 1027 1037 1095 1064 1098 1050 1084 1047 1103 1085 1098 1050 1095 1064 1103 1085 1102 1051 1098 1050 1111 1086 1102 1051 1103 1085 1095 1064 1104 1087 1103 1085 1104 1087 1114 1088 1103 1085 1104 1087 1095 1064 1099 1089 1104 1087 1099 1089 1108 1090 1108 1090 1115 1091 1104 1087 1115 1091 1121 1092 1104 1087 1121 1092 1125 1093 1104 1087 1125 1093 1128 1094 1104 1087 1104 1087 1128 1094 1132 1095 1104 1087 1132 1095 1134 1096 1136 1097 1104 1087 1134 1096 1103 1085 1117 1098 1111 1086 1120 1099 1114 1088 1104 1087 1112 1100 1107 1052 1102 1051 1102 1051 1118 1101 1112 1100 1123 1102 1112 1100 1118 1101 1028 1084 1018 1010 1027 1037 1053 1103 1037 1083 1045 1082 1045 1082 1059 1104 1053 1103 1053 1103 1059 1104 1067 1105 1071 1106 1067 1105 1059 1104 1053 1103 1047 1107 1037 1083 1037 1083 1047 1107 1032 1108 1089 1063 1099 1089 1095 1064 1032 1108 1028 1084 1037 1083 1032 1108 1022 1013 1028 1084 1057 1028 1042 1023 1063 1109 1022 1013 1018 1010 1028 1084 1063 1109 1042 1023 1070 1110 1070 1110 1072 1111 1063 1109 1063 1109 1072 1111 1075 1112 1075 1112 1072 1111 1078 1113 1075 1112 1078 1113 1083 1114 1075 1112 1083 1114 1088 1115 1075 1112 1088 1115 1093 1116 1075 1112 1093 1116 1097 1117 1075 1112 1097 1117 1101 1118 1075 1112 1101 1118 1106 1119 1110 1120 1075 1112 1106 1119 1110 1120 1116 1121 1075 1112 1122 1122 1075 1112 1116 1121 1122 1122 1126 1123 1075 1112 1122 1122 1129 1124 1126 1123 837 811 845 1125 842 812 842 812 845 1125 851 1126 845 1125 856 1127 851 1126 856 1127 845 1125 860 1128 860 1128 863 1129 856 1127 860 1128 867 1130 863 1129 860 1128 871 1131 867 1130 860 1128 875 1132 871 1131 860 1128 879 1133 875 1132 879 1133 860 1128 883 1134 860 1128 888 1135 883 1134 233 452 1139 1136 1140 1137 1139 1138 1141 1138 1140 1138 1142 1139 1143 1140 1144 1141 1146 1142 1142 1139 1144 1141 1149 1143 1142 1139 1146 1142 1153 1144 1142 1139 1149 1143 1142 1139 1153 1144 1157 1145 1146 1142 1154 1146 1149 1143 1154 1146 1159 1147 1149 1143 1149 1143 1159 1147 1166 1148 1162 1149 1157 1145 1153 1144 1157 1145 1162 1149 1171 1150 1157 1145 1171 1150 1184 1151 1184 1151 1200 1152 1157 1145 1157 1145 1200 1152 1217 1153 1144 1141 1150 1154 1146 1142 1145 1155 1144 1141 1143 1140 1144 1141 1145 1155 1147 1156 1147 1156 1145 1155 1151 1157 1156 1158 1147 1156 1151 1157 1161 1159 1156 1158 1151 1157 1161 1159 1169 1160 1156 1158 1182 1161 1169 1160 1161 1159 1151 1157 1170 1162 1161 1159 1159 1147 1154 1146 1165 1163 1165 1163 1177 1164 1159 1147 1191 1165 1159 1147 1177 1164 1208 1166 1159 1147 1191 1165 1230 1167 1159 1147 1208 1166 1230 1167 1182 1161 1159 1147 1182 1161 1192 1168 1159 1147 1192 1168 1178 1169 1159 1147 1145 1155 1143 1140 1148 1170 1145 1155 1148 1170 1152 1171 1155 1172 1145 1155 1152 1171 1216 1173 1200 1152 1184 1151 1200 1152 1216 1173 1211 1174 1184 1151 1199 1175 1216 1173 1216 1173 1199 1175 1240 1176 1240 1176 1267 1177 1216 1173 1267 1177 1236 1178 1216 1173 1161 1159 1197 1179 1182 1161 1182 1161 1230 1167 1258 1180 1197 1179 1213 1181 1182 1161 1182 1161 1213 1181 1231 1182 1199 1175 1184 1151 1171 1150 1240 1176 1266 1183 1267 1177 1267 1177 1266 1183 1330 1184 1267 1177 1330 1184 1360 1185 1292 1186 1267 1177 1360 1185 1155 1172 1151 1157 1145 1155 1151 1157 1155 1172 1160 1187 1151 1157 1160 1187 1168 1188 1198 1189 1199 1175 1171 1150 1266 1183 1329 1190 1330 1184 1330 1184 1329 1190 1391 1191 1329 1190 1411 1192 1391 1191 1411 1192 1435 1193 1391 1191 1460 1194 1391 1191 1435 1193 1198 1189 1240 1176 1199 1175 1240 1176 1198 1189 1266 1183 1265 1195 1266 1183 1198 1189 1329 1190 1266 1183 1265 1195 1328 1196 1329 1190 1265 1195 1390 1197 1329 1190 1328 1196 1267 1177 1292 1186 1236 1178 1216 1173 1236 1178 1211 1174 1198 1189 1239 1198 1265 1195 1239 1198 1297 1199 1265 1195 1171 1150 1183 1200 1198 1189 1183 1200 1215 1201 1198 1189 1171 1150 1162 1149 1183 1200 1215 1201 1239 1198 1198 1189 1215 1201 1238 1202 1239 1198 1296 1203 1239 1198 1238 1202 1239 1198 1296 1203 1327 1204 1238 1202 1215 1201 1183 1200 1186 1205 1183 1200 1162 1149 1183 1200 1186 1205 1214 1206 1238 1202 1263 1207 1296 1203 1296 1203 1263 1207 1326 1208 1296 1203 1326 1208 1365 1209 1214 1206 1238 1202 1183 1200 1292 1186 1360 1185 1318 1210 1318 1210 1234 1211 1292 1186 1292 1186 1234 1211 1236 1178 1234 1211 1195 1212 1236 1178 1237 1213 1214 1206 1186 1205 1263 1207 1214 1206 1237 1213 1390 1197 1411 1192 1329 1190 1236 1178 1195 1212 1211 1174 1195 1212 1155 1172 1211 1174 1265 1195 1297 1199 1328 1196 1324 1214 1326 1208 1263 1207 1324 1214 1388 1215 1326 1208 1388 1215 1389 1216 1326 1208 1264 1217 1263 1207 1237 1213 1263 1207 1238 1202 1214 1206 1327 1204 1297 1199 1239 1198 1435 1193 1485 1218 1460 1194 1460 1194 1485 1218 1432 1219 1460 1194 1432 1219 1409 1220 1385 1221 1409 1220 1432 1219 1385 1221 1293 1222 1409 1220 1293 1222 1431 1223 1409 1220 1409 1220 1431 1223 1459 1224 1409 1220 1459 1224 1484 1225 1510 1226 1409 1220 1484 1225 1537 1227 1409 1220 1510 1226 1557 1228 1409 1220 1537 1227 1582 1229 1409 1220 1557 1228 1608 1230 1409 1220 1582 1229 1638 1231 1409 1220 1608 1230 1264 1217 1237 1213 1186 1205 1410 1232 1388 1215 1324 1214 1433 1233 1388 1215 1410 1232 1434 1234 1388 1215 1433 1233 1293 1222 1385 1221 1361 1235 1293 1222 1361 1235 1319 1236 1293 1222 1319 1236 1260 1237 1293 1222 1260 1237 1234 1211 1263 1207 1264 1217 1324 1214 1325 1238 1324 1214 1264 1217 1264 1217 1290 1239 1325 1238 1290 1239 1315 1240 1325 1238 1321 1241 1325 1238 1315 1240 1294 1242 1325 1238 1321 1241 1294 1242 1386 1243 1325 1238 1386 1243 1294 1242 1362 1244 1386 1243 1362 1244 1410 1232 1433 1233 1489 1245 1434 1234 1388 1215 1434 1234 1389 1216 1210 1246 1294 1242 1321 1241 1260 1237 1294 1242 1210 1246 1320 1247 1294 1242 1260 1237 1324 1214 1386 1243 1410 1232 1324 1214 1325 1238 1386 1243 1320 1247 1362 1244 1294 1242 1362 1244 1433 1233 1410 1232 1362 1244 1462 1248 1433 1233 1462 1248 1488 1249 1433 1233 1321 1241 1315 1240 1357 1250 1357 1250 1363 1251 1321 1241 1487 1252 1462 1248 1362 1244 1487 1252 1512 1253 1462 1248 1264 1217 1186 1205 1290 1239 1186 1205 1193 1254 1290 1239 1193 1254 1315 1240 1290 1239 1326 1208 1389 1216 1365 1209 1357 1250 1315 1240 1193 1254 1193 1254 1383 1255 1357 1250 1296 1203 1365 1209 1327 1204 1321 1241 1363 1251 1210 1246 1210 1246 1195 1212 1234 1211 1357 1250 1383 1255 1363 1251 1433 1233 1488 1249 1489 1245 1512 1253 1488 1249 1462 1248 1511 1256 1512 1253 1487 1252 1167 1257 1160 1187 1155 1172 1155 1172 1180 1258 1167 1257 1180 1258 1196 1259 1167 1257 1196 1259 1193 1254 1167 1257 1179 1260 1167 1257 1193 1254 1234 1211 1260 1237 1210 1246 1385 1221 1432 1219 1461 1261 1486 1262 1385 1221 1461 1261 1461 1261 1511 1256 1486 1262 1486 1262 1511 1256 1487 1252 1195 1212 1180 1258 1155 1172 1195 1212 1210 1246 1180 1258 1210 1246 1235 1263 1180 1258 1160 1187 1181 1264 1168 1188 1160 1187 1167 1257 1179 1260 1194 1265 1160 1187 1179 1260 1209 1266 1179 1260 1193 1254 1151 1157 1168 1188 1170 1162 1179 1260 1209 1266 1194 1265 1233 1267 1194 1265 1209 1266 1194 1265 1233 1267 1212 1268 1194 1265 1212 1268 1181 1264 1232 1269 1193 1254 1186 1205 1194 1265 1181 1264 1160 1187 1193 1254 1232 1269 1209 1266 1259 1270 1209 1266 1232 1269 1212 1268 1233 1267 1261 1271 1259 1270 1233 1267 1209 1266 1259 1270 1291 1272 1233 1267 1245 1273 1259 1270 1232 1269 1316 1274 1259 1270 1245 1273 1259 1270 1317 1275 1291 1272 1359 1276 1291 1272 1317 1275 1233 1267 1291 1272 1261 1271 1291 1272 1322 1277 1261 1271 1245 1273 1232 1269 1186 1205 1220 1278 1245 1273 1186 1205 1259 1270 1358 1279 1317 1275 1259 1270 1384 1280 1358 1279 1259 1270 1408 1281 1384 1280 1259 1270 1430 1282 1408 1281 1364 1283 1322 1277 1291 1272 1202 1284 1220 1278 1186 1205 1202 1284 1244 1285 1220 1278 1244 1285 1274 1286 1220 1278 1303 1287 1220 1278 1274 1286 1338 1288 1303 1287 1274 1286 1373 1289 1338 1288 1274 1286 1274 1286 1372 1290 1373 1289 1372 1290 1419 1291 1373 1289 1373 1289 1419 1291 1444 1292 1419 1291 1471 1293 1444 1292 1443 1294 1419 1291 1372 1290 1471 1293 1419 1291 1443 1294 1499 1295 1471 1293 1443 1294 1274 1286 1244 1285 1302 1296 1337 1297 1274 1286 1302 1296 1522 1298 1499 1295 1443 1294 1522 1298 1544 1299 1499 1295 1337 1297 1372 1290 1274 1286 1372 1290 1472 1300 1443 1294 1472 1300 1501 1301 1443 1294 1443 1294 1501 1301 1524 1302 1162 1149 1172 1303 1186 1205 1153 1144 1172 1303 1162 1149 1158 1304 1153 1144 1149 1143 1163 1305 1153 1144 1158 1304 1173 1306 1153 1144 1163 1305 1153 1144 1173 1306 1187 1307 1187 1307 1185 1308 1153 1144 1164 1309 1158 1304 1149 1143 1164 1309 1149 1143 1176 1310 1176 1310 1175 1311 1164 1309 1175 1311 1176 1310 1207 1312 1207 1312 1227 1313 1175 1311 1227 1313 1206 1314 1175 1311 1174 1315 1175 1311 1206 1314 1158 1304 1175 1311 1174 1315 1206 1314 1227 1313 1254 1316 1228 1317 1206 1314 1254 1316 1176 1310 1149 1143 1190 1318 1176 1310 1229 1319 1207 1312 1207 1312 1229 1319 1255 1320 1255 1320 1256 1321 1207 1312 1207 1312 1256 1321 1227 1313 1287 1322 1227 1313 1256 1321 1286 1323 1227 1313 1287 1322 1312 1324 1287 1322 1256 1321 1312 1324 1354 1325 1287 1322 1353 1326 1287 1322 1354 1325 1286 1323 1254 1316 1227 1313 1286 1323 1287 1322 1353 1326 1353 1326 1381 1327 1286 1323 1166 1148 1159 1147 1178 1169 1164 1309 1175 1311 1158 1304 1256 1321 1314 1328 1312 1324 1312 1324 1314 1328 1356 1329 1407 1330 1312 1324 1356 1329 1429 1331 1312 1324 1407 1330 1407 1330 1458 1332 1429 1331 1483 1333 1458 1332 1407 1330 1509 1334 1458 1332 1483 1333 1483 1333 1536 1335 1509 1334 1508 1336 1509 1334 1536 1335 1482 1337 1509 1334 1508 1336 1457 1338 1482 1337 1508 1336 1379 1339 1482 1337 1457 1338 1379 1339 1457 1338 1427 1340 1427 1340 1380 1341 1379 1339 1379 1339 1380 1341 1311 1342 1380 1341 1352 1343 1311 1342 1352 1343 1284 1344 1311 1342 1228 1317 1311 1342 1284 1344 1311 1342 1228 1317 1351 1345 1352 1343 1350 1346 1284 1344 1284 1344 1350 1346 1283 1347 1283 1347 1225 1348 1284 1344 1284 1344 1225 1348 1228 1317 1174 1315 1228 1317 1225 1348 1379 1339 1311 1342 1351 1345 1351 1345 1406 1349 1379 1339 1406 1349 1351 1345 1428 1350 1482 1337 1556 1351 1509 1334 1556 1351 1482 1337 1581 1352 1256 1321 1355 1353 1314 1328 1314 1328 1355 1353 1192 1168 1314 1328 1192 1168 1288 1354 1192 1168 1182 1161 1231 1182 1257 1355 1192 1168 1231 1182 1225 1348 1283 1347 1252 1356 1205 1357 1225 1348 1252 1356 1508 1336 1535 1358 1457 1338 1225 1348 1205 1357 1174 1315 1174 1315 1163 1305 1158 1304 1174 1315 1206 1314 1228 1317 1189 1359 1174 1315 1205 1357 1257 1355 1288 1354 1192 1168 1288 1354 1257 1355 1313 1360 1356 1329 1378 1361 1407 1330 1378 1361 1456 1362 1407 1330 1378 1361 1481 1363 1456 1362 1314 1328 1288 1354 1356 1329 1382 1364 1356 1329 1288 1354 1356 1329 1382 1364 1348 1365 1347 1366 1356 1329 1348 1365 1310 1367 1347 1366 1348 1365 1347 1366 1310 1367 1282 1368 1309 1369 1347 1366 1282 1368 1378 1361 1347 1366 1309 1369 1276 1370 1310 1367 1348 1365 1276 1370 1251 1371 1310 1367 1378 1361 1356 1329 1347 1366 1378 1361 1309 1369 1346 1372 1378 1361 1346 1372 1405 1373 1346 1372 1426 1374 1405 1373 1455 1375 1405 1373 1426 1374 1426 1374 1346 1372 1404 1376 1426 1374 1404 1376 1454 1377 1454 1377 1480 1378 1426 1374 1480 1378 1455 1375 1426 1374 1480 1378 1507 1379 1455 1375 1455 1375 1507 1379 1534 1380 1534 1380 1555 1381 1455 1375 1580 1382 1455 1375 1555 1381 1250 1383 1346 1372 1309 1369 1250 1383 1345 1384 1346 1372 1346 1372 1345 1384 1404 1376 1403 1385 1404 1376 1345 1384 1404 1376 1403 1385 1453 1386 1250 1383 1309 1369 1282 1368 1507 1379 1535 1358 1534 1380 1251 1371 1282 1368 1310 1367 1282 1368 1251 1371 1224 1387 1251 1371 1276 1370 1173 1306 1257 1355 1231 1182 1289 1388 1276 1370 1257 1355 1289 1388 1454 1377 1404 1376 1453 1386 1508 1336 1534 1380 1535 1358 1250 1383 1281 1389 1345 1384 1345 1384 1281 1389 1349 1390 1345 1384 1349 1390 1403 1385 1224 1387 1250 1383 1282 1368 1204 1391 1250 1383 1224 1387 1249 1392 1250 1383 1204 1391 1251 1371 1173 1306 1224 1387 1349 1390 1281 1389 1285 1393 1250 1383 1249 1392 1281 1389 1249 1392 1223 1394 1281 1389 1281 1389 1223 1394 1226 1395 1223 1394 1249 1392 1204 1391 1173 1306 1204 1391 1224 1387 1173 1306 1188 1396 1204 1391 1281 1389 1226 1395 1285 1393 1226 1395 1253 1397 1285 1393 1189 1359 1226 1395 1223 1394 1188 1396 1223 1394 1204 1391 1253 1397 1226 1395 1205 1357 1231 1182 1295 1398 1289 1388 1306 1399 1289 1388 1295 1398 1188 1396 1173 1306 1163 1305 1163 1305 1189 1359 1188 1396 1213 1181 1262 1400 1231 1182 1205 1357 1226 1395 1189 1359 1205 1357 1252 1356 1253 1397 1223 1394 1188 1396 1189 1359 1163 1305 1174 1315 1189 1359 1348 1365 1313 1360 1276 1370 1231 1182 1262 1400 1295 1398 1289 1388 1306 1399 1276 1370 1262 1400 1323 1401 1295 1398 1323 1401 1343 1402 1295 1398 1276 1370 1313 1360 1257 1355 1306 1399 1247 1403 1276 1370 1343 1402 1306 1399 1295 1398 1306 1399 1343 1402 1277 1404 1387 1405 1343 1402 1323 1401 1387 1405 1377 1406 1343 1402 1277 1404 1247 1403 1306 1399 1277 1404 1221 1407 1247 1403 1173 1306 1247 1403 1221 1407 1173 1306 1276 1370 1247 1403 1173 1306 1221 1407 1203 1408 1173 1306 1203 1408 1187 1307 1343 1402 1377 1406 1277 1404 1377 1406 1342 1409 1277 1404 1342 1409 1278 1410 1277 1404 1387 1405 1425 1411 1377 1406 1452 1412 1377 1406 1425 1411 1479 1413 1377 1406 1452 1412 1478 1414 1377 1406 1479 1413 1450 1415 1377 1406 1478 1414 1424 1416 1377 1406 1450 1415 1402 1417 1377 1406 1424 1416 1221 1407 1277 1404 1278 1410 1248 1418 1221 1407 1278 1410 1402 1417 1342 1409 1377 1406 1451 1419 1425 1411 1387 1405 1203 1408 1221 1407 1248 1418 1203 1408 1248 1418 1222 1420 1248 1418 1278 1410 1307 1421 1344 1422 1248 1418 1307 1421 1248 1418 1344 1422 1308 1423 1248 1418 1308 1423 1279 1424 1187 1307 1218 1425 1185 1308 1203 1408 1222 1420 1187 1307 1222 1420 1241 1426 1187 1307 1185 1308 1218 1425 1201 1427 1185 1308 1201 1427 1172 1303 1172 1303 1153 1144 1185 1308 1201 1427 1219 1428 1172 1303 1172 1303 1219 1428 1202 1284 1202 1284 1273 1429 1244 1285 1202 1284 1186 1205 1172 1303 1219 1428 1246 1430 1202 1284 1372 1290 1500 1431 1472 1300 1279 1424 1222 1420 1248 1418 1279 1424 1280 1432 1222 1420 1522 1298 1443 1294 1524 1302 1522 1298 1524 1302 1571 1433 1522 1298 1571 1433 1570 1434 1500 1431 1501 1301 1472 1300 1372 1290 1523 1435 1500 1431 1523 1435 1372 1290 1545 1436 1545 1436 1573 1437 1523 1435 1546 1438 1523 1435 1573 1437 1546 1438 1573 1437 1598 1439 1574 1440 1546 1438 1598 1439 1574 1440 1500 1431 1546 1438 1598 1439 1573 1437 1628 1441 1629 1442 1598 1439 1628 1441 1500 1431 1523 1435 1546 1438 1659 1443 1628 1441 1573 1437 1693 1444 1628 1441 1659 1443 1722 1445 1628 1441 1693 1444 1573 1437 1694 1446 1659 1443 1723 1447 1659 1443 1694 1446 1659 1443 1723 1447 1753 1448 1659 1443 1753 1448 1787 1449 1787 1449 1827 1450 1659 1443 1827 1450 1787 1449 1866 1451 1827 1450 1866 1451 1913 1452 1949 1453 1913 1452 1866 1451 1988 1454 1913 1452 1949 1453 1574 1440 1598 1439 1629 1442 1574 1440 1629 1442 1660 1455 1695 1456 1574 1440 1660 1455 1949 1453 2022 1457 1988 1454 2022 1457 2048 1458 1988 1454 2048 1458 2072 1459 1988 1454 1988 1454 2072 1459 2093 1460 2093 1460 2111 1461 1988 1454 1720 1462 1695 1456 1660 1455 1720 1462 1595 1463 1695 1456 1597 1464 1573 1437 1545 1436 1597 1464 1627 1465 1573 1437 1658 1466 1627 1465 1597 1464 1627 1465 1658 1466 1692 1467 1627 1465 1692 1467 1721 1468 1627 1465 1721 1468 1752 1469 1721 1468 1751 1470 1752 1469 1824 1471 1752 1469 1751 1470 1783 1472 1824 1471 1751 1470 1824 1471 1783 1472 1819 1473 1824 1471 1819 1473 1826 1474 1819 1473 1821 1475 1826 1474 1907 1476 1826 1474 1821 1475 1865 1477 1826 1474 1907 1476 1948 1478 1865 1477 1907 1476 1865 1477 1948 1478 1911 1479 1786 1480 1865 1477 1911 1479 1865 1477 1786 1480 1826 1474 1826 1474 1786 1480 1752 1469 1786 1480 1911 1479 1864 1481 1825 1482 1786 1480 1864 1481 1825 1482 1627 1465 1786 1480 1826 1474 1752 1469 1824 1471 1825 1482 1864 1481 1912 1483 1825 1482 1912 1483 1910 1484 1825 1482 1910 1484 1863 1485 1627 1465 1825 1482 1863 1485 1786 1480 1627 1465 1752 1469 1948 1478 1907 1476 1986 1486 1948 1478 1986 1486 2021 1487 2021 1487 2047 1488 1948 1478 1948 1478 2047 1488 2069 1489 2091 1490 1948 1478 2069 1489 2088 1491 2069 1489 2047 1488 2069 1489 2088 1491 2045 1492 2069 1489 2045 1492 1987 1493 1821 1475 1822 1494 1907 1476 1908 1495 1907 1476 1822 1494 1819 1473 1748 1496 1821 1475 1748 1496 1749 1497 1821 1475 1819 1473 1783 1472 1748 1496 2047 1488 2021 1487 2070 1498 2070 1498 2090 1499 2047 1488 1748 1496 1783 1472 1718 1500 1748 1496 1718 1500 1690 1501 1986 1486 2018 1502 2021 1487 1986 1486 1907 1476 1908 1495 1946 1503 1986 1486 1908 1495 1861 1504 1908 1495 1822 1494 1749 1497 1822 1494 1821 1475 1784 1505 1822 1494 1749 1497 1749 1497 1748 1496 1690 1501 1690 1501 1719 1506 1749 1497 2021 1487 2089 1507 2070 1498 2089 1507 2108 1508 2070 1498 1908 1495 1861 1504 1946 1503 1861 1504 1906 1509 1946 1503 1985 1510 1946 1503 1906 1509 1985 1510 2018 1502 1946 1503 1822 1494 1784 1505 1861 1504 1784 1505 1818 1511 1861 1504 1986 1486 1946 1503 2018 1502 1749 1497 1719 1506 1784 1505 1784 1505 1719 1506 1747 1512 1690 1501 1718 1500 1594 1513 1690 1501 1594 1513 1657 1514 1784 1505 1747 1512 1818 1511 1818 1511 1747 1512 1782 1515 1818 1511 1782 1515 1823 1516 1906 1509 1818 1511 1823 1516 1818 1511 1906 1509 1861 1504 1823 1516 1909 1517 1906 1509 1719 1506 1690 1501 1657 1514 1689 1518 1719 1506 1657 1514 1782 1515 1747 1512 1691 1519 1689 1518 1747 1512 1719 1506 1985 1510 1906 1509 1909 1517 2072 1459 2048 1458 2092 1520 2110 1521 2072 1459 2092 1520 1595 1463 1571 1433 1524 1302 1691 1519 1595 1463 1720 1462 1656 1522 1595 1463 1691 1519 1595 1463 1656 1522 1626 1523 1689 1518 1691 1519 1747 1512 1750 1524 1691 1519 1720 1462 1750 1524 1720 1462 1785 1525 1823 1516 1750 1524 1785 1525 1785 1525 1862 1526 1823 1516 1823 1516 1862 1526 1909 1517 2109 1527 2110 1521 2092 1520 2110 1521 2109 1527 2122 1528 2108 1508 2122 1528 2109 1527 2109 1527 2090 1499 2108 1508 2089 1507 2122 1528 2108 1508 2109 1527 2092 1520 2071 1529 1689 1518 1657 1514 1625 1530 1689 1518 1656 1522 1691 1519 1625 1530 1656 1522 1689 1518 2048 1458 2071 1529 2092 1520 1656 1522 1570 1434 1626 1523 1570 1434 1656 1522 1625 1530 1657 1514 1594 1513 1625 1530 1595 1463 1626 1523 1571 1433 1594 1513 1570 1434 1625 1530 1570 1434 1544 1299 1522 1298 1544 1299 1570 1434 1594 1513 1626 1523 1570 1434 1571 1433 2047 1488 2090 1499 2088 1491 2090 1499 2070 1498 2108 1508 2109 1527 2071 1529 2090 1499 2071 1529 2048 1458 2022 1457 2045 1492 2019 1531 1987 1493 1912 1483 1864 1481 1947 1532 1987 1493 1947 1532 1864 1481 1754 1533 1723 1447 1694 1446 1754 1533 1694 1446 1788 1534 1754 1533 1788 1534 1828 1535 1867 1536 1754 1533 1828 1535 1828 1535 1914 1537 1867 1536 1910 1484 1867 1536 1914 1537 1718 1500 1783 1472 1820 1538 2019 1531 1947 1532 1987 1493 2020 1539 1987 1493 1864 1481 2046 1540 1987 1493 2020 1539 1721 1468 1596 1541 1751 1470 1721 1468 1692 1467 1596 1541 1863 1485 1910 1484 1914 1537 1545 1436 1572 1542 1597 1464 1692 1467 1658 1466 1596 1541 1597 1464 1572 1542 1596 1541 1372 1290 1572 1542 1545 1436 1596 1541 1658 1466 1597 1464 1596 1541 1572 1542 1372 1290 1302 1296 1336 1543 1337 1297 1336 1543 1400 1544 1337 1297 1337 1297 1400 1544 1420 1545 1446 1546 1337 1297 1420 1545 1420 1545 1474 1547 1446 1546 1474 1547 1420 1545 1502 1548 1474 1547 1502 1548 1527 1549 1527 1549 1502 1548 1549 1550 1548 1551 1549 1550 1502 1548 1548 1551 1602 1552 1549 1550 1602 1552 1548 1551 1601 1553 1601 1553 1667 1554 1602 1552 1666 1555 1667 1554 1601 1553 1601 1553 1633 1556 1666 1555 1502 1548 1526 1557 1548 1551 1548 1551 1526 1557 1576 1558 1473 1559 1502 1548 1420 1545 1576 1558 1601 1553 1548 1551 1420 1545 1400 1544 1445 1560 1420 1545 1445 1560 1473 1559 1449 1561 1445 1560 1400 1544 1336 1543 1375 1562 1400 1544 1400 1544 1375 1562 1423 1563 1273 1429 1301 1564 1244 1285 1301 1564 1273 1429 1336 1543 1273 1429 1305 1565 1336 1543 1301 1564 1336 1543 1371 1566 1371 1566 1336 1543 1399 1567 1399 1567 1336 1543 1418 1568 1418 1568 1336 1543 1442 1569 1442 1569 1336 1543 1470 1570 1336 1543 1498 1571 1470 1570 1445 1560 1449 1561 1473 1559 1473 1559 1526 1557 1502 1548 1449 1561 1525 1572 1473 1559 1473 1559 1525 1572 1526 1557 1526 1557 1600 1573 1576 1558 1526 1557 1525 1572 1575 1574 1400 1544 1423 1563 1449 1561 1423 1563 1477 1575 1449 1561 1477 1575 1506 1576 1449 1561 1506 1576 1533 1577 1449 1561 1449 1561 1533 1577 1547 1578 1525 1572 1449 1561 1547 1578 1554 1579 1525 1572 1547 1578 1599 1580 1525 1572 1554 1579 1246 1430 1273 1429 1202 1284 1246 1430 1219 1428 1275 1581 1246 1430 1275 1581 1304 1582 1246 1430 1304 1582 1340 1583 1340 1583 1341 1584 1246 1430 1305 1565 1246 1430 1341 1584 1547 1578 1533 1577 1554 1579 1599 1580 1554 1579 1630 1585 1599 1580 1630 1585 1662 1586 1506 1576 1554 1579 1533 1577 1554 1579 1506 1576 1553 1587 1554 1579 1553 1587 1607 1588 1575 1574 1525 1572 1599 1580 1599 1580 1631 1589 1575 1574 1664 1590 1575 1574 1631 1589 1630 1585 1554 1579 1661 1591 1532 1592 1506 1576 1477 1575 1477 1575 1553 1587 1532 1592 1305 1565 1375 1562 1336 1543 1305 1565 1376 1593 1375 1562 1376 1593 1422 1594 1375 1562 1341 1584 1376 1593 1305 1565 1305 1565 1273 1429 1246 1430 1632 1595 1576 1558 1600 1573 1632 1595 1665 1596 1576 1558 1633 1556 1576 1558 1665 1596 1600 1573 1526 1557 1575 1574 1552 1597 1553 1587 1477 1575 1553 1587 1506 1576 1532 1592 1606 1598 1553 1587 1552 1597 1422 1594 1423 1563 1375 1562 1422 1594 1476 1599 1423 1563 1505 1600 1423 1563 1476 1599 1476 1599 1530 1601 1505 1600 1551 1602 1505 1600 1530 1601 1551 1602 1531 1603 1505 1600 1505 1600 1531 1603 1477 1575 1530 1601 1476 1599 1550 1604 1550 1604 1528 1605 1530 1601 1530 1601 1528 1605 1543 1606 1530 1601 1543 1606 1577 1607 1476 1599 1422 1594 1504 1608 1504 1608 1529 1609 1476 1599 1423 1563 1505 1600 1477 1575 1376 1593 1374 1610 1422 1594 1374 1610 1448 1611 1422 1594 1606 1598 1607 1588 1553 1587 1374 1610 1421 1612 1448 1611 1421 1612 1475 1613 1448 1611 1503 1614 1543 1606 1528 1605 1503 1614 1469 1615 1543 1606 1469 1615 1569 1616 1543 1606 1637 1617 1607 1588 1606 1598 1673 1618 1607 1588 1637 1617 1731 1619 1607 1588 1673 1618 1607 1588 1731 1619 1764 1620 1475 1613 1528 1605 1550 1604 1578 1621 1531 1603 1551 1602 1531 1603 1552 1597 1477 1575 1531 1603 1578 1621 1579 1622 1421 1612 1447 1623 1475 1613 1447 1623 1503 1614 1475 1613 1577 1607 1551 1602 1530 1601 1603 1624 1551 1602 1577 1607 1604 1625 1551 1602 1603 1624 1579 1622 1552 1597 1531 1603 1552 1597 1637 1617 1606 1598 1552 1597 1579 1622 1605 1626 1401 1627 1421 1612 1374 1610 1374 1610 1341 1584 1340 1583 1475 1613 1503 1614 1528 1605 1447 1623 1421 1612 1401 1627 1417 1628 1447 1623 1401 1627 1417 1628 1469 1615 1447 1623 1605 1626 1637 1617 1552 1597 1339 1629 1401 1627 1374 1610 1401 1627 1339 1629 1398 1630 1304 1582 1275 1581 1339 1629 1304 1582 1374 1610 1340 1583 1339 1629 1374 1610 1304 1582 1339 1629 1275 1581 1335 1631 1577 1607 1543 1606 1569 1616 1624 1632 1577 1607 1569 1616 1624 1632 1654 1633 1577 1607 1634 1634 1577 1607 1654 1633 1673 1618 1637 1617 1605 1626 1673 1618 1605 1626 1704 1635 1731 1619 1673 1618 1765 1636 1764 1620 1731 1619 1798 1637 1663 1638 1631 1589 1599 1580 1663 1638 1599 1580 1697 1639 1725 1640 1663 1638 1697 1639 1631 1589 1663 1638 1696 1641 1696 1641 1664 1590 1631 1589 1663 1638 1724 1642 1696 1641 1665 1596 1698 1643 1633 1556 1798 1637 1731 1619 1840 1644 1840 1644 1878 1645 1798 1637 1878 1645 1923 1646 1798 1637 1878 1645 1962 1647 1923 1646 1765 1636 1673 1618 1799 1648 1839 1649 1765 1636 1799 1648 1704 1635 1605 1626 1671 1650 1671 1650 1730 1651 1704 1635 1605 1626 1636 1652 1671 1650 1636 1652 1703 1653 1671 1650 1840 1644 1839 1649 1878 1645 1839 1649 1799 1648 1730 1651 1878 1645 1839 1649 1922 1654 1730 1651 1797 1655 1839 1649 1878 1645 1922 1654 1996 1656 1876 1657 1839 1649 1797 1655 1878 1645 1996 1656 2031 1658 1671 1650 1703 1653 1730 1651 1763 1659 1730 1651 1703 1653 1922 1654 1839 1649 1876 1657 1876 1657 1961 1660 1922 1654 1997 1661 1922 1654 1961 1660 1877 1662 1876 1657 1797 1655 1996 1656 1922 1654 1997 1661 1797 1655 1730 1651 1763 1659 1838 1663 1797 1655 1763 1659 1763 1659 1703 1653 1729 1664 1729 1664 1796 1665 1763 1659 1996 1656 2057 1666 2031 1658 2077 1667 2031 1658 2057 1666 2098 1668 2031 1658 2077 1667 2098 1668 2114 1669 2031 1658 2126 1670 2114 1669 2098 1668 2114 1669 2126 1670 2133 1671 2140 1672 2114 1669 2133 1671 2133 1671 2145 1673 2140 1672 2149 1674 2140 1672 2145 1673 2149 1674 2145 1673 2153 1675 2157 1676 2149 1674 2153 1675 1636 1652 1729 1664 1703 1653 1797 1655 1838 1663 1877 1662 1876 1657 1877 1662 1961 1660 1763 1659 1796 1665 1838 1663 1838 1663 1796 1665 1875 1677 1874 1678 1875 1677 1796 1665 1874 1678 1958 1679 1875 1677 1958 1679 1874 1678 1915 1680 1950 1681 1958 1679 1915 1680 1868 1682 1950 1681 1915 1680 1868 1682 1916 1683 1950 1681 1916 1683 1868 1682 1726 1684 1916 1683 1726 1684 1951 1685 1990 1686 1916 1683 1951 1685 1989 1687 1950 1681 1916 1683 1916 1683 2024 1688 1989 1687 1989 1687 2023 1689 1950 1681 2023 1689 1989 1687 2029 1690 2023 1689 1958 1679 1950 1681 1959 1691 2023 1689 2029 1690 2029 1690 1989 1687 2073 1692 2055 1693 2029 1690 2073 1692 1994 1694 2029 1690 2055 1693 1868 1682 1829 1695 1726 1684 2029 1690 1994 1694 1959 1691 1994 1694 1921 1696 1959 1691 1921 1696 1875 1677 1959 1691 1958 1679 1959 1691 1875 1677 1959 1691 1958 1679 2023 1689 2055 1693 2054 1697 1994 1694 1995 1698 1994 1694 2054 1697 1726 1684 1698 1643 1665 1596 1829 1695 1789 1699 1726 1684 1726 1684 1789 1699 1755 1700 1915 1680 1874 1678 1837 1701 1915 1680 1829 1695 1868 1682 1915 1680 1837 1701 1829 1695 1994 1694 1995 1698 1921 1696 1960 1702 1921 1696 1995 1698 1921 1696 1960 1702 1838 1663 2054 1697 2056 1703 1995 1698 2056 1703 2030 1704 1995 1698 1829 1695 1837 1701 1762 1705 2054 1697 2096 1706 2056 1703 2096 1706 2076 1707 2056 1703 2030 1704 1960 1702 1995 1698 2076 1707 2030 1704 2056 1703 1838 1663 1875 1677 1921 1696 2054 1697 2113 1708 2096 1706 2054 1697 2124 1709 2113 1708 2113 1708 2124 1709 2132 1710 2138 1711 2132 1710 2124 1709 2132 1710 2125 1712 2113 1708 2125 1712 2096 1706 2113 1708 2096 1706 2125 1712 2099 1713 2096 1706 2099 1713 2097 1714 1795 1715 1837 1701 1874 1678 2076 1707 2096 1706 2097 1714 2057 1666 2076 1707 2097 1714 1796 1665 1795 1715 1874 1678 2099 1713 2057 1666 2097 1714 2094 1716 2073 1692 1989 1687 2057 1666 2099 1713 2077 1667 2057 1666 1996 1656 2076 1707 1729 1664 1795 1715 1796 1665 1729 1664 1762 1705 1795 1715 2132 1710 2139 1717 2125 1712 2139 1717 2132 1710 2144 1718 2148 1719 2139 1717 2144 1718 2148 1719 2144 1718 2152 1720 2156 1721 2148 1719 2152 1720 2152 1720 2160 1722 2156 1721 2156 1721 2160 1722 2166 1723 2172 1724 2166 1723 2160 1722 2166 1723 2172 1724 2176 1725 1829 1695 1762 1705 1789 1699 1762 1705 1837 1701 1795 1715 2176 1725 2172 1724 2180 1726 2184 1727 2176 1725 2180 1726 2184 1727 2180 1726 2185 1728 2185 1728 2177 1729 2184 1727 2177 1729 2185 1728 2181 1730 2181 1730 2173 1731 2177 1729 2173 1731 2161 1732 2177 1729 2173 1731 2167 1733 2161 1732 2161 1732 2167 1733 2157 1676 2153 1675 2161 1732 2157 1676 1755 1700 1698 1643 1726 1684 1633 1556 1601 1553 1576 1558 2152 1720 2165 1734 2160 1722 1636 1652 1605 1626 1579 1622 1636 1652 1762 1705 1729 1664 1636 1652 1579 1622 1672 1735 2165 1734 2171 1736 2160 1722 1579 1622 1578 1621 1635 1737 1578 1621 1670 1738 1635 1737 1702 1739 1670 1738 1578 1621 1551 1602 1604 1625 1578 1621 1603 1624 1668 1740 1604 1625 1668 1740 1700 1741 1604 1625 1700 1741 1727 1742 1604 1625 1604 1625 1727 1742 1759 1743 1699 1744 1668 1740 1603 1624 1603 1624 1701 1745 1699 1744 1603 1624 1669 1746 1701 1745 1701 1745 1669 1746 1728 1747 1701 1745 1728 1747 1761 1748 1794 1749 1761 1748 1728 1747 1794 1749 1728 1747 1793 1750 1793 1750 1728 1747 1760 1751 1760 1751 1834 1752 1793 1750 1760 1751 1872 1753 1834 1752 1834 1752 1872 1753 1919 1754 1919 1754 1956 1755 1834 1752 1761 1748 1794 1749 1835 1756 1761 1748 1835 1756 1873 1757 1761 1748 1873 1757 1920 1758 1701 1745 1761 1748 1790 1759 1701 1745 1790 1759 1757 1760 1757 1760 1699 1744 1701 1745 1757 1760 1756 1761 1699 1744 1699 1744 1756 1761 1700 1741 1790 1759 1761 1748 1836 1762 1757 1760 1790 1759 1832 1763 1830 1764 1757 1760 1832 1763 1956 1755 1919 1754 1992 1765 1992 1765 1944 1766 1956 1755 1903 1767 1956 1755 1944 1766 1634 1634 1603 1624 1577 1607 1760 1751 1728 1747 1669 1746 1669 1746 1603 1624 1634 1634 1920 1758 1873 1757 1957 1768 1920 1758 1957 1768 1993 1769 1920 1758 1993 1769 1952 1770 1952 1770 1832 1763 1920 1758 1832 1763 2025 1771 1920 1758 1700 1741 1756 1761 1758 1772 1700 1741 1668 1740 1699 1744 1756 1761 1757 1760 1830 1764 1830 1764 1831 1773 1756 1761 1832 1763 1952 1770 1917 1774 1832 1763 1917 1774 1830 1764 1830 1764 1917 1774 1918 1775 1993 1769 1957 1768 2028 1776 1993 1769 2049 1777 1952 1770 1993 1769 2028 1776 2053 1778 1758 1772 1727 1742 1700 1741 1758 1772 1756 1761 1831 1773 1831 1773 1791 1779 1758 1772 1830 1764 1918 1775 1831 1773 1831 1773 1918 1775 1869 1780 1953 1781 1918 1775 1917 1774 1727 1742 1758 1772 1791 1779 1791 1779 1792 1782 1727 1742 1991 1783 1917 1774 1952 1770 1917 1774 1991 1783 1953 1781 2027 1784 1953 1781 1991 1783 1953 1781 2027 1784 1954 1785 1954 1785 1869 1780 1953 1781 1918 1775 1953 1781 1869 1780 1869 1780 1954 1785 1870 1786 1870 1786 1791 1779 1869 1780 1952 1770 2026 1787 1991 1783 2026 1787 2051 1788 1991 1783 1991 1783 2051 1788 2074 1789 1791 1779 1831 1773 1869 1780 2050 1790 2026 1787 1952 1770 1870 1786 1792 1782 1791 1779 1870 1786 1833 1791 1792 1782 1792 1782 1833 1791 1759 1743 2027 1784 1991 1783 2074 1789 2026 1787 2075 1792 2051 1788 2075 1792 2026 1787 2095 1793 2026 1787 2112 1794 2095 1793 2026 1787 2123 1795 2112 1794 1954 1785 1955 1796 1870 1786 1871 1797 1870 1786 1955 1796 1870 1786 1871 1797 1833 1791 2015 1798 1955 1796 1954 1785 1954 1785 2052 1799 2015 1798 2052 1799 2014 1800 2015 1798 2066 1801 2014 1800 2052 1799 2066 1801 2041 1802 2014 1800 2066 1801 2086 1803 2041 1802 2041 1802 2086 1803 2042 1804 1980 1805 2041 1802 2042 1804 2041 1802 1980 1805 1981 1806 2041 1802 1981 1806 2014 1800 1981 1806 1941 1807 2014 1800 2086 1803 2107 1808 2042 1804 2121 1809 2042 1804 2107 1808 2131 1810 2042 1804 2121 1809 2042 1804 2131 1810 2137 1811 2015 1798 2014 1800 1941 1807 2015 1798 1941 1807 1904 1812 1955 1796 2015 1798 1904 1812 2013 1813 1980 1805 2042 1804 1980 1805 2013 1813 1898 1814 1898 1814 1899 1815 1980 1805 1981 1806 1980 1805 1899 1815 1941 1807 1856 1816 1904 1812 1904 1812 1871 1797 1955 1796 1904 1812 1856 1816 1816 1817 1859 1818 1904 1812 1816 1817 1781 1819 1859 1818 1816 1817 1871 1797 1859 1818 1781 1819 1859 1818 1871 1797 1904 1812 1781 1819 1759 1743 1871 1797 2065 1820 2013 1813 2042 1804 2013 1813 2043 1821 1898 1814 1899 1815 1898 1814 1813 1822 1899 1815 1941 1807 1981 1806 1899 1815 1813 1822 1856 1816 1833 1791 1871 1797 1759 1743 1941 1807 1899 1815 1856 1816 1856 1816 1813 1822 1779 1823 1856 1816 1779 1823 1900 1824 1900 1824 1779 1823 1942 1825 1942 1825 1779 1823 1982 1826 1759 1743 1727 1742 1792 1782 1855 1827 1813 1822 1898 1814 1855 1827 1745 1828 1813 1822 1813 1822 1745 1828 1779 1823 1745 1828 1686 1829 1779 1823 1779 1823 1686 1829 1746 1830 1746 1830 1817 1831 1779 1823 1816 1817 1817 1831 1746 1830 1779 1823 1817 1831 1860 1832 1779 1823 1860 1832 1905 1833 1779 1823 1905 1833 1945 1834 1779 1823 1945 1834 1984 1835 2017 1836 1779 1823 1984 1835 1686 1829 1717 1837 1746 1830 1746 1830 1717 1837 1781 1819 1746 1830 1781 1819 1816 1817 1745 1828 1855 1827 1814 1838 1814 1838 1855 1827 1901 1839 1745 1828 1814 1838 1780 1840 1716 1841 1745 1828 1780 1840 1686 1829 1745 1828 1716 1841 1653 1842 1686 1829 1716 1841 1686 1829 1653 1842 1623 1843 1780 1840 1814 1838 1857 1844 1902 1845 1857 1844 1814 1838 1902 1845 1814 1838 1943 1846 1814 1838 1983 1847 1943 1846 1983 1847 2016 1848 1943 1846 1983 1847 2044 1849 2016 1848 2044 1849 1983 1847 2067 1850 2016 1848 2044 1849 2068 1851 2068 1851 2044 1849 2087 1852 1858 1853 1780 1840 1857 1844 1815 1854 1780 1840 1858 1853 1815 1854 1716 1841 1780 1840 1653 1842 1716 1841 1687 1855 1569 1616 1653 1842 1687 1855 1858 1853 1903 1767 1815 1854 1687 1855 1716 1841 1688 1856 1944 1766 1815 1854 1903 1767 1688 1856 1716 1841 1624 1632 1655 1857 1688 1856 1624 1632 1688 1856 1655 1857 1569 1616 1655 1857 1624 1632 1569 1616 1624 1632 1669 1746 1654 1633 1624 1632 1716 1841 1669 1746 1654 1633 1669 1746 1634 1634 1686 1829 1623 1843 1717 1837 1569 1616 1687 1855 1688 1856 1623 1843 1653 1842 1569 1616 1623 1843 1569 1616 1593 1858 1503 1614 1447 1623 1469 1615 1469 1615 1593 1858 1569 1616 1469 1615 1622 1859 1593 1858 1401 1627 1398 1630 1417 1628 1398 1630 1370 1860 1417 1628 1441 1861 1417 1628 1370 1860 1398 1630 1339 1629 1335 1631 1275 1581 1219 1428 1272 1862 1275 1581 1243 1863 1335 1631 1335 1631 1243 1863 1370 1860 1243 1863 1275 1581 1272 1862 1441 1861 1469 1615 1417 1628 1440 1864 1441 1861 1370 1860 1441 1861 1440 1864 1468 1865 1468 1865 1521 1866 1441 1861 1468 1865 1520 1867 1521 1866 1568 1868 1521 1866 1520 1867 1520 1867 1560 1869 1568 1868 1568 1868 1560 1869 1620 1870 1568 1868 1620 1870 1651 1871 1651 1871 1620 1870 1679 1872 1679 1872 1713 1873 1651 1871 1713 1873 1684 1874 1651 1871 1713 1873 1714 1875 1684 1874 1714 1875 1713 1873 1743 1876 1713 1873 1811 1877 1743 1876 1743 1876 1811 1877 1812 1878 1777 1879 1743 1876 1812 1878 1854 1880 1777 1879 1812 1878 1897 1881 1854 1880 1812 1878 1884 1882 1854 1880 1897 1881 1568 1868 1743 1876 1777 1879 1812 1878 1811 1877 1896 1883 1853 1884 1811 1877 1713 1873 1853 1884 1894 1885 1811 1877 1811 1877 1894 1885 1938 1886 1940 1887 1811 1877 1938 1886 1895 1888 1853 1884 1713 1873 1895 1888 1939 1889 1853 1884 1939 1889 1937 1890 1853 1884 1937 1890 1894 1885 1853 1884 1894 1885 1937 1890 1975 1891 1975 1891 2008 1892 1894 1885 1894 1885 2008 1892 2038 1893 1714 1875 1743 1876 1568 1868 1684 1874 1714 1875 1568 1868 1812 1878 1896 1883 1897 1881 1979 1894 1897 1881 1896 1883 1979 1894 1896 1883 2012 1895 2012 1895 1896 1883 2040 1896 2040 1896 1896 1883 2064 1897 2064 1897 1896 1883 2039 1898 2011 1899 2039 1898 1896 1883 1896 1883 1978 1900 2011 1899 1964 1901 1884 1882 1897 1881 1896 1883 1940 1887 1978 1900 1978 1900 1940 1887 2010 1902 2010 1902 1966 1903 1978 1900 1965 1904 1978 1900 1966 1903 1964 1901 1978 1900 1965 1904 1965 1904 1926 1905 1964 1901 2009 1906 2010 1902 1940 1887 2009 1906 2033 1907 2010 1902 2010 1902 2033 1907 1999 1908 1976 1909 1938 1886 1894 1885 2010 1902 1999 1908 1966 1903 1966 1903 1999 1908 1927 1910 1927 1910 1885 1911 1966 1903 2033 1907 1967 1912 1999 1908 1966 1903 1885 1911 1965 1904 2009 1906 2079 1913 2033 1907 2034 1914 2033 1907 2079 1913 1926 1905 1965 1904 1885 1911 1844 1915 1926 1905 1885 1911 1926 1905 1844 1915 1884 1882 2079 1913 2009 1906 2106 1916 2063 1917 2038 1893 2008 1892 2038 1893 2063 1917 2085 1918 2038 1893 2085 1918 2105 1919 2085 1918 2063 1917 2104 1920 2120 1921 2085 1918 2104 1920 1938 1886 2009 1906 1940 1887 1896 1883 1811 1877 1940 1887 2033 1907 2034 1914 1967 1912 2000 1922 1967 1912 2034 1914 1967 1912 2000 1922 1846 1923 1846 1923 1927 1910 1967 1912 2079 1913 2101 1924 2034 1914 1897 1881 1979 1894 1964 1901 2101 1924 2080 1925 2034 1914 2034 1914 2080 1925 2059 1926 1999 1908 1967 1912 1927 1910 1927 1910 1846 1923 1845 1927 2117 1928 2101 1924 2079 1913 1845 1927 1885 1911 1927 1910 1845 1927 1804 1929 1885 1911 1885 1911 1804 1929 1844 1915 1804 1929 1736 1930 1844 1915 2034 1914 2059 1926 2000 1922 2101 1924 2118 1931 2080 1925 2101 1924 2129 1932 2118 1931 2101 1924 2135 1933 2129 1932 1770 1934 1845 1927 1846 1923 1845 1927 1770 1934 1769 1935 1845 1927 1769 1935 1804 1929 1846 1923 1805 1936 1770 1934 1886 1937 1805 1936 1846 1923 1805 1936 1886 1937 1887 1938 1805 1936 1887 1938 1806 1939 1806 1939 1737 1940 1805 1936 1770 1934 1805 1936 1737 1940 1708 1941 1770 1934 1737 1940 1886 1937 1968 1942 1887 1938 1930 1943 1887 1938 1968 1942 1887 1938 1930 1943 1850 1944 1968 1942 2003 1945 1930 1943 1930 1943 2003 1945 1931 1946 1849 1947 1930 1943 1931 1946 1769 1935 1770 1934 1708 1941 1736 1930 1769 1935 1708 1941 2003 1945 2036 1948 1931 1946 2060 1949 1931 1946 2036 1948 2081 1950 1931 1946 2060 1949 1931 1946 2081 1950 2102 1951 1850 1944 1930 1943 1849 1947 1850 1944 1849 1947 1773 1952 1773 1952 1806 1939 1850 1944 1887 1938 1850 1944 1806 1939 1806 1939 1773 1952 1738 1953 1890 1954 1849 1947 1931 1946 1849 1947 1890 1954 1774 1955 1806 1939 1738 1953 1737 1940 1737 1940 1738 1953 1677 1956 1890 1954 1931 1946 1971 1957 1708 1941 1737 1940 1677 1956 1584 1958 1708 1941 1677 1956 1890 1954 1888 1959 1774 1955 1888 1959 1972 1960 1774 1955 1774 1955 1773 1952 1849 1947 1710 1961 1773 1952 1774 1955 1969 1962 1888 1959 1890 1954 1969 1962 1890 1954 2004 1963 1928 1964 1888 1959 1969 1962 2001 1965 1928 1964 1969 1962 2001 1965 1969 1962 2035 1966 1847 1967 1888 1959 1928 1964 1739 1968 1888 1959 1847 1967 1736 1930 1708 1941 1584 1958 1736 1930 1804 1929 1769 1935 1773 1952 1710 1961 1738 1953 1710 1961 1678 1969 1738 1953 1678 1969 1677 1956 1738 1953 1677 1956 1678 1969 1644 1970 1964 1901 1926 1905 1884 1882 1710 1961 1774 1955 1741 1971 1710 1961 1741 1971 1645 1972 1977 1973 1939 1889 1895 1888 2002 1974 1977 1973 1895 1888 2002 1974 1929 1975 1977 1973 1929 1975 2002 1974 1970 1976 1889 1977 1929 1975 1970 1976 1889 1977 1809 1978 1929 1975 1889 1977 1848 1979 1809 1978 1740 1980 1809 1978 1848 1979 1740 1980 1772 1981 1809 1978 1709 1982 1772 1981 1740 1980 1709 1982 1771 1983 1772 1981 1709 1982 1739 1968 1771 1983 1740 1980 1679 1872 1709 1982 1645 1972 1709 1982 1679 1872 1646 1984 1679 1872 1620 1870 1646 1984 1611 1985 1679 1872 1646 1984 1560 1869 1611 1985 1560 1869 1585 1986 1611 1985 1645 1972 1611 1985 1585 1986 1645 1972 1679 1872 1611 1985 1645 1972 1585 1986 1678 1969 1645 1972 1678 1969 1710 1961 1585 1986 1644 1970 1678 1969 1560 1869 1539 1987 1585 1986 1585 1986 1539 1987 1584 1958 1739 1968 1645 1972 1741 1971 1709 1982 1645 1972 1739 1968 1741 1971 1807 1988 1739 1968 1584 1958 1644 1970 1585 1986 1739 1968 1808 1989 1771 1983 1847 1967 1808 1989 1739 1968 1560 1869 1646 1984 1620 1870 1568 1868 1651 1871 1684 1874 1559 1990 1584 1958 1539 1987 1584 1958 1677 1956 1644 1970 1884 1882 1844 1915 1736 1930 1560 1869 1514 1991 1539 1987 1539 1987 1514 1991 1491 1992 1491 1992 1513 1993 1539 1987 1778 1994 1568 1868 1777 1879 1568 1868 1778 1994 1744 1995 1568 1868 1744 1995 1715 1996 1568 1868 1715 1996 1685 1997 1568 1868 1685 1997 1652 1998 1568 1868 1652 1998 1621 1999 1568 1868 1621 1999 1592 2000 1539 1987 1513 1993 1559 1990 1558 2001 1559 1990 1513 1993 1559 1990 1558 2001 1610 2002 1559 1990 1610 2002 1643 2003 1643 2003 1676 2004 1559 1990 1676 2004 1707 2005 1559 1990 1676 2004 1735 2006 1707 2005 1735 2006 1768 2007 1707 2005 1768 2007 1735 2006 1803 2008 1803 2008 1843 2009 1768 2007 1843 2009 1803 2008 1883 2010 1883 2010 1925 2011 1843 2009 1491 1992 1437 2012 1513 1993 1437 2012 1538 2013 1513 1993 1558 2001 1642 2014 1610 2002 1437 2012 1516 2015 1538 2013 1538 2013 1516 2015 1562 2016 1562 2016 1586 2017 1538 2013 1538 2013 1586 2017 1583 2018 1583 2018 1558 2001 1538 2013 1592 2000 1521 1866 1568 1868 1513 1993 1538 2013 1558 2001 1558 2001 1583 2018 1609 2019 1640 2020 1558 2001 1609 2019 1520 1867 1514 1991 1560 1869 1586 2017 1562 2016 1561 2021 1586 2017 1641 2022 1583 2018 1561 2021 1641 2022 1586 2017 1561 2021 1680 2023 1641 2022 1680 2023 1675 2024 1641 2022 1680 2023 1561 2021 1711 2025 1680 2023 1711 2025 1734 2026 1641 2022 1675 2024 1583 2018 1675 2024 1639 2027 1583 2018 1562 2016 1516 2015 1561 2021 1516 2015 1515 2028 1561 2021 1734 2026 1711 2025 1775 2029 1802 2030 1734 2026 1775 2029 1767 2031 1734 2026 1802 2030 1767 2031 1675 2024 1734 2026 1675 2024 1680 2023 1734 2026 1516 2015 1492 2032 1515 2028 1464 2033 1515 2028 1492 2032 1464 2033 1493 2034 1515 2028 1493 2034 1517 2035 1515 2028 1515 2028 1517 2035 1494 2036 1517 2035 1412 2037 1494 2036 1412 2037 1465 2038 1494 2036 1518 2039 1494 2036 1465 2038 1540 2040 1494 2036 1518 2039 1518 2039 1564 2041 1540 2040 1587 2042 1540 2040 1564 2041 1564 2041 1614 2043 1587 2042 1587 2042 1614 2043 1612 2044 1612 2044 1614 2043 1682 2045 1612 2044 1563 2046 1587 2042 1587 2042 1563 2046 1540 2040 1612 2044 1647 2047 1563 2046 1647 2047 1612 2044 1681 2048 1564 2041 1518 2039 1567 2049 1567 2049 1613 2050 1564 2041 1563 2046 1494 2036 1540 2040 1563 2046 1515 2028 1494 2036 1588 2051 1515 2028 1563 2046 1616 2052 1588 2051 1563 2046 1515 2028 1588 2051 1615 2053 1516 2015 1437 2012 1492 2032 1639 2027 1609 2019 1583 2018 1639 2027 1675 2024 1705 2054 1705 2054 1674 2055 1639 2027 1517 2035 1493 2034 1412 2037 1412 2037 1493 2034 1464 2033 1437 2012 1464 2033 1492 2032 1775 2029 1851 2056 1802 2030 1802 2030 1851 2056 1892 2057 1802 2030 1892 2057 1881 2058 1802 2030 1881 2058 1842 2059 1891 2060 1851 2056 1775 2029 1932 2061 1851 2056 1891 2060 1767 2031 1802 2030 1842 2059 1767 2031 1842 2059 1882 2062 1567 2049 1518 2039 1542 2063 1542 2063 1591 2064 1567 2049 1567 2049 1591 2064 1619 2065 1613 2050 1567 2049 1619 2065 1619 2065 1683 2066 1613 2050 1613 2050 1683 2066 1712 2067 1712 2067 1683 2066 1742 2068 1742 2068 1776 2069 1712 2067 1712 2067 1776 2069 1810 2070 1810 2070 1852 2071 1712 2067 1893 2072 1712 2067 1852 2071 1712 2067 1893 2072 1935 2073 1776 2069 1733 2074 1810 2070 1810 2070 1733 2074 1800 2075 1879 2076 1810 2070 1800 2075 1852 2071 1810 2070 1879 2076 1934 2077 1852 2071 1879 2076 1934 2077 1936 2078 1852 2071 1936 2078 1934 2077 2005 2079 2005 2079 2006 2080 1936 2078 2006 2080 1974 2081 1936 2078 1893 2072 1936 2078 1974 2081 1852 2071 1936 2078 1893 2072 2007 2082 1893 2072 1974 2081 2005 2079 2061 2083 2006 2080 2006 2080 2061 2083 2037 2084 2037 2084 2061 2083 2082 2085 2082 2085 2083 2086 2037 2084 2083 2086 2062 2087 2037 2084 1974 2081 2037 2084 2062 2087 1733 2074 1766 2088 1800 2075 1766 2088 1801 2089 1800 2075 1879 2076 1800 2075 1801 2089 1879 2076 1801 2089 1880 2090 2062 2087 2083 2086 2103 2091 2083 2086 2119 2092 2103 2091 2119 2092 2130 2093 2103 2091 2130 2093 2119 2092 2100 2094 2128 2095 2130 2093 2100 2094 2103 2091 2130 2093 2136 2096 2136 2096 2143 2097 2103 2091 2116 2098 2119 2092 2083 2086 2128 2095 2100 2094 2115 2099 2127 2100 2128 2095 2115 2099 2141 2101 2128 2095 2127 2100 2116 2098 2100 2094 2119 2092 2116 2098 2078 2102 2100 2094 2078 2102 2058 2103 2100 2094 2078 2102 2082 2085 2061 2083 2062 2087 2084 2104 1974 2081 1974 2081 2006 2080 2037 2084 1879 2076 1880 2090 1934 2077 1880 2090 1963 2105 1934 2077 2032 2106 2061 2083 2005 2079 1934 2077 1963 2105 2005 2079 1801 2089 1766 2088 1732 2107 1732 2107 1841 2108 1801 2089 2032 2106 2078 2102 2061 2083 1801 2089 1841 2108 1880 2090 1880 2090 1841 2108 1924 2109 1963 2105 2032 2106 2005 2079 2032 2106 1963 2105 1998 2110 1998 2110 2058 2103 2032 2106 1924 2109 1963 2105 1880 2090 1766 2088 1733 2074 1706 2111 1766 2088 1706 2111 1732 2107 1674 2055 1732 2107 1706 2111 1733 2074 1609 2019 1706 2111 1998 2110 1963 2105 1924 2109 2058 2103 2115 2099 2100 2094 2078 2102 2032 2106 2058 2103 2127 2100 2115 2099 2058 2103 2127 2100 2058 2103 2134 2112 1706 2111 1609 2019 1674 2055 2142 2113 2134 2112 2058 2103 2141 2101 2127 2100 2134 2112 2141 2101 2134 2112 2146 2114 1705 2054 1732 2107 1674 2055 1851 2056 1933 2115 1892 2057 2134 2112 2150 2116 2146 2114 2146 2114 2150 2116 2154 2117 2147 2118 2143 2097 2136 2096 2150 2116 2158 2119 2154 2117 2147 2118 2151 2120 2143 2097 1639 2027 1674 2055 1609 2019 2150 2116 2162 2121 2158 2119 2158 2119 2162 2121 2168 2122 1973 2123 1935 2073 1893 2072 2174 2124 2168 2122 2162 2121 2174 2124 2178 2125 2168 2122 2178 2125 2174 2124 2182 2126 2182 2126 2186 2127 2178 2125 2186 2127 2182 2126 2188 2128 2188 2128 2190 2129 2186 2127 2190 2129 2189 2130 2186 2127 2190 2129 2191 2131 2189 2130 2187 2132 2189 2130 2191 2131 2183 2133 2189 2130 2187 2132 2187 2132 2179 2134 2183 2133 2175 2135 2183 2133 2179 2134 2175 2135 2179 2134 2169 2136 2169 2136 2163 2137 2175 2135 2169 2136 2159 2138 2163 2137 2163 2137 2159 2138 2155 2139 2155 2139 2159 2138 2151 2120 2147 2118 2155 2139 2151 2120 2151 2120 2159 2138 2164 2140 2170 2141 2164 2140 2159 2138 1591 2064 1542 2063 1618 2142 1618 2142 1649 2143 1591 2064 1591 2064 1649 2143 1650 2144 1650 2144 1619 2065 1591 2064 1464 2033 1437 2012 1412 2037 1542 2063 1648 2145 1618 2142 1465 2038 1412 2037 1438 2146 1414 2147 1465 2038 1438 2146 1496 2148 1465 2038 1414 2147 1542 2063 1617 2149 1648 2145 1412 2037 1437 2012 1392 2150 1412 2037 1392 2150 1366 2151 1590 2152 1617 2149 1542 2063 1542 2063 1566 2153 1590 2152 1496 2148 1542 2063 1518 2039 1496 2148 1518 2039 1465 2038 1414 2147 1495 2154 1496 2148 1414 2147 1438 2146 1366 2151 1393 2155 1414 2147 1366 2151 1414 2147 1393 2155 1439 2156 1414 2147 1439 2156 1466 2157 1496 2148 1495 2154 1541 2158 1496 2148 1541 2158 1565 2159 1496 2148 1565 2159 1589 2160 1566 2153 1496 2148 1589 2160 1280 1432 1241 1426 1222 1420 1366 2151 1438 2146 1412 2037 1280 1432 1393 2155 1366 2151 1366 2151 1331 2161 1280 1432 1280 1432 1331 2161 1268 2162 1393 2155 1280 1432 1413 2163 1268 2162 1241 1426 1280 1432 1218 1425 1241 1426 1268 2162 1495 2154 1414 2147 1466 2157 1542 2063 1496 2148 1566 2153 1298 2164 1218 1425 1268 2162 1218 1425 1298 2164 1299 2165 1299 2165 1270 2166 1218 1425 1218 1425 1270 2166 1242 2167 1187 1307 1241 1426 1218 1425 1332 2168 1268 2162 1331 2161 1392 2150 1331 2161 1366 2151 1331 2161 1392 2150 1394 2169 1437 2012 1491 1992 1436 2170 1332 2168 1331 2161 1394 2169 1332 2168 1394 2169 1333 2171 1436 2170 1394 2169 1392 2150 1394 2169 1436 2170 1463 2172 1436 2170 1392 2150 1437 2012 1491 1992 1514 1991 1436 2170 1519 2173 1436 2170 1514 1991 1268 2162 1332 2168 1298 2164 1514 1991 1497 2174 1519 2173 1415 2175 1519 2173 1497 2174 1299 2165 1298 2164 1333 2171 1394 2169 1395 2176 1333 2171 1367 2177 1333 2171 1395 2176 1367 2177 1300 2178 1333 2171 1300 2178 1270 2166 1333 2171 1415 2175 1367 2177 1395 2176 1415 2175 1369 2179 1367 2177 1497 2174 1514 1991 1520 1867 1467 2180 1497 2174 1520 1867 1467 2180 1415 2175 1497 2174 1463 2172 1436 2170 1490 2181 1415 2175 1467 2180 1416 2182 1201 1427 1243 1863 1219 1428 1333 2171 1270 2166 1299 2165 1367 2177 1369 2179 1300 2178 1369 2179 1334 2183 1300 2178 1334 2183 1242 2167 1300 2178 1369 2179 1415 2175 1416 2182 1416 2182 1397 2184 1369 2179 1467 2180 1468 1865 1416 2182 1242 2167 1334 2183 1368 2185 1242 2167 1201 1427 1218 1425 1201 1427 1242 2167 1269 2186 1396 2187 1242 2167 1368 2185 1271 2188 1243 1863 1201 1427 1243 1863 1272 1862 1219 1428 1370 1860 1398 1630 1335 1631 1370 1860 1368 2185 1334 2183 1334 2183 1397 2184 1370 1860 1397 2184 1440 1864 1370 1860 1468 1865 1467 2180 1520 1867 1468 1865 1440 1864 1416 2182 1270 2166 1300 2178 1242 2167 1369 2179 1397 2184 1334 2183 1416 2182 1440 1864 1397 2184 2192 2189 2193 2189 2194 2189 2195 2190 2196 2190 2197 2190 2198 2191 2199 2191 2200 2191 2201 2192 2202 2193 2203 2194 2203 2194 2204 2195 2201 2192 2205 2196 2201 2192 2204 2195 2206 2197 2201 2192 2205 2196 2207 2198 2201 2198 2206 2198 2208 2199 2201 2199 2207 2199 2209 2200 2210 2200 2211 2200 2212 2201 2213 2202 2214 2203 2214 2203 2213 2202 2215 2204 2217 2205 2214 2203 2215 2204 2217 2205 2220 2206 2214 2203 2215 2204 2213 2202 2216 2207 2216 2207 2219 2208 2215 2204 2221 2209 2215 2204 2219 2208 2219 2208 2228 2210 2221 2209 2228 2210 2225 2211 2221 2209 2221 2209 2225 2211 2217 2205 2215 2204 2221 2209 2217 2205 2225 2211 2224 2212 2217 2205 2232 2213 2228 2210 2219 2208 2228 2210 2232 2213 2240 2214 2236 2215 2228 2210 2240 2214 2213 2202 2218 2216 2216 2207 2223 2217 2216 2207 2218 2216 2240 2214 2232 2213 2245 2218 2249 2219 2240 2214 2245 2218 2243 2220 2245 2218 2232 2213 2257 2221 2245 2218 2243 2220 2259 2222 2245 2218 2257 2221 2216 2207 2223 2217 2219 2208 2227 2223 2219 2208 2223 2217 2228 2210 2236 2215 2225 2211 2235 2224 2225 2211 2236 2215 2240 2214 2249 2219 2236 2215 2249 2219 2248 2225 2236 2215 2232 2213 2219 2208 2227 2223 2232 2213 2227 2223 2239 2226 2257 2221 2272 2227 2259 2222 2275 2228 2259 2222 2272 2227 2263 2229 2259 2222 2275 2228 2259 2222 2263 2229 2249 2219 2232 2213 2239 2226 2243 2220 2225 2211 2235 2224 2224 2212 2234 2230 2224 2212 2235 2224 2234 2230 2229 2231 2224 2212 2229 2231 2220 2206 2224 2212 2245 2218 2259 2222 2249 2219 2235 2224 2236 2215 2248 2225 2255 2232 2235 2224 2248 2225 2263 2229 2248 2225 2249 2219 2264 2233 2248 2225 2263 2229 2275 2228 2272 2227 2287 2234 2287 2234 2272 2227 2296 2235 2272 2227 2304 2236 2296 2235 2311 2237 2304 2236 2272 2227 2311 2237 2319 2238 2304 2236 2319 2238 2311 2237 2324 2239 2308 2240 2319 2238 2324 2239 2315 2241 2319 2238 2308 2240 2298 2242 2315 2241 2308 2240 2298 2242 2308 2240 2281 2243 2281 2243 2289 2244 2298 2242 2289 2244 2281 2243 2274 2245 2244 2246 2274 2245 2281 2243 2244 2246 2268 2247 2274 2245 2258 2248 2268 2247 2244 2246 2268 2247 2258 2248 2273 2249 2273 2249 2258 2248 2267 2250 2273 2249 2267 2250 2280 2251 2280 2251 2288 2252 2273 2249 2297 2253 2288 2252 2280 2251 2307 2254 2288 2252 2297 2253 2314 2255 2307 2254 2297 2253 2314 2255 2309 2256 2307 2254 2317 2257 2307 2254 2309 2256 2309 2256 2302 2258 2317 2257 2323 2259 2317 2257 2302 2258 2327 2260 2323 2259 2302 2258 2302 2258 2330 2261 2327 2260 2330 2261 2332 2262 2327 2260 2330 2261 2333 2263 2332 2262 2331 2264 2332 2262 2333 2263 2312 2265 2296 2235 2304 2236 2331 2264 2333 2263 2322 2266 2329 2267 2331 2264 2322 2266 2329 2267 2322 2266 2325 2268 2329 2267 2325 2268 2321 2269 2321 2269 2325 2268 2320 2270 2320 2270 2305 2271 2321 2269 2321 2269 2305 2271 2312 2265 2296 2235 2312 2265 2305 2271 2305 2271 2287 2234 2296 2235 2305 2271 2320 2270 2313 2272 2316 2273 2320 2270 2325 2268 2287 2234 2291 2274 2275 2228 2313 2272 2287 2234 2305 2271 2313 2272 2320 2270 2316 2273 2316 2273 2325 2268 2322 2266 2276 2275 2275 2228 2291 2274 2291 2274 2287 2234 2306 2276 2306 2276 2300 2277 2291 2274 2291 2274 2300 2277 2282 2278 2300 2277 2316 2273 2322 2266 2319 2238 2315 2241 2312 2265 2319 2238 2312 2265 2304 2236 2263 2229 2276 2275 2264 2233 2263 2229 2275 2228 2276 2275 2276 2275 2291 2274 2282 2278 2276 2275 2282 2278 2260 2279 2326 2280 2300 2277 2322 2266 2300 2277 2306 2276 2316 2273 2264 2233 2276 2275 2260 2279 2260 2279 2246 2281 2264 2233 2264 2233 2246 2281 2255 2232 2224 2212 2220 2206 2217 2205 2255 2232 2248 2225 2264 2233 2229 2231 2234 2230 2233 2282 2229 2231 2233 2282 2220 2206 2260 2279 2282 2278 2292 2283 2234 2230 2246 2281 2233 2282 2246 2281 2253 2284 2233 2282 2247 2285 2233 2282 2253 2284 2247 2285 2241 2286 2233 2282 2260 2279 2253 2284 2246 2281 2220 2206 2233 2282 2241 2286 2253 2284 2260 2279 2262 2287 2282 2278 2301 2288 2292 2283 2301 2288 2294 2289 2292 2283 2303 2290 2294 2289 2301 2288 2303 2290 2286 2291 2294 2289 2279 2292 2294 2289 2286 2291 2294 2289 2279 2292 2285 2293 2271 2294 2285 2293 2279 2292 2285 2293 2271 2294 2270 2295 2283 2296 2285 2293 2270 2295 2283 2296 2270 2295 2261 2297 2261 2297 2277 2298 2283 2296 2262 2287 2277 2298 2261 2297 2247 2285 2262 2287 2261 2297 2283 2296 2277 2298 2285 2293 2295 2299 2286 2291 2303 2290 2295 2299 2256 2300 2286 2291 2286 2291 2256 2300 2279 2292 2328 2301 2308 2240 2324 2239 2227 2223 2223 2217 2231 2302 2218 2216 2226 2303 2223 2217 2218 2216 2213 2202 2222 2304 2302 2258 2309 2256 2256 2300 2244 2246 2252 2305 2258 2248 2244 2246 2281 2243 2290 2306 2299 2307 2290 2306 2281 2243 2256 2300 2271 2294 2279 2292 2256 2300 2266 2308 2271 2294 2226 2303 2231 2302 2223 2217 2231 2302 2239 2226 2227 2223 2239 2226 2231 2302 2244 2246 2226 2303 2238 2309 2231 2302 2302 2258 2256 2300 2295 2299 2295 2299 2310 2310 2302 2258 2295 2299 2318 2311 2310 2310 2247 2285 2253 2284 2262 2287 2254 2312 2247 2285 2261 2297 2218 2216 2222 2304 2226 2303 2222 2304 2230 2313 2226 2303 2261 2297 2270 2295 2278 2314 2269 2315 2261 2297 2278 2314 2258 2248 2252 2305 2267 2250 2231 2302 2252 2305 2244 2246 2230 2313 2238 2309 2226 2303 2238 2309 2230 2313 2242 2316 2251 2317 2238 2309 2242 2316 2251 2317 2256 2300 2238 2309 2266 2308 2256 2300 2251 2317 2251 2317 2265 2318 2266 2308 2266 2308 2265 2318 2270 2295 2222 2304 2237 2319 2230 2313 2237 2319 2242 2316 2230 2313 2237 2319 2250 2320 2242 2316 2237 2319 2265 2318 2251 2317 2250 2320 2251 2317 2242 2316 2251 2317 2250 2320 2237 2319 2265 2318 2237 2319 2270 2295 2266 2308 2270 2295 2271 2294 2254 2312 2241 2286 2247 2285 2261 2297 2269 2315 2254 2312 2269 2315 2278 2314 2284 2321 2270 2295 2293 2322 2278 2314 2293 2322 2284 2321 2278 2314 2334 2323 2335 2323 2336 2323 2337 2324 2338 2324 2339 2324 2338 2200 2340 2200 2339 2200 2341 2325 2342 2326 2343 2327 2343 2327 2344 2328 2341 2325 2344 2328 2343 2327 2345 2329 2346 2330 2344 2328 2345 2329 2347 2331 2344 2328 2346 2330 2348 2332 2344 2328 2347 2331 2349 2333 2344 2328 2348 2332 2349 2333 2350 2334 2344 2328 2350 2334 2351 2335 2344 2328 2350 2334 2352 2336 2351 2335 2352 2336 2353 2337 2351 2335 2352 2336 2354 2338 2353 2337 2353 2337 2354 2338 2355 2339 2354 2338 2356 2340 2355 2339 2355 2339 2356 2340 2357 2341 2358 2342 2359 2343 2360 2344 2359 2343 2358 2342 2361 2345 2362 2346 2358 2342 2360 2344 2362 2346 2360 2344 2363 2347 2363 2347 2364 2348 2362 2346 2365 2349 2364 2348 2363 2347 2366 2350 2367 2351 2368 2352 2366 2350 2369 2353 2367 2351 2368 2352 2367 2351 2370 2354 2371 2355 2369 2353 2366 2350 2371 2355 2372 2356 2369 2353 2373 2357 2374 2358 2375 2359 2374 2358 2373 2357 2376 2360 2373 2357 2377 2361 2376 2360 2376 2360 2377 2361 2378 2362 2379 2363 2378 2362 2377 2361 2380 2364 2381 2365 2382 2366 2383 2367 2382 2366 2381 2365 2384 2368 2383 2367 2381 2365 2385 2369 2384 2368 2381 2365 2386 2370 2384 2368 2385 2369 2387 2371 2384 2368 2386 2370 2386 2370 2388 2372 2387 2371 2389 2373 2388 2372 2386 2370 2390 2374 2391 2375 2392 2376 2393 2377 2390 2374 2392 2376 2394 2378 2395 2379 2396 2380 2395 2379 2394 2378 2397 2381 2394 2378 2396 2380 2398 2382 2395 2383 2397 2383 2399 2383 2400 2384 2398 2382 2396 2380 2395 2385 2399 2385 2401 2385 2402 2386 2398 2382 2400 2384 2395 2387 2401 2387 2403 2387 2400 2384 2404 2388 2402 2386 2403 2389 2405 2389 2395 2389 2402 2386 2404 2388 2406 2390 2405 2391 2407 2391 2395 2391 2406 2390 2404 2388 2408 2392 2407 2393 2409 2393 2395 2393 2410 2394 2408 2392 2404 2388 2395 2395 2409 2395 2411 2395 2408 2392 2410 2394 2412 2396 2413 2397 2412 2396 2410 2394 2414 2398 2412 2396 2413 2397 2413 2397 2415 2399 2414 2398 2415 2399 2413 2397 2416 2400 2417 2401 2415 2399 2416 2400 2417 2401 2418 2402 2415 2399 2419 2403 2420 2404 2421 2404 2422 2405 2423 2406 2424 2407 2424 2407 2425 2408 2422 2405 2425 2408 2424 2407 2426 2409 2425 2408 2426 2409 2427 2410 2425 2408 2427 2410 2428 2411 2425 2408 2428 2411 2429 2412 2425 2408 2429 2412 2430 2413 2425 2408 2430 2413 2431 2414 2425 2408 2431 2414 2432 2415 2433 2416 2434 2416 2435 2416 2436 2417 2435 2417 2434 2417 2437 2418 2438 2419 2439 2420 2439 2420 2440 2421 2437 2418 2439 2420 2441 2422 2440 2421 2442 2423 2440 2421 2441 2422 2443 2424 2442 2423 2441 2422 2444 2425 2443 2424 2441 2422 2445 2426 2443 2424 2444 2425 2445 2426 2446 2427 2443 2424 2445 2426 2444 2425 2447 2428 2448 2429 2449 2429 2450 2429 2451 2430 2452 2430 2453 2431 2454 2432 2455 2433 2456 2434 2455 2433 2457 144 2456 2434 2458 144 2459 2435 2460 144 2460 144 2461 144 2458 144 2462 2436 2463 2436 2464 2436 2465 2437 2463 2437 2462 2437 2463 2438 2465 2438 2466 2438 2467 2439 2466 2439 2465 2439 2466 2440 2467 2440 2468 2440 2469 2441 2468 2441 2467 2441 2470 2442 2468 2442 2469 2442 2471 2443 2470 2443 2469 2443 2470 2444 2471 2444 2472 2444 2473 2445 2472 2445 2471 2445 2471 2446 2474 2446 2473 2446 2475 2447 2473 2448 2474 2449 2474 2449 2476 2450 2475 2447 2475 2447 2476 2450 2477 2451 2479 2452 2475 2447 2477 2451 2481 2453 2475 2447 2479 2452 2476 2454 2478 2454 2477 2454 2480 2455 2477 2455 2478 2455 2478 2456 2482 2456 2480 2456 2483 2457 2480 2457 2482 2457 2480 2458 2483 2458 2484 2458 2485 2459 2484 2459 2483 2459 2484 2460 2485 2460 2486 2460 2487 2461 2486 2461 2485 2461 2486 2462 2487 2462 2488 2462 2489 2463 2488 2463 2487 2463 2488 2464 2489 2464 2490 2464 2491 2465 2490 2465 2489 2465 2490 2466 2491 2466 2492 2466 2493 2467 2492 2467 2491 2467 2492 2468 2493 2468 2494 2468 2495 2469 2494 2469 2493 2469 2495 2470 2496 2470 2494 2470 2496 2471 2495 2471 2497 2471 2497 2472 2498 2472 2496 2472 2497 2473 2499 2473 2498 2473 2499 2474 2500 2474 2498 2474 2500 2475 2499 2475 2501 2475 2500 2476 2501 2476 2502 2476 2503 2477 2502 2477 2501 2477 2502 2478 2503 2478 2504 2478 2505 2479 2504 2479 2503 2479 2505 2480 2506 2480 2504 2480 2505 2481 2507 2481 2506 2481 2507 2482 2508 2482 2506 2482 2508 2483 2509 2483 2506 2483 2510 2484 2509 2484 2508 2484 2509 2485 2510 2485 2511 2485 2512 2486 2511 2486 2510 2486 2511 2487 2512 2487 2513 2487 2514 2488 2513 2488 2512 2488 2513 2489 2514 2489 2515 2489 2516 2490 2515 2490 2514 2490 2514 2491 2517 2491 2516 2491 2517 2492 2518 2492 2516 2492 2517 2493 2519 2493 2518 2493 2518 2494 2519 2494 2520 2494 2521 2495 2520 2495 2519 2495 2522 2496 2520 2497 2521 2498 2523 2499 2522 2496 2521 2498 2522 2496 2523 2499 2524 2500 2525 2501 2526 2502 2527 2503 2526 2502 2528 2504 2527 2503 2529 2505 2525 2501 2527 2503 2530 2506 2527 2503 2528 2504 2531 2507 2530 2506 2528 2504 2532 2508 2530 2506 2531 2507 2532 2508 2531 2507 2533 2509 2533 2509 2534 2510 2532 2508 2535 2511 2532 2508 2534 2510 2536 2512 2537 2513 2538 2514 2539 2515 2536 2512 2538 2514 2536 2512 2539 2515 2540 2516 2538 2514 2541 2517 2539 2515 2543 2518 2539 2515 2541 2517 2546 2519 2539 2515 2543 2518 2539 2515 2546 2519 2544 2520 2544 2520 2542 2521 2539 2515 2539 2515 2542 2521 2540 2516 2540 2516 2542 2521 2545 2522 2545 2522 2548 2523 2540 2516 2548 2523 2551 2524 2540 2516 2551 2524 2555 2525 2540 2516 2558 2526 2540 2516 2555 2525 2547 2527 2542 2521 2544 2520 2549 2528 2546 2519 2543 2518 2552 2529 2546 2519 2549 2528 2552 2529 2553 2530 2546 2519 2553 2530 2550 2531 2546 2519 2544 2520 2546 2519 2550 2531 2547 2527 2545 2522 2542 2521 2551 2524 2548 2523 2554 2532 2557 2533 2551 2524 2554 2532 2551 2524 2557 2533 2555 2525 2550 2531 2553 2530 2556 2534 2552 2529 2559 2535 2553 2530 2553 2530 2559 2535 2556 2534 2561 2536 2556 2534 2559 2535 2555 2525 2560 2537 2558 2526 2560 2537 2562 2538 2558 2526 2562 2538 2564 2539 2558 2526 2558 2526 2564 2539 2567 2540 2559 2535 2563 2541 2561 2536 2561 2536 2563 2541 2566 2542 2568 2543 2561 2536 2566 2542 2559 2535 2565 2544 2563 2541 2571 2545 2568 2543 2566 2542 2571 2545 2576 2546 2568 2543 2576 2546 2571 2545 2583 2547 2591 2548 2576 2546 2583 2547 2563 2541 2565 2544 2566 2542 2566 2542 2565 2544 2570 2549 2575 2550 2566 2542 2570 2549 2571 2545 2566 2542 2575 2550 2571 2545 2575 2550 2584 2551 2574 2552 2570 2549 2565 2544 2581 2553 2570 2549 2574 2552 2591 2548 2583 2547 2600 2554 2600 2554 2595 2555 2591 2548 2586 2556 2591 2548 2595 2555 2595 2555 2578 2557 2586 2556 2572 2558 2586 2556 2578 2557 2572 2558 2578 2557 2569 2559 2569 2559 2564 2539 2572 2558 2577 2560 2572 2558 2564 2539 2564 2539 2585 2561 2577 2560 2593 2562 2585 2561 2564 2539 2593 2562 2603 2563 2585 2561 2616 2564 2603 2563 2593 2562 2585 2561 2603 2563 2617 2565 2585 2561 2617 2565 2635 2566 2638 2567 2585 2561 2635 2566 2620 2568 2585 2561 2638 2567 2585 2561 2620 2568 2605 2569 2585 2561 2605 2569 2594 2570 2594 2570 2577 2560 2585 2561 2621 2571 2594 2570 2605 2569 2594 2570 2621 2571 2618 2572 2594 2570 2618 2572 2604 2573 2594 2570 2604 2573 2577 2560 2604 2573 2619 2574 2577 2560 2604 2573 2636 2575 2619 2574 2577 2560 2619 2574 2637 2576 2652 2577 2577 2560 2637 2576 2619 2574 2651 2578 2637 2576 2669 2579 2651 2578 2619 2574 2669 2579 2619 2574 2688 2580 2688 2580 2619 2574 2705 2581 2651 2578 2670 2582 2637 2576 2689 2583 2637 2576 2670 2582 2637 2576 2689 2583 2706 2584 2586 2556 2622 2585 2591 2548 2640 2586 2591 2548 2622 2585 2586 2556 2639 2587 2622 2585 2639 2587 2586 2556 2653 2588 2653 2588 2586 2556 2671 2589 2586 2556 2690 2590 2671 2589 2690 2590 2708 2591 2671 2589 2723 2592 2708 2591 2690 2590 2741 2593 2723 2592 2690 2590 2756 2594 2723 2592 2741 2593 2723 2592 2756 2594 2740 2595 2707 2596 2723 2592 2740 2595 2722 2597 2707 2596 2740 2595 2707 2596 2722 2597 2689 2583 2708 2591 2724 2598 2671 2589 2724 2598 2742 2599 2671 2589 2670 2582 2707 2596 2689 2583 2571 2545 2584 2551 2583 2547 2579 2600 2569 2559 2578 2557 2573 2601 2569 2559 2579 2600 2569 2559 2573 2601 2567 2540 2579 2600 2578 2557 2587 2602 2606 2603 2595 2555 2600 2554 2606 2603 2600 2554 2587 2602 2607 2604 2606 2603 2587 2602 2606 2603 2607 2604 2578 2557 2580 2605 2567 2540 2573 2601 2567 2540 2564 2539 2569 2559 2578 2557 2595 2555 2606 2603 2573 2601 2579 2600 2587 2602 2573 2601 2587 2602 2588 2606 2583 2547 2584 2551 2599 2607 2600 2554 2623 2608 2587 2602 2607 2604 2587 2602 2578 2557 2608 2609 2587 2602 2623 2608 2592 2610 2584 2551 2575 2550 2592 2610 2575 2550 2602 2611 2592 2610 2602 2611 2615 2612 2615 2612 2632 2613 2592 2610 2613 2614 2592 2610 2632 2613 2648 2615 2613 2614 2632 2613 2613 2614 2648 2615 2633 2616 2633 2616 2601 2617 2613 2614 2601 2617 2592 2610 2613 2614 2633 2616 2648 2615 2668 2618 2633 2616 2668 2618 2687 2619 2575 2550 2614 2620 2602 2611 2687 2619 2668 2618 2704 2621 2687 2619 2704 2621 2719 2622 2649 2623 2687 2619 2719 2622 2601 2617 2633 2616 2649 2623 2667 2624 2601 2617 2649 2623 2584 2551 2592 2610 2601 2617 2584 2551 2601 2617 2599 2607 2575 2550 2634 2625 2614 2620 2650 2626 2634 2625 2575 2550 2649 2623 2719 2622 2702 2627 2649 2623 2702 2627 2686 2628 2649 2623 2686 2628 2667 2624 2686 2628 2703 2629 2667 2624 2702 2627 2720 2630 2686 2628 2721 2631 2686 2628 2720 2630 2601 2617 2630 2632 2599 2607 2599 2607 2600 2554 2583 2547 2630 2632 2631 2633 2599 2607 2721 2631 2720 2630 2739 2634 2703 2629 2721 2631 2739 2634 2721 2631 2703 2629 2686 2628 2739 2634 2755 2635 2703 2629 2664 2636 2631 2633 2630 2632 2631 2633 2664 2636 2683 2637 2665 2638 2631 2633 2683 2637 2631 2633 2665 2638 2647 2639 2600 2554 2631 2633 2647 2639 2773 2640 2739 2634 2720 2630 2773 2640 2774 2641 2739 2634 2582 2642 2574 2552 2565 2544 2589 2643 2574 2552 2582 2642 2597 2644 2574 2552 2589 2643 2597 2644 2611 2645 2574 2552 2597 2644 2627 2646 2611 2645 2627 2646 2645 2647 2611 2645 2611 2645 2645 2647 2661 2648 2590 2649 2582 2642 2565 2544 2589 2643 2582 2642 2590 2649 2739 2634 2774 2641 2755 2635 2774 2641 2716 2650 2755 2635 2590 2649 2597 2644 2589 2643 2590 2649 2628 2651 2597 2644 2628 2651 2644 2652 2597 2644 2699 2653 2683 2637 2664 2636 2699 2653 2716 2650 2683 2637 2683 2637 2716 2650 2700 2654 2774 2641 2773 2640 2797 2655 2774 2641 2797 2655 2812 2656 2645 2647 2680 2657 2661 2648 2645 2647 2660 2658 2680 2657 2696 2659 2680 2657 2660 2658 2696 2659 2660 2658 2713 2660 2733 2661 2696 2659 2713 2660 2733 2661 2713 2660 2751 2662 2766 2663 2751 2662 2713 2660 2732 2664 2713 2660 2660 2658 2750 2665 2713 2660 2732 2664 2764 2666 2713 2660 2750 2665 2765 2667 2750 2665 2732 2664 2772 2668 2765 2667 2732 2664 2737 2669 2772 2668 2732 2664 2737 2669 2732 2664 2717 2670 2700 2654 2737 2669 2717 2670 2737 2669 2700 2654 2736 2671 2736 2671 2771 2672 2737 2669 2786 2673 2771 2672 2736 2671 2784 2674 2786 2673 2736 2671 2736 2671 2769 2675 2784 2674 2754 2676 2769 2675 2736 2671 2769 2675 2754 2676 2783 2677 2785 2678 2783 2677 2754 2676 2754 2676 2770 2679 2785 2678 2785 2678 2770 2679 2795 2680 2770 2679 2810 2681 2795 2680 2770 2679 2812 2656 2810 2681 2812 2656 2821 2682 2810 2681 2716 2650 2770 2679 2754 2676 2754 2676 2736 2671 2716 2650 2737 2669 2771 2672 2787 2683 2737 2669 2787 2683 2796 2684 2811 2685 2737 2669 2796 2684 2812 2656 2797 2655 2821 2682 2716 2650 2736 2671 2700 2654 2774 2641 2770 2679 2716 2650 2665 2638 2700 2654 2717 2670 2683 2637 2700 2654 2665 2638 2627 2646 2660 2658 2645 2647 2627 2646 2597 2644 2644 2652 2599 2607 2631 2633 2600 2554 2565 2544 2598 2686 2590 2649 2600 2554 2654 2687 2623 2608 2600 2554 2647 2639 2666 2688 2600 2554 2666 2688 2685 2689 2685 2689 2672 2690 2600 2554 2628 2651 2662 2691 2644 2652 2662 2691 2681 2692 2644 2652 2662 2691 2697 2693 2681 2692 2697 2693 2714 2694 2681 2692 2697 2693 2734 2695 2714 2694 2734 2695 2752 2696 2714 2694 2767 2697 2752 2696 2734 2695 2767 2697 2781 2698 2752 2696 2612 2699 2598 2686 2565 2544 2629 2700 2598 2686 2612 2699 2767 2697 2793 2701 2781 2698 2793 2701 2808 2702 2781 2698 2612 2699 2646 2703 2629 2700 2646 2703 2663 2704 2629 2700 2819 2705 2808 2702 2793 2701 2819 2705 2820 2706 2808 2702 2682 2707 2663 2704 2646 2703 2682 2707 2698 2708 2663 2704 2819 2705 2809 2709 2820 2706 2820 2706 2809 2709 2794 2710 2794 2710 2809 2709 2782 2711 2782 2711 2768 2712 2794 2710 2782 2711 2753 2713 2768 2712 2753 2713 2735 2714 2768 2712 2753 2713 2715 2715 2735 2714 2715 2715 2682 2707 2735 2714 2698 2708 2682 2707 2715 2715 2608 2609 2623 2608 2641 2716 2642 2717 2608 2609 2641 2716 2608 2609 2642 2717 2610 2718 2610 2718 2588 2606 2608 2609 2654 2687 2600 2554 2672 2690 2654 2687 2672 2690 2691 2719 2692 2720 2654 2687 2691 2719 2673 2721 2654 2687 2692 2720 2623 2608 2655 2722 2641 2716 2655 2722 2623 2608 2673 2721 2655 2722 2673 2721 2674 2723 2655 2722 2674 2723 2641 2716 2675 2724 2641 2716 2674 2723 2673 2721 2623 2608 2654 2687 2674 2723 2673 2721 2692 2720 2672 2690 2709 2725 2691 2719 2725 2726 2691 2719 2709 2725 2725 2726 2743 2727 2691 2719 2743 2727 2726 2728 2691 2719 2691 2719 2726 2728 2692 2720 2726 2728 2727 2729 2692 2720 2641 2716 2675 2724 2642 2717 2588 2606 2587 2602 2608 2609 2588 2606 2580 2605 2573 2601 2588 2606 2610 2718 2596 2730 2743 2727 2757 2731 2726 2728 2610 2718 2642 2717 2656 2732 2610 2718 2656 2732 2676 2733 2676 2733 2693 2734 2610 2718 2710 2735 2675 2724 2674 2723 2710 2735 2728 2736 2675 2724 2709 2725 2744 2737 2725 2726 2775 2738 2757 2731 2743 2727 2757 2731 2775 2738 2788 2739 2757 2731 2788 2739 2758 2740 2757 2731 2758 2740 2727 2729 2727 2729 2674 2723 2692 2720 2674 2723 2727 2729 2745 2741 2745 2741 2729 2742 2674 2723 2596 2730 2610 2718 2626 2743 2624 2744 2596 2730 2626 2743 2624 2744 2609 2745 2596 2730 2580 2605 2596 2730 2609 2745 2757 2731 2727 2729 2726 2728 2745 2741 2727 2729 2758 2740 2746 2746 2728 2736 2710 2735 2775 2738 2743 2727 2789 2747 2775 2738 2789 2747 2800 2748 2775 2738 2800 2748 2813 2749 2798 2750 2775 2738 2813 2749 2743 2727 2799 2751 2789 2747 2788 2739 2775 2738 2798 2750 2790 2752 2758 2740 2788 2739 2758 2740 2790 2752 2776 2753 2813 2749 2822 2754 2798 2750 2822 2754 2830 2755 2798 2750 2830 2755 2838 2756 2798 2750 2838 2756 2846 2757 2798 2750 2798 2750 2846 2757 2853 2758 2776 2753 2745 2741 2758 2740 2745 2741 2760 2759 2729 2742 2760 2759 2745 2741 2776 2753 2674 2723 2729 2742 2710 2735 2729 2742 2760 2759 2761 2760 2761 2760 2747 2761 2729 2742 2760 2759 2778 2762 2761 2760 2801 2763 2778 2762 2760 2759 2760 2759 2814 2764 2801 2763 2824 2765 2801 2763 2814 2764 2801 2763 2824 2765 2823 2766 2801 2763 2823 2766 2804 2767 2778 2762 2801 2763 2804 2767 2778 2762 2804 2767 2777 2768 2777 2768 2747 2761 2778 2762 2747 2761 2710 2735 2729 2742 2710 2735 2747 2761 2759 2769 2777 2768 2759 2769 2747 2761 2747 2761 2761 2760 2778 2762 2804 2767 2806 2770 2777 2768 2777 2768 2806 2770 2802 2771 2791 2772 2777 2768 2802 2771 2746 2746 2710 2735 2759 2769 2659 2773 2624 2744 2626 2743 2626 2743 2679 2774 2659 2773 2759 2769 2777 2768 2791 2772 2803 2200 2759 2769 2791 2772 2759 2769 2803 2200 2816 2775 2825 2775 2816 2775 2803 2200 2791 2772 2815 2776 2803 2200 2791 2772 2802 2771 2815 2776 2657 2777 2624 2744 2659 2773 2624 2744 2657 2777 2643 2778 2643 2778 2657 2777 2677 2779 2694 2780 2643 2778 2677 2779 2711 2781 2694 2780 2677 2779 2730 2782 2694 2780 2711 2781 2823 2766 2824 2765 2839 2783 2839 2783 2840 2784 2823 2766 2840 2784 2831 2785 2823 2766 2596 2730 2580 2605 2588 2606 2804 2767 2823 2766 2831 2785 2837 2786 2804 2767 2831 2785 2818 2787 2804 2767 2837 2786 2818 2787 2792 2788 2804 2767 2609 2745 2624 2744 2643 2778 2643 2778 2658 2789 2609 2745 2678 2790 2658 2789 2643 2778 2711 2781 2748 2791 2730 2782 2748 2791 2763 2792 2730 2782 2643 2778 2695 2793 2678 2790 2678 2790 2695 2793 2712 2794 2806 2770 2804 2767 2792 2788 2806 2770 2792 2788 2762 2795 2711 2781 2762 2795 2748 2791 2779 2796 2748 2791 2762 2795 2779 2796 2780 2797 2748 2791 2839 2783 2854 2798 2840 2784 2731 2799 2712 2794 2695 2793 2780 2797 2763 2792 2748 2791 2779 2796 2805 2800 2780 2797 2780 2797 2805 2800 2817 2801 2817 2801 2828 2802 2780 2797 2828 2802 2836 2803 2780 2797 2779 2796 2762 2795 2792 2788 2845 2804 2836 2803 2828 2802 2840 2784 2829 2805 2831 2785 2840 2784 2854 2798 2848 2806 2818 2787 2807 2807 2792 2788 2837 2786 2829 2805 2818 2787 2792 2788 2807 2807 2779 2796 2749 2808 2712 2794 2731 2799 2829 2805 2807 2807 2818 2787 2807 2807 2829 2805 2826 2809 2805 2800 2807 2807 2826 2809 2861 2810 2848 2806 2854 2798 2876 2811 2861 2810 2854 2798 2887 2812 2876 2811 2854 2798 2854 2798 2904 2813 2887 2812 2876 2811 2887 2812 2903 2814 2902 2815 2876 2811 2903 2814 2886 2816 2876 2811 2902 2815 2861 2810 2876 2811 2886 2816 2856 2817 2848 2806 2861 2810 2848 2806 2856 2817 2841 2818 2848 2806 2841 2818 2829 2805 2829 2805 2837 2786 2831 2785 2840 2784 2848 2806 2829 2805 2852 2819 2845 2804 2828 2802 2861 2810 2869 2820 2856 2817 2817 2801 2835 2821 2828 2802 2580 2605 2609 2745 2625 2822 2826 2809 2832 2823 2805 2800 2807 2807 2805 2800 2779 2796 2832 2823 2843 2824 2805 2800 2805 2800 2843 2824 2834 2825 2827 2826 2805 2800 2834 2825 2841 2818 2826 2809 2829 2805 2826 2809 2841 2818 2847 2827 2847 2827 2855 2828 2826 2809 2855 2828 2860 2829 2826 2809 2860 2829 2868 2830 2826 2809 2826 2809 2868 2830 2863 2831 2857 2832 2826 2809 2863 2831 2826 2809 2857 2832 2849 2833 2849 2833 2842 2834 2826 2809 2843 2824 2832 2823 2834 2825 2850 2835 2834 2825 2832 2823 2844 2836 2834 2825 2850 2835 2834 2825 2844 2836 2827 2826 2844 2836 2833 2837 2827 2826 2827 2826 2833 2837 2817 2801 2827 2826 2817 2801 2805 2800 2832 2823 2826 2809 2842 2834 2833 2837 2835 2821 2817 2801 2835 2821 2833 2837 2851 2838 2835 2821 2851 2838 2859 2839 2850 2835 2832 2823 2842 2834 2849 2833 2850 2835 2842 2834 2849 2833 2862 2840 2850 2835 2850 2835 2862 2840 2870 2841 2850 2835 2870 2841 2879 2842 2890 2843 2850 2835 2879 2842 2908 2844 2850 2835 2890 2843 2917 2845 2908 2844 2890 2843 2908 2844 2917 2845 2928 2846 2942 2847 2908 2844 2928 2846 2928 2846 2958 2848 2942 2847 2958 2848 2928 2846 2975 2849 2980 2850 2975 2849 2928 2846 2980 2850 2928 2846 2967 2851 2967 2851 2951 2852 2980 2850 2967 2851 2936 2853 2951 2852 2936 2853 2922 2854 2951 2852 2967 2851 2937 2855 2936 2853 2913 2856 2936 2853 2937 2855 2913 2856 2922 2854 2936 2853 2913 2856 2858 2857 2922 2854 2937 2855 2923 2858 2913 2856 2913 2856 2923 2858 2897 2859 2851 2838 2833 2837 2844 2836 2844 2836 2858 2857 2851 2838 2858 2857 2865 2860 2851 2838 2874 2861 2851 2838 2865 2860 2858 2857 2913 2856 2897 2859 2897 2859 2883 2862 2858 2857 2873 2863 2858 2857 2883 2862 2938 2864 2897 2859 2923 2858 2938 2864 2952 2865 2897 2859 2952 2865 2968 2866 2897 2859 2883 2862 2897 2859 2912 2867 2898 2868 2873 2863 2883 2862 2895 2869 2873 2863 2898 2868 2895 2869 2882 2870 2873 2863 2873 2863 2882 2870 2865 2860 2859 2839 2851 2838 2866 2871 2859 2839 2866 2871 2875 2872 2875 2872 2885 2873 2859 2839 2885 2873 2901 2874 2859 2839 2873 2863 2865 2860 2858 2857 2865 2860 2882 2870 2896 2875 2896 2875 2911 2876 2865 2860 2899 2877 2865 2860 2911 2876 2884 2878 2865 2860 2899 2877 2865 2860 2884 2878 2874 2861 2874 2861 2884 2878 2900 2879 2929 2880 2917 2845 2890 2843 2943 2881 2929 2880 2890 2843 2890 2843 2959 2882 2943 2881 2862 2840 2849 2833 2864 2883 2864 2883 2849 2833 2857 2832 2857 2832 2872 2884 2864 2883 2857 2832 2871 2885 2872 2884 2871 2885 2893 2886 2872 2884 2893 2886 2910 2887 2872 2884 2910 2887 2894 2888 2872 2884 2881 2889 2872 2884 2894 2888 2863 2831 2871 2885 2857 2832 2863 2831 2880 2890 2871 2885 2880 2890 2892 2891 2871 2885 2909 2892 2871 2885 2892 2891 2880 2890 2863 2831 2868 2830 2868 2830 2891 2893 2880 2890 2909 2892 2893 2886 2871 2885 2909 2892 2919 2894 2893 2886 2893 2886 2919 2894 2933 2895 2893 2886 2933 2895 2948 2896 2962 2897 2893 2886 2948 2896 2918 2898 2909 2892 2892 2891 2930 2899 2909 2892 2918 2898 2909 2892 2930 2899 2944 2900 2944 2900 2932 2901 2909 2892 2892 2891 2931 2902 2918 2898 2918 2898 2931 2902 2947 2903 2947 2903 2945 2904 2918 2898 2946 2905 2931 2902 2892 2891 2946 2905 2892 2891 2960 2906 2976 2907 2946 2905 2960 2906 2986 2908 2946 2905 2976 2907 2946 2905 2986 2908 2998 2909 2946 2905 2998 2909 2988 2910 2988 2910 2998 2909 3001 2911 2988 2910 3001 2911 2977 2912 2931 2902 2988 2910 2977 2912 2976 2907 2960 2906 2987 2913 2987 2913 3000 2914 2976 2907 2976 2907 3000 2914 2999 2915 2931 2902 2977 2912 2961 2916 2881 2889 2864 2883 2872 2884 2999 2915 2986 2908 2976 2907 2894 2888 2910 2887 2921 2917 2891 2893 2868 2830 2906 2918 3000 2914 2987 2913 2994 2919 2947 2903 2931 2902 2961 2916 3000 2914 2994 2919 2999 2915 2994 2919 3010 2920 2999 2915 2930 2899 2918 2898 2945 2904 2932 2901 2919 2894 2909 2892 2910 2887 2935 2921 2921 2917 2920 2922 2910 2887 2893 2886 2910 2887 2920 2922 2934 2923 2950 2924 2910 2887 2934 2923 2994 2919 2987 2913 2983 2925 2973 2926 2994 2919 2983 2925 2973 2926 3010 2920 2994 2919 2973 2926 3017 2927 3010 2920 2906 2918 2868 2830 2889 2928 2915 2929 2906 2918 2889 2928 2889 2928 2868 2830 2878 2930 2907 2931 2889 2928 2878 2930 2935 2921 2910 2887 2950 2924 2950 2924 2966 2932 2935 2921 2983 2925 2915 2929 2973 2926 2973 2926 2995 2933 3017 2927 2915 2929 2956 2934 2973 2926 2995 2933 3011 2935 3017 2927 2907 2931 2915 2929 2889 2928 2907 2931 2926 2936 2915 2929 2915 2929 2926 2936 2940 2937 2995 2933 2984 2938 3011 2935 2956 2934 2915 2929 2940 2937 2940 2937 2972 2939 2956 2934 2956 2934 2972 2939 2984 2938 2940 2937 2926 2936 2955 2940 2926 2936 2907 2931 2927 2941 2954 2942 2926 2936 2927 2941 2907 2931 2916 2943 2927 2941 2927 2941 2916 2943 2941 2944 2957 2945 2927 2941 2941 2944 2956 2934 2984 2938 2995 2933 2878 2930 2916 2943 2907 2931 2878 2930 2868 2830 2860 2829 2972 2939 2940 2937 2955 2940 2954 2942 2955 2940 2926 2936 2954 2942 2927 2941 2971 2946 2957 2945 2941 2944 2974 2947 2974 2947 2985 2948 2957 2945 2957 2945 2985 2948 2997 2949 2997 2949 2985 2948 3012 2950 2985 2948 2974 2947 2996 2951 2989 2952 2985 2948 2996 2951 2989 2952 3002 2953 2985 2948 3002 2953 2989 2952 2949 2954 2949 2954 2989 2952 2978 2955 2964 2956 2949 2954 2978 2955 2934 2923 2949 2954 2964 2956 2920 2922 2949 2954 2934 2923 2949 2954 2920 2922 2963 2957 2989 2952 2996 2951 3018 2958 3018 2958 3022 2959 2989 2952 2989 2952 3022 2959 3026 2960 2978 2955 2979 2961 2964 2956 2978 2955 2989 2952 3003 2962 2934 2923 2965 2963 2950 2924 2964 2956 2979 2961 2934 2923 2990 2964 2934 2923 2979 2961 2990 2964 3004 2965 2934 2923 3013 2966 3003 2962 2989 2952 2990 2964 3015 2967 3004 2965 3020 2968 3004 2965 3015 2967 2966 2932 2950 2924 2965 2963 2965 2963 2991 2969 2966 2932 2966 2932 2991 2969 3006 2970 2867 2971 2860 2829 2855 2828 2867 2971 2877 2972 2860 2829 2877 2972 2888 2973 2860 2829 2991 2969 2992 2974 3006 2970 2981 2975 3006 2970 2992 2974 2991 2969 2965 2963 3005 2976 2905 2977 2888 2973 2877 2972 2684 2978 2666 2688 2647 2639 2701 2979 2684 2978 2647 2639 2647 2639 2718 2980 2701 2979 2701 2979 2718 2980 2738 2981 3003 2962 2979 2961 2978 2955 2981 2975 2992 2974 2970 2982 2970 2982 2953 2983 2981 2975 2969 2984 2981 2975 2953 2983 2953 2983 2939 2985 2969 2984 2939 2985 2953 2983 2901 2874 2901 2874 2925 2986 2939 2985 2901 2874 2914 2987 2925 2986 2924 2988 2925 2986 2914 2987 2885 2873 2924 2988 2914 2987 3020 2968 3015 2967 3024 2989 3028 2990 3020 2968 3024 2989 2901 2874 2953 2983 2970 2982 2992 2974 2991 2969 3005 2976 2992 2974 3005 2976 3016 2991 3007 2992 2992 2974 3016 2991 3014 2993 2979 2961 3003 2962 2901 2874 2885 2873 2914 2987 2901 2874 2970 2982 2982 2994 3014 2993 3003 2962 3019 2995 3014 2993 3019 2995 3023 2996 3031 2997 3028 2990 3024 2989 3031 2997 3034 2998 3028 2990 3034 2998 3037 2999 3028 2990 3027 3000 3023 2996 3019 2995 3030 3001 3023 2996 3027 3000 2970 2982 2992 2974 3007 2992 3009 3002 2970 2982 3007 2992 2970 2982 3009 3002 2993 3003 3034 2998 3040 3004 3037 2999 3040 3004 3043 3005 3037 2999 3033 3006 3030 3001 3027 3000 3036 3007 3030 3001 3033 3006 3043 3005 3040 3004 3046 3008 3046 3008 3049 3009 3043 3005 3036 3007 3033 3006 3039 3010 3042 3011 3036 3007 3039 3010 2993 3003 2982 2994 2970 2982 2993 3003 3008 3012 2982 2994 3021 3013 3009 3002 3007 2992 3009 3002 3021 3013 3025 3014 3025 3014 3021 3013 3029 3015 3029 3015 3032 3016 3025 3014 3035 3017 3032 3016 3029 3015 3032 3016 3035 3017 3038 3018 3038 3018 3035 3017 3041 3019 3041 3019 3035 3017 3044 3020 3044 3020 3035 3017 3047 3021 3047 3021 3035 3017 3050 3022 3035 3017 3053 3023 3050 3022 3046 3008 3052 3024 3049 3009 3055 3025 3049 3009 3052 3024 3045 3026 3042 3011 3039 3010 3048 3027 3042 3011 3045 3026 3052 3024 3054 3028 3055 3025 3051 3029 3055 3025 3054 3028 3051 3029 3054 3028 3048 3027 3048 3027 3045 3026 3051 3029 3056 3030 2645 2647 3057 3031 3058 3032 3056 3030 3057 3031 3058 3032 3059 3033 3056 3030 3058 3032 3060 3034 3059 3033 3059 3033 3060 3034 3061 3035 3062 3036 3061 3035 3060 3034 3063 3037 3061 3035 3062 3036 3062 3036 3064 3038 3063 3037 3064 3038 3065 3039 3063 3037 3065 3039 3066 3040 3063 3037 3066 3040 3065 3039 3067 3041 3068 3042 3066 3040 3067 3041 3067 3041 3069 3043 3068 3042 3070 3044 3068 3042 3069 3043 3069 3043 3071 3045 3070 3044 3072 3046 3070 3044 3071 3045 3072 3046 3073 3047 3070 3044 3072 3046 3074 3048 3073 3047 3075 3049 3076 3050 3077 3051 3077 3051 3076 3050 3078 3052 3079 3053 3078 3052 3076 3050 3078 3052 3079 3053 3080 3054 3080 3054 3079 3053 3081 3055 3082 3056 3080 3054 3081 3055 3081 3055 3083 3057 3082 3056 3083 3057 3084 3058 3082 3056 3084 3058 3083 3057 3085 3059 3084 3058 3085 3059 3086 3060 3087 3061 3088 3062 3089 3063 3090 3064 3089 3063 3088 3062 3091 3065 3089 3063 3090 3064 3090 3064 3092 3066 3091 3065 3093 3067 3091 3065 3092 3066 3094 3068 3093 3067 3092 3066 3095 3069 3093 3067 3094 3068 3094 3068 3096 3070 3095 3069 3096 3070 3097 3071 3095 3069 3095 3069 3097 3071 3098 3071 3099 3072 3100 3073 3101 3074 3102 3075 3101 3074 3100 3073 3102 3075 3103 3076 3101 3074 3102 3075 3104 3077 3103 3076 3103 3076 3104 3077 3105 3078 3104 3077 3106 3079 3105 3078 3105 3078 3106 3079 3107 3080 3106 3079 3108 3081 3107 3080 3109 3082 3110 3083 3111 3084 3112 3085 3109 3082 3111 3084 3111 3084 3113 3086 3112 3085 3113 3086 3114 3087 3112 3085 3113 3086 3115 3088 3114 3087 3114 3087 3115 3088 3116 3089 3117 3090 3116 3089 3115 3088 3118 3091 3116 3089 3117 3090 3119 144 3120 144 3121 144 3122 3092 3123 3093 3124 3094 3122 3092 3124 3094 3125 3095 3126 3096 3122 3092 3125 3095 3125 3095 3127 3097 3126 3096 3128 3098 3126 3096 3127 3097 3128 3098 3129 3099 3126 3096 3128 3098 3130 3100 3129 3099 3131 3101 3129 3099 3130 3100 3132 3102 3133 3103 3134 3104 3135 3105 3133 3103 3132 3102 3136 3106 3135 3105 3132 3102 3136 3106 3137 3107 3135 3105 3138 3108 3137 3107 3136 3106 3137 3107 3138 3108 3139 3109 3140 3110 3141 3111 3142 3112 3143 3113 3142 3112 3141 3111 3144 3114 3143 3113 3141 3111 3145 3115 3143 3113 3144 3114 3146 3116 3145 3115 3144 3114 3146 3116 3147 3117 3145 3115 3148 3118 3149 3119 3150 3120 3149 3119 3148 3118 3151 3121 3152 3122 3153 3123 3154 3124 3154 3124 3153 3123 3155 3125 3153 3123 3156 3126 3155 3125 3155 3125 3156 3126 3157 3127 3158 3128 3159 3129 3160 3130 3161 3131 3159 3129 3158 3128 3162 3132 3161 3131 3158 3128 3161 3131 3162 3132 3163 3133 3164 3134 3165 3135 3166 3136 3167 3137 3164 3134 3166 3136 3164 3134 3167 3137 3168 3138 3169 3139 3168 3138 3167 3137 3169 3139 3170 3140 3168 3138 3171 3141 3168 3138 3170 3140 3172 3142 3173 3142 3174 3142 3175 3143 3176 3143 3177 3143 3178 3144 3179 3145 3180 3146 3179 3145 3178 3144 3181 3147 3180 3146 3179 3145 3182 3148 3183 3149 3179 3145 3181 3147 3184 3150 3183 3149 3181 3147 3185 3151 3183 3149 3184 3150 3185 3151 3184 3150 3186 3152 3184 3150 3187 3153 3186 3152 3187 3153 3188 3154 3186 3152 3188 3154 3187 3153 3189 3155 3190 3156 3186 3152 3188 3154 3188 3157 3191 3157 3190 3157 3192 3158 3193 3158 3194 3158 3195 3159 3196 3159 3197 3159 3198 3160 3199 3160 3200 3160 3201 3161 3200 3161 3199 3161 3202 3162 3203 3163 3204 3164 3202 3162 3205 3165 3203 3163 3205 3165 3202 3162 3206 3166 3205 3165 3206 3166 3207 3167 3208 3168 3207 3167 3206 3166 3209 3169 3207 3167 3208 3168 3208 3168 3210 3170 3209 3169 3211 3171 3209 3169 3210 3170 3212 3172 3209 3169 3211 3171 3212 3172 3213 3173 3209 3169 3212 3172 3214 3174 3213 3173 3212 3172 3215 3175 3214 3174 3215 3175 3216 3176 3214 3174 3215 3175 3217 3177 3216 3176 3216 3176 3217 3177 3218 3178 3219 3179 3220 3179 3221 3179 3222 144 3219 144 3221 144 3222 144 3223 144 3219 144 3224 3180 3219 3180 3223 3180 3225 3181 3219 3181 3224 3181 3219 3182 3225 3182 3226 3182 3225 3183 3224 3183 3227 3183 3226 3184 3228 3184 3219 3184 3229 144 3225 144 3227 144 3228 3185 3226 3185 3230 3185 3225 144 3229 144 3231 144 3230 3186 3232 3186 3228 3186 3233 144 3225 144 3231 144 3232 3187 3230 3187 3234 3187 3232 3188 3234 3188 3235 3188 3236 144 3235 144 3234 144 3237 3189 3238 3190 3239 3191 3240 3192 3238 3190 3237 3189 3239 3191 3238 3190 3241 3193 3240 3192 3237 3189 3242 3194 3242 3194 3243 3195 3240 3192 3243 3195 3244 3196 3240 3192 3244 3196 3243 3195 3245 3197 3245 3197 3246 3198 3244 3196 3245 3197 3247 3199 3246 3198 3248 3200 3246 3198 3247 3199 3249 3201 3248 3200 3247 3199 3249 3201 3247 3199 3250 3202 3251 3203 3252 3203 3253 3203 3254 3204 3255 3204 3256 3204 3257 3205 3254 3205 3256 3205 3258 3206 3259 3206 3260 3206 3258 3207 3260 3207 3261 3207 3262 3208 3263 3208 3264 3208 3263 3209 3265 3209 3264 3209 3266 3210 3267 3210 3268 3210 3266 3211 3268 3211 3269 3211 3270 3212 3271 3213 3272 3214 3272 3214 3273 3215 3270 3212 3273 3215 3272 3214 3274 3216 3275 3217 3273 3215 3274 3216 3274 3216 3276 3218 3275 3217 3277 3219 3275 3217 3276 3218 3278 3220 3277 3219 3276 3218 3278 3220 3279 3221 3277 3219 3279 3221 3278 3220 3280 3222 3281 3223 3279 3221 3280 3222 3280 3222 3282 3224 3281 3223 3281 3223 3282 3224 3283 3225 3284 3226 3285 3226 3286 3226 3285 3227 3287 3227 3286 3227 3287 3228 3288 3228 3286 3228 3288 3229 3289 3229 3286 3229 3289 3230 3288 3230 3290 3230 3289 3231 3290 3231 3291 3231 3292 3232 3291 3232 3290 3232 3291 3233 3292 3233 3293 3233 3294 3234 3293 3234 3292 3234 3293 3235 3294 3235 3295 3235 3296 3236 3295 3236 3294 3236 3297 3237 3295 3237 3296 3237 3297 3238 3296 3238 3298 3238 3297 3239 3298 3239 3299 3239 3299 3240 3300 3240 3297 3240 3301 3241 3300 3241 3299 3241 3300 3242 3301 3242 3302 3242 3303 3243 3302 3243 3301 3243 3303 3244 3304 3244 3302 3244 3304 3245 3303 3245 3305 3245 3305 3246 3306 3246 3304 3246 3304 3247 3306 3247 3307 3247 3307 3248 3306 3248 3308 3248 3308 3249 3309 3249 3307 3249 3309 3250 3310 3250 3307 3250 3311 3251 3312 3251 3313 3251 3314 144 3315 3252 3316 144 3317 3253 3318 3254 3319 3255 3319 3255 3318 3254 3320 3256 3319 3255 3320 3256 3321 3257 3322 3258 3321 3257 3320 3256 3321 3257 3322 3258 3323 3259 3322 3258 3324 3260 3323 3259 3325 3261 3323 3259 3324 3260 3325 3261 3326 3262 3323 3259 3327 3263 3328 3264 3329 3265 3328 3264 3330 3266 3329 3265 3331 3267 3329 3265 3330 3266 3330 3266 3332 3268 3331 3267 3332 3268 3333 3269 3331 3267 3334 3270 3333 3269 3332 3268 3335 3271 3333 3269 3334 3270 3336 3272 3335 3271 3334 3270 3337 3273 3338 3274 3339 3275 3340 3276 3337 3273 3339 3275 3339 3275 3341 3277 3340 3276 3341 3277 3342 3278 3340 3276 3341 3277 3343 3279 3342 3278 3342 3278 3343 3279 3344 3280 3345 3281 3344 3280 3343 3279 3345 3281 3346 3282 3344 3280 3347 3283 3348 3284 3349 3285 3349 3285 3350 3286 3347 3283 3347 3283 3350 3286 3351 3287 3347 3283 3351 3287 3352 3288 3351 3287 3353 3289 3352 3288 3354 3290 3352 3288 3353 3289 3355 3291 3354 3290 3353 3289 3355 3291 3356 3292 3354 3290 3357 3293 3358 3293 3359 3293 3357 3294 3359 3294 3360 3294 3361 3295 3362 3295 3363 3295 3362 3296 3361 3296 3364 3296 3365 3297 3366 3297 3367 3297 3365 3298 3367 3298 3368 3298 3369 3299 3370 3299 3371 3299 3369 3300 3372 3300 3370 3300 3371 3301 3373 3301 3369 3301 3372 3302 3374 3302 3370 3302 3375 3303 3373 3303 3371 3303 3376 3304 3370 3304 3374 3304 3377 3305 3375 3305 3371 3305 3378 3306 3370 3306 3376 3306 3371 3307 3379 3307 3377 3307 3376 3308 3380 3308 3378 3308 3377 3309 3379 3309 3381 3309 3380 3310 3382 3310 3378 3310 3381 3311 3379 3311 3383 3311 3384 3312 3382 3312 3380 3312 3383 3313 3385 3313 3381 3313 3386 3314 3382 3314 3384 3314 3385 3315 3383 3315 3387 3315 3382 3316 3386 3316 3388 3316 3387 3317 3383 3317 3389 3317 3386 3318 3390 3318 3388 3318 3389 3319 3391 3319 3387 3319 3392 3320 3388 3320 3390 3320 3391 3321 3389 3321 3392 3321 3393 3322 3392 3322 3390 3322 3391 3323 3392 3323 3393 3323 3394 3324 3395 3324 3396 3324 3395 3325 3397 3325 3396 3325 3398 3326 3396 3326 3397 3326 3396 3327 3398 3327 3399 3327 3400 3328 3399 3328 3398 3328 3399 3329 3400 3329 3401 3329 3401 3330 3402 3330 3399 3330 3401 3331 3403 3331 3402 3331 3402 3332 3403 3332 3404 3332 3405 3333 3404 3333 3403 3333 3406 3334 3404 3334 3405 3334 3406 3335 3405 3335 3407 3335 3408 3336 3406 3336 3407 3336 3406 3337 3408 3337 3409 3337 3409 3338 3408 3338 3410 3338 3410 3339 3411 3339 3409 3339 3411 3340 3410 3340 3412 3340 3412 3341 3413 3341 3411 3341 3413 3342 3412 3342 3414 3342 3414 3343 3415 3343 3413 3343 3416 3344 3415 3344 3414 3344 3416 3345 3417 3345 3415 3345 3416 3346 3418 3346 3417 3346 3418 3347 3419 3347 3417 3347 3419 3348 3420 3348 3417 3348 3421 3349 3422 3349 3423 3349 3424 3350 3425 3350 3426 3350 3426 3351 3425 3351 3427 3351 3428 3352 3427 3352 3425 3352 3429 3353 3427 3353 3428 3353 3430 3354 3427 3354 3429 3354 3431 3355 3427 3355 3430 3355 3427 3356 3431 3356 3432 3356 3433 3357 3434 3357 3435 3357 3436 3358 3433 3358 3435 3358 3437 3359 3438 3359 3439 3359 3439 3360 3438 3360 3440 3360 3441 3361 3442 3362 3443 3363 3441 3361 3443 3363 3444 3364 3445 3365 3446 3366 3447 3367 3447 3367 3448 3368 3445 3365 3449 3369 3450 3370 3451 3371 3450 3370 3452 3372 3451 3371 3452 3372 3453 3373 3451 3371 3454 3374 3451 3371 3453 3373 3454 3374 3453 3373 3455 3375 3454 3374 3455 3375 3456 3376 3455 3375 3457 3377 3456 3376 3457 3377 3458 3378 3456 3376 3459 3379 3460 3380 3461 3381 3460 3380 3462 3382 3461 3381 3462 3382 3463 3383 3461 3381 3463 3383 3464 3384 3461 3381 3465 3385 3464 3384 3463 3383 3465 3385 3466 3386 3464 3384 3467 3387 3466 3386 3465 3385 3468 3388 3469 3389 3470 3390 3471 3391 3468 3388 3470 3390 3470 3390 3472 3392 3471 3391 3471 3391 3472 3392 3473 3393 3474 3394 3473 3393 3472 3392 3474 3394 3475 3395 3473 3393 3476 3396 3477 3397 3478 3398 3478 3398 3479 3399 3476 3396 3480 3400 3481 3401 3482 3402 3483 3403 3482 3402 3481 3401 3484 3404 3485 3405 3486 3406 3484 3404 3487 3407 3485 3405 3484 3404 3486 3406 3488 3408 3488 3408 3489 3409 3484 3404 3488 3408 3490 3410 3489 3409 3490 3410 3491 3411 3489 3409 3490 3410 3492 3412 3491 3411 3493 3413 3491 3411 3492 3412 3494 3414 3495 3415 3496 3416 3497 3417 3496 3416 3495 3415 3495 3415 3498 3418 3497 3417 3499 3419 3498 3418 3495 3415 3500 3420 3501 3420 3502 3420 3503 3421 3504 3421 3505 3421 3506 3422 3505 3422 3504 3422 3507 3423 3506 3423 3504 3423 3508 3424 3506 3424 3507 3424 3509 3425 3508 3425 3507 3425 3510 3426 3511 3426 3512 3426 3512 3427 3511 3427 3513 3427 3510 3428 3512 3428 3514 3428 3512 3429 3513 3429 3515 3429 3516 3430 3514 3430 3512 3430 3512 3431 3515 3431 3517 3431 3518 3432 3514 3432 3516 3432 3512 3433 3517 3433 3519 3433 3520 3434 3514 3434 3518 3434 3521 3435 3512 3435 3519 3435 3522 3436 3514 3436 3520 3436 3512 3437 3521 3437 3523 3437 3514 3438 3522 3438 3524 3438 3525 3439 3526 3439 3527 3439 3528 3440 3529 3440 3530 3440 3530 3441 3529 3441 3531 3441 3532 3442 3533 3442 3534 3442 3532 3443 3534 3443 3535 3443 3535 3444 3534 3444 3536 3444 3537 3445 3535 3445 3536 3445 3538 3446 3539 3446 3540 3446 3541 3447 3540 3447 3539 3447 3542 3448 3543 3448 3544 3448 3543 3449 3542 3449 3545 3449 3546 3450 3545 3450 3542 3450 3546 3451 3547 3451 3545 3451 3545 3452 3547 3452 3548 3452 3549 3453 3550 3453 3551 3453 3550 3454 3549 3454 3552 3454 3553 3455 3554 3455 3555 3455 3556 3456 3555 3456 3554 3456 3557 3457 3555 3457 3556 3457 3556 3458 3558 3458 3557 3458 3559 3459 3560 3459 3561 3459 3559 3460 3561 3460 3562 3460 3563 3461 3562 3461 3561 3461 3564 3462 3565 3462 3566 3462 3567 3463 3564 3463 3566 3463 3568 3464 3569 3464 3570 3464 3570 3465 3569 3465 3571 3465 3572 3466 3573 3467 3574 3468 3572 3466 3574 3468 3575 3469 3575 3469 3574 3468 3576 3470 3577 3471 3572 3466 3575 3469 3575 3469 3576 3470 3578 3472 3575 3469 3579 3473 3577 3471 3575 3469 3578 3472 3580 3474 3581 3475 3575 3469 3580 3474 3582 3476 3583 3477 3584 3478 3582 3476 3584 3478 3585 3479 3586 267 3587 267 3588 267 3586 3480 3588 3480 3589 3480 3588 267 3590 267 3589 267 3590 267 3588 267 3591 267 3591 267 3588 267 3592 267 3593 267 3592 267 3588 267 3594 267 3591 267 3592 267 3588 267 3595 267 3593 267 3594 3481 3592 3481 3596 3481 3597 3482 3593 3482 3595 3482 3598 3483 3596 3483 3592 3483 3595 267 3599 267 3597 267 3598 267 3592 267 3600 267 3601 3484 3597 3484 3599 3484 3602 267 3601 267 3599 267 3601 267 3602 267 3603 267 3604 3485 3605 3486 3606 3487 3607 3488 3605 3486 3604 3485 3607 3488 3608 3489 3605 3486 3608 3489 3607 3488 3609 3490 3608 3489 3609 3490 3610 3491 3610 3491 3609 3490 3611 3492 3612 3493 3611 3492 3609 3490 3612 3493 3613 3494 3611 3492 3614 3495 3611 3492 3613 3494 3614 3495 3615 3496 3611 3492 3616 3497 3615 3496 3614 3495 3616 3497 3617 3498 3615 3496 3616 3497 3618 3499 3617 3498 3618 3499 3619 3500 3617 3498 3618 3499 3620 3501 3619 3500 3621 3502 3622 3502 3623 3502 3621 3503 3623 3503 3624 3503 3625 3504 3626 3504 3627 3504 3628 3505 3625 3505 3627 3505 3629 3506 3630 3506 3631 3506 3631 3507 3630 3507 3632 3507 3633 3508 3634 3508 3635 3508 3635 3509 3636 3509 3633 3509 3636 3510 3635 3510 3637 3510 3636 3511 3637 3511 3638 3511 3639 3512 3638 3512 3637 3512 3638 3513 3639 3513 3640 3513 3640 3514 3641 3514 3638 3514 3641 3515 3640 3515 3642 3515 3641 3516 3642 3516 3643 3516 3644 3517 3643 3517 3642 3517 3643 3518 3644 3518 3645 3518 3646 3519 3645 3519 3644 3519 3646 3520 3647 3520 3645 3520 3648 3521 3647 3521 3646 3521 3649 3522 3647 3522 3648 3522 3647 3523 3649 3523 3650 3523 3651 3524 3650 3524 3649 3524 3652 3525 3651 3525 3649 3525 3653 3526 3654 3526 3655 3526 3656 3527 3657 3527 3658 3527 3659 3528 3656 3528 3658 3528 3660 3529 3661 3529 3662 3529 3663 3530 3660 3530 3662 3530 3664 3531 3665 3531 3666 3531 3664 3532 3666 3532 3667 3532 3668 3533 3669 3533 3670 3533 3670 3534 3669 3534 3671 3534 3672 3535 3673 3535 3674 3535 3672 3536 3674 3536 3675 3536 3676 3537 3677 3537 3678 3537 3678 3538 3677 3538 3679 3538 3680 3539 3681 3539 3682 3539 3683 3540 3682 3540 3681 3540 3684 3541 3685 3541 3686 3541 3686 3542 3687 3542 3684 3542 3688 3543 3689 3543 3690 3543 3691 3544 3692 3544 3693 3544 3694 3545 3695 3545 3696 3545 3697 3546 3698 3546 3699 3546 3700 3547 3701 3548 3702 3549 3700 3547 3703 3550 3701 3548 3703 3550 3700 3547 3704 3551 3704 3551 3705 3552 3703 3550 3704 3551 3706 3553 3705 3552 3707 3554 3705 3552 3706 3553 3707 3554 3706 3553 3708 3555 3709 3556 3708 3555 3706 3553 3709 3556 3710 3557 3708 3555 3710 3557 3709 3556 3711 3558 3711 3558 3712 3559 3710 3557 3712 3559 3711 3558 3713 3560 3714 3561 3715 3561 3716 3561 3717 3562 3718 3562 3719 3562 3720 3563 3717 3563 3719 3563 3719 3564 3721 3564 3720 3564 3721 3565 3719 3565 3722 3565 3722 3566 3723 3566 3721 3566 3721 3567 3723 3567 3724 3567 3724 3568 3723 3568 3725 3568 3725 3569 3726 3569 3724 3569 3726 3570 3725 3570 3727 3570 3727 3571 3728 3571 3726 3571 3728 3572 3727 3572 3729 3572 3728 3573 3729 3573 3730 3573 3731 3574 3730 3574 3729 3574 3730 3575 3731 3575 3732 3575 3732 3576 3733 3576 3730 3576 3733 3577 3732 3577 3734 3577 3733 3578 3734 3578 3735 3578 3736 3579 3735 3579 3734 3579 3737 3580 3738 3580 3739 3580 3739 3581 3740 3581 3737 3581 3739 3582 3741 3582 3740 3582 3742 3583 3743 3583 3744 3583 3742 3584 3744 3584 3745 3584 3742 267 3745 267 3746 267 3746 267 3747 267 3742 267 3748 3585 3747 3585 3746 3585 3748 3586 3749 3586 3747 3586 3749 3587 3748 3587 3750 3587 3751 3588 3750 3588 3748 3588 3752 3589 3750 3589 3751 3589 3751 267 3748 267 3753 267 3751 3590 3754 3590 3752 3590 3753 267 3748 267 3755 267 3756 267 3754 267 3751 267 3755 3591 3757 3591 3753 3591 3758 267 3754 267 3756 267 3757 3592 3759 3592 3753 3592 3756 3593 3760 3593 3758 3593 3759 267 3761 267 3753 267 3758 3594 3760 3594 3762 3594 3753 3595 3761 3595 3763 3595 3758 3596 3762 3596 3764 3596 3753 3597 3763 3597 3765 3597 3766 3598 3753 3598 3765 3598 3767 267 3766 267 3765 267 3768 267 3766 267 3767 267 3769 3599 3770 3600 3771 3601 3769 3599 3772 3602 3770 3600 3773 3603 3772 3602 3769 3599 3773 3603 3774 3604 3772 3602 3773 3603 3775 3605 3774 3604 3775 3605 3776 3606 3774 3604 3776 3606 3775 3605 3777 3607 3775 3605 3778 3608 3777 3607 3778 3608 3779 3609 3777 3607 3780 3610 3779 3609 3778 3608 3780 3610 3781 3611 3779 3609 3780 3610 3782 3612 3781 3611 3783 3613 3784 3613 3785 3613 3786 3614 3787 3614 3788 3614 3789 3615 3790 3615 3791 3615 3792 3616 3793 3616 3794 3616 3795 3617 3794 3617 3793 3617 3796 3618 3794 3618 3795 3618 3797 3619 3798 3619 3799 3619 3800 3620 3801 3620 3802 3620 3803 3621 3804 3622 3805 3623 3806 3624 3805 3623 3804 3622 3804 3622 3807 3625 3806 3624 3806 3624 3807 3625 3808 3626 3808 3626 3807 3625 3809 3627 3809 3627 3807 3625 3810 3628 3807 3625 3811 3629 3810 3628 3807 3625 3812 3630 3811 3629 3807 3625 3813 3631 3812 3630 3814 3632 3813 3631 3807 3625 3814 3633 3815 3633 3813 3633 3816 3634 3817 3634 3818 3634 3819 3635 3816 3635 3818 3635 3820 3636 3821 3636 3822 3636 3822 3637 3821 3637 3823 3637 3824 3638 3825 3638 3826 3638 3827 3639 3824 3639 3826 3639 3828 3640 3829 3640 3830 3640 3830 3641 3829 3641 3831 3641 3832 3642 3833 3642 3834 3642 3835 3643 3832 3643 3834 3643 3836 3644 3837 3644 3838 3644 3839 3645 3836 3645 3838 3645 3840 3646 3841 3646 3842 3646 3841 3647 3840 3647 3843 3647 3844 3648 3845 3648 3846 3648 3847 3649 3844 3649 3846 3649 3848 3650 3849 3650 3850 3650 3848 3651 3850 3651 3851 3651 3851 3652 3850 3652 3852 3652 3851 3653 3852 3653 3853 3653 3854 3654 3851 3654 3853 3654 3855 3655 3856 3655 3857 3655 3857 3656 3856 3656 3858 3656 3859 3657 3860 3657 3861 3657 3862 3658 3859 3658 3861 3658 3863 3659 3864 3659 3865 3659 3866 3660 3863 3660 3865 3660 3867 3661 3868 3661 3869 3661 3868 3662 3870 3662 3869 3662 3870 3663 3868 3663 3871 3663 3872 3664 3873 3664 3874 3664 3875 3665 3872 3665 3874 3665 3876 3666 3877 3666 3878 3666 3878 3667 3877 3667 3879 3667 3880 3668 3881 3668 3882 3668 3880 3669 3882 3669 3883 3669 3884 3670 3885 3670 3886 3670 3886 3671 3885 3671 3887 3671 3888 3672 3889 3672 3890 3672 3891 3673 3890 3673 3889 3673 3892 3674 3893 3674 3894 3674 3894 3675 3895 3675 3892 3675 3896 3676 3897 3676 3898 3676 3899 3677 3896 3677 3898 3677 3900 3678 3901 3678 3902 3678 3903 3679 3901 3679 3900 3679 3903 3680 3900 3680 3904 3680 3905 3681 3906 3681 3907 3681 3908 3682 3909 3682 3910 3682 3910 3683 3909 3683 3911 3683 3908 3684 3910 3684 3912 3684 3910 3685 3911 3685 3913 3685 3910 3686 3914 3687 3912 3688 3912 3689 3914 3689 3915 3689 3916 3690 3917 3691 3918 3692 3917 3691 3919 3693 3918 3692 3917 3691 3920 3694 3919 3693 3917 3691 3921 3695 3920 3694 3921 3695 3922 3696 3920 3694 3923 3697 3922 3696 3921 3695 3923 3697 3924 3698 3922 3696 3925 3699 3926 3699 3927 3699 3925 3700 3928 3701 3926 3702 3925 3700 3929 3703 3928 3701 3928 3701 3930 3704 3926 3702 3928 3701 3929 3703 3931 3705 3929 3706 3932 3706 3931 3706 3933 3707 3931 3705 3932 3708 3932 3708 3934 3709 3933 3707 3933 3707 3934 3709 3935 3710 3936 3711 3935 3710 3934 3709 3936 3711 3937 3712 3935 3710 3936 3713 3938 3713 3937 3713 3937 3712 3938 3714 3939 3714 3940 3715 3941 3716 3942 3717 3941 3716 3940 3715 3943 3718 3943 3718 3940 3715 3944 3719 3945 3720 3944 3719 3940 3715 3946 3721 3943 3718 3944 3719 3947 3722 3946 3721 3944 3719 3946 3721 3947 3722 3948 3723 3948 3723 3947 3722 3949 3724 3950 3725 3951 3726 3952 3727 3951 3728 3950 3728 3953 3728 3954 3729 3952 3729 3951 3729 3955 3730 3953 3730 3950 3730 3952 3731 3954 3731 3956 3731 3955 3732 3950 3725 3957 3733 3958 3734 3952 3734 3956 3734 3959 3735 3957 3733 3950 3725 3958 3736 3960 3736 3952 3736 3959 3737 3961 3737 3957 3737 3962 3738 3959 3735 3950 3725 3960 3739 3963 3739 3952 3739 3964 3740 3957 3740 3961 3740 3965 3741 3962 3738 3950 3725 3963 3742 3960 3742 3966 3742 3957 3743 3964 3743 3967 3743 3968 3744 3963 3744 3966 3744 3964 3745 3969 3745 3967 3745 3963 3746 3968 3746 3970 3746 3968 3747 3966 3747 3971 3747 3967 3748 3969 3748 3972 3748 3963 3749 3970 3749 3973 3749 3971 3750 3966 3750 3974 3750 3975 3751 3972 3751 3969 3751 3976 3752 3963 3752 3973 3752 3977 3753 3971 3753 3974 3753 3975 3754 3969 3754 3978 3754 3979 3755 3976 3755 3973 3755 3974 3756 3980 3756 3977 3756 3975 3757 3978 3757 3981 3757 3980 3758 3974 3758 3982 3758 3981 3759 3978 3759 3983 3759 3982 3760 3984 3760 3980 3760 3983 3761 3978 3762 3984 3763 3984 3764 3982 3764 3983 3764 3985 3765 3984 3765 3978 3765 3986 3766 3985 3766 3978 3766 3987 3767 3988 3768 3989 3769 3990 3770 3989 3769 3988 3768 3990 3770 3988 3768 3991 3771 3991 3771 3992 3772 3990 3770 3992 3772 3991 3771 3993 3773 3994 3774 3993 3773 3991 3771 3992 3772 3993 3773 3995 3775 3996 3776 3992 3772 3995 3775 3995 3775 3997 3777 3996 3776 3996 3776 3997 3777 3998 3778 3997 3777 3999 3779 3998 3778 4000 3780 3998 3778 3999 3779 3999 3779 4001 3781 4000 3780 4002 3782 4000 3780 4001 3781 4003 3783 4004 3783 4005 3783 4005 3784 4006 3784 4003 3784 4007 3785 4008 3785 4009 3785 4009 3786 4008 3786 4010 3786 4011 3787 4012 3787 4013 3787 4013 3788 4012 3788 4014 3788 4015 3789 4016 3789 4017 3789 4017 3790 4016 3790 4018 3790 4019 3791 4020 3792 4021 3793 4021 3793 4022 3794 4019 3791 4023 3795 4024 3795 4025 3795 4025 3796 4024 3796 4026 3796 4027 3797 4028 3797 4029 3797 4029 3798 4028 3798 4030 3798 4031 3799 4032 3799 4033 3799 4033 3800 4034 3800 4031 3800 4035 3801 4036 3801 4037 3801 4037 3802 4036 3802 4038 3802 4039 3803 4040 3803 4041 3803 4042 3804 4041 3804 4040 3804 4043 3805 4044 3805 4045 3805 4045 3806 4044 3806 4046 3806 4047 3807 4048 3808 4049 3809 4050 3810 4049 3809 4048 3808 4048 3808 4051 3811 4050 3810 4050 3810 4051 3811 4052 3812 4053 3813 4054 3814 4055 3815 4053 3813 4056 3816 4054 3814 4055 3815 4057 3817 4053 3813 4058 3818 4057 3817 4055 3815 4059 3819 4057 3817 4058 3818 4060 3820 4058 3818 4055 3815 4059 3819 4058 3818 4061 3821 4058 3818 4060 3820 4062 3822 4061 3821 4058 3818 4063 3823 4064 3824 4062 3822 4060 3820 4065 3825 4061 3821 4063 3823 4063 3823 4062 3822 4064 3824 4065 3825 4063 3823 4066 3826 4063 3823 4064 3824 4067 3827 4067 3827 4066 3826 4063 3823 4066 3826 4067 3827 4068 3828 4066 3826 4068 3828 4069 3829 4070 3830 4066 3826 4069 3829 4066 3826 4070 3830 4071 3831 4072 3832 4073 3833 4074 3834 4072 3832 4075 3835 4073 3833 4072 3832 4076 3836 4075 3835 4076 3836 4072 3832 4077 3837 4077 3837 4078 3838 4076 3836 4079 3839 4076 3836 4078 3838 4080 3840 4079 3839 4078 3838 4079 3839 4080 3840 4081 3841 4081 3841 4080 3840 4082 3842 4082 3842 4080 3840 4083 3843 4082 3842 4083 3843 4084 3844 4085 3845 4086 3846 4087 3847 4088 3848 4085 3845 4087 3847 4089 3849 4090 3849 4091 3849 4090 3850 4089 3850 4092 3850 4093 3851 4094 3852 4095 3853 4095 3853 4094 3852 4096 3854 4095 3853 4097 3855 4093 3851 4098 3856 4096 3854 4094 3852 4098 3856 4099 3857 4096 3854 4099 3857 4098 3856 4100 3858 4100 3858 4098 3856 4101 3859 4101 3859 4102 3860 4100 3858 4102 3860 4101 3859 4103 3861 4104 3862 4105 3862 4106 3862 4106 3863 4107 3863 4104 3863 4106 3864 4108 3864 4107 3864 4108 3865 4106 3865 4109 3865 4110 3439 4107 3439 4108 3439 4111 3439 4108 3439 4109 3439 4110 3439 4108 3439 4112 3439 4113 3866 4111 3866 4109 3866 4112 3439 4114 3439 4110 3439 4111 3439 4113 3439 4115 3439 4116 3867 4114 3867 4112 3867 4117 3439 4115 3439 4113 3439 4118 3868 4116 3868 4112 3868 4113 3439 4119 3439 4117 3439 4120 3869 4116 3869 4118 3869 4117 3870 4119 3870 4121 3870 4122 3439 4120 3439 4118 3439 4119 3439 4123 3439 4121 3439 4124 3871 4122 3871 4118 3871 4123 3872 4125 3872 4121 3872 4124 3439 4126 3439 4122 3439 4127 3439 4121 3439 4125 3439 4124 3439 4128 3439 4126 3439 4122 3439 4126 3439 4129 3439 4125 3873 4130 3873 4127 3873 4128 3874 4131 3874 4126 3874 4126 3875 4132 3875 4129 3875 4127 3439 4130 3439 4133 3439 4134 3439 4131 3439 4128 3439 4133 3439 4130 3439 4135 3439 4136 3439 4131 3439 4134 3439 4133 3876 4135 3876 4137 3876 4138 3439 4136 3439 4134 3439 4135 3877 4139 3877 4137 3877 4138 3439 4140 3439 4136 3439 4137 3878 4139 3878 4141 3878 4140 3439 4138 3439 4142 3439 4143 3439 4141 3439 4139 3439 4143 3879 4140 3879 4142 3879 4141 3439 4143 3439 4142 3439 4144 3880 4145 3881 4146 3882 4144 3880 4147 3883 4145 3881 4144 3880 4146 3882 4148 3884 4145 3881 4147 3883 4149 3885 4146 3882 4150 3886 4148 3884 4148 3884 4151 3887 4144 3880 4152 3888 4145 3881 4149 3885 4150 3886 4146 3882 4153 3889 4144 3880 4151 3887 4154 3890 4152 3888 4149 3885 4155 3891 4146 3882 4156 3892 4153 3889 4157 3893 4150 3886 4153 3889 4144 3880 4154 3890 4158 3894 4152 3888 4155 3891 4159 3895 4160 3896 4156 3892 4146 3882 4155 3891 4161 3897 4159 3895 4159 3895 4162 3898 4152 3888 4163 3899 4160 3896 4146 3882 4152 3888 4162 3898 4164 3900 4165 3901 4163 3899 4146 3882 4164 3900 4165 3901 4152 3888 4165 3901 4146 3882 4152 3888 4166 3902 4167 3902 4168 3902 4168 3903 4169 3903 4166 3903 4170 3904 4171 3905 4172 3906 4173 3907 4172 3906 4171 3905 4173 3907 4174 3908 4172 3906 4173 3907 4175 3909 4174 3908 4174 3908 4175 3909 4176 3910 4175 3909 4177 3911 4176 3910 4176 3910 4177 3911 4178 3912 4179 3913 4178 3912 4177 3911 4178 3912 4179 3913 4180 3914 4180 3914 4181 3915 4178 3912 4182 3916 4181 3915 4180 3914 4182 3916 4183 3917 4181 3915 4183 3917 4182 3916 4184 3918 4183 3917 4184 3918 4185 3919 4184 3918 4186 3920 4185 3919 4186 3920 4187 3921 4185 3919 4188 3922 4189 3922 4190 3922 4191 3923 4188 3923 4190 3923 4192 3924 4193 3924 4194 3924 4195 3925 4196 3925 4197 3925 4198 3926 4195 3926 4197 3926 4199 3927 4200 3927 4201 3927 4200 3928 4202 3928 4201 3928 4203 3929 4204 3930 4205 3931 4206 3932 4205 3931 4204 3930 4204 3930 4207 3933 4206 3932 4207 3933 4208 3934 4206 3932 4207 3933 4209 3935 4208 3934 4209 3935 4210 3936 4208 3934 4210 3936 4209 3935 4211 3937 4211 3937 4212 3938 4210 3936 4211 3937 4213 3939 4212 3938 4213 3939 4211 3937 4214 3940 4215 3941 4213 3939 4214 3940 4215 3941 4216 3942 4213 3939 4216 3942 4215 3941 4217 3943 4217 3943 4218 3944 4216 3942 4219 3945 4218 3944 4217 3943 4219 3945 4217 3943 4220 3946 4221 3947 4219 3945 4220 3946 4221 3947 4222 3948 4219 3945 4223 3949 4224 3949 4225 3949 4226 3950 4223 3950 4225 3950 4227 3951 4228 3951 4229 3951 4230 3952 4231 3952 4232 3952 4233 3953 4230 3953 4232 3953 4234 3954 4235 3954 4236 3954 4236 3955 4235 3955 4237 3955 4238 3956 4239 3957 4240 3958 4238 3956 4240 3958 4241 3959 4242 3960 4243 3961 4244 3962 4245 3963 4243 3963 4242 3963 4246 3964 4247 3965 4248 3966 4249 3967 4248 3966 4247 3965 4250 3968 4251 3968 4252 3968 4253 3969 4254 3969 4255 3969 4256 3970 4257 3971 4258 3972 4256 3970 4258 3972 4259 3973 4260 3974 4256 3970 4259 3973 4260 3974 4261 3975 4256 3970 4261 3975 4262 3976 4256 3970 4262 3976 4263 3977 4256 3970 4264 3978 4265 3978 4266 3978 4267 3979 4268 3979 4269 3979 4270 3980 4271 3981 4272 3982 4271 3981 4273 3983 4272 3982 4274 3984 4275 3985 4276 3986 4275 3985 4274 3984 4277 3987 4278 3988 4277 3987 4274 3984 4279 3989 4280 3989 4281 3989 4282 3990 4283 3990 4284 3990 4285 3991 4286 3991 4287 3991 4288 3992 4289 3992 4290 3992 4291 3993 4292 3993 4293 3993 4294 3994 4295 3994 4296 3994 4297 3995 4298 3995 4299 3995 4297 3996 4299 3996 4300 3996 4301 3997 4302 3997 4303 3997 4304 3998 4305 3998 4306 3998 4304 3999 4306 3999 4307 3999 4308 4000 4309 4000 4310 4000 4311 4001 4312 4001 4313 4001 4314 4002 4315 4003 4316 4004 4317 4005 4315 4003 4314 4002 4315 4003 4317 4005 4318 4006 4319 4007 4318 4006 4317 4005 4319 4007 4320 4008 4318 4006 4321 4009 4322 4009 4323 4009 4324 4010 4325 4011 4326 4012 4325 4011 4327 4013 4326 4012 4326 4012 4328 4014 4324 4010 4325 4011 4329 4015 4327 4013 4330 4016 4324 4010 4328 4014 4331 4017 4332 2435 4333 4018 4334 4019 4331 4017 4333 4018 4335 4019 4331 4017 4334 4019 4336 4020 4337 4020 4338 4020 4339 4021 4340 4021 4341 4021 4342 4022 4343 4023 4344 4024 4345 4025 4344 4024 4343 4023 4346 4026 4344 4024 4345 4025 4347 4027 4344 4024 4346 4026 4348 4028 4347 4027 4346 4026 4349 4029 4350 4029 4351 4029 4352 4030 4353 4031 4354 4032 4354 4032 4353 4031 4355 4033 4355 4033 4356 4034 4354 4032 4357 4035 4356 4034 4355 4033 4358 4036 4354 4032 4356 4034 4358 4036 4359 4037 4354 4032 4360 4038 4361 4038 4362 4038 4363 4039 4364 4040 4365 4041 4365 4041 4364 4040 4366 4042 4364 4040 4367 4043 4366 4042 4367 4043 4364 4040 4368 4044 4369 4045 4368 4044 4364 4040 4370 4046 4371 4047 4372 4048 4371 4047 4370 4046 4373 4049 4371 4047 4373 4049 4374 4050 4374 4050 4375 4051 4371 4047 4371 4047 4375 4051 4376 4052 4377 4053 4378 4053 4379 4053 4380 4054 4381 4054 4382 4054 4383 4055 4384 4055 4385 4055 4386 144 4387 4056 4388 144 4386 144 4388 144 4389 144 4390 4057 4391 4057 4392 4057 4393 3439 4394 3439 4395 3439 4396 267 4397 267 4398 4058 4399 4059 4400 4059 4401 4059 4399 4060 4401 4060 4402 4060 4403 4061 4404 4062 4405 4063 4404 4062 4406 4064 4405 4063 4406 4064 4404 4062 4407 4065 4406 4066 4408 4066 4405 4066 4407 4065 4409 4067 4406 4064 4410 4068 4408 4068 4406 4068 4411 4069 4409 4069 4407 4069 4410 4070 4406 4064 4412 4071 4410 4070 4412 4071 4413 4072 4413 4072 4412 4071 4414 4073 4414 4073 4412 4071 4415 4074 4416 4075 4414 4073 4415 4074 4417 4076 4416 4075 4415 4074 4415 4074 4418 4077 4417 4076 4417 4076 4418 4077 4419 4078 4420 4079 4419 4078 4418 4077 4421 4080 4419 4078 4420 4079 4421 4080 4420 4079 4422 4081 4421 4080 4422 4081 4423 4082 4424 4083 4423 4083 4422 4083 4421 4080 4423 4082 4425 4084 4422 4081 4426 4085 4424 4086 4427 4087 4421 4080 4425 4084 4424 4086 4426 4085 4428 4088 4425 4084 4429 4089 4427 4087 4426 4085 4430 4090 4428 4088 4431 4091 4427 4087 4429 4089 4428 4088 4430 4090 4432 4092 4429 4089 4433 4093 4431 4091 4432 4094 4430 4094 4434 4094 4433 4093 4435 4095 4431 4091 4436 4096 4434 4097 4430 4090 4435 4095 4433 4093 4437 4098 4436 4096 4430 4090 4438 4099 4439 4100 4435 4095 4437 4098 4438 4099 4440 4101 4436 4096 4439 4100 4437 4098 4441 4102 4438 4099 4442 4103 4440 4101 4439 4100 4441 4102 4443 4104 4442 4103 4438 4099 4444 4105 4445 4106 4443 4104 4441 4102 4444 4105 4446 4107 4442 4103 4445 4108 4447 4108 4443 4108 4446 4107 4444 4105 4448 4109 4445 4110 4449 4110 4447 4110 4448 4109 4444 4105 4449 4111 4445 4106 4448 4109 4449 4111 4450 144 4451 4112 4452 4113 4453 4114 4452 4113 4451 4112 4454 4115 4452 4113 4453 4114 4455 4116 4452 4113 4454 4115 4456 4117 4452 4113 4455 4116 4457 4118 4452 4113 4456 4117 4458 4119 4452 4119 4457 4119 4459 4120 4452 4120 4458 4120 4452 4121 4459 4121 4460 4121 4460 4122 4459 4122 4461 4122 4460 4123 4461 4123 4462 4123 4460 4124 4462 4124 4463 4124 4464 3439 4465 4125 4466 3439 4467 4126 4468 4126 4469 4126 4470 4127 4469 4128 4468 4129 4470 4127 4471 4130 4469 4128 4472 4131 4471 4130 4470 4127 4471 4130 4473 4132 4469 4128 4472 4131 4474 4133 4471 4130 4472 4131 4475 4134 4474 4133 4476 4135 4475 4134 4472 4131 4477 4136 4475 4134 4476 4135 4476 4135 4478 4137 4477 4136 4478 4137 4479 4138 4477 4136 4480 4139 4479 4138 4478 4137 4481 4140 4479 4140 4480 4140 4480 4141 4482 4141 4481 4141 4483 4142 4481 4143 4482 4144 4483 4142 4482 4144 4484 4145 4484 4145 4485 4146 4483 4142 4485 4146 4484 4145 4486 4147 4486 4147 4487 4148 4485 4146 4488 4149 4487 4148 4486 4147 4489 4150 4488 4149 4486 4147 4488 4149 4489 4150 4490 4151 4490 4151 4489 4150 4491 4152 4491 4152 4489 4150 4492 4153 4492 4153 4489 4150 4493 4154 4492 4153 4493 4154 4494 4155 4492 4153 4494 4155 4495 4156 4492 4153 4495 4156 4496 4157 4496 4157 4497 4158 4492 4153 4497 4158 4496 4157 4498 4159 4497 4158 4498 4159 4499 4160 4500 4161 4497 4158 4499 4160 4500 4161 4501 4162 4497 4158 4501 4162 4502 4163 4497 4158 4502 4163 4503 4164 4497 4158 4504 4165 4503 4164 4502 4163 4505 4166 4503 4164 4504 4165 4503 4164 4505 4166 4506 4167 4507 4168 4506 4167 4505 4166 4508 4169 4509 4169 4510 4169 4508 4170 4510 4170 4511 4170 4512 4171 4513 4171 4514 4171 4515 4172 4512 4172 4514 4172 4516 4173 4512 4173 4515 4173 4517 4174 4518 4174 4519 4174 4519 4175 4518 4175 4520 4175 4518 4176 4521 4176 4520 4176 4521 4177 4522 4177 4520 4177 4523 4178 4524 4178 4525 4178 4526 4179 4525 4179 4524 4179 4527 4180 4528 4180 4529 4180 4530 4181 4527 4182 4529 4183 4527 4182 4530 4181 4531 4184 4532 4185 4531 4184 4530 4181 4533 4186 4527 4186 4531 4186 4531 4187 4532 4187 4534 4187 4534 4188 4532 4188 4535 4188 4536 4189 4535 4190 4532 4185 4536 4189 4537 4191 4535 4190 4536 4189 4538 4192 4537 4191 4537 4193 4538 4193 4539 4193 4540 4194 4541 4194 4542 4194 4541 4195 4543 4195 4542 4195 4544 4196 4545 4197 4546 4198 4545 4197 4547 4199 4546 4198 4548 4200 4547 4199 4545 4197 4549 4201 4550 4202 4551 4203 4551 4203 4550 4202 4552 4204 4551 4203 4552 4204 4553 4205 4554 4206 4551 4203 4553 4205 4551 4203 4554 4206 4555 4207 4556 4208 4555 4207 4554 4206 4557 4209 4556 4208 4554 4206 4558 4210 4559 4210 4560 4210 4561 4211 4562 4211 4563 4211 4563 4212 4564 4212 4561 4212 4563 4213 4565 4213 4564 4213 4566 4214 4567 4214 4568 4214 4569 4215 4570 4215 4571 4215 4572 4216 4573 4216 4574 4216 4575 4217 4576 4217 4577 4217 4578 4218 4579 4218 4580 4218 4578 4219 4580 4219 4581 4219 4578 4220 4581 4221 4582 4222 4578 4220 4582 4222 4583 4223 4578 4220 4583 4223 4584 4224 4584 4224 4585 4225 4578 4220 4586 4226 4578 4220 4585 4225 4587 4227 4578 4220 4586 4226 4588 4228 4578 4220 4587 4227 4589 4229 4578 4220 4588 4228 4590 2200 4591 2200 4592 2200 4593 4230 4594 4230 4595 4230 4596 4231 4597 4231 4598 4231 4599 4232 4600 4232 4601 4232 4602 4233 4603 4233 4604 4233 4605 4234 4606 4234 4607 4234 4608 144 4609 144 4610 144 4611 4235 4612 4236 4613 4237 4613 4237 4614 4238 4611 4235 4614 4238 4615 4239 4611 4235 4616 4240 4617 4240 4618 4240 4619 4241 4620 4241 4621 4241 4622 4242 4623 4242 4624 4242 4625 4243 4626 4244 4627 4245 4625 4243 4627 4245 4628 4246 4628 4246 4629 4247 4625 4243 4629 4247 4628 4246 4630 4248 4629 4247 4630 4248 4631 4249 4629 4247 4631 4249 4632 4250 4632 4250 4631 4249 4633 4251 4632 4250 4633 4251 4634 4252 4634 4252 4633 4251 4635 4253 4634 4252 4635 4253 4636 4254 4636 4254 4635 4253 4637 4255 4636 4254 4637 4255 4638 4256 4637 4255 4639 4257 4638 4256 4640 4258 4638 4256 4639 4257 4641 4259 4640 4258 4639 4257 4641 4259 4639 4257 4642 4260 4642 4260 4643 4261 4641 4259 4643 4261 4642 4260 4644 4262 4644 4262 4645 4263 4643 4261 4645 4263 4644 4262 4646 4264 4645 4263 4646 4264 4647 4265 4647 4265 4646 4264 4648 4266 4649 4267 4647 4265 4648 4266 4649 4267 4648 4266 4650 4268 4649 4267 4650 4268 4651 4269 4649 4267 4651 4269 4652 4270 4652 4270 4651 4269 4653 4271 4652 4270 4653 4271 4654 4272 4655 4273 4656 4273 4657 4273 4658 144 4659 144 4660 144 4661 4274 4662 4275 4663 4276 4664 4277 4663 4276 4662 4275 4665 4278 4661 4274 4663 4276 4664 4277 4662 4275 4666 4279 4664 4277 4666 4279 4667 4280 4668 4281 4667 4280 4666 4279 4666 4279 4669 4282 4668 4281 4669 4282 4670 4283 4668 4281 4669 4282 4671 4284 4670 4283 4670 4283 4671 4284 4672 4285 4673 4286 4672 4285 4671 4284 4671 4284 4674 4287 4673 4286 4675 4288 4673 4286 4674 4287 4675 4288 4674 4287 4676 4289 4676 4289 4677 4290 4675 4288 4678 4291 4679 4291 4680 4291 4681 4292 4682 4292 4683 4292 4684 4293 4685 4294 4686 4295 4687 4296 4684 4293 4686 4295 4686 4295 4688 4297 4687 4296 4688 4297 4689 4298 4687 4296 4689 4298 4688 4297 4690 4299 4691 4300 4689 4298 4690 4299 4691 4300 4690 4299 4692 4301 4692 4301 4693 4302 4691 4300 4693 4302 4692 4301 4694 4303 4695 4304 4693 4302 4694 4303 4695 4304 4694 4303 4696 4305 4696 4305 4697 4306 4695 4304 4698 144 4699 144 4700 144 4701 144 4698 144 4700 144 4702 144 4701 144 4700 144 4700 144 4703 144 4702 144 4702 144 4703 144 4704 144 4703 4307 4705 4307 4704 4307 4706 144 4704 144 4705 144 4704 144 4706 144 4707 144 4707 144 4706 144 4708 144 4709 4308 4704 4308 4707 4308 4708 4309 4710 4309 4707 4309 4711 4310 4704 4310 4709 4310 4707 144 4710 144 4712 144 4709 144 4713 144 4711 144 4712 4311 4710 4311 4714 4311 4709 4312 4715 4312 4713 4312 4714 4313 4716 4313 4712 4313 4709 4314 4717 4314 4715 4314 4718 4315 4716 4315 4714 4315 4719 144 4717 144 4709 144 4720 144 4718 144 4714 144 4721 144 4719 144 4709 144 4721 144 4709 144 4722 144 4721 4316 4722 4316 4723 4316 4723 144 4722 144 4724 144 4725 4317 4726 4318 4727 4319 4727 4319 4728 4320 4725 4317 4729 4321 4730 4322 4731 4323 4730 4322 4729 4321 4732 4324 4733 4325 4734 4325 4735 4325 4733 4326 4736 4326 4734 4326 4733 4327 4735 4327 4737 4327 4737 4328 4735 4328 4738 4328 4739 4329 4737 4330 4738 4331 4740 4332 4739 4329 4738 4331 4740 4332 4741 4333 4739 4329 4741 4333 4742 4334 4739 4329 4742 4334 4741 4333 4743 4335 4744 4336 4743 4335 4741 4333 4742 4334 4743 4335 4745 4337 4746 4338 4743 4335 4744 4336 4747 4339 4744 4336 4741 4333 4745 4337 4748 4340 4742 4334 4744 4336 4749 4341 4746 4338 4747 4339 4750 4342 4744 4336 4751 4343 4748 4340 4745 4337 4752 4344 4746 4338 4749 4341 4753 4345 4750 4342 4747 4339 4754 4346 4748 4340 4751 4343 4749 4341 4755 4347 4752 4344 4753 4345 4756 4348 4750 4342 4754 4346 4751 4343 4757 4349 4752 4350 4755 4350 4758 4350 4753 4345 4759 4351 4756 4348 4757 4349 4760 4352 4754 4346 4761 4353 4752 4353 4758 4353 4762 4354 4756 4348 4759 4351 4758 4355 4763 4355 4761 4355 4764 4356 4765 4357 4766 4358 4765 4357 4767 4359 4766 4358 4768 4360 4769 4361 4770 4362 4769 4361 4768 4360 4771 4363 4769 4364 4772 4364 4770 4364 4773 4365 4771 4365 4768 4365 4768 4360 4774 4366 4773 4367 4775 4368 4773 4367 4774 4366 4776 4369 4775 4369 4774 4369 4775 4370 4776 4370 4777 4370 4777 4371 4776 4371 4778 4371 4776 4372 4779 4373 4778 4374 4780 4375 4777 4375 4778 4375 4776 4372 4781 4376 4779 4373 4780 4377 4782 4378 4777 4379 4778 4380 4783 4380 4780 4380 4779 4373 4781 4376 4784 4381 4782 4378 4780 4377 4785 4382 4786 4383 4780 4383 4783 4383 4781 4376 4787 4384 4784 4381 4788 4385 4782 4378 4785 4382 4783 4386 4789 4387 4786 4388 4787 4384 4790 4389 4784 4381 4791 4390 4788 4385 4785 4382 4792 4391 4786 4388 4789 4387 4787 4384 4793 4392 4790 4389 4794 4393 4788 4385 4791 4390 4795 4394 4792 4394 4789 4394 4796 4395 4794 4393 4791 4390 4795 4396 4789 4396 4797 4396 4798 4397 4797 4397 4789 4397 4797 4398 4799 4398 4795 4398 4800 4399 4801 4399 4802 4399 4802 4400 4801 4400 4803 4400 4804 4401 4805 4401 4806 4401 4807 4402 4805 4402 4804 4402 4805 4403 4807 4404 4808 4405 4807 4406 4804 4406 4809 4406 4810 4407 4811 4407 4812 4407 4813 4408 4812 4408 4811 4408 4811 4409 4814 4409 4813 4409 4815 4410 4816 4410 4817 4410 4818 4411 4819 4411 4820 4411 4821 4412 4822 4413 4823 4414 4822 4413 4824 4415 4823 4414 4824 4415 4822 4413 4825 4416 4826 4417 4824 4415 4825 4416 4827 4418 4824 4415 4826 4417 4828 4419 4829 4419 4830 4419 4831 4420 4832 4420 4833 4420 4834 4421 4835 4422 4836 4423 4837 4424 4836 4423 4835 4422 4836 4423 4837 4424 4838 4425 4839 4426 4838 4425 4837 4424 4840 4427 4836 4423 4838 4425 4836 4423 4840 4427 4841 4428 4842 4429 4843 4429 4844 4429 4845 4430 4846 4430 4847 4430 4848 4431 4849 4431 4850 4431 4851 4432 4852 4432 4853 4432 4854 4433 4855 4433 4856 4433 4857 4434 4858 4434 4859 4434 4860 4435 4861 4435 4862 4435 4863 4436 4864 4436 4865 4436 4866 4437 4867 4437 4868 4437 4869 4438 4870 4439 4871 4440 4872 4441 4871 4440 4870 4439 4873 4442 4871 4440 4872 4441 4874 4443 4871 4443 4873 4443 4875 4444 4871 4444 4874 4444 4876 4445 4871 4440 4875 4446 4877 4447 4871 4447 4876 4447 4878 4448 4871 4448 4877 4448 4879 4449 4871 4449 4878 4449 4880 4450 4871 4450 4879 4450 4881 4451 4882 4451 4883 4451 4884 4452 4885 4452 4886 4452 4887 4453 4888 4453 4889 4453 4890 4454 4891 4454 4892 4454 4893 4455 4894 4455 4895 4455 4896 4456 4897 4456 4898 4456 4899 4457 4900 4457 4901 4457 4902 4458 4903 4458 4904 4458 4905 4459 4906 4459 4907 4459 4908 4460 4909 4460 4910 4460 4911 4461 4912 4461 4913 4461 4914 4462 4915 4462 4916 4462 4917 4463 4918 4463 4919 4463 4920 4464 4921 4464 4922 4464 4923 4465 4924 4465 4925 4465 4926 4466 4927 4466 4928 4466 4929 4467 4930 4467 4931 4467 4932 4468 4930 4468 4929 4468 4933 4469 4929 4469 4931 4469 4930 4470 4932 4470 4934 4470 4933 4471 4931 4471 4935 4471 4930 4472 4934 4472 4936 4472 4935 4473 4937 4473 4933 4473 4936 4474 4938 4474 4930 4474 4935 4475 4939 4475 4937 4475 4938 4476 4936 4476 4940 4476 4939 4477 4941 4477 4937 4477 4938 4478 4940 4478 4942 4478 4943 4479 4941 4479 4939 4479 4938 4480 4942 4480 4944 4480 4943 4481 4945 4481 4941 4481 4938 4482 4944 4482 4946 4482 4947 4483 4945 4483 4943 4483 4948 4484 4946 4484 4944 4484 4945 4485 4947 4485 4949 4485 4950 4486 4946 4486 4948 4486 4947 4487 4951 4487 4949 4487 4950 4488 4948 4488 4952 4488 4953 4489 4951 4489 4947 4489 4950 4490 4952 4490 4954 4490 4951 4491 4953 4491 4954 4491 4954 4492 4953 4492 4950 4492 4955 4493 4956 4493 4957 4493 4958 4494 4959 4494 4960 4494 4961 4495 4962 4495 4963 4495 4964 4496 4965 4496 4966 4496 4967 4497 4968 4497 4969 4497 4970 4498 4971 4498 4972 4498 4973 4499 4974 4499 4975 4499 4976 4500 4975 4500 4974 4500 4975 4501 4977 4501 4973 4501 4975 4502 4976 4502 4978 4502 4979 4503 4973 4503 4977 4503 4980 4504 4978 4504 4976 4504 4977 4505 4981 4505 4979 4505 4978 4506 4980 4506 4982 4506 4983 4507 4979 4507 4981 4507 4984 4508 4982 4508 4980 4508 4981 4509 4985 4509 4983 4509 4982 4510 4984 4510 4986 4510 4987 4511 4983 4511 4985 4511 4988 4512 4986 4512 4984 4512 4985 4513 4989 4513 4987 4513 4988 4514 4990 4514 4986 4514 4991 4515 4987 4515 4989 4515 4988 4516 4992 4516 4990 4516 4991 4517 4989 4517 4993 4517 4994 4518 4990 4518 4992 4518 4993 4519 4995 4519 4991 4519 4992 4520 4996 4520 4994 4520 4995 4521 4993 4521 4997 4521 4998 4522 4994 4522 4996 4522 4997 4523 4999 4523 4995 4523 4996 4524 5000 4524 4998 4524 4997 4525 5001 4525 4999 4525 5000 4526 5002 4526 4998 4526 5001 4527 5003 4527 4999 4527 5004 4528 5002 4528 5000 4528 5003 4529 5001 4529 5005 4529 5002 4530 5004 4530 5006 4530 5001 4531 5006 4531 5005 4531 5005 4532 5006 4532 5004 4532 5007 4533 5008 4534 5009 4535 5009 4535 5008 4534 5010 4536 5007 4533 5009 4535 5011 4537 5010 4536 5008 4534 5012 4538 5007 4533 5011 4537 5013 4539 5012 4538 5008 4534 5014 4540 5013 4539 5011 4537 5015 4541 5016 4542 5012 4538 5014 4540 5015 4541 5017 4543 5013 4539 5016 4542 5014 4540 5018 4544 5015 4541 5019 4545 5017 4543 5016 4542 5018 4544 5020 4546 5017 4543 5019 4545 5021 4547 5020 4546 5018 4544 5022 4548 5019 4545 5023 4549 5021 4547 5022 4548 5024 267 5020 4546 5023 4549 5025 4550 5021 4547 5024 267 5022 4548 5026 4551 5023 4549 5027 4552 5025 4550 5024 267 5026 4551 5028 4553 5025 4550 5027 4552 5029 4554 5030 4555 5028 4553 5026 4551 5029 4554 5027 4552 5031 4556 5032 4557 5028 4553 5030 4555 5033 4558 5029 4554 5031 4556 5030 4555 5034 4559 5032 4557 5033 4558 5031 4556 5035 4560 5034 4559 5036 4561 5032 4557 5033 4558 5035 4560 5037 4562 5038 4563 5036 4561 5034 4559 5038 4563 5037 4562 5035 4560 5038 4563 5035 4560 5036 4561 5039 4564 5040 4564 5041 4564 5040 4565 5039 4565 5042 4565 5039 4566 5041 4566 5043 4566 5040 4567 5042 4567 5044 4567 5041 4568 5045 4568 5043 4568 5046 4569 5039 4569 5043 4569 5047 4570 5045 4570 5041 4570 5048 4571 5043 4571 5045 4571 5039 4572 5046 4572 5049 4572 5043 4573 5050 4573 5046 4573 5045 4574 5047 4574 5051 4574 5052 4575 5047 4575 5041 4575 5053 4576 5049 4576 5046 4576 5039 4577 5049 4577 5054 4577 5055 4578 5056 4579 5057 4580 5057 4580 5056 4579 5058 4581 5057 4580 5059 4582 5055 4578 5058 4581 5056 4579 5060 4541 5055 4578 5059 4582 5061 4582 5060 4541 5062 4543 5058 4581 5061 4582 5059 4582 5063 4583 5062 4543 5060 4541 5064 4584 5063 4583 5059 4582 5065 4585 5062 4543 5064 4584 5066 4586 5067 4587 5063 4583 5065 4585 5064 4584 5068 4588 5066 4586 5067 4587 5065 4585 5069 4589 5068 4588 5070 4590 5066 4586 5067 4587 5069 4589 5071 4591 5068 4588 5072 4592 5070 4590 5071 4591 5069 4589 5073 4548 5070 4590 5072 4592 5074 4593 5073 4548 5075 4594 5071 4591 5074 4593 5072 4592 5076 4595 5075 4594 5073 4548 5077 4596 5078 4597 5074 4593 5076 4595 5075 4594 5077 4596 5079 4598 5078 4597 5076 4595 5080 4599 5081 4600 5079 4598 5077 4596 5078 4597 5080 4599 5082 4599 5083 4557 5079 4598 5081 4600 5084 4561 5082 4599 5080 4599 5081 4600 5085 4601 5083 4557 5084 4561 5080 4599 5086 4602 5085 4601 5086 4602 5083 4557 5084 4561 5086 4602 5085 4601 5087 4603 5088 4603 5089 4603 5088 4604 5087 4604 5090 4604 5087 4605 5089 4605 5091 4605 5088 4606 5090 4606 5092 4606 5089 4607 5093 4607 5091 4607 5091 4608 5094 4608 5087 4608 5095 4570 5093 4570 5089 4570 5096 4609 5094 4609 5091 4609 5087 4610 5094 4610 5097 4610 5095 4611 5098 4611 5093 4611 5099 4575 5095 4575 5089 4575 5097 4612 5100 4612 5087 4612 5101 4613 5100 4613 5097 4613 5087 4614 5100 4614 5102 4614 5103 4615 5104 4615 5105 4615 5105 4616 5107 4616 5103 4616 5109 4617 5103 4617 5107 4617 5103 4618 5109 4618 5111 4618 5106 4619 5105 4619 5104 4619 5113 2200 5111 2200 5109 2200 5113 4620 5115 4620 5111 4620 5104 4621 5108 4621 5106 4621 5110 4622 5106 4622 5108 4622 5117 2200 5115 2200 5113 2200 5115 2200 5117 2200 5119 2200 5112 2200 5110 2200 5108 2200 5114 2200 5112 2200 5108 2200 5116 4623 5112 4623 5114 4623 5121 4624 5119 4624 5117 4624 5121 2200 5123 2200 5119 2200 5114 4625 5118 4625 5116 4625 5120 4626 5116 4626 5118 4626 5125 4627 5123 4627 5121 4627 5123 4628 5125 4628 5127 4628 5122 4629 5120 4629 5118 4629 5120 4630 5122 4630 5124 4630 5129 4631 5127 4631 5125 4631 5127 2200 5129 2200 5131 2200 5126 4632 5124 4632 5122 4632 5124 4633 5126 4633 5128 4633 5133 2200 5131 2200 5129 2200 5126 2200 5130 2200 5128 2200 5128 2200 5130 2200 5132 2200 5129 4634 5135 4634 5133 4634 5137 4635 5133 4635 5135 4635 5134 4636 5132 4636 5130 4636 5132 2200 5134 2200 5136 2200 5135 4637 5139 4637 5137 4637 5137 4638 5139 4638 5141 4638 5138 4639 5136 4639 5134 4639 5136 2200 5138 2200 5140 2200 5143 2200 5141 2200 5139 2200 5141 4640 5143 4640 5145 4640 5142 2200 5140 2200 5138 2200 5140 2200 5142 2200 5144 2200 5147 4641 5145 4641 5143 4641 5147 2200 5149 2200 5145 2200 5146 2200 5144 2200 5142 2200 5146 2200 5142 2200 5148 2200 5146 4642 5148 4642 5150 4642 5151 2200 5149 2200 5147 2200 5149 4643 5151 4643 5153 4643 5152 4644 5150 4644 5148 4644 5150 2200 5152 2200 5154 2200 5151 4645 5155 4645 5153 4645 5155 2200 5157 2200 5153 2200 5159 4646 5153 4646 5157 4646 5152 4647 5156 4647 5154 4647 5154 2200 5156 2200 5158 2200 5157 4648 5161 4648 5159 4648 5161 4649 5163 4649 5159 4649 5160 4650 5158 4650 5156 4650 5158 2200 5160 2200 5162 2200 5163 4651 5161 4651 5165 4651 5163 2200 5165 2200 5167 2200 5167 4652 5169 4652 5163 4652 5170 2200 5169 2200 5167 2200 5169 2200 5170 2200 5168 2200 5166 4653 5168 4653 5170 4653 5168 4654 5166 4654 5164 4654 5162 2200 5164 2200 5166 2200 5160 4655 5164 4655 5162 4655 5171 4656 5172 4656 5173 4656 5173 4657 5172 4657 5174 4657 5175 4658 5171 4658 5173 4658 5172 4659 5176 4659 5174 4659 5177 4660 5171 4660 5175 4660 5174 4661 5176 4661 5178 4661 5171 4662 5177 4662 5179 4662 5178 4663 5176 4663 5180 4663 5179 4664 5177 4664 5181 4664 5180 4665 5182 4665 5178 4665 5179 4666 5181 4666 5183 4666 5182 4667 5180 4667 5184 4667 5183 4668 5181 4668 5185 4668 5182 4669 5184 4669 5186 4669 5183 4670 5185 4670 5187 4670 5186 4671 5188 4671 5182 4671 5187 4672 5185 4672 5189 4672 5188 4673 5186 4673 5190 4673 5187 4674 5189 4674 5191 4674 5190 4675 5192 4675 5188 4675 5191 4676 5189 4676 5193 4676 5192 4677 5190 4677 5194 4677 5193 4678 5189 4678 5195 4678 5194 4679 5196 4679 5192 4679 5193 4680 5195 4680 5197 4680 5198 4681 5196 4681 5194 4681 5195 4682 5199 4682 5197 4682 5196 4683 5198 4683 5200 4683 5197 4684 5199 4684 5201 4684 5198 4685 5202 4685 5200 4685 5201 4686 5199 4686 5202 4686 5201 4687 5202 4687 5198 4687 5203 4688 5204 4688 5205 4688 5206 4689 5205 4689 5204 4689 5205 4690 5207 4690 5203 4690 5204 4691 5208 4691 5206 4691 5203 4692 5207 4692 5209 4692 5210 4693 5206 4693 5208 4693 5211 4694 5209 4694 5207 4694 5208 4695 5212 4695 5210 4695 5209 4696 5211 4696 5213 4696 5212 4697 5214 4697 5210 4697 5213 4698 5211 4698 5215 4698 5216 4699 5210 4699 5214 4699 5215 4700 5217 4700 5213 4700 5214 4701 5218 4701 5216 4701 5213 4702 5217 4702 5219 4702 5216 4703 5218 4703 5220 4703 5219 4704 5217 4704 5221 4704 5220 4705 5218 4705 5222 4705 5219 4706 5221 4706 5223 4706 5220 4707 5222 4707 5224 4707 5221 4708 5225 4708 5223 4708 5222 4709 5226 4709 5224 4709 5227 4710 5225 4710 5221 4710 5222 4711 5228 4711 5226 4711 5227 4712 5229 4712 5225 4712 5228 4713 5230 4713 5226 4713 5229 4714 5231 4714 5225 4714 5232 4715 5226 4715 5230 4715 5231 4716 5229 4716 5233 4716 5234 4717 5232 4717 5230 4717 5229 4718 5234 4718 5233 4718 5233 4719 5234 4719 5230 4719 5235 267 5236 4720 5237 4720 5237 4720 5236 4720 5238 4721 5237 4720 5239 267 5235 267 5236 4720 5240 4722 5238 4721 5235 267 5239 267 5241 4723 5242 4724 5238 4721 5240 4722 5243 4725 5235 267 5241 4723 5240 4722 5244 4726 5242 4724 5245 4727 5243 4725 5241 4723 5242 4724 5244 4726 5246 2200 5241 4723 5247 4728 5245 4727 5244 4726 5248 2200 5246 2200 5249 4729 5245 4727 5247 4728 5250 4730 5246 2200 5248 2200 5251 4731 5249 4729 5247 4728 5248 2200 5252 4730 5250 4730 5253 4732 5249 4729 5251 4731 5250 4730 5252 4730 5254 4733 5251 4731 5255 4732 5253 4732 5252 4730 5256 4734 5254 4733 5257 4735 5253 4732 5255 4732 5258 4736 5254 4733 5256 4734 5259 4735 5257 4735 5255 4732 5256 4734 5260 4737 5258 4736 5261 4738 5257 4735 5259 4735 5262 144 5258 4736 5260 4737 5259 4735 5263 4739 5261 4738 5264 144 5262 144 5260 4737 5265 4740 5261 4738 5263 4739 5266 4740 5262 144 5264 144 5266 4740 5265 4740 5263 4739 5264 144 5265 4740 5266 4740 5267 4741 5268 4741 5269 4741 5270 4742 5269 4742 5268 4742 5269 4743 5271 4743 5267 4743 5268 4744 5272 4744 5270 4744 5273 4745 5267 4745 5271 4745 5274 4746 5270 4746 5272 4746 5267 4747 5273 4747 5275 4747 5270 4744 5274 4744 5276 4744 5277 4748 5275 4748 5273 4748 5278 4749 5276 4749 5274 4749 5275 4744 5277 4744 5279 4744 5280 4744 5276 4744 5278 4744 5281 4750 5279 4750 5277 4750 5278 4744 5282 4744 5280 4744 5281 4744 5277 4744 5283 4744 5282 4744 5278 4744 5284 4744 5283 4751 5285 4751 5281 4751 5286 4752 5282 4752 5284 4752 5285 4744 5283 4744 5287 4744 5284 4753 5288 4753 5286 4753 5289 4744 5285 4744 5287 4744 5290 4754 5286 4754 5288 4754 5285 4755 5289 4755 5291 4755 5286 4756 5290 4756 5292 4756 5293 4757 5291 4757 5289 4757 5294 4744 5292 4744 5290 4744 5291 4754 5293 4754 5295 4754 5292 4744 5294 4744 5296 4744 5297 4758 5295 4758 5293 4758 5298 4744 5296 4744 5294 4744 5293 4759 5298 4759 5297 4759 5294 4744 5297 4744 5298 4744 5299 4760 5300 4761 5301 4762 5300 4761 5299 4760 5302 4763 5301 4762 5303 4764 5299 4760 5302 4763 5304 4765 5300 4761 5303 4764 5301 4762 5305 4766 5306 4732 5304 4765 5302 4763 5305 4766 5307 4767 5303 4764 5304 4765 5306 4732 5308 4768 5307 4767 5305 4766 5309 4769 5308 4768 5310 4770 5304 4765 5311 4771 5307 4767 5309 4769 5312 4772 5310 4770 5308 4768 5311 4771 5309 4769 5313 4773 5312 4772 5314 4774 5310 4770 5313 4773 5315 4775 5311 4771 5314 4774 5312 4772 5316 4776 5315 4775 5313 4773 5317 4777 5316 4776 5318 4778 5314 4774 5315 4775 5317 4777 5319 4779 5316 4776 5320 4780 5318 4778 5319 4779 5321 4781 5315 4775 5316 4776 5322 4782 5320 4780 5319 4779 5323 4783 5321 4781 5322 4782 5324 4784 5320 4780 5323 4783 5319 4779 5325 4785 5326 4786 5324 4784 5322 4782 5325 4785 5327 4787 5323 4783 5326 4786 5328 4788 5324 4784 5329 4789 5327 4787 5325 4785 5326 4786 5330 4790 5328 4788 5329 4789 5325 4785 5330 4790 5330 4790 5326 4786 5331 4791 5330 4790 5331 4791 5329 4789 5332 4744 5333 4744 5334 4744 5336 4744 5332 4744 5334 4744 5332 4744 5336 4744 5338 4744 5336 4744 5340 4744 5338 4744 5338 4744 5340 4744 5342 4744 5344 4744 5342 4744 5340 4744 5344 4744 5340 4744 5346 4744 5344 4744 5346 4744 5348 4744 5335 4744 5334 4744 5333 4744 5334 4792 5335 4792 5337 4792 5337 4793 5335 4793 5339 4793 5339 4744 5341 4744 5337 4744 5348 4744 5346 4744 5350 4744 5352 4794 5348 4794 5350 4794 5341 4795 5339 4795 5343 4795 5343 4744 5345 4744 5341 4744 5347 4744 5341 4744 5345 4744 5350 4744 5354 4744 5352 4744 5352 4744 5354 4744 5356 4744 5349 4796 5347 4796 5345 4796 5351 4744 5347 4744 5349 4744 5358 4744 5356 4744 5354 4744 5351 4744 5349 4744 5353 4744 5355 4744 5351 4744 5353 4744 5355 4797 5357 4797 5351 4797 5357 4798 5355 4798 5359 4798 5361 4744 5357 4744 5359 4744 5358 4799 5354 4799 5360 4799 5362 4744 5358 4744 5360 4744 5363 4744 5361 4744 5359 4744 5363 4800 5365 4800 5361 4800 5361 4801 5365 4801 5367 4801 5364 4744 5362 4744 5360 4744 5362 4744 5364 4744 5366 4744 5367 4802 5365 4802 5369 4802 5369 4803 5371 4803 5367 4803 5368 4744 5366 4744 5364 4744 5369 4744 5373 4744 5371 4744 5371 4744 5373 4744 5375 4744 5370 4744 5368 4744 5364 4744 5368 4744 5370 4744 5372 4744 5375 4744 5373 4744 5377 4744 5379 4744 5377 4744 5373 4744 5377 4804 5379 4804 5381 4804 5374 4744 5372 4744 5370 4744 5374 4805 5376 4805 5372 4805 5379 4744 5383 4744 5381 4744 5383 4806 5385 4806 5381 4806 5376 4744 5374 4744 5378 4744 5387 4744 5385 4744 5383 4744 5385 4744 5387 4744 5389 4744 5385 4744 5389 4744 5391 4744 5393 4744 5391 4744 5389 4744 5395 4744 5391 4744 5393 4744 5397 4744 5395 4744 5393 4744 5399 4807 5395 4807 5397 4807 5395 4744 5399 4744 5401 4744 5403 4744 5401 4744 5399 4744 5401 4808 5403 4808 5405 4808 5407 4809 5405 4809 5403 4809 5405 4810 5407 4810 5406 4810 5404 4811 5405 4811 5406 4811 5404 4744 5406 4744 5402 4744 5402 4744 5398 4744 5404 4744 5398 4812 5402 4812 5400 4812 5396 4744 5398 4744 5400 4744 5394 4744 5398 4744 5396 4744 5394 4744 5396 4744 5392 4744 5394 4744 5392 4744 5388 4744 5392 4744 5390 4744 5388 4744 5386 4744 5388 4744 5390 4744 5388 4744 5386 4744 5384 4744 5382 4744 5384 4744 5386 4744 5384 4744 5382 4744 5380 4744 5382 4813 5378 4813 5380 4813 5378 4814 5374 4814 5380 4814 5408 4815 5409 4815 5410 4815 5409 4816 5411 4816 5410 4816 5410 4817 5412 4817 5408 4817 5411 4818 5409 4818 5413 4818 5414 3439 5408 3439 5412 3439 5413 3439 5415 3439 5411 3439 5408 3439 5414 3439 5416 3439 5411 4819 5415 4819 5417 4819 5418 3439 5416 3439 5414 3439 5419 4820 5417 4820 5415 4820 5416 3439 5418 3439 5420 3439 5421 3439 5417 3439 5419 3439 5420 3439 5418 3439 5422 3439 5421 3439 5419 3439 5423 3439 5422 3439 5418 3439 5424 3439 5419 3439 5425 3439 5423 3439 5422 3439 5424 3439 5426 3439 5423 3439 5425 3439 5427 3439 5424 3439 5428 3439 5426 3439 5427 3439 5425 3439 5429 3439 5428 4821 5430 4821 5426 4821 5431 3439 5427 3439 5429 3439 5426 4822 5430 4822 5432 4822 5427 3439 5431 3439 5433 3439 5434 3439 5432 3439 5430 3439 5435 3439 5433 3439 5431 3439 5432 3439 5434 3439 5436 3439 5433 3439 5435 3439 5437 3439 5434 3439 5438 3439 5436 3439 5439 4823 5437 4823 5435 4823 5438 3439 5434 3439 5439 3439 5439 4824 5435 4824 5438 4824 5440 4732 5441 4732 5442 4825 5440 4732 5442 4825 5444 4825 5444 4825 5442 4825 5446 4826 5446 4826 5448 4826 5444 4825 5441 4732 5440 4732 5443 4827 5443 4827 5445 4827 5441 4732 5447 4828 5445 4827 5443 4827 5447 4828 5449 4828 5445 4827 5448 4826 5446 4826 5450 4829 5448 4826 5450 4829 5452 4829 5449 4828 5447 4828 5451 4830 5451 4830 5453 4830 5449 4828 5452 4829 5450 4829 5454 4831 5454 4831 5456 4831 5452 4829 5455 4739 5453 4830 5451 4830 5455 4739 5457 4739 5453 4830 5456 4831 5454 4831 5458 4832 5456 4831 5458 4832 5460 4833 5457 4739 5455 4739 5459 4834 5459 4834 5461 4835 5457 4739 5460 4833 5458 4832 5462 4836 5462 4836 5464 4836 5460 4833 5463 4837 5461 4835 5459 4834 5463 4837 5465 4837 5461 4835 5464 4836 5462 4836 5466 4838 5464 4836 5466 4838 5468 4839 5465 4837 5463 4837 5467 4840 5467 4840 5469 4840 5465 4837 5468 4839 5466 4838 5470 267 5470 267 5472 267 5468 4839 5469 4840 5467 4840 5471 144 5469 4840 5471 144 5473 144 5474 4841 5472 267 5470 267 5476 4842 5472 267 5474 4841 5473 144 5471 144 5475 4843 5475 4843 5477 4843 5473 144 5476 4842 5474 4841 5478 4720 5478 4720 5480 4720 5476 4842 5479 4844 5477 4843 5475 4843 5479 4844 5481 4844 5477 4843 5480 4720 5478 4720 5482 4845 5480 4720 5482 4845 5484 4846 5481 4844 5479 4844 5483 4847 5483 4847 5485 4848 5481 4844 5484 4846 5482 4845 5486 4849 5486 4849 5488 4849 5484 4846 5487 4734 5485 4848 5483 4847 5487 4734 5489 4734 5485 4848 5488 4849 5486 4849 5490 4850 5488 4849 5490 4850 5492 4850 5489 4734 5487 4734 5491 4851 5491 4851 5493 4851 5489 4734 5492 4850 5490 4850 5494 4852 5494 4852 5496 4852 5492 4850 5495 4853 5493 4851 5491 4851 5495 4853 5497 4853 5493 4851 5496 4852 5494 4852 5498 4854 5496 4852 5498 4854 5500 4854 5497 4853 5495 4853 5499 4855 5499 4855 5501 4855 5497 4853 5500 4854 5498 4854 5502 2200 5502 2200 5503 2200 5500 4854 5503 2200 5501 4855 5499 4855 5503 2200 5502 2200 5501 4855 5504 4856 5505 4857 5506 4858 5506 4858 5505 4857 5507 4859 5506 4858 5508 4860 5504 4856 5505 4857 5509 4861 5507 4859 5507 4859 5510 4862 5506 4858 5508 4860 5506 4858 5511 4863 5508 4864 5512 4864 5504 4864 5509 4861 5513 4865 5507 4859 5514 4866 5506 4858 5510 4862 5515 4867 5508 4860 5511 4863 5516 4868 5507 4859 5513 4865 5517 4869 5515 4869 5511 4869 5513 4865 5518 4870 5516 4868 5519 4744 5520 4744 5521 4744 5521 4871 5522 4871 5519 4871 5523 4744 5522 4744 5521 4744 5522 4744 5524 4744 5519 4744 5522 4744 5525 4744 5524 4744 5526 4872 5519 4872 5524 4872 5527 4744 5519 4744 5526 4744 5524 4873 5528 4873 5526 4873 5519 4874 5527 4874 5529 4874 5527 4744 5526 4744 5530 4744 5531 4744 5528 4744 5524 4744 5532 4744 5526 4744 5528 4744 5526 4744 5533 4744 5530 4744 5530 4875 5534 4875 5527 4875 5535 4876 5528 4876 5531 4876 5531 4744 5524 4744 5536 4744 5532 4744 5537 4744 5526 4744 5538 4744 5532 4744 5528 4744 5526 4744 5539 4744 5533 4744 5530 4744 5533 4744 5540 4744 5535 4744 5541 4744 5528 4744 5542 4744 5535 4744 5531 4744 5543 4744 5536 4744 5524 4744 5536 4744 5544 4744 5531 4744 5538 4877 5545 4877 5532 4877 5528 4878 5546 4878 5538 4878 5538 4744 5547 4744 5545 4744 5545 4744 5548 4744 5532 4744 5549 4744 5546 4744 5528 4744 5546 4879 5550 4879 5538 4879 5551 4880 5552 4880 5553 4880 5552 4881 5551 4881 5554 4881 5553 4882 5552 4882 5555 4882 5554 4883 5551 4883 5556 4883 5557 4884 5553 4884 5555 4884 5554 4885 5556 4885 5558 4885 5555 4886 5559 4886 5557 4886 5558 4887 5556 4887 5560 4887 5559 4888 5561 4888 5557 4888 5558 4889 5560 4889 5562 4889 5563 4890 5561 4890 5559 4890 5562 4891 5560 4891 5564 4891 5565 4892 5561 4892 5563 4892 5562 4893 5564 4893 5566 4893 5567 4894 5565 4894 5563 4894 5566 4895 5564 4895 5568 4895 5569 4896 5565 4896 5567 4896 5568 4897 5564 4897 5570 4897 5571 4898 5569 4898 5567 4898 5568 4899 5570 4899 5572 4899 5567 4900 5573 4900 5571 4900 5570 4901 5574 4901 5572 4901 5575 4902 5571 4902 5573 4902 5572 4903 5574 4903 5576 4903 5573 4904 5577 4904 5575 4904 5576 4905 5574 4905 5578 4905 5579 4906 5575 4906 5577 4906 5576 4907 5578 4907 5580 4907 5577 4908 5581 4908 5579 4908 5580 4909 5578 4909 5582 4909 5581 4910 5582 4910 5579 4910 5582 4911 5581 4911 5580 4911 5583 4912 5584 4912 5585 4912 5586 4913 5585 4913 5584 4913 5583 4909 5585 4909 5587 4909 5584 4914 5588 4914 5586 4914 5583 4915 5587 4915 5589 4915 5590 4916 5586 4916 5588 4916 5589 4917 5591 4917 5583 4917 5586 4918 5590 4918 5592 4918 5593 4919 5591 4919 5589 4919 5594 4920 5592 4920 5590 4920 5591 4921 5593 4921 5595 4921 5592 4922 5594 4922 5596 4922 5597 4923 5595 4923 5593 4923 5598 4924 5596 4924 5594 4924 5595 4925 5597 4925 5599 4925 5594 4926 5600 4926 5598 4926 5601 4927 5599 4927 5597 4927 5602 4928 5598 4928 5600 4928 5597 4929 5603 4929 5601 4929 5600 4930 5604 4930 5602 4930 5605 4931 5601 4931 5603 4931 5606 4932 5602 4932 5604 4932 5601 4894 5605 4894 5607 4894 5608 4933 5602 4933 5606 4933 5609 4934 5607 4934 5605 4934 5608 4935 5606 4935 5610 4935 5605 4936 5611 4936 5609 4936 5610 4909 5612 4909 5608 4909 5613 4937 5609 4937 5611 4937 5614 4915 5612 4915 5610 4915 5611 4938 5614 4938 5613 4938 5610 4939 5613 4939 5614 4939 5615 4940 5616 4940 5617 4940 5618 4941 5617 4941 5616 4941 5617 4942 5619 4942 5615 4942 5616 4943 5620 4943 5618 4943 5615 4944 5619 4944 5621 4944 5622 4945 5618 4945 5620 4945 5623 4946 5621 4946 5619 4946 5620 4947 5624 4947 5622 4947 5623 4948 5625 4948 5621 4948 5624 4949 5626 4949 5622 4949 5621 4950 5625 4950 5627 4950 5628 4951 5622 4951 5626 4951 5625 4952 5629 4952 5627 4952 5626 4953 5630 4953 5628 4953 5627 4954 5629 4954 5631 4954 5628 4955 5630 4955 5632 4955 5631 4956 5629 4956 5633 4956 5632 4957 5630 4957 5634 4957 5631 4958 5633 4958 5635 4958 5632 4959 5634 4959 5636 4959 5633 4960 5637 4960 5635 4960 5636 4961 5634 4961 5638 4961 5639 4962 5637 4962 5633 4962 5636 4963 5638 4963 5640 4963 5639 4964 5641 4964 5637 4964 5640 4948 5638 4948 5642 4948 5641 4965 5643 4965 5637 4965 5644 4966 5642 4966 5638 4966 5643 4967 5641 4967 5645 4967 5646 4968 5642 4968 5644 4968 5641 4969 5646 4969 5645 4969 5645 4970 5646 4970 5644 4970 5647 4971 5648 4971 5649 4971 5649 4972 5648 4972 5650 4972 5649 4963 5651 4963 5647 4963 5652 4973 5650 4973 5648 4973 5651 4974 5653 4974 5647 4974 5650 4975 5652 4975 5654 4975 5653 4976 5655 4976 5647 4976 5656 4977 5654 4977 5652 4977 5655 4978 5653 4978 5657 4978 5654 4979 5656 4979 5658 4979 5657 4980 5659 4980 5655 4980 5660 4981 5658 4981 5656 4981 5659 4982 5657 4982 5661 4982 5658 4983 5660 4983 5662 4983 5661 4984 5663 4984 5659 4984 5662 4985 5664 4985 5658 4985 5663 4986 5661 4986 5665 4986 5664 4987 5662 4987 5666 4987 5667 4988 5665 4988 5661 4988 5666 4989 5668 4989 5664 4989 5665 4990 5667 4990 5669 4990 5668 4991 5666 4991 5670 4991 5669 4992 5671 4992 5665 4992 5670 4993 5672 4993 5668 4993 5671 4994 5669 4994 5673 4994 5672 4961 5670 4961 5674 4961 5675 4995 5673 4995 5669 4995 5674 4963 5676 4963 5672 4963 5673 4996 5675 4996 5677 4996 5678 4997 5676 4997 5674 4997 5677 4998 5675 4998 5678 4998 5674 4999 5677 4999 5678 4999 5679 5000 5680 5000 5681 5000 5682 5001 5681 5001 5680 5001 5679 5002 5681 5002 5683 5002 5680 5003 5684 5003 5682 5003 5683 5004 5685 5004 5679 5004 5686 5005 5682 5005 5684 5005 5685 5006 5683 5006 5687 5006 5684 5007 5688 5007 5686 5007 5687 5008 5689 5008 5685 5008 5690 5009 5686 5009 5688 5009 5687 5010 5691 5010 5689 5010 5688 5011 5692 5011 5690 5011 5693 5012 5689 5012 5691 5012 5694 5013 5690 5013 5692 5013 5691 5014 5695 5014 5693 5014 5692 5015 5696 5015 5694 5015 5697 5016 5693 5016 5695 5016 5698 5017 5694 5017 5696 5017 5699 5018 5697 5018 5695 5018 5694 5019 5698 5019 5700 5019 5699 5020 5701 5020 5697 5020 5702 5021 5700 5021 5698 5021 5701 5022 5699 5022 5703 5022 5700 5023 5702 5023 5704 5023 5703 5024 5699 5024 5705 5024 5706 5025 5704 5025 5702 5025 5707 5026 5703 5026 5705 5026 5704 5027 5706 5027 5708 5027 5705 5028 5709 5028 5707 5028 5710 5029 5708 5029 5706 5029 5711 5030 5707 5030 5709 5030 5710 5031 5712 5031 5708 5031 5709 5032 5712 5032 5711 5032 5710 5033 5711 5033 5712 5033 5713 5034 5714 5034 5715 5034 5715 5035 5714 5035 5716 5035 5717 5036 5713 5036 5715 5036 5718 5037 5716 5037 5714 5037 5713 5038 5717 5038 5719 5038 5716 5039 5718 5039 5720 5039 5721 5040 5719 5040 5717 5040 5722 5041 5720 5041 5718 5041 5719 5042 5721 5042 5723 5042 5720 5043 5722 5043 5724 5043 5723 5044 5721 5044 5725 5044 5726 5045 5724 5045 5722 5045 5727 5046 5723 5046 5725 5046 5724 5047 5726 5047 5728 5047 5725 5048 5729 5048 5727 5048 5730 5049 5728 5049 5726 5049 5731 5050 5727 5050 5729 5050 5732 5051 5728 5051 5730 5051 5733 5052 5731 5052 5729 5052 5730 5053 5734 5053 5732 5053 5731 5054 5733 5054 5735 5054 5732 5055 5734 5055 5736 5055 5737 5056 5735 5056 5733 5056 5738 5057 5736 5057 5734 5057 5735 5058 5737 5058 5739 5058 5736 5059 5738 5059 5740 5059 5741 5060 5739 5060 5737 5060 5742 5061 5740 5061 5738 5061 5739 5062 5741 5062 5743 5062 5740 5063 5742 5063 5744 5063 5744 5064 5743 5064 5741 5064 5744 5065 5742 5065 5743 5065 5745 5066 5746 5066 5747 5066 5748 5067 5747 5067 5746 5067 5747 5068 5749 5068 5745 5068 5746 5069 5750 5069 5748 5069 5745 5068 5749 5068 5751 5068 5752 5070 5748 5070 5750 5070 5751 5071 5753 5071 5745 5071 5750 5072 5754 5072 5752 5072 5751 5073 5755 5073 5753 5073 5756 5074 5752 5074 5754 5074 5753 5075 5755 5075 5757 5075 5754 5076 5758 5076 5756 5076 5759 5077 5757 5077 5755 5077 5760 5078 5756 5078 5758 5078 5757 5079 5759 5079 5761 5079 5756 5080 5760 5080 5762 5080 5763 5081 5761 5081 5759 5081 5764 5082 5762 5082 5760 5082 5759 5083 5765 5083 5763 5083 5762 5084 5764 5084 5766 5084 5767 5085 5763 5085 5765 5085 5768 5086 5766 5086 5764 5086 5763 5087 5767 5087 5769 5087 5766 5088 5768 5088 5770 5088 5771 5089 5769 5089 5767 5089 5770 5090 5768 5090 5772 5090 5767 5091 5773 5091 5771 5091 5772 5092 5774 5092 5770 5092 5775 5093 5771 5093 5773 5093 5772 5092 5776 5092 5774 5092 5773 5094 5776 5094 5775 5094 5772 5095 5775 5095 5776 5095 5803 5096 5804 5097 5805 5097 5805 5097 5807 5098 5803 5096 5803 5096 5807 5098 5809 5099 5809 5099 5812 5100 5803 5096 5812 5100 5815 5101 5803 5096 5803 5096 5815 5101 5820 5102 5807 5098 5811 4831 5809 5099 5820 5102 5815 5101 5824 5103 5814 5104 5809 5099 5811 4831 5824 5103 5821 5105 5820 5102 5808 5106 5820 5102 5821 5105 5809 5099 5814 5104 5812 5100 5819 5107 5812 5100 5814 5104 5814 5104 5823 5108 5819 5107 5828 5109 5819 5107 5823 5108 5811 4831 5818 5110 5814 5104 5821 5105 5816 5111 5808 5106 5813 5112 5808 5106 5816 5111 5808 5106 5813 5112 5810 5113 5810 5113 5806 5114 5808 5106 5804 5097 5808 5106 5806 5114 5805 5097 5804 5097 5806 5114 5831 5115 5828 5109 5823 5108 5814 5104 5818 5110 5823 5108 5813 5112 5816 5111 5822 5116 5818 5110 5827 5117 5823 5108 5822 5116 5817 5118 5813 5112 5830 5119 5823 5108 5827 5117 5830 5119 5831 5115 5823 5108 5837 5120 5831 5115 5830 5119 5816 5111 5825 5121 5822 5116 5827 5117 5834 5122 5830 5119 5822 5116 5825 5121 5829 5123 5830 5119 5834 5122 5838 5124 5822 5116 5829 5123 5826 5125 5817 5118 5810 5113 5813 5112 5838 5124 5837 5120 5830 5119 5838 5124 5843 5126 5837 5120 5845 5127 5837 5120 5843 5126 5834 5122 5840 5128 5838 5124 5825 5121 5832 5129 5829 5123 5832 5129 5835 5130 5829 5123 5836 5131 5829 5123 5835 5130 5836 5131 5833 4737 5829 5123 5826 5125 5817 5118 5822 5116 5843 5126 5848 5132 5845 5127 5851 5133 5845 5127 5848 5132 5843 5126 5838 5124 5840 5128 5835 5130 5841 5134 5836 5131 5840 5128 5846 5135 5843 5126 5842 5136 5836 5131 5841 5134 5846 5135 5849 5137 5843 5126 5836 5131 5842 5136 5839 5138 5850 5139 5851 5133 5848 5132 5833 4737 5826 5125 5829 5123 5842 5136 5841 5134 5847 5140 5849 5137 5848 5132 5843 5126 5847 5140 5844 4730 5842 5136 5847 5140 5848 5132 5849 5137 5847 5140 5850 5139 5848 5132 5841 5134 5850 5139 5847 5140 5839 5138 5833 4737 5836 5131 5844 4730 5839 5138 5842 5136 5849 5137 5844 4730 5847 5140 5852 5141 5853 5141 5854 5141 5855 5142 5856 5142 5857 5142 5858 5143 5859 5143 5860 5143 5861 5144 5862 5145 5863 5146 5861 5144 5864 5147 5862 5145 5862 5145 5865 5148 5863 5146 5864 5147 5866 5149 5862 5145 5867 5150 5863 5146 5865 5148 5866 5149 5864 5147 5868 5151 5867 5150 5869 5152 5863 5146 5865 5148 5870 5153 5867 5150 5871 5154 5868 5151 5864 5147 5866 5149 5868 5151 5872 5155 5869 5152 5867 5150 5873 5156 5869 5152 5874 5157 5863 5146 5870 5153 5875 5158 5867 5150 5871 5154 5876 5159 5868 5151 5864 5147 5877 5160 5871 5154 5878 5161 5872 5155 5868 5151 5873 5156 5867 5150 5875 5158 5879 5162 5869 5152 5873 5156 5876 5159 5871 5154 5880 5163 5868 5151 5876 5159 5878 5161 5873 5156 5875 5158 5881 5164 5882 5165 5869 5152 5879 5162 5873 5156 5881 5164 5879 5162 5880 5163 5871 5154 5883 5166 5876 5159 5880 5163 5884 5167 5884 5167 5878 5161 5876 5159 5869 5152 5882 5165 5885 5168 5882 5165 5879 5162 5881 5164 5871 5154 5886 5169 5883 5166 5883 5166 5884 5167 5880 5163 5885 5168 5882 5165 5887 5170 5869 5152 5885 5168 5888 5171 5881 5164 5887 5170 5882 5165 5886 5169 5871 5154 5889 5172 5883 5166 5886 5169 5890 5173 5883 5166 5890 5173 5884 5167 5887 5170 5891 5174 5885 5168 5892 5175 5888 5171 5885 5168 5888 5171 5893 5176 5869 5152 5871 5154 5894 5177 5889 5172 5886 5169 5889 5172 5895 5178 5896 5179 5890 5173 5886 5169 5892 5175 5885 5168 5891 5174 5888 5171 5892 5175 5897 5180 5889 5172 5897 5180 5895 5178 5895 5178 5896 5179 5886 5169 5898 5181 5888 5171 5897 5180 5898 5181 5897 5180 5889 5172 5899 5182 5900 5182 5901 5182 5902 5183 5903 5184 5904 5185 5904 5185 5906 5186 5902 5183 5908 5187 5902 5183 5906 5186 5902 5183 5908 5187 5910 5188 5910 5188 5914 5189 5902 5183 5917 5190 5902 5183 5914 5189 5905 5191 5904 5185 5903 5184 5908 5187 5906 5186 5911 5192 5922 5190 5917 5190 5914 5189 5911 5192 5913 5193 5908 5187 5909 5194 5917 5190 5922 5190 5903 5184 5907 5195 5905 5191 5909 5194 5907 5195 5903 5184 5912 5196 5907 5195 5909 5194 5906 5186 5915 5197 5911 5192 5922 5190 5921 5198 5909 5194 5911 5192 5915 5197 5918 5199 5909 5194 5921 5198 5916 5200 5911 5192 5918 5199 5919 5201 5913 5193 5910 5188 5908 5187 5916 5200 5912 5196 5909 5194 5916 5200 5920 5202 5912 5196 5925 5203 5912 5196 5920 5202 5921 5198 5924 4738 5916 5200 5915 5197 5923 5204 5918 5199 5923 5204 5926 5205 5918 5199 5930 5206 5918 5199 5926 5205 5930 5206 5927 5207 5918 5199 5919 5201 5913 5193 5911 5192 5920 5202 5929 5208 5925 5203 5931 5209 5925 5203 5929 5208 5920 5202 5916 5200 5924 4738 5926 5205 5932 5210 5930 5206 5924 4738 5928 5211 5920 5202 5936 5212 5930 5206 5932 5210 5930 5206 5936 5212 5933 4721 5927 5207 5919 5201 5918 5199 5935 5213 5931 5209 5929 5208 5920 5202 5928 5211 5929 5208 5936 5212 5932 5210 5938 5214 5928 5211 5934 5215 5929 5208 5938 5214 5939 5216 5936 5212 5937 5217 5929 5208 5934 5215 5933 4721 5927 5207 5930 5206 5937 5217 5935 5213 5929 5208 5941 5218 5935 5213 5937 5217 5934 5215 5940 5219 5937 5217 5932 5210 5942 5220 5938 5214 5937 5217 5940 5219 5943 5221 5938 5214 5942 5220 5944 5222 5938 5214 5944 5222 5945 5223 5943 5221 5941 5218 5937 5217 5943 5221 5947 5224 5941 5218 5949 5225 5941 5218 5947 5224 5939 5216 5933 4721 5936 5212 5940 5219 5946 5226 5943 5221 5942 5220 5948 5227 5944 5222 5948 5227 5949 5225 5944 5222 5947 5224 5944 5222 5949 5225 5947 5224 5943 5221 5946 5226 5946 5226 5950 5228 5947 5224 5945 5223 5939 5216 5938 5214 5945 5223 5944 5222 5947 5224 5950 5228 5945 5223 5947 5224 5951 5229 5952 5229 5953 5229 5954 5230 5955 5230 5956 5230 5957 5231 5958 5231 5959 5231 5960 5232 5961 5233 5962 5234 5963 5235 5961 5233 5960 5232 5964 5236 5960 5232 5962 5234 5963 5235 5965 5237 5961 5233 5960 5232 5966 5238 5963 5235 5964 5236 5962 5234 5967 5239 5965 5237 5963 5235 5968 5240 5969 5241 5961 5233 5965 5237 5966 5238 5970 5242 5963 5235 5962 5234 5971 5243 5967 5239 5968 5240 5963 5235 5970 5242 5972 5244 5965 5237 5968 5240 5967 5239 5971 5243 5973 5245 5968 5240 5970 5242 5974 5246 5975 5247 5965 5237 5972 5244 5968 5240 5974 5246 5972 5244 5976 5248 5973 5245 5971 5243 5977 5249 5967 5239 5973 5245 5965 5237 5975 5247 5978 5250 5975 5247 5972 5244 5974 5246 5976 5248 5979 5251 5973 5245 5971 5243 5980 5252 5976 5248 5981 5253 5977 5249 5973 5245 5978 5250 5975 5247 5982 5254 5965 5237 5978 5250 5983 5255 5974 5246 5982 5254 5975 5247 5979 5251 5976 5248 5984 5256 5979 5251 5981 5253 5973 5245 5982 5254 5985 5257 5978 5250 5986 5258 5983 5255 5978 5250 5983 5255 5987 5259 5965 5237 5984 5256 5976 5248 5988 5260 5979 5251 5984 5256 5989 5261 5981 5253 5979 5251 5989 5261 5986 5258 5978 5250 5985 5257 5983 5255 5986 5258 5990 5262 5976 5248 5991 5263 5988 5260 5989 5261 5984 5256 5988 5260 5992 5264 5983 5255 5990 5262 5991 5263 5976 5248 5993 5265 5988 5260 5991 5263 5994 5266 5989 5261 5988 5260 5994 5266 5992 5264 5990 5262 5993 5265 5976 5248 5995 5267 5993 5265 5996 5268 5991 5263 5993 5265 5997 5269 5994 5266 5991 5263 5993 5265 5990 5262 5996 5268 5996 5268 5997 5269 5991 5263 5998 5270 5999 5270 6000 5270 6001 5271 6002 5271 6003 5271 6004 3439 6005 3439 6006 3439 6006 3439 6007 3439 6004 3439 6008 4732 6009 4732 6010 4732 6011 5272 6012 5273 6013 5274 6014 5275 6013 5274 6012 5273 6012 5273 6015 5276 6014 5275 6015 5276 6016 5276 6014 5275 6017 2200 6018 2200 6019 2200 6020 5277 6021 5277 6022 5278 6023 5279 6021 5277 6020 5277 6022 5278 6024 5278 6020 5277 6025 5280 6024 5278 6022 5278 6026 267 6027 267 6028 267 6029 144 6030 144 6031 144 6032 2200 6033 2200 6034 2200 6035 5281 6036 5281 6037 5281 6038 5282 6039 5282 6040 5282 6039 5283 6041 5283 6040 5283 6040 4744 6042 4744 6038 4744 6041 5284 6039 5284 6043 5284 6044 5285 6038 5285 6042 5285 6043 4744 6045 4744 6041 4744 6038 5286 6044 5286 6046 5286 6041 5287 6045 5287 6047 5287 6048 5288 6046 5288 6044 5288 6049 5289 6047 5289 6045 5289 6046 4744 6048 4744 6050 4744 6047 4744 6049 4744 6051 4744 6052 4744 6050 4744 6048 4744 6053 5290 6051 5290 6049 5290 6048 5283 6054 5283 6052 5283 6049 5291 6055 5291 6053 5291 6056 5286 6052 5286 6054 5286 6057 5292 6053 5292 6055 5292 6054 4744 6058 4744 6056 4744 6055 4744 6059 4744 6057 4744 6060 5293 6056 5293 6058 5293 6061 4744 6057 4744 6059 4744 6056 4744 6060 4744 6062 4744 6057 5294 6061 5294 6063 5294 6064 5295 6062 5295 6060 5295 6065 5291 6063 5291 6061 5291 6062 5296 6064 5296 6066 5296 6063 4744 6065 4744 6067 4744 6064 5297 6068 5297 6066 5297 6069 5298 6067 5298 6065 5298 6068 5299 6064 5299 6069 5299 6069 4744 6065 4744 6068 4744</p>
        </triangles>
        <triangles material="Kuka_black_007-material" count="2804">
          <input semantic="VERTEX" source="#Mesh67_866-mesh-vertices" offset="0"/>
          <input semantic="NORMAL" source="#Mesh67_866-mesh-normals" offset="1"/>
          <p>6070 5300 6071 5301 6072 5302 6072 5302 6073 5303 6070 5300 6075 5304 6070 5300 6073 5303 6077 5305 6070 5300 6075 5304 6079 5306 6077 5305 6075 5304 6079 5306 6081 5307 6077 5305 6073 5303 6072 5302 6074 5308 6074 5308 6072 5302 6076 5309 6076 5309 6078 5310 6074 5308 6081 5307 6079 5306 6084 5311 6084 5311 6086 5312 6081 5307 6076 5309 6080 5313 6078 5310 6082 5314 6080 5313 6076 5309 6078 5310 6080 5313 6083 5315 6088 5316 6086 5312 6084 5311 6088 5316 6090 5317 6086 5312 6085 5318 6083 5315 6080 5313 6085 5318 6087 5319 6083 5315 6090 5317 6088 5316 6092 5320 6092 5320 6094 5321 6090 5317 6087 5319 6085 5318 6089 5322 6087 5319 6089 5322 6091 5323 6096 5324 6094 5321 6092 5320 6096 5324 6098 5325 6094 5321 6091 5323 6089 5322 6093 5326 6091 5323 6093 5326 6095 5327 6098 5325 6096 5324 6100 5328 6100 5328 6102 5329 6098 5325 6095 5327 6093 5326 6097 5330 6097 5330 6099 5331 6095 5327 6104 5332 6102 5329 6100 5328 6104 5332 6106 5333 6102 5329 6097 5330 6101 5334 6099 5331 6101 5334 6103 5335 6099 5331 6106 5333 6104 5332 6108 5336 6108 5336 6104 5332 6110 5337 6110 5337 6112 5338 6108 5336 6101 5334 6105 5339 6103 5335 6103 5335 6105 5339 6107 5340 6114 5341 6112 5338 6110 5337 6116 5342 6112 5338 6114 5341 6105 5339 6109 5343 6107 5340 6109 5343 6111 5344 6107 5340 6118 5345 6116 5342 6114 5341 6120 5346 6116 5342 6118 5345 6109 5343 6113 5347 6111 5344 6111 5344 6113 5347 6115 5348 6120 5346 6118 5345 6122 5349 6124 5350 6120 5346 6122 5349 6113 5347 6117 5351 6115 5348 6117 5351 6119 5352 6115 5348 6126 5353 6124 5350 6122 5349 6128 5354 6124 5350 6126 5353 6117 5351 6121 5355 6119 5352 6119 5352 6121 5355 6123 5356 6128 5354 6126 5353 6130 5357 6132 5358 6128 5354 6130 5357 6121 5355 6125 5359 6123 5356 6125 5359 6127 5360 6123 5356 6130 5357 6134 5361 6132 5358 6136 4744 6132 5358 6134 5361 6137 5362 6136 4744 6134 5361 6135 5363 6137 5362 6134 5361 6133 5364 6137 5362 6135 5363 6131 5365 6133 5364 6135 5363 6129 5366 6133 5364 6131 5365 6127 5360 6129 5366 6131 5365 6125 5359 6129 5366 6127 5360 6138 5367 6139 5368 6140 5369 6139 5368 6138 5367 6141 5370 6140 5369 6142 5371 6138 5367 6139 5368 6141 5370 6143 5372 6140 5369 6144 5373 6142 5371 6143 5372 6141 5370 6145 5372 6146 5374 6142 5371 6144 5373 6143 5372 6145 5372 6147 5375 6146 5374 6144 5373 6148 5376 6147 5375 6145 5372 6149 5377 6150 5378 6146 5374 6148 5376 6151 5379 6147 5375 6149 5377 6150 5378 6152 5380 6146 5374 6151 5379 6149 5377 6153 5381 6152 5380 6150 5378 6154 5382 6155 5383 6151 5379 6153 5381 6152 5380 6154 5382 6156 5384 6157 5385 6155 5383 6153 5381 6154 5382 6158 5386 6156 5384 6157 5385 6159 5387 6155 5383 6156 5384 6158 5386 6160 5388 6159 5387 6157 5385 6161 5389 6158 5386 6162 144 6160 5388 6159 5387 6161 5389 6163 5390 6162 144 6164 5125 6160 5388 6163 5390 6165 5391 6159 5387 6162 144 6166 5392 6164 5125 6165 5391 6163 5390 6167 5393 6168 5394 6164 5125 6166 5392 6167 5393 6169 5395 6165 5391 6168 5394 6166 5392 6169 5395 6169 5395 6167 5393 6168 5394 6170 5396 6171 5397 6172 5397 6170 5396 6172 5397 6174 5398 6174 5398 6176 5399 6170 5396 6170 5396 6176 5399 6178 5399 6172 5397 6171 5397 6173 5400 6176 5399 6180 5401 6178 5399 6182 5402 6178 5399 6180 5401 6173 5400 6171 5397 6175 5400 6175 5400 6177 5403 6173 5400 6177 5403 6179 5404 6173 5400 6182 5402 6180 5401 6184 5405 6181 5406 6179 5404 6177 5403 6180 5401 6186 5407 6184 5405 6188 5408 6184 5405 6186 5407 6183 5409 6181 5406 6177 5403 6185 5410 6181 5406 6183 5409 6190 5411 6188 5408 6186 5407 6188 5408 6190 5411 6192 5412 6183 5409 6187 5413 6185 5410 6189 5414 6185 5410 6187 5413 6192 5412 6190 5411 6194 5415 6196 5416 6192 5412 6194 5415 6191 5417 6189 5414 6187 5413 6191 5417 6193 5418 6189 5414 6196 5416 6194 5415 6198 5419 6196 5416 6198 5419 6200 5420 6191 5417 6195 5421 6193 5418 6193 5418 6195 5421 6197 5422 6198 5419 6202 5423 6200 5420 6204 5424 6200 5420 6202 5423 6199 5425 6197 5422 6195 5421 6197 5422 6199 5425 6201 5426 6206 5427 6204 5424 6202 5423 6204 5424 6206 5427 6208 5428 6199 5425 6203 5429 6201 5426 6205 5430 6201 5426 6203 5429 6207 5430 6201 5426 6205 5430 6206 5427 6210 5431 6208 5428 6208 5428 6210 5431 6212 5432 6214 5433 6208 5428 6212 5432 6205 5430 6209 5434 6207 5430 6209 5434 6211 5435 6207 5430 6212 5432 6216 5436 6214 5433 6214 5433 6216 5436 6218 5437 6213 5438 6211 5435 6209 5434 6211 5435 6213 5438 6215 5439 6220 5440 6218 5437 6216 5436 6217 5441 6215 5439 6213 5438 6216 5436 6222 5442 6220 5440 6220 5440 6222 5442 6224 5443 6213 5438 6219 5444 6217 5441 6219 5444 6221 5445 6217 5441 6222 5442 6226 5443 6224 5443 6224 5443 6226 5443 6228 5446 6230 5446 6224 5443 6228 5446 6223 5447 6221 5445 6219 5444 6223 5447 6225 5448 6221 5445 6225 5448 6227 5449 6221 5445 6228 5446 6232 5450 6230 5446 6225 5448 6229 5451 6227 5449 6233 5452 6232 5450 6228 5446 6233 5452 6229 5451 6232 5450 6231 5453 6232 5450 6229 5451 6231 5453 6229 5451 6225 5448 6234 144 6235 5454 6236 144 6236 144 6238 5455 6234 144 6234 144 6238 5455 6240 5455 6237 5454 6236 144 6235 5454 6242 5456 6240 5455 6238 5455 6237 5454 6235 5454 6239 5457 6238 5455 6244 5456 6242 5456 6244 5456 6246 5458 6242 5456 6242 5456 6246 5458 6248 5458 6235 5454 6241 5457 6239 5457 6243 5459 6239 5457 6241 5457 6246 5458 6250 5460 6248 5458 6252 5460 6248 5458 6250 5460 6241 5457 6245 5459 6243 5459 6247 5461 6243 5459 6245 5459 6252 5460 6250 5460 6254 5462 6249 5461 6247 5461 6245 5459 6251 5463 6247 5461 6249 5461 6250 5460 6256 5462 6254 5462 6258 5464 6254 5462 6256 5462 6249 5461 6253 5463 6251 5463 6255 5465 6251 5463 6253 5463 6256 5462 6260 5464 6258 5464 6258 5464 6260 5464 6262 5466 6257 5465 6255 5465 6253 5463 6259 5467 6255 5465 6257 5465 6260 5464 6264 5466 6262 5466 6266 4744 6262 5466 6264 5466 6257 5465 6261 5467 6259 5467 6263 3439 6259 5467 6261 5467 6264 5466 6268 4744 6266 4744 6266 4744 6268 4744 6270 5468 6265 3439 6263 3439 6261 5467 6267 5469 6263 3439 6265 3439 6268 4744 6272 5468 6270 5468 6274 5470 6270 5468 6272 5468 6265 3439 6269 5469 6267 5469 6271 5471 6267 5469 6269 5469 6272 5468 6276 5470 6274 5470 6274 5470 6276 5470 6278 5472 6273 5471 6271 5471 6269 5469 6275 5473 6271 5471 6273 5471 6276 5470 6280 5472 6278 5472 6282 5474 6278 5472 6280 5472 6273 5471 6277 5473 6275 5473 6279 5475 6275 5473 6277 5473 6280 5472 6284 5474 6282 5474 6282 5474 6284 5474 6286 5476 6281 5475 6279 5475 6277 5473 6283 5477 6279 5475 6281 5475 6284 5474 6288 5476 6286 5476 6288 5476 6290 5478 6286 5476 6292 5478 6286 5476 6290 5478 6281 5475 6285 5477 6283 5477 6287 5479 6283 5477 6285 5477 6290 5478 6294 5480 6292 5478 6294 5480 6296 5480 6292 5478 6289 5479 6287 5479 6285 5477 6291 5481 6287 5479 6289 5479 6297 267 6296 5480 6294 5480 6289 5479 6293 5481 6291 5481 6295 267 6291 5481 6293 5481 6297 267 6295 267 6293 5481 6294 5480 6295 267 6297 267 6298 5482 6299 5483 6300 5484 6300 5484 6302 5482 6298 5482 6298 5482 6302 5482 6304 5485 6306 5485 6298 5482 6304 5485 6304 5485 6308 5486 6306 5485 6310 5487 6306 5485 6308 5486 6300 5484 6299 5483 6301 5488 6308 5486 6312 5489 6310 5487 6303 5490 6301 5488 6299 5483 6303 5490 6305 5491 6301 5488 6307 5492 6301 5488 6305 5491 6314 5493 6312 5489 6308 5486 6314 5493 6316 5494 6312 5489 6318 5495 6312 5489 6316 5494 6305 5491 6309 5496 6307 5492 6307 5492 6309 5496 6311 5496 6320 5497 6318 5495 6316 5494 6318 5495 6320 5497 6322 5498 6313 5499 6311 5496 6309 5496 6322 5498 6320 5497 6324 5500 6309 5496 6315 5501 6313 5499 6313 5499 6315 5501 6317 5502 6320 5497 6326 5503 6324 5500 6328 5504 6324 5500 6326 5503 6319 5505 6317 5502 6315 5501 6319 5505 6321 5506 6317 5502 6323 5507 6317 5502 6321 5506 6330 5504 6328 5504 6326 5503 6330 5504 6332 5508 6328 5504 6325 5509 6323 5507 6321 5506 6323 5507 6325 5509 6327 5510 6330 5504 6334 5511 6332 5508 6332 5508 6334 5511 6336 5512 6327 5510 6325 5509 6329 5513 6331 5513 6327 5510 6329 5513 6338 5514 6336 5512 6334 5511 6338 5514 6340 5515 6336 5512 6340 5515 6342 5516 6336 5512 6333 5517 6331 5513 6329 5513 6331 5513 6333 5517 6335 5518 6344 5519 6342 5516 6340 5515 6344 5519 6346 5520 6342 5516 6337 5521 6335 5518 6333 5517 6339 5522 6335 5518 6337 5521 6348 5523 6346 5520 6344 5519 6341 5524 6339 5522 6337 5521 6339 5522 6341 5524 6343 5525 6344 5519 6350 5523 6348 5523 6352 5526 6348 5523 6350 5523 6354 5527 6348 5523 6352 5526 6341 5524 6345 5528 6343 5525 6347 5528 6343 5525 6345 5528 6352 5526 6356 5529 6354 5527 6356 5529 6358 5530 6354 5527 6347 5528 6345 5528 6349 5531 6356 5529 6360 5532 6358 5530 6345 5528 6351 5533 6349 5531 6353 5534 6349 5531 6351 5533 6361 5532 6360 5532 6356 5529 6361 5532 6357 5535 6360 5532 6359 5535 6360 5532 6357 5535 6359 5535 6357 5535 6355 5536 6355 5536 6353 5534 6351 5533 6355 5536 6357 5535 6353 5534 6362 267 6363 5480 6364 267 6364 267 6366 5481 6362 267 6362 267 6366 5481 6368 5481 6365 5480 6364 267 6363 5480 6366 5481 6370 5537 6368 5481 6372 5537 6368 5481 6370 5537 6365 5480 6363 5480 6367 5478 6369 5478 6365 5480 6367 5478 6370 5537 6374 5477 6372 5537 6372 5537 6374 5477 6376 5477 6367 5478 6371 5476 6369 5478 6373 5476 6369 5478 6371 5476 6374 5477 6378 5475 6376 5477 6380 5475 6376 5477 6378 5475 6375 5474 6373 5476 6371 5476 6377 5474 6373 5476 6375 5474 6378 5475 6382 5473 6380 5475 6380 5475 6382 5473 6384 5473 6375 5474 6379 5472 6377 5474 6381 5472 6377 5474 6379 5472 6382 5473 6386 5471 6384 5473 6388 5471 6384 5473 6386 5471 6383 5470 6381 5472 6379 5472 6385 5470 6381 5472 6383 5470 6386 5471 6390 5469 6388 5471 6388 5471 6390 5469 6392 5469 6383 5470 6387 5468 6385 5470 6389 5468 6385 5470 6387 5468 6394 3439 6392 5469 6390 5469 6391 4744 6389 5468 6387 5468 6393 4744 6389 5468 6391 4744 6390 5469 6396 3439 6394 3439 6394 3439 6396 3439 6398 5467 6395 5466 6393 4744 6391 4744 6396 3439 6400 5467 6398 5467 6402 5465 6398 5467 6400 5467 6391 4744 6397 5466 6395 5466 6399 5464 6395 5466 6397 5466 6400 5467 6404 5465 6402 5465 6402 5465 6404 5465 6406 5463 6401 5464 6399 5464 6397 5466 6403 5462 6399 5464 6401 5464 6404 5465 6408 5463 6406 5463 6410 5461 6406 5463 6408 5463 6401 5464 6405 5462 6403 5462 6407 5460 6403 5462 6405 5462 6408 5463 6412 5461 6410 5461 6410 5461 6412 5461 6414 5459 6409 5460 6407 5460 6405 5462 6411 5458 6407 5460 6409 5460 6412 5461 6416 5459 6414 5459 6418 5538 6414 5459 6416 5459 6409 5460 6413 5458 6411 5458 6415 5539 6411 5458 6413 5458 6416 5459 6420 5538 6418 5538 6420 5538 6422 5454 6418 5538 6417 5456 6415 5539 6413 5458 6419 5455 6415 5539 6417 5456 6424 5454 6422 5454 6420 5538 6425 144 6422 5454 6424 5454 6417 5456 6421 5455 6419 5455 6423 144 6419 5455 6421 5455 6425 144 6423 144 6421 5455 6424 5454 6423 144 6425 144 6426 5540 6427 5540 6428 5540 6428 5541 6430 5541 6426 5541 6432 2200 6426 2200 6430 2200 6426 2200 6432 2200 6434 2200 6427 5542 6429 5542 6428 5542 6429 5543 6427 5543 6431 5543 6431 5544 6427 5544 6433 5544 6433 2200 6427 2200 6435 2200 6438 2200 6433 2200 6435 2200 6438 2200 6435 2200 6443 2200 6448 5545 6443 5545 6435 5545 6435 5546 6453 5546 6448 5546 6458 2200 6448 2200 6453 2200 6458 2200 6453 2200 6463 2200 6453 5547 6468 5547 6463 5547 6474 5548 6463 5548 6468 5548 6482 2200 6474 2200 6468 2200 6475 2200 6474 2200 6482 2200 6482 5549 6483 5549 6475 5549 6483 2200 6469 2200 6475 2200 6464 2200 6475 2200 6469 2200 6464 2200 6469 2200 6459 2200 6459 2200 6454 2200 6464 2200 6454 2200 6459 2200 6449 2200 6439 2200 6454 2200 6449 2200 6444 2200 6439 2200 6449 2200 6439 2200 6444 2200 6436 2200 6436 2200 6432 2200 6439 2200 6453 5550 6465 5550 6468 5550 6481 2200 6468 2200 6465 2200 6465 5551 6476 5551 6481 5551 6465 5552 6470 5552 6476 5552 6465 5553 6460 5553 6470 5553 6434 5554 6460 5554 6465 5554 6434 5555 6455 5555 6460 5555 6434 5556 6450 5556 6455 5556 6434 5557 6445 5557 6450 5557 6434 2200 6440 2200 6445 2200 6436 2200 6440 2200 6434 2200 6434 2200 6432 2200 6436 2200 6434 5558 6465 5558 6471 5558 6471 2200 6478 2200 6434 2200 6485 2200 6434 2200 6478 2200 6489 2200 6434 2200 6485 2200 6434 5559 6489 5559 6492 5559 6427 5560 6437 5560 6435 5560 6435 2200 6437 2200 6442 2200 6435 2200 6442 2200 6447 2200 6452 2200 6435 2200 6447 2200 6435 5561 6452 5561 6457 5561 6441 2200 6437 2200 6427 2200 6477 5562 6471 5562 6465 5562 6465 5563 6484 5563 6477 5563 6427 5564 6446 5564 6441 5564 6488 2200 6484 2200 6465 2200 6451 2200 6446 2200 6427 2200 6465 2200 6491 2200 6488 2200 6488 2200 6491 2200 6493 2200 6451 2200 6427 2200 6456 2200 6456 2200 6461 2200 6451 2200 6496 2200 6493 2200 6491 2200 6496 2200 6491 2200 6500 2200 6504 5565 6496 5565 6500 5565 6508 2200 6504 2200 6500 2200 6508 2200 6500 2200 6512 2200 6500 5558 6501 5558 6512 5558 6509 5566 6512 5566 6501 5566 6501 2200 6505 2200 6509 2200 6501 5567 6497 5567 6505 5567 6501 5568 6492 5568 6497 5568 6497 5569 6492 5569 6494 5569 6492 2200 6489 2200 6494 2200 6501 5570 6500 5570 6517 5570 6501 5571 6517 5571 6521 5571 6525 2200 6501 2200 6521 2200 6501 2200 6525 2200 6529 2200 6532 2200 6501 2200 6529 2200 6500 2200 6520 2200 6517 2200 6520 2200 6500 2200 6524 2200 6528 2200 6524 2200 6500 2200 6500 5572 6531 5572 6528 5572 6531 2200 6533 2200 6528 2200 6531 5573 6536 5573 6533 5573 6540 5574 6536 5574 6531 5574 6536 2200 6540 2200 6544 2200 6534 2200 6532 2200 6529 2200 6532 5575 6534 5575 6537 5575 6541 5576 6532 5576 6537 5576 6544 2200 6540 2200 6548 2200 6552 2200 6548 2200 6540 2200 6540 5577 6541 5577 6552 5577 6541 2200 6549 2200 6552 2200 6541 5578 6545 5578 6549 5578 6541 5579 6537 5579 6545 5579 6540 2200 6557 2200 6541 2200 6541 5580 6557 5580 6561 5580 6541 2200 6561 2200 6565 2200 6569 5581 6541 5581 6565 5581 6541 5582 6569 5582 6575 5582 6560 2200 6557 2200 6540 2200 6564 2200 6560 2200 6540 2200 6540 5583 6568 5583 6564 5583 6574 2200 6568 2200 6540 2200 6574 2200 6580 2200 6568 2200 6574 2200 6586 2200 6580 2200 6591 5584 6586 5584 6574 5584 6597 5585 6586 5585 6591 5585 6457 2200 6452 2200 6462 2200 6462 5586 6467 5586 6457 5586 6457 2200 6467 2200 6473 2200 6591 2200 6603 2200 6597 2200 6575 2200 6569 2200 6581 2200 6587 5587 6575 5587 6581 5587 6592 5588 6575 5588 6587 5588 6591 5589 6609 5589 6603 5589 6592 5590 6609 5590 6591 5590 6592 5591 6604 5591 6609 5591 6592 5592 6598 5592 6604 5592 6456 5593 6466 5593 6461 5593 6472 5594 6466 5594 6456 5594 6472 5595 6479 5595 6466 5595 6479 5596 6472 5596 6486 5596 6472 2200 6490 2200 6486 2200 6490 5597 6472 5597 6473 5597 6472 5577 6495 5577 6473 5577 6473 5598 6495 5598 6499 5598 6473 2200 6499 2200 6503 2200 6503 2200 6507 2200 6473 2200 6507 2200 6511 2200 6473 2200 6473 2200 6487 2200 6490 2200 6498 5599 6495 5599 6472 5599 6502 2200 6498 2200 6472 2200 6506 5600 6502 5600 6472 5600 6480 2200 6487 2200 6473 2200 6472 5601 6510 5601 6506 5601 6506 5602 6510 5602 6513 5602 6480 2200 6473 2200 6467 2200 6510 2200 6515 2200 6513 2200 6510 2200 6518 2200 6515 2200 6518 5603 6522 5603 6515 5603 6507 5604 6514 5604 6511 5604 6514 2200 6516 2200 6511 2200 6519 5605 6511 5605 6516 5605 6522 5606 6518 5606 6526 5606 6518 5607 6530 5607 6526 5607 6530 5608 6518 5608 6519 5608 6519 5609 6527 5609 6530 5609 6523 2200 6527 2200 6519 2200 6516 5610 6523 5610 6519 5610 6535 5611 6519 5611 6518 5611 6535 2200 6538 2200 6519 2200 6538 5612 6542 5612 6519 5612 6542 2200 6546 2200 6519 2200 6546 2200 6550 2200 6519 2200 6535 2200 6518 2200 6539 2200 6539 2200 6518 2200 6543 2200 6547 2200 6543 2200 6518 2200 6553 2200 6550 2200 6546 2200 6555 5613 6550 5613 6553 5613 6550 2200 6555 2200 6558 2200 6547 2200 6518 2200 6551 2200 6551 5614 6554 5614 6547 5614 6554 2200 6551 2200 6556 2200 6551 2200 6559 2200 6556 2200 6559 2200 6563 2200 6556 2200 6559 5615 6567 5615 6563 5615 6563 5616 6567 5616 6573 5616 6563 2200 6573 2200 6579 2200 6579 5617 6573 5617 6585 5617 6585 5618 6588 5618 6579 5618 6585 2200 6582 2200 6588 2200 6576 2200 6588 2200 6582 2200 6576 5619 6582 5619 6570 5619 6562 2200 6576 2200 6570 2200 6570 2200 6566 2200 6562 2200 6562 2200 6566 2200 6558 2200 6558 5620 6555 5620 6562 5620 6566 2200 6571 2200 6558 2200 6577 5621 6558 5621 6571 5621 6577 2200 6583 2200 6558 2200 6589 5622 6558 5622 6583 5622 6583 2200 6594 2200 6589 2200 6589 2200 6594 2200 6600 2200 6594 2200 6606 2200 6600 2200 6606 2200 6611 2200 6600 2200 6608 2200 6611 2200 6606 2200 6602 2200 6611 2200 6608 2200 6608 2200 6596 2200 6602 2200 6596 5623 6590 5623 6602 5623 6584 2200 6590 2200 6596 2200 6559 2200 6590 2200 6584 2200 6590 2200 6559 2200 6595 2200 6559 5624 6601 5624 6595 5624 6607 2200 6595 2200 6601 2200 6612 5625 6607 5625 6601 5625 6601 2200 6614 2200 6612 2200 6614 5626 6617 5626 6612 5626 6617 5627 6614 5627 6621 5627 6624 2200 6621 2200 6614 2200 6613 5628 6624 5628 6614 5628 6624 2200 6613 2200 6620 2200 6616 5629 6620 5629 6613 5629 6610 2200 6616 2200 6613 2200 6613 5630 6599 5630 6610 5630 6599 2200 6605 2200 6610 2200 6605 5631 6599 5631 6593 5631 6593 2200 6599 2200 6558 2200 6589 2200 6593 2200 6558 2200 6572 2200 6567 2200 6559 2200 6578 5632 6572 5632 6559 5632 6559 2200 6584 2200 6578 2200 6629 5608 6613 5608 6614 5608 6613 5633 6629 5633 6632 5633 6613 2200 6632 2200 6636 2200 6640 2200 6613 2200 6636 2200 6644 5634 6613 5634 6640 5634 6629 5635 6614 5635 6633 5635 6614 2200 6637 2200 6633 2200 6614 5636 6641 5636 6637 5636 6644 2200 6640 2200 6648 2200 6644 5637 6648 5637 6654 5637 6660 5638 6644 5638 6654 5638 6641 2200 6614 2200 6645 2200 6641 5639 6645 5639 6649 5639 6649 2200 6645 2200 6655 2200 6661 5640 6655 5640 6645 5640 6661 5641 6667 5641 6655 5641 6661 2200 6672 2200 6667 2200 6661 5642 6677 5642 6672 5642 6660 5643 6677 5643 6661 5643 6660 5644 6671 5644 6677 5644 6671 2200 6660 2200 6666 2200 6654 2200 6666 2200 6660 2200 6661 2200 6686 2200 6660 2200 6691 2200 6660 2200 6686 2200 6695 2200 6660 2200 6691 2200 6699 2200 6660 2200 6695 2200 6660 5645 6699 5645 6703 5645 6661 2200 6690 2200 6686 2200 6661 2200 6694 2200 6690 2200 6703 5646 6699 5646 6706 5646 6703 2200 6706 2200 6708 2200 6711 5647 6703 5647 6708 5647 6694 2200 6661 2200 6698 2200 6661 5648 6702 5648 6698 5648 6705 5593 6698 5593 6702 5593 6702 2200 6707 2200 6705 2200 6707 2200 6702 2200 6710 2200 6710 2200 6714 2200 6707 2200 6710 5649 6718 5649 6714 5649 6710 2200 6722 2200 6718 2200 6711 2200 6722 2200 6710 2200 6711 2200 6719 2200 6722 2200 6711 2200 6715 2200 6719 2200 6715 2200 6711 2200 6708 2200 6710 2200 6727 2200 6711 2200 6711 5650 6727 5650 6731 5650 6735 2200 6711 2200 6731 2200 6711 5651 6735 5651 6739 5651 6739 2200 6743 2200 6711 2200 6730 5652 6727 5652 6710 5652 6710 2200 6734 2200 6730 2200 6743 2200 6739 2200 6746 2200 6748 2200 6743 2200 6746 2200 6748 5653 6751 5653 6743 5653 6710 2200 6738 2200 6734 2200 6738 5654 6710 5654 6742 5654 6738 2200 6742 2200 6745 2200 6745 2200 6742 2200 6747 2200 6750 2200 6747 2200 6742 2200 6750 2200 6754 2200 6747 2200 6754 2200 6750 2200 6758 2200 6758 2200 6763 2200 6754 2200 6763 2200 6769 2200 6754 2200 6769 2200 6763 2200 6775 2200 6775 2200 6781 2200 6769 2200 6781 5655 6775 5655 6777 5655 6777 2200 6771 2200 6781 2200 6771 5656 6777 5656 6765 5656 6755 5657 6771 5657 6765 5657 6755 5658 6765 5658 6759 5658 6759 5659 6751 5659 6755 5659 6748 2200 6755 2200 6751 2200 6764 2200 6751 2200 6759 2200 6770 2200 6751 2200 6764 2200 6751 5660 6770 5660 6776 5660 6782 2200 6751 2200 6776 2200 6787 2200 6751 2200 6782 2200 6751 2200 6787 2200 6793 2200 6758 2200 6750 2200 6762 2200 6768 2200 6762 2200 6750 2200 6774 2200 6768 2200 6750 2200 6780 2200 6774 2200 6750 2200 6774 2200 6780 2200 6785 2200 6780 5661 6791 5661 6785 5661 6791 2200 6797 2200 6785 2200 6797 2200 6791 2200 6802 2200 6797 5662 6802 5662 6800 5662 6802 2200 6794 2200 6800 2200 6788 2200 6800 2200 6794 2200 6794 2200 6782 2200 6788 2200 6780 2200 6750 2200 6786 2200 6799 2200 6793 2200 6787 2200 6793 2200 6799 2200 6804 2200 6784 5663 6793 5663 6804 5663 6786 2200 6750 2200 6792 2200 6798 2200 6786 2200 6792 2200 6798 2200 6792 2200 6803 2200 6788 5664 6782 5664 6776 5664 6792 2200 6783 2200 6803 2200 6783 2200 6806 2200 6803 2200 6783 2200 6808 2200 6806 2200 6808 5665 6783 5665 6805 5665 6805 2200 6783 2200 6784 2200 6809 2200 6805 2200 6784 2200 6807 2200 6809 2200 6784 2200 6804 5565 6807 5565 6784 5565 6783 2200 6801 2200 6784 2200 6796 2200 6784 2200 6801 2200 6790 2200 6784 2200 6796 2200 6779 2200 6784 2200 6790 2200 6767 5666 6784 5666 6779 5666 6795 2200 6801 2200 6783 2200 6783 5667 6789 5667 6795 5667 6789 2200 6783 2200 6778 2200 6767 2200 6779 2200 6773 2200 6773 5668 6761 5668 6767 5668 6767 2200 6761 2200 6732 2200 6778 2200 6783 2200 6766 2200 6772 2200 6778 2200 6766 2200 6772 5575 6766 5575 6760 5575 6733 5669 6760 5669 6766 5669 6733 5670 6756 5670 6760 5670 6733 2200 6752 2200 6756 2200 6733 2200 6749 2200 6752 2200 6749 2200 6733 2200 6732 2200 6732 2200 6753 2200 6749 2200 6732 5671 6757 5671 6753 5671 6761 2200 6757 2200 6732 2200 6732 5672 6733 5672 6744 5672 6732 5673 6744 5673 6740 5673 6732 2200 6740 2200 6736 2200 6732 5674 6736 5674 6728 5674 6728 5675 6723 5675 6732 5675 6733 5676 6741 5676 6744 5676 6741 2200 6733 2200 6737 2200 6725 5677 6723 5677 6728 5677 6720 2200 6723 2200 6725 2200 6692 5678 6723 5678 6720 5678 6729 2200 6737 2200 6733 2200 6733 5679 6724 5679 6729 5679 6724 2200 6726 2200 6729 2200 6724 2200 6721 2200 6726 2200 6693 5680 6721 5680 6724 5680 6693 5681 6717 5681 6721 5681 6693 2200 6713 2200 6717 2200 6693 5682 6709 5682 6713 5682 6693 5683 6692 5683 6709 5683 6692 5684 6712 5684 6709 5684 6716 2200 6712 2200 6692 2200 6716 2200 6692 2200 6720 2200 6692 5685 6693 5685 6704 5685 6700 2200 6692 2200 6704 2200 6700 5686 6696 5686 6692 5686 6687 2200 6692 2200 6696 2200 6692 5687 6687 5687 6678 5687 6704 2200 6693 2200 6701 2200 6697 5688 6701 5688 6693 5688 6689 2200 6697 2200 6693 2200 6682 2200 6678 2200 6687 2200 6673 5689 6678 5689 6682 5689 6678 2200 6673 2200 6638 2200 6693 5690 6681 5690 6689 5690 6681 5691 6685 5691 6689 5691 6685 2200 6681 2200 6676 2200 6676 2200 6681 2200 6639 2200 6670 2200 6676 2200 6639 2200 6639 2200 6664 2200 6670 2200 6675 2200 6670 2200 6664 2200 6675 5692 6680 5692 6670 5692 6680 5693 6675 5693 6684 5693 6680 2200 6684 2200 6688 2200 6684 2200 6683 2200 6688 2200 6683 2200 6679 2200 6688 2200 6679 5694 6683 5694 6674 5694 6668 2200 6679 2200 6674 2200 6662 2200 6668 2200 6674 2200 6662 2200 6638 2200 6668 2200 6638 5695 6673 5695 6668 5695 6638 2200 6662 2200 6656 2200 6638 5696 6656 5696 6650 5696 6650 2200 6646 2200 6638 2200 6638 2200 6646 2200 6642 2200 6634 2200 6638 2200 6642 2200 6627 2200 6638 2200 6634 2200 6639 2200 6658 2200 6664 2200 6652 5697 6658 5697 6639 5697 6652 2200 6639 2200 6647 2200 6647 2200 6639 2200 6643 2200 6643 5698 6653 5698 6647 5698 6653 5699 6643 5699 6659 5699 6659 5700 6665 5700 6653 5700 6659 2200 6669 2200 6665 2200 6669 2200 6663 2200 6665 2200 6663 2200 6669 2200 6657 2200 6657 5701 6651 5701 6663 5701 6651 5702 6657 5702 6642 5702 6642 5703 6646 5703 6651 5703 6630 2200 6627 2200 6634 2200 6625 5704 6627 5704 6630 5704 6625 2200 6591 2200 6627 2200 6643 2200 6639 2200 6635 2200 6628 2200 6635 2200 6639 2200 6631 2200 6635 2200 6628 2200 6626 5705 6631 5705 6628 5705 6592 5690 6626 5690 6628 5690 6626 2200 6592 2200 6623 2200 6592 5706 6619 5706 6623 5706 6615 2200 6619 2200 6592 2200 6591 2200 6625 2200 6622 2200 6622 5707 6618 5707 6591 5707 6615 2200 6591 2200 6618 2200 6592 2200 6591 2200 6615 2200 6592 5708 6587 5708 6598 5708 6810 5709 6811 5710 6812 267 6811 5710 6810 5709 6813 5711 6812 267 6811 5710 6814 5712 6813 5711 6810 5709 6815 5713 6816 5714 6812 267 6814 5712 6817 5715 6813 5711 6815 5713 6814 5712 6818 5716 6816 5714 6819 5717 6817 5715 6815 5713 6816 5714 6818 5716 6820 5718 6821 5719 6817 5715 6819 5717 6822 5720 6820 5718 6818 5716 6819 5717 6823 5721 6821 5719 6820 5718 6822 5720 6824 5722 6821 5719 6823 5721 6825 5723 6822 5720 6826 5724 6824 5722 6823 5721 6827 5725 6825 5723 6824 5722 6826 5724 6828 5726 6827 5725 6823 5721 6829 5727 6828 5726 6826 5724 6830 5728 6827 5725 6829 5727 6831 5729 6832 5730 6830 5728 6826 5724 6833 5731 6831 5729 6829 5727 6834 5732 6830 5728 6832 5730 6835 5733 6831 5729 6833 5731 6832 5730 6836 5734 6834 5732 6835 5733 6833 5731 6837 5735 6834 5732 6836 5734 6838 5736 6837 5735 6839 5737 6835 5733 6836 5734 6840 5738 6838 5736 6841 144 6839 5737 6837 5735 6838 5736 6840 5738 6841 144 6840 5738 6839 5737 6841 144 6842 5739 6843 5739 6844 5739 6844 5740 6843 5740 6845 5740 6843 5741 6846 5741 6845 5741 6847 5742 6844 5742 6845 5742 6848 5743 6844 5743 6847 5743 6847 5744 6845 5744 6849 5744 6844 5745 6848 5745 6850 5745 6851 5746 6848 5746 6847 5746 6849 5747 6845 5747 6852 5747 6847 5748 6849 5748 6853 5748 6854 5749 6852 5749 6845 5749 6849 5750 6852 5750 6855 5750 6856 5751 6853 5751 6849 5751 6853 5752 6857 5752 6847 5752 6858 267 6859 267 6860 5753 6859 267 6858 267 6861 5754 6860 5753 6859 267 6862 5755 6861 5754 6858 267 6863 5756 6860 5753 6862 5755 6864 5757 6863 5756 6865 5758 6861 5754 6864 5757 6862 5755 6866 5757 6867 5759 6865 5758 6863 5756 6868 5760 6864 5757 6866 5757 6869 5761 6865 5758 6867 5759 6866 5757 6870 5762 6868 5760 6867 5759 6871 5763 6869 5761 6868 5760 6870 5762 6872 5764 6873 5765 6869 5761 6871 5763 6870 5762 6874 5766 6872 5764 6873 5765 6871 5763 6875 5765 6872 5764 6874 5766 6876 5767 6875 5765 6877 5768 6873 5765 6878 5769 6872 5764 6876 5767 6873 5765 6877 5768 6879 5770 6876 5767 6880 5771 6878 5769 6877 5768 6881 5772 6879 5770 6882 5773 6878 5769 6880 5771 6879 5770 6881 5772 6883 5774 6884 5775 6882 5773 6880 5771 6885 5776 6883 5774 6881 5772 6882 5773 6884 5775 6886 5775 6887 5776 6883 5774 6885 5776 6884 5775 6888 144 6886 5775 6889 144 6887 5776 6885 5776 6888 144 6889 144 6886 5775 6888 144 6887 5776 6889 144 6890 5777 6891 5778 6892 144 6892 144 6891 5778 6893 5779 6890 5777 6892 144 6894 5780 6893 5779 6891 5778 6895 4734 6896 4837 6890 5777 6894 5780 6891 5778 6897 5781 6895 4734 6898 5782 6896 4837 6894 5780 6899 5783 6895 4734 6897 5781 6900 5782 6898 5782 6894 5780 6897 5781 6901 5783 6899 5783 6902 5114 6898 5782 6900 5782 6899 5783 6901 5783 6903 5201 6900 5782 6904 5114 6902 5114 6901 5783 6905 5137 6903 5201 6906 4258 6902 5114 6904 5114 6905 5137 6907 5784 6903 5201 6906 4258 6904 5114 6908 4258 6905 5137 6909 5207 6907 5784 6908 4258 6910 5785 6906 4258 6907 5784 6909 5207 6911 5786 6912 5785 6906 4258 6910 5785 6909 5207 6913 5787 6911 5786 6914 5788 6912 5785 6910 5785 6913 5787 6915 5789 6911 5786 6916 4831 6914 5788 6910 5785 6913 5787 6917 5790 6915 5789 6918 5791 6914 5788 6916 4831 6917 5790 6919 267 6915 5789 6916 4831 6920 5792 6918 5791 6921 5117 6919 267 6917 5790 6921 5117 6918 5791 6920 5792 6920 5792 6919 267 6921 5117 6922 5793 6923 5794 6924 5795 6924 5795 6923 5794 6925 5796 6922 5793 6924 5795 6926 5797 6925 5796 6923 5794 6927 5798 6922 5793 6926 5797 6928 5799 6927 5798 6923 5794 6929 5800 6930 5801 6928 5799 6926 5797 6927 5798 6929 5800 6931 5802 6926 5797 6932 5803 6930 5801 6929 5800 6933 5804 6931 5802 6930 5801 6932 5803 6934 5805 6935 5806 6931 5802 6933 5804 6934 5805 6932 5803 6936 5807 6931 5802 6935 5806 6937 5808 6938 5809 6934 5805 6936 5807 6935 5806 6939 5810 6937 5808 6940 5811 6934 5805 6938 5809 6937 5808 6939 5810 6941 5812 6942 5813 6940 5811 6938 5809 6939 5810 6943 5814 6941 5812 6940 5811 6942 5813 6944 5815 6945 5816 6943 5814 6939 5810 6946 5817 6944 5815 6942 5813 6947 5818 6943 5814 6945 5816 6948 5819 6946 5817 6942 5813 6945 5816 6949 5820 6947 5818 6948 5819 6950 5821 6946 5817 6951 5822 6947 5818 6949 5820 6952 5823 6950 5821 6948 5819 6951 5822 6953 5824 6947 5818 6953 5824 6950 5821 6952 5823 6951 5822 6950 5821 6953 5824 6954 5825 6955 5825 6956 5825 6955 4744 6957 4744 6956 4744 6955 4744 6958 4744 6957 4744 6957 4744 6959 4744 6956 4744 6955 4744 6960 4744 6958 4744 6957 4744 6958 4744 6961 4744 6961 4744 6958 4744 6962 4744 6957 4744 6961 4744 6963 4744 6958 4744 6964 4744 6962 4744 6962 5826 6965 5826 6961 5826 6962 4744 6966 4744 6965 4744 6965 4744 6967 4744 6961 4744 6962 4744 6968 4744 6966 4744 6965 5827 6966 5827 6969 5827 6970 5828 6971 5829 6972 5830 6973 5831 6972 5830 6971 5829 6970 5828 6972 5830 6974 5832 6971 5829 6975 5833 6973 5831 6976 5834 6970 5828 6974 5832 6973 5831 6975 5833 6977 5835 6974 5832 6978 5836 6976 5834 6979 5837 6977 5835 6975 5833 6978 5836 6980 5838 6976 5834 6981 5839 6979 5837 6975 5833 6982 4828 6980 5838 6978 5836 6979 5837 6981 5839 6983 5840 6984 5841 6980 5838 6982 4828 6981 5839 6985 5842 6983 5840 6982 4828 6986 5843 6984 5841 6987 5844 6983 5840 6985 5842 6986 5843 6988 5845 6984 5841 6985 5842 6989 5846 6987 5844 6990 5847 6988 5845 6986 5843 6987 5844 6989 5846 6991 5848 6992 5849 6988 5845 6990 5847 6989 5846 6993 5850 6991 5848 6990 5847 6994 5851 6992 5849 6995 5852 6991 5848 6993 5850 6992 5849 6994 5851 6996 5853 6993 5850 6997 5854 6995 5852 6998 5855 6996 5853 6994 5851 6997 5854 6999 5856 6995 5852 7000 5857 6998 5855 6994 5851 7001 5858 6999 5856 6997 5854 6998 5855 7000 5857 7001 5858 7000 5857 6999 5856 7001 5858 7002 5859 7003 5368 7004 5860 7003 5368 7002 5859 7005 5861 7002 5859 7004 5860 7006 5862 7003 5368 7005 5861 7007 5863 7004 5860 7008 5864 7006 5862 7007 5863 7005 5861 7009 5865 7008 5864 7010 5866 7006 5862 7011 5867 7007 5863 7009 5865 7010 5866 7008 5864 7012 5868 7009 5865 7013 5869 7011 5867 7014 5376 7010 5866 7012 5868 7011 5867 7013 5869 7015 5379 7012 5868 7016 5870 7014 5376 7013 5869 7017 5871 7015 5379 7018 5872 7016 5870 7012 5868 7019 5873 7015 5379 7017 5871 7020 5874 7016 5870 7018 5872 7021 5389 7019 5873 7017 5871 7020 5874 7018 5872 7022 5875 7019 5873 7021 5389 7023 5876 7020 5874 7022 5875 7024 5877 7023 5876 7021 5389 7025 5878 7026 5879 7024 5877 7022 5875 7025 5878 7021 5389 7027 5880 7026 5879 7028 5881 7024 5877 7027 5880 7029 5882 7025 5878 7030 5883 7028 5881 7026 5879 7027 5880 7031 5884 7029 5882 7030 5883 7032 5885 7028 5881 7031 5884 7033 5886 7029 5882 7030 5883 7033 5886 7032 5885 7032 5885 7033 5886 7031 5884 7034 5887 7035 5888 7036 5889 7035 5888 7034 5887 7037 5890 7036 5889 7038 5891 7034 5887 7035 5888 7037 5890 7039 5892 7036 5889 7040 5893 7038 5891 7039 5892 7037 5890 7041 5894 7040 5893 7042 5895 7038 5891 7043 5896 7039 5892 7041 5894 7042 5895 7040 5893 7044 5897 7041 5894 7045 5898 7043 5896 7042 5895 7044 5897 7046 5899 7045 5898 7047 5900 7043 5896 7044 5897 7048 5901 7046 5899 7045 5898 7049 5902 7047 5900 7050 5903 7048 5901 7044 5897 7047 5900 7049 5902 7051 5904 7048 5901 7050 5903 7052 5905 7053 5906 7051 5904 7049 5902 7052 5905 7050 5903 7054 5907 7053 5906 7055 5908 7051 5904 7056 5909 7052 5905 7054 5907 7057 5910 7055 5908 7053 5906 7058 5911 7056 5909 7054 5907 7057 5910 7053 5906 7059 5912 7058 5911 7060 5913 7056 5909 7059 5912 7061 5393 7057 5910 7062 5883 7060 5913 7058 5911 7061 5393 7059 5912 7063 5914 7064 5915 7060 5913 7062 5883 7061 5393 7063 5914 7065 5916 7062 5883 7065 5916 7064 5915 7065 5916 7063 5914 7064 5915 7066 5372 7067 5917 7068 5223 7067 5917 7069 5918 7068 5223 7066 5372 7068 5223 7070 5867 7071 5919 7069 5918 7067 5917 7072 5920 7066 5372 7070 5867 7071 5919 7073 5919 7069 5918 7070 5867 7074 5921 7072 5920 7075 5922 7073 5919 7071 5919 7076 5923 7072 5920 7074 5921 7075 5922 7077 5866 7073 5919 7074 5921 7078 5924 7076 5923 7077 5866 7075 5922 7079 5925 7080 5871 7076 5923 7078 5924 7081 5926 7077 5866 7079 5925 7082 5927 7080 5871 7078 5924 7079 5925 7083 5928 7081 5926 7082 5927 7084 5929 7080 5871 7085 5930 7083 5928 7079 5925 7084 5929 7082 5927 7086 5931 7083 5928 7085 5930 7087 5932 7086 5931 7082 5927 7088 5933 7087 5932 7085 5930 7089 5934 7088 5933 7090 5935 7086 5931 7087 5932 7089 5934 7091 5936 7090 5935 7088 5933 7092 5937 7093 5938 7091 5936 7089 5934 7092 5937 7094 5392 7090 5935 7093 5938 7095 5939 7091 5936 7094 5392 7092 5937 7096 5940 7097 144 7095 5939 7093 5938 7097 144 7094 5392 7096 5940 7096 5940 7095 5939 7097 144 7098 5117 7099 5941 7100 267 7099 5941 7101 5918 7100 267 7098 5117 7100 267 7102 5942 7103 5943 7101 5918 7099 5941 7104 5944 7098 5117 7102 5942 7103 5943 7105 5919 7101 5918 7102 5942 7106 5945 7104 5944 7107 5946 7105 5919 7103 5943 7108 5947 7104 5944 7106 5945 7107 5946 7109 5946 7105 5919 7106 5945 7110 5948 7108 5947 7109 5946 7107 5946 7111 5376 7112 5871 7108 5947 7110 5948 7113 5868 7109 5946 7111 5376 7114 5927 7112 5871 7110 5948 7111 5376 7115 5872 7113 5868 7114 5927 7116 5876 7112 5871 7117 5870 7115 5872 7111 5376 7116 5876 7114 5927 7118 5949 7115 5872 7117 5870 7119 5950 7118 5949 7114 5927 7120 5951 7119 5950 7117 5870 7121 5952 7120 5951 7122 5953 7118 5949 7119 5950 7121 5952 7123 5954 7122 5953 7120 5951 7124 5955 7125 5956 7123 5954 7121 5952 7124 5955 7126 5957 7122 5953 7125 5956 7127 144 7123 5954 7126 5957 7124 5955 7128 5958 7129 5959 7127 144 7125 5956 7129 5959 7126 5957 7128 5958 7128 5958 7127 144 7129 5959 7130 5117 7131 5960 7132 5372 7131 5960 7133 5961 7132 5372 7130 5117 7132 5372 7134 5962 7131 5960 7135 5963 7133 5961 7136 5920 7130 5117 7134 5962 7135 5963 7137 5964 7133 5961 7136 5920 7134 5962 7138 5947 7139 5965 7137 5964 7135 5963 7140 5921 7136 5920 7138 5947 7139 5965 7141 5966 7137 5964 7142 5871 7140 5921 7138 5947 7141 5966 7139 5965 7143 5967 7142 5871 7144 5385 7140 5921 7145 5968 7141 5966 7143 5967 7144 5385 7142 5871 7146 5387 7143 5967 7147 5969 7145 5968 7144 5385 7146 5387 7148 5876 7143 5967 7149 5970 7147 5969 7150 5971 7148 5876 7146 5387 7147 5969 7149 5970 7151 5972 7150 5971 7146 5387 7152 5878 7153 5973 7151 5972 7149 5970 7154 5882 7150 5971 7152 5878 7151 5972 7153 5973 7155 5974 7154 5882 7152 5878 7156 5975 7153 5973 7157 5976 7155 5974 7156 5975 7158 5977 7154 5882 7157 5976 7159 144 7155 5974 7158 5977 7156 5975 7160 5977 7161 5777 7159 144 7157 5976 7158 5977 7160 5977 7161 5777 7160 5977 7159 144 7161 5777 7162 5978 7163 5979 7164 5980 7163 5979 7162 5978 7165 5981 7162 5978 7164 5980 7166 5982 7163 5979 7165 5981 7167 5983 7166 5982 7164 5980 7168 5984 7165 5981 7169 5985 7167 5983 7166 5982 7168 5984 7170 5986 7169 5985 7171 5987 7167 5983 7170 5986 7168 5984 7172 5988 7173 5989 7171 5987 7169 5985 7174 5990 7170 5986 7172 5988 7173 5989 7175 5991 7171 5987 7176 5992 7174 5990 7172 5988 7177 5993 7175 5991 7173 5989 7174 5990 7176 5992 7178 5994 7179 5995 7177 5993 7173 5989 7178 5994 7176 5992 7180 5996 7177 5993 7179 5995 7181 5997 7180 5996 7176 5992 7182 5998 7183 5999 7181 5997 7179 5995 7180 5996 7182 5998 7184 6000 7183 5999 7185 6001 7181 5997 7182 5998 7186 6002 7184 6000 7187 6003 7185 6001 7183 5999 7188 6004 7184 6000 7186 6002 7187 6003 7189 6005 7185 6001 7186 6002 7190 6006 7188 6004 7187 6003 7191 6007 7189 6005 7190 6006 7192 6008 7188 6004 7189 6005 7191 6007 7193 6009 7192 6008 7190 6006 7193 6009 7191 6007 7192 6008 7193 6009 7194 144 7195 6010 7196 6011 7195 6010 7197 6012 7196 6011 7194 144 7196 6011 7198 6013 7195 6010 7199 6014 7197 6012 7200 6015 7194 144 7198 6013 7199 6014 7201 6016 7197 6012 7202 6017 7200 6015 7198 6013 7201 6016 7199 6014 7203 6018 7204 6019 7200 6015 7202 6017 7203 6018 7205 6020 7201 6016 7204 6019 7202 6017 7206 6021 7207 6022 7205 6020 7203 6018 7204 6019 7206 6021 7208 6023 7209 6024 7205 6020 7207 6022 7206 6021 7210 5897 7208 6023 7207 6022 7211 6025 7209 6024 7212 5897 7208 6023 7210 5897 7211 6025 7207 6022 7213 6026 7210 5897 7214 6027 7212 5897 7211 6025 7213 6026 7215 6028 7210 5897 7216 5895 7214 6027 7217 6029 7215 6028 7213 6026 7214 6027 7216 5895 7218 6030 7215 6028 7217 6029 7219 5942 7216 5895 7220 6031 7218 6030 7217 6029 7221 5375 7219 5942 7222 5961 7218 6030 7220 6031 7221 5375 7223 6032 7219 5942 7224 6033 7222 5961 7220 6031 7225 267 7223 6032 7221 5375 7225 267 7222 5961 7224 6033 7225 267 7224 6033 7223 6032 7226 5470 7227 5468 7228 5468 7226 5470 7228 5468 7230 5470 7230 5470 7232 5472 7226 5470 7232 5472 7230 5470 7234 5472 7234 5472 7236 6034 7232 5472 7228 5468 7227 5468 7229 4744 7234 5472 7238 6034 7236 6034 7240 5476 7236 6034 7238 6034 7229 4744 7227 5468 7231 4744 7231 4744 7233 5466 7229 4744 7240 5476 7238 6034 7242 5476 7240 5476 7242 5476 7244 5478 7231 4744 7235 5466 7233 5466 7237 5464 7233 5466 7235 5466 7246 5478 7244 5478 7242 5476 7244 5478 7246 5478 7248 5480 7239 5464 7237 5464 7235 5466 7241 5462 7237 5464 7239 5464 7250 5480 7248 5480 7246 5478 7250 5480 7252 267 7248 5480 7243 5462 7241 5462 7239 5464 7243 5462 7245 5794 7241 5462 7254 267 7252 267 7250 5480 7256 5481 7252 267 7254 267 7258 5481 7252 267 7256 5481 7245 5794 7243 5462 7247 5794 7249 5458 7245 5794 7247 5794 7258 5481 7256 5481 7260 5479 7258 5481 7260 5479 7262 5479 7249 5458 7247 5794 7251 5458 7251 5458 7253 5539 7249 5458 7264 5477 7262 5479 7260 5479 7264 5477 7266 5477 7262 5479 7253 5539 7251 5458 7255 5539 7255 5539 7257 5455 7253 5539 7268 6035 7266 5477 7264 5477 7266 5477 7268 6035 7270 6035 7259 5455 7257 5455 7255 5539 7261 144 7257 5455 7259 5455 7270 6035 7268 6035 7272 5473 7270 6035 7272 5473 7274 5473 7261 144 7259 5455 7263 144 7261 144 7263 144 7265 5454 7267 5454 7261 144 7265 5454 7272 5473 7276 5471 7274 5473 7278 5471 7274 5473 7276 5471 7269 5538 7267 5454 7265 5454 7269 5538 7271 5538 7267 5454 7278 5471 7276 5471 7280 5469 7280 5469 7282 5469 7278 5471 7271 5538 7269 5538 7273 5459 7275 5459 7271 5538 7273 5459 7280 5469 7284 3439 7282 5469 7282 5469 7284 3439 7286 3439 7277 6036 7275 5459 7273 5459 7275 5459 7277 6036 7279 6036 7288 5467 7286 3439 7284 3439 7289 5467 7286 3439 7288 5467 7281 5463 7279 6036 7277 6036 7279 6036 7281 5463 7283 5463 7287 5465 7289 5467 7288 5467 7283 5463 7281 5463 7285 5465 7283 5463 7285 5465 7287 5465 7289 5467 7287 5465 7285 5465 7290 2200 7291 2200 7292 2200 7294 2200 7290 2200 7292 2200 7294 2200 7292 2200 7296 2200 7296 2200 7298 2200 7294 2200 7291 2200 7290 2200 7293 2200 7293 2200 7295 2200 7291 2200 7291 2200 7295 2200 7297 2200 7298 2200 7296 2200 7300 2200 7302 2200 7298 2200 7300 2200 7295 6037 7299 6037 7297 6037 7299 2200 7295 2200 7301 2200 7301 2200 7303 2200 7299 2200 7299 2200 7303 2200 7305 2200 7302 2200 7300 2200 7304 2200 7304 6038 7306 6038 7302 6038 7305 6039 7303 6039 7307 6039 7305 2200 7307 2200 7309 2200 7306 2200 7304 2200 7308 2200 7308 2200 7310 2200 7306 2200 7311 2200 7309 2200 7307 2200 7313 2200 7309 2200 7311 2200 7310 6040 7308 6040 7312 6040 7310 6041 7312 6041 7314 6041 7311 6042 7315 6042 7313 6042 7313 2200 7315 2200 7317 2200 7314 2200 7312 2200 7316 2200 7318 2200 7314 2200 7316 2200 7315 6043 7319 6043 7317 6043 7319 2200 7321 2200 7317 2200 7316 6044 7320 6044 7318 6044 7322 6045 7318 6045 7320 6045 7319 2200 7323 2200 7321 2200 7323 6046 7325 6046 7321 6046 7327 6047 7325 6047 7323 6047 7329 2200 7325 2200 7327 2200 7322 6048 7320 6048 7324 6048 7322 2200 7324 2200 7326 2200 7322 6038 7326 6038 7328 6038 7331 2200 7329 2200 7327 2200 7331 2200 7333 2200 7329 2200 7328 2200 7326 2200 7330 2200 7332 6049 7328 6049 7330 6049 7333 2200 7331 2200 7335 2200 7333 6050 7335 6050 7337 6050 7334 2200 7332 2200 7330 2200 7332 2200 7334 2200 7336 2200 7335 2200 7339 2200 7337 2200 7335 6051 7341 6051 7339 6051 7343 2200 7339 2200 7341 2200 7338 2200 7336 2200 7334 2200 7338 6052 7340 6052 7336 6052 7343 2200 7341 2200 7345 2200 7345 2200 7347 2200 7343 2200 7347 2200 7345 2200 7349 2200 7351 2200 7347 2200 7349 2200 7351 6053 7349 6053 7353 6053 7353 2200 7350 2200 7351 2200 7350 2200 7353 2200 7352 2200 7346 2200 7350 2200 7352 2200 7348 2200 7350 2200 7346 2200 7346 6054 7342 6054 7348 6054 7342 2200 7346 2200 7344 2200 7340 2200 7342 2200 7344 2200 7338 2200 7342 2200 7340 2200 7354 6055 7355 144 7356 6055 7354 6055 7356 6055 7358 5539 7358 5539 7360 5539 7354 6055 7360 5539 7358 5539 7362 5458 7360 5539 7362 5458 7364 6056 7362 5458 7366 5460 7364 6056 7366 5460 7368 5460 7364 6056 7356 6055 7355 144 7357 144 7357 144 7355 144 7359 6057 7368 5460 7366 5460 7370 5462 7368 5460 7370 5462 7372 5462 7359 6057 7355 144 7361 6057 7361 6057 7363 5538 7359 6057 7365 5538 7363 5538 7361 6057 7365 5538 7367 5459 7363 5538 7372 5462 7370 5462 7374 5464 7374 5464 7376 5464 7372 5462 7367 5459 7365 5538 7369 6058 7367 5459 7369 6058 7371 5461 7376 5464 7374 5464 7378 5466 7376 5464 7378 5466 7380 5466 7373 5461 7371 5461 7369 6058 7375 5463 7371 5461 7373 5461 7380 5466 7378 5466 7382 4744 7382 4744 7384 4744 7380 5466 7375 5463 7373 5461 7377 5463 7377 5463 7379 5465 7375 5463 7386 5468 7384 4744 7382 4744 7384 4744 7386 5468 7388 5468 7381 5465 7379 5465 7377 5463 7381 5465 7383 5467 7379 5465 7386 5468 7390 5470 7388 5468 7390 5470 7392 5470 7388 5468 7383 5467 7381 5465 7385 5467 7387 3439 7383 5467 7385 5467 7390 5470 7394 5472 7392 5470 7392 5470 7394 5472 7396 5472 7389 3439 7387 3439 7385 5467 7391 5469 7387 3439 7389 3439 7396 5472 7394 5472 7398 5474 7398 5474 7400 5474 7396 5472 7391 5469 7389 3439 7393 5469 7395 5471 7391 5469 7393 5469 7402 5476 7400 5474 7398 5474 7400 5474 7402 5476 7404 5476 7397 5471 7395 5471 7393 5469 7399 5473 7395 5471 7397 5471 7404 5476 7402 5476 7406 5478 7406 5478 7408 5478 7404 5476 7399 5473 7397 5471 7401 5473 7403 5475 7399 5473 7401 5473 7408 5478 7406 5478 7410 6059 7408 5478 7410 6059 7412 6059 7412 6059 7410 6059 7414 267 7414 267 7416 267 7412 6059 7405 5475 7403 5475 7401 5473 7405 5475 7407 5477 7403 5475 7417 6060 7416 267 7414 267 7417 6060 7414 267 7415 6060 7415 6060 7413 5479 7417 6060 7413 5479 7415 6060 7411 5479 7413 5479 7411 5479 7409 5477 7409 5477 7411 5479 7407 5477 7407 5477 7405 5475 7409 5477 7418 2200 7419 2200 7420 2200 7420 2200 7422 2200 7418 2200 7422 6061 7424 6061 7418 6061 7424 6062 7422 6062 7426 6062 7426 2200 7428 2200 7424 2200 7420 6063 7419 6063 7421 6063 7426 6064 7430 6064 7428 6064 7430 6065 7432 6065 7428 6065 7423 6066 7421 6066 7419 6066 7421 6067 7423 6067 7425 6067 7432 6068 7430 6068 7434 6068 7434 6069 7436 6069 7432 6069 7423 6070 7427 6070 7425 6070 7425 6071 7427 6071 7429 6071 7434 6072 7438 6072 7436 6072 7440 6073 7436 6073 7438 6073 7431 6074 7429 6074 7427 6074 7429 2200 7431 2200 7433 2200 7438 6075 7442 6075 7440 6075 7444 6076 7440 6076 7442 6076 7431 6077 7435 6077 7433 6077 7437 6078 7433 6078 7435 6078 7442 6079 7446 6079 7444 6079 7448 6080 7444 6080 7446 6080 7435 2200 7439 2200 7437 2200 7437 2200 7439 2200 7441 2200 7448 2200 7446 2200 7450 2200 7448 2200 7450 2200 7452 2200 7441 2200 7439 2200 7443 2200 7441 6081 7443 6081 7445 6081 7450 2200 7454 2200 7452 2200 7454 2200 7456 2200 7452 2200 7456 2200 7458 2200 7452 2200 7445 6082 7443 6082 7447 6082 7449 2200 7445 2200 7447 2200 7447 2200 7451 2200 7449 2200 7447 2200 7453 2200 7451 2200 7451 2200 7453 2200 7455 2200 7460 2200 7458 2200 7456 2200 7458 6083 7460 6083 7462 6083 7457 6084 7455 6084 7453 6084 7455 2200 7457 2200 7459 2200 7464 6079 7462 6079 7460 6079 7462 6085 7464 6085 7466 6085 7461 2200 7459 2200 7457 2200 7459 6086 7461 6086 7463 6086 7468 6087 7466 6087 7464 6087 7466 6088 7468 6088 7470 6088 7465 6089 7463 6089 7461 6089 7463 6090 7465 6090 7467 6090 7472 6091 7470 6091 7468 6091 7470 6092 7472 6092 7474 6092 7476 6093 7474 6093 7472 6093 7474 6094 7476 6094 7478 6094 7469 6095 7467 6095 7465 6095 7467 2200 7469 2200 7471 2200 7480 6096 7478 6096 7476 6096 7478 2200 7480 2200 7482 2200 7471 2200 7469 2200 7473 2200 7473 2200 7475 2200 7471 2200 7483 6097 7482 6097 7480 6097 7481 2200 7482 2200 7483 2200 7481 6098 7483 6098 7479 6098 7479 6099 7477 6099 7481 6099 7475 2200 7477 2200 7479 2200 7473 6100 7477 6100 7475 6100 7484 6101 7485 6102 7486 6103 7486 6103 7485 6102 7487 6104 7484 6101 7486 6103 7488 6105 7487 6104 7489 6106 7486 6103 7488 6105 7490 6107 7484 6101 7491 6108 7489 6106 7487 6104 7490 6107 7488 6105 7492 6109 7491 6108 7493 6110 7489 6106 7492 6109 7494 6111 7490 6107 7493 6110 7491 6108 7495 6112 7494 6111 7492 6109 7496 6113 7495 6112 7497 6114 7493 6110 7494 6111 7496 6113 7498 6115 7499 6116 7497 6114 7495 6112 7498 6115 7496 6113 7500 6117 7499 6116 7501 6118 7497 6114 7500 6117 7502 6119 7498 6115 7501 6118 7499 6116 7503 6120 7502 6119 7500 6117 7504 6121 7503 6120 7505 6122 7501 6118 7502 6119 7504 6121 7506 6123 7507 6124 7505 6122 7503 6120 7506 6123 7504 6121 7508 6125 7507 6124 7509 6126 7505 6122 7508 6125 7510 6127 7506 6123 7509 6126 7507 6124 7511 6128 7510 6127 7508 6125 7512 6129 7511 6128 7513 6130 7509 6126 7510 6127 7512 6129 7514 6131 7511 6128 7515 6132 7513 6130 7514 6131 7512 6129 7516 6133 7513 6130 7515 6132 7516 6133 7516 6133 7515 6132 7514 6131 7517 6134 7518 6134 7519 6134 7518 6135 7517 6135 7520 6135 7519 6136 7521 6136 7517 6136 7522 2200 7518 2200 7520 2200 7521 2200 7519 2200 7523 2200 7518 2200 7522 2200 7524 2200 7523 6137 7519 6137 7525 6137 7524 2200 7522 2200 7526 2200 7523 6138 7525 6138 7527 6138 7528 6139 7524 6139 7526 6139 7527 2200 7525 2200 7529 2200 7530 6140 7528 6140 7526 6140 7529 2200 7531 2200 7527 2200 7526 2200 7532 2200 7530 2200 7533 6141 7531 6141 7529 6141 7530 2200 7532 2200 7534 2200 7531 2200 7533 2200 7535 2200 7534 2200 7536 2200 7530 2200 7535 2200 7533 2200 7537 2200 7536 6142 7534 6142 7538 6142 7537 2200 7539 2200 7535 2200 7538 2200 7534 2200 7540 2200 7541 2200 7535 2200 7539 2200 7538 6143 7540 6143 7542 6143 7541 6144 7539 6144 7543 6144 7542 2200 7540 2200 7544 2200 7543 2200 7545 2200 7541 2200 7544 2200 7546 2200 7542 2200 7545 2200 7543 2200 7547 2200 7542 2200 7546 2200 7548 2200 7547 2200 7549 2200 7545 2200 7548 2200 7546 2200 7549 2200 7549 6145 7547 6145 7548 6145 7550 6146 7551 6147 7552 6148 7552 6148 7551 6147 7553 6149 7550 6146 7552 6148 7554 6150 7553 6149 7555 6151 7552 6148 7554 6150 7556 6152 7550 6146 7557 6153 7555 6151 7553 6149 7556 6152 7554 6150 7558 6154 7557 6153 7559 6155 7555 6151 7558 6154 7560 6156 7556 6152 7559 6155 7557 6153 7561 6157 7560 6156 7558 6154 7562 6158 7561 6157 7563 6159 7559 6155 7560 6156 7562 6158 7564 6160 7565 6161 7563 6159 7561 6157 7564 6160 7562 6158 7566 6162 7565 6161 7567 6163 7563 6159 7566 6162 7568 6164 7564 6160 7567 6163 7565 6161 7569 6165 7568 6164 7566 6162 7570 6166 7569 6165 7571 6167 7567 6163 7568 6164 7570 6166 7572 6168 7573 6169 7571 6167 7569 6165 7572 6168 7570 6166 7574 6170 7573 6169 7575 6171 7571 6167 7574 6170 7576 6172 7572 6168 7575 6171 7573 6169 7577 6173 7576 6172 7574 6170 7578 6174 7577 6173 7579 6175 7575 6171 7576 6172 7578 6174 7580 6131 7577 6173 7581 6176 7579 6175 7580 6131 7578 6174 7582 6177 7579 6175 7581 6176 7582 6177 7582 6177 7581 6176 7580 6131 7583 6178 7584 6178 7585 6178 7584 6179 7583 6179 7586 6179 7585 6180 7587 6180 7583 6180 7586 6142 7588 6142 7584 6142 7587 6181 7585 6181 7589 6181 7588 2200 7586 2200 7590 2200 7589 6182 7585 6182 7591 6182 7588 2200 7590 2200 7592 2200 7589 6183 7591 6183 7593 6183 7592 2200 7590 2200 7594 2200 7593 2200 7591 2200 7595 2200 7596 6184 7592 6184 7594 6184 7595 2200 7597 2200 7593 2200 7594 2200 7598 2200 7596 2200 7599 2200 7597 2200 7595 2200 7596 2200 7598 2200 7600 2200 7597 2200 7599 2200 7601 2200 7600 2200 7602 2200 7596 2200 7601 2200 7599 2200 7603 2200 7600 2200 7604 2200 7602 2200 7603 2200 7605 2200 7601 2200 7602 6185 7604 6185 7606 6185 7607 2200 7601 2200 7605 2200 7606 2200 7604 2200 7608 2200 7607 6186 7605 6186 7609 6186 7606 2200 7608 2200 7610 2200 7609 2200 7611 2200 7607 2200 7608 6187 7612 6187 7610 6187 7611 2200 7609 2200 7613 2200 7610 6141 7612 6141 7614 6141 7613 2200 7615 2200 7611 2200 7614 2200 7612 2200 7615 2200 7615 6188 7613 6188 7614 6188 7616 6101 7617 6102 7618 6103 7618 6103 7617 6102 7619 6104 7616 6101 7618 6103 7620 6105 7619 6104 7621 6106 7618 6103 7620 6105 7622 6189 7616 6101 7623 6108 7621 6106 7619 6104 7622 6189 7620 6105 7624 6190 7623 6108 7625 6110 7621 6106 7624 6190 7626 6111 7622 6189 7625 6110 7623 6108 7627 6191 7626 6111 7624 6190 7628 6113 7627 6191 7629 6114 7625 6110 7626 6111 7628 6113 7630 6115 7631 6116 7629 6114 7627 6191 7630 6115 7628 6113 7632 6192 7631 6116 7633 6118 7629 6114 7632 6192 7634 6193 7630 6115 7633 6118 7631 6116 7635 6120 7634 6193 7632 6192 7636 6194 7635 6120 7637 6195 7633 6118 7634 6193 7636 6194 7638 6123 7639 6196 7637 6195 7635 6120 7638 6123 7636 6194 7640 6197 7639 6196 7641 6198 7637 6195 7640 6197 7642 6199 7638 6123 7641 6198 7639 6196 7643 6128 7642 6199 7640 6197 7644 6129 7643 6128 7645 6130 7641 6198 7642 6199 7644 6129 7646 6131 7643 6128 7647 6132 7645 6130 7646 6131 7644 6129 7648 6133 7645 6130 7647 6132 7648 6133 7648 6133 7647 6132 7646 6131 7649 6134 7650 6134 7651 6134 7650 6135 7649 6135 7652 6135 7651 6136 7653 6136 7649 6136 7654 2200 7650 2200 7652 2200 7653 2200 7651 2200 7655 2200 7650 2200 7654 2200 7656 2200 7655 6137 7651 6137 7657 6137 7656 2200 7654 2200 7658 2200 7655 6138 7657 6138 7659 6138 7660 6139 7656 6139 7658 6139 7659 2200 7657 2200 7661 2200 7658 2200 7662 2200 7660 2200 7661 2200 7663 2200 7659 2200 7664 2200 7660 2200 7662 2200 7665 6141 7663 6141 7661 6141 7664 2200 7662 2200 7666 2200 7663 2200 7665 2200 7667 2200 7668 2200 7666 2200 7662 2200 7667 2200 7665 2200 7669 2200 7666 6142 7668 6142 7670 6142 7669 2200 7671 2200 7667 2200 7670 2200 7668 2200 7672 2200 7673 2200 7667 2200 7671 2200 7670 6200 7672 6200 7674 6200 7673 6144 7671 6144 7675 6144 7674 2200 7672 2200 7676 2200 7675 2200 7677 2200 7673 2200 7676 6201 7678 6201 7674 6201 7677 2200 7675 2200 7679 2200 7680 2200 7678 2200 7676 2200 7679 2200 7681 2200 7677 2200 7678 2200 7680 2200 7681 2200 7681 6145 7679 6145 7678 6145 7682 6101 7683 6102 7684 6103 7684 6103 7683 6102 7685 6104 7682 6101 7684 6103 7686 6105 7685 6104 7687 6106 7684 6103 7686 6105 7688 6202 7682 6101 7689 6108 7687 6106 7685 6104 7688 6202 7686 6105 7690 6203 7689 6108 7691 6110 7687 6106 7690 6203 7692 6204 7688 6202 7691 6110 7689 6108 7693 6205 7692 6204 7690 6203 7694 6206 7693 6205 7695 6207 7691 6110 7692 6204 7694 6206 7696 6208 7697 6209 7695 6207 7693 6205 7696 6208 7694 6206 7698 6192 7697 6209 7699 6210 7695 6207 7698 6192 7700 6211 7696 6208 7699 6210 7697 6209 7701 6212 7700 6211 7698 6192 7702 6213 7701 6212 7703 6122 7699 6210 7700 6211 7702 6213 7704 6214 7705 6124 7703 6122 7701 6212 7704 6214 7702 6213 7706 6125 7705 6124 7707 6215 7703 6122 7706 6125 7708 6216 7704 6214 7707 6215 7705 6124 7709 6217 7708 6216 7706 6125 7710 6218 7709 6217 7711 6130 7707 6215 7708 6216 7710 6218 7712 6131 7709 6217 7713 6219 7711 6130 7712 6131 7710 6218 7714 6220 7711 6130 7713 6219 7714 6220 7714 6220 7713 6219 7712 6131 7715 6178 7716 6178 7717 6178 7716 6135 7715 6135 7718 6135 7717 6136 7719 6136 7715 6136 7718 6221 7720 6221 7716 6221 7719 2200 7717 2200 7721 2200 7720 6222 7718 6222 7722 6222 7721 6145 7717 6145 7723 6145 7720 2200 7722 2200 7724 2200 7721 6223 7723 6223 7725 6223 7724 6224 7722 6224 7726 6224 7725 2200 7723 2200 7727 2200 7728 6225 7724 6225 7726 6225 7727 2200 7729 2200 7725 2200 7726 2200 7730 2200 7728 2200 7731 6186 7729 6186 7727 6186 7728 2200 7730 2200 7732 2200 7729 2200 7731 2200 7733 2200 7732 6226 7734 6226 7728 6226 7733 2200 7731 2200 7735 2200 7732 2200 7736 2200 7734 2200 7735 2200 7737 2200 7733 2200 7734 6139 7736 6139 7738 6139 7739 6227 7733 6227 7737 6227 7738 2200 7736 2200 7740 2200 7739 6144 7737 6144 7741 6144 7738 2200 7740 2200 7742 2200 7741 2200 7743 2200 7739 2200 7740 6228 7744 6228 7742 6228 7743 2200 7741 2200 7745 2200 7742 6186 7744 6186 7746 6186 7745 2200 7747 2200 7743 2200 7746 2200 7744 2200 7747 2200 7747 6188 7745 6188 7746 6188 7748 6229 7749 6230 7750 6231 7750 6231 7749 6230 7751 5458 7750 6231 7752 6229 7748 6229 7749 6230 7753 6232 7751 5458 7748 6229 7752 6229 7754 5468 7755 6233 7751 5458 7753 6232 7756 5468 7748 6229 7754 5468 7753 6232 7757 6233 7755 6233 7758 6234 7756 5468 7754 5468 7755 6233 7757 6233 7759 6235 7754 5468 7760 6236 7758 6234 7757 6233 7761 6235 7759 6235 7762 6237 7758 6234 7760 6236 7763 5459 7759 6235 7761 6235 7764 6238 7762 6237 7760 6236 7761 6235 7765 6239 7763 5459 7766 6240 7762 6237 7764 6238 7763 5459 7765 6239 7767 6241 7764 6238 7768 6240 7766 6240 7765 6239 7769 6242 7767 6241 7770 6243 7766 6240 7768 6240 7771 6244 7767 6241 7769 6242 7772 6245 7770 6243 7768 6240 7769 6242 7773 6244 7771 6244 7774 6246 7770 6243 7772 6245 7775 5469 7771 6244 7773 6244 7772 6245 7776 6247 7774 6246 7777 5469 7775 5469 7773 6244 7778 6248 7774 6246 7776 6247 7779 6249 7775 5469 7777 5469 7779 6249 7778 6248 7776 6247 7777 5469 7778 6248 7779 6249 7780 5468 7781 6229 7782 6229 7782 6229 7781 6229 7783 6231 7782 6229 7784 5468 7780 5468 7781 6229 7785 6231 7783 6231 7780 5468 7784 5468 7786 6236 7787 5458 7783 6231 7785 6231 7788 6234 7780 5468 7786 6236 7785 6231 7789 6232 7787 5458 7790 6237 7788 6234 7786 6236 7787 5458 7789 6232 7791 6233 7786 6236 7792 6238 7790 6237 7789 6232 7793 6233 7791 6233 7794 6240 7790 6237 7792 6238 7795 6235 7791 6233 7793 6233 7796 6240 7794 6240 7792 6238 7793 6233 7797 6235 7795 6235 7798 6243 7794 6240 7796 6240 7795 6235 7797 6235 7799 5459 7796 6240 7800 6245 7798 6243 7797 6235 7801 6239 7799 5459 7802 6246 7798 6243 7800 6245 7803 6241 7799 5459 7801 6239 7804 6247 7802 6246 7800 6245 7801 6239 7805 6242 7803 6241 7806 6248 7802 6246 7804 6247 7807 6244 7803 6241 7805 6242 7804 6247 7808 6249 7806 6248 7809 6244 7807 6244 7805 6242 7810 5469 7806 6248 7808 6249 7811 5469 7807 6244 7809 6244 7811 5469 7810 5469 7808 6249 7809 6244 7810 5469 7811 5469 7812 6250 7813 5468 7814 5468 7814 5468 7813 5468 7815 5466 7814 5468 7816 6250 7812 6250 7813 5468 7817 5466 7815 5466 7812 6250 7816 6250 7818 6251 7819 6230 7815 5466 7817 5466 7820 5476 7812 6250 7818 6251 7817 5466 7821 6252 7819 6230 7822 6253 7820 5476 7818 6251 7819 6230 7821 6252 7823 6056 7818 6251 7824 6253 7822 6253 7821 6252 7825 5458 7823 6056 7826 6254 7822 6253 7824 6253 7827 6255 7823 6056 7825 5458 7828 6254 7826 6254 7824 6253 7825 5458 7829 6255 7827 6255 7830 5477 7826 6254 7828 6254 7827 6255 7829 6255 7831 6256 7828 6254 7832 6257 7830 5477 7829 6255 7833 6256 7831 6256 7834 6258 7830 5477 7832 6257 7835 6058 7831 6256 7833 6256 7836 6259 7834 6258 7832 6257 7833 6256 7837 5459 7835 6058 7838 5469 7834 6258 7836 6259 7839 6242 7835 6058 7837 5459 7836 6259 7840 5469 7838 5469 7841 6260 7839 6242 7837 5459 7842 5467 7838 5469 7840 5469 7843 5467 7839 6242 7841 6260 7843 5467 7842 5467 7840 5469 7841 6260 7842 5467 7843 5467 7844 6261 7845 6236 7846 6236 7846 6236 7845 6236 7847 6262 7846 6236 7848 6261 7844 6261 7845 6236 7849 6262 7847 6262 7844 6261 7848 6261 7850 6253 7851 6229 7847 6262 7849 6262 7852 6253 7844 6261 7850 6253 7849 6262 7853 6229 7851 6229 7854 6254 7852 6253 7850 6253 7851 6229 7853 6229 7855 6230 7850 6253 7856 6254 7854 6254 7853 6229 7857 6252 7855 6230 7858 6263 7854 6254 7856 6254 7859 5458 7855 6230 7857 6252 7860 6263 7858 6263 7856 6254 7857 6252 7861 6232 7859 5458 7862 6249 7858 6263 7860 6263 7859 5458 7861 6232 7863 6255 7860 6263 7864 6249 7862 6249 7861 6232 7865 6255 7863 6255 7866 6264 7862 6249 7864 6249 7867 6256 7863 6255 7865 6255 7868 6264 7866 6264 7864 6249 7865 6255 7869 6256 7867 6256 7870 6244 7866 6264 7868 6264 7871 5459 7867 6256 7869 6256 7868 6264 7872 6244 7870 6244 7873 6239 7871 5459 7869 6256 7874 6260 7870 6244 7872 6244 7875 6242 7871 5459 7873 6239 7875 6242 7874 6260 7872 6244 7873 6239 7874 6260 7875 6242 7876 6265 7877 6237 7878 6238 7878 6238 7877 6237 7879 6236 7878 6238 7880 6240 7876 6265 7877 6237 7881 6236 7879 6236 7876 6265 7880 6240 7882 6245 7883 6262 7879 6236 7881 6236 7884 6243 7876 6265 7882 6245 7881 6236 7885 6262 7883 6262 7886 6246 7884 6243 7882 6245 7883 6262 7885 6262 7887 6229 7882 6245 7888 6247 7886 6246 7885 6262 7889 6229 7887 6229 7890 6249 7886 6246 7888 6247 7891 6266 7887 6229 7889 6229 7892 6267 7890 6249 7888 6247 7889 6229 7893 6268 7891 6266 7894 6264 7890 6249 7892 6267 7891 6266 7893 6268 7895 6269 7892 6267 7896 6264 7894 6264 7893 6268 7897 6270 7895 6269 7898 6244 7894 6264 7896 6264 7899 6271 7895 6269 7897 6270 7900 6244 7898 6244 7896 6264 7897 6270 7901 6272 7899 6271 7902 6273 7898 6244 7900 6244 7903 6274 7899 6271 7901 6272 7900 6244 7904 6273 7902 6273 7905 6275 7903 6274 7901 6272 7906 6276 7902 6273 7904 6273 7907 6277 7903 6274 7905 6275 7907 6277 7906 6276 7904 6273 7905 6275 7906 6276 7907 6277 7908 6243 7909 6265 7910 6240 7910 6240 7909 6265 7911 6238 7910 6240 7912 6245 7908 6243 7909 6265 7913 6237 7911 6238 7908 6243 7912 6245 7914 6247 7915 6236 7911 6238 7913 6237 7916 6246 7908 6243 7914 6247 7913 6237 7917 6236 7915 6236 7918 6249 7916 6246 7914 6247 7915 6236 7917 6236 7919 6262 7914 6247 7920 6267 7918 6249 7917 6236 7921 6262 7919 6262 7922 6264 7918 6249 7920 6267 7923 6229 7919 6262 7921 6262 7924 6264 7922 6264 7920 6267 7921 6262 7925 6229 7923 6229 7926 6244 7922 6264 7924 6264 7923 6229 7925 6229 7927 6266 7924 6264 7928 6244 7926 6244 7925 6229 7929 6268 7927 6266 7930 6273 7926 6244 7928 6244 7931 6269 7927 6266 7929 6268 7932 6273 7930 6273 7928 6244 7929 6268 7933 6270 7931 6269 7934 6276 7930 6273 7932 6273 7935 6271 7931 6269 7933 6270 7932 6273 7936 6277 7934 6276 7937 6272 7935 6271 7933 6270 7938 6275 7934 6276 7936 6277 7939 6274 7935 6271 7937 6272 7939 6274 7938 6275 7936 6277 7937 6272 7938 6275 7939 6274 7940 6246 7941 6243 7942 6245 7942 6245 7941 6243 7943 6240 7942 6245 7944 6247 7940 6246 7941 6243 7945 6265 7943 6240 7940 6246 7944 6247 7946 6249 7947 6238 7943 6240 7945 6265 7948 6249 7940 6246 7946 6249 7945 6265 7949 6237 7947 6238 7950 6264 7948 6249 7946 6249 7947 6238 7949 6237 7951 6236 7946 6249 7952 6264 7950 6264 7949 6237 7953 6236 7951 6236 7954 5467 7950 6264 7952 6264 7955 6262 7951 6236 7953 6236 7956 5467 7954 5467 7952 6264 7953 6236 7957 6262 7955 6262 7958 6278 7954 5467 7956 5467 7955 6262 7957 6262 7959 5466 7956 5467 7960 6273 7958 6278 7957 6262 7961 5466 7959 5466 7962 6276 7958 6278 7960 6273 7963 6268 7959 5466 7961 5466 7964 6277 7962 6276 7960 6273 7961 5466 7965 6279 7963 6268 7966 6275 7962 6276 7964 6277 7967 6269 7963 6268 7965 6279 7964 6277 7968 6274 7966 6275 7969 6270 7967 6269 7965 6279 7970 6272 7966 6275 7968 6274 7971 6271 7967 6269 7969 6270 7971 6271 7970 6272 7968 6274 7969 6270 7970 6272 7971 6271 7972 6258 7973 6280 7974 5477 7974 5477 7973 6280 7975 6254 7974 5477 7976 6259 7972 6258 7973 6280 7977 6254 7975 6254 7972 6258 7976 6259 7978 6264 7979 6253 7975 6254 7977 6254 7980 6264 7972 6258 7978 6264 7977 6254 7981 6253 7979 6253 7982 6244 7980 6264 7978 6264 7979 6253 7981 6253 7983 5476 7978 6264 7984 6244 7982 6244 7981 6253 7985 5476 7983 5476 7986 6242 7982 6244 7984 6244 7987 6250 7983 5476 7985 5476 7988 6241 7986 6242 7984 6244 7985 5476 7989 6281 7987 6250 7990 5459 7986 6242 7988 6241 7987 6250 7989 6281 7991 6262 7988 6241 7992 6058 7990 5459 7989 6281 7993 6262 7991 6262 7994 6256 7990 5459 7992 6058 7995 6229 7991 6262 7993 6262 7996 6256 7994 6256 7992 6058 7993 6262 7997 6229 7995 6229 7998 6255 7994 6256 7996 6256 7999 6231 7995 6229 7997 6229 7996 6256 8000 6255 7998 6255 8001 6231 7999 6231 7997 6229 8002 5458 7998 6255 8000 6255 8003 6056 7999 6231 8001 6231 8003 6056 8002 5458 8000 6255 8001 6231 8002 5458 8003 6056 8004 6264 8005 6249 8006 6249 8006 6249 8005 6249 8007 6247 8006 6249 8008 6264 8004 6264 8005 6249 8009 6246 8007 6247 8004 6264 8008 6264 8010 5467 8011 6245 8007 6247 8009 6246 8012 5467 8004 6264 8010 5467 8009 6246 8013 6243 8011 6245 8014 6278 8012 5467 8010 5467 8011 6245 8013 6243 8015 6240 8010 5467 8016 6273 8014 6278 8013 6243 8017 6240 8015 6240 8018 6276 8014 6278 8016 6273 8019 6238 8015 6240 8017 6240 8020 6277 8018 6276 8016 6273 8017 6240 8021 6237 8019 6238 8022 6274 8018 6276 8020 6277 8019 6238 8021 6237 8023 6236 8020 6277 8024 6274 8022 6274 8021 6237 8025 6236 8023 6236 8026 6272 8022 6274 8024 6274 8027 6262 8023 6236 8025 6236 8028 6271 8026 6272 8024 6274 8025 6236 8029 6262 8027 6262 8030 6270 8026 6272 8028 6271 8031 5466 8027 6262 8029 6262 8028 6271 8032 6269 8030 6270 8033 5466 8031 5466 8029 6262 8034 6279 8030 6270 8032 6269 8035 6268 8031 5466 8033 5466 8035 6268 8034 6279 8032 6269 8033 5466 8034 6279 8035 6268 8036 5467 8037 6264 8038 6264 8038 6264 8037 6264 8039 6249 8038 6264 8040 5467 8036 5467 8037 6264 8041 6249 8039 6249 8036 5467 8040 5467 8042 6273 8043 6247 8039 6249 8041 6249 8044 6278 8036 5467 8042 6273 8041 6249 8045 6246 8043 6247 8046 6276 8044 6278 8042 6273 8043 6247 8045 6246 8047 6245 8042 6273 8048 6277 8046 6276 8045 6246 8049 6243 8047 6245 8050 6274 8046 6276 8048 6277 8051 6240 8047 6245 8049 6243 8052 6274 8050 6274 8048 6277 8049 6243 8053 6240 8051 6240 8054 6272 8050 6274 8052 6274 8051 6240 8053 6240 8055 6238 8052 6274 8056 6271 8054 6272 8053 6240 8057 6237 8055 6238 8058 6270 8054 6272 8056 6271 8059 6236 8055 6238 8057 6237 8060 6269 8058 6270 8056 6271 8057 6237 8061 6236 8059 6236 8062 6279 8058 6270 8060 6269 8063 6262 8059 6236 8061 6236 8060 6269 8064 6268 8062 6279 8065 6262 8063 6262 8061 6236 8066 5466 8062 6279 8064 6268 8067 5466 8063 6262 8065 6262 8067 5466 8066 5466 8064 6268 8065 6262 8066 5466 8067 5466 8068 6241 8069 6244 8070 6244 8070 6244 8069 6244 8071 6264 8070 6244 8072 6241 8068 6241 8069 6244 8073 6264 8071 6264 8068 6241 8072 6241 8074 6058 8075 6259 8071 6264 8073 6264 8076 5459 8068 6241 8074 6058 8073 6264 8077 6258 8075 6259 8078 6256 8076 5459 8074 6058 8075 6259 8077 6258 8079 5477 8074 6058 8080 6256 8078 6256 8077 6258 8081 5477 8079 5477 8082 6255 8078 6256 8080 6256 8083 6254 8079 5477 8081 5477 8084 6255 8082 6255 8080 6256 8081 5477 8085 6254 8083 6254 8086 5458 8082 6255 8084 6255 8083 6254 8085 6254 8087 6253 8084 6255 8088 6056 8086 5458 8085 6254 8089 6253 8087 6253 8090 6230 8086 5458 8088 6056 8091 5476 8087 6253 8089 6253 8092 6231 8090 6230 8088 6056 8089 6253 8093 5476 8091 5476 8094 6229 8090 6230 8092 6231 8095 6250 8091 5476 8093 5476 8092 6231 8096 6229 8094 6229 8097 6281 8095 6250 8093 5476 8098 6262 8094 6229 8096 6229 8099 6262 8095 6250 8097 6281 8099 6262 8098 6262 8096 6229 8097 6281 8098 6262 8099 6262 8100 6276 8101 6278 8102 6273 8102 6273 8101 6278 8103 5467 8102 6273 8104 6277 8100 6276 8101 6278 8105 5467 8103 5467 8100 6276 8104 6277 8106 6274 8107 6264 8103 5467 8105 5467 8108 6275 8100 6276 8106 6274 8105 5467 8109 6264 8107 6264 8110 6272 8108 6275 8106 6274 8107 6264 8109 6264 8111 6267 8106 6274 8112 6271 8110 6272 8109 6264 8113 6249 8111 6267 8114 6270 8110 6272 8112 6271 8115 6247 8111 6267 8113 6249 8116 6270 8114 6270 8112 6271 8113 6249 8117 6246 8115 6247 8118 6279 8114 6270 8116 6270 8115 6247 8117 6246 8119 6245 8116 6270 8120 6268 8118 6279 8117 6246 8121 6243 8119 6245 8122 5466 8118 6279 8120 6268 8123 6240 8119 6245 8121 6243 8124 5466 8122 5466 8120 6268 8121 6243 8125 6265 8123 6240 8126 6262 8122 5466 8124 5466 8127 6238 8123 6240 8125 6265 8124 5466 8128 6262 8126 6262 8129 6237 8127 6238 8125 6265 8130 6236 8126 6262 8128 6262 8131 6236 8127 6238 8129 6237 8131 6236 8130 6236 8128 6262 8129 6237 8130 6236 8131 6236 8132 6275 8133 6276 8134 6277 8134 6277 8133 6276 8135 6273 8134 6277 8136 6274 8132 6275 8133 6276 8137 6273 8135 6273 8132 6275 8136 6274 8138 6271 8139 6244 8135 6273 8137 6273 8140 6272 8132 6275 8138 6271 8137 6273 8141 6244 8139 6244 8142 6270 8140 6272 8138 6271 8139 6244 8141 6244 8143 6264 8138 6271 8144 6269 8142 6270 8141 6244 8145 6264 8143 6264 8146 6268 8142 6270 8144 6269 8147 6267 8143 6264 8145 6264 8148 6266 8146 6268 8144 6269 8145 6264 8149 6249 8147 6267 8150 6229 8146 6268 8148 6266 8147 6267 8149 6249 8151 6247 8148 6266 8152 6229 8150 6229 8149 6249 8153 6246 8151 6247 8154 6262 8150 6229 8152 6229 8155 6245 8151 6247 8153 6246 8156 6262 8154 6262 8152 6229 8153 6246 8157 6243 8155 6245 8158 6236 8154 6262 8156 6262 8159 6240 8155 6245 8157 6243 8156 6262 8160 6236 8158 6236 8161 6265 8159 6240 8157 6243 8162 6237 8158 6236 8160 6236 8163 6238 8159 6240 8161 6265 8163 6238 8162 6237 8160 6236 8161 6265 8162 6237 8163 6238 8164 6272 8165 6275 8166 6274 8166 6274 8165 6275 8167 6277 8166 6274 8168 6271 8164 6272 8165 6275 8169 6276 8167 6277 8164 6272 8168 6271 8170 6269 8171 6273 8167 6277 8169 6276 8172 6270 8164 6272 8170 6269 8169 6276 8173 6273 8171 6273 8174 6268 8172 6270 8170 6269 8171 6273 8173 6273 8175 6244 8170 6269 8176 6266 8174 6268 8173 6273 8177 6244 8175 6244 8178 6229 8174 6268 8176 6266 8179 6264 8175 6244 8177 6244 8180 6229 8178 6229 8176 6266 8177 6244 8181 6264 8179 6264 8182 6262 8178 6229 8180 6229 8179 6264 8181 6264 8183 6267 8180 6229 8184 6262 8182 6262 8181 6264 8185 6249 8183 6267 8186 6236 8182 6262 8184 6262 8187 6247 8183 6267 8185 6249 8188 6236 8186 6236 8184 6262 8185 6249 8189 6246 8187 6247 8190 6237 8186 6236 8188 6236 8191 6245 8187 6247 8189 6246 8188 6236 8192 6238 8190 6237 8193 6243 8191 6245 8189 6246 8194 6265 8190 6237 8192 6238 8195 6240 8191 6245 8193 6243 8195 6240 8194 6265 8192 6238 8193 6243 8194 6265 8195 6240 8196 6232 8197 6255 8198 6255 8198 6255 8197 6255 8199 6256 8198 6255 8200 5458 8196 6232 8197 6255 8201 6256 8199 6256 8196 6232 8200 5458 8202 6230 8203 5459 8199 6256 8201 6256 8204 6252 8196 6232 8202 6230 8201 6256 8205 5459 8203 5459 8206 6229 8204 6252 8202 6230 8203 5459 8205 5459 8207 6242 8202 6230 8208 6229 8206 6229 8205 5459 8209 6260 8207 6242 8210 6262 8206 6229 8208 6229 8211 6244 8207 6242 8209 6260 8212 6262 8210 6262 8208 6229 8209 6260 8213 6244 8211 6244 8214 6236 8210 6262 8212 6262 8211 6244 8213 6244 8215 6264 8212 6262 8216 6236 8214 6236 8213 6244 8217 6264 8215 6264 8218 6261 8214 6236 8216 6236 8219 6267 8215 6264 8217 6264 8220 6261 8218 6261 8216 6236 8217 6264 8221 6249 8219 6267 8222 6253 8218 6261 8220 6261 8223 6263 8219 6267 8221 6249 8220 6261 8224 6253 8222 6253 8225 6263 8223 6263 8221 6249 8226 6254 8222 6253 8224 6253 8227 6254 8223 6263 8225 6263 8227 6254 8226 6254 8224 6253 8225 6263 8226 6254 8227 6254 8228 6252 8229 5458 8230 6056 8230 6056 8229 5458 8231 6255 8230 6056 8232 6230 8228 6252 8229 5458 8233 6255 8231 6255 8228 6252 8232 6230 8234 5466 8235 6256 8231 6255 8233 6255 8236 5466 8228 6252 8234 5466 8233 6255 8237 6256 8235 6256 8238 5468 8236 5466 8234 5466 8235 6256 8237 6256 8239 6058 8234 5466 8240 5468 8238 5468 8237 6256 8241 5459 8239 6058 8242 6281 8238 5468 8240 5468 8243 6242 8239 6058 8241 5459 8244 6250 8242 6281 8240 5468 8241 5459 8245 6260 8243 6242 8246 5476 8242 6281 8244 6250 8243 6242 8245 6260 8247 5467 8244 6250 8248 6251 8246 5476 8245 6260 8249 5467 8247 5467 8250 6253 8246 5476 8248 6251 8251 5469 8247 5467 8249 5467 8252 6253 8250 6253 8248 6251 8249 5467 8253 5469 8251 5469 8254 6254 8250 6253 8252 6253 8255 6259 8251 5469 8253 5469 8252 6253 8256 6254 8254 6254 8257 6258 8255 6259 8253 5469 8258 5477 8254 6254 8256 6254 8259 6257 8255 6259 8257 6258 8259 6257 8258 5477 8256 6254 8257 6258 8258 5477 8259 6257 8260 6282 8261 6283 8262 6284 8261 6283 8260 6282 8263 6235 8262 6284 8264 6285 8260 6282 8265 6286 8261 6283 8263 6235 8266 6287 8264 6285 8262 6284 8267 6288 8261 6283 8265 6286 8266 6287 8268 6289 8264 6285 8267 6288 8265 6286 8269 6290 8268 6289 8266 6287 8270 6291 8267 6288 8269 6290 8271 6292 8270 6291 8272 6293 8268 6289 8271 6292 8269 6290 8273 6294 8274 6295 8272 6293 8270 6291 8271 6292 8273 6294 8275 6296 8274 6295 8276 6297 8272 6293 8275 6296 8273 6294 8277 6298 8276 6297 8274 6295 8278 6299 8279 6300 8275 6296 8277 6298 8278 6299 8280 6301 8276 6297 8279 6300 8277 6298 8281 6302 8282 6303 8280 6301 8278 6299 8281 6302 8283 6304 8279 6300 8282 6303 8284 6305 8280 6301 8283 6304 8281 6302 8285 6306 8284 6305 8282 6303 8286 6307 8283 6304 8285 6306 8287 6308 8286 6307 8288 6309 8284 6305 8287 6308 8285 6306 8289 6310 8286 6307 8290 6311 8288 6309 8291 6312 8287 6308 8289 6310 8290 6311 8292 6313 8288 6309 8291 6312 8289 6310 8292 6313 8291 6312 8292 6313 8290 6311 8293 6282 8294 6283 8295 6284 8294 6283 8293 6282 8296 6235 8295 6284 8297 6314 8293 6282 8298 6286 8294 6283 8296 6235 8299 6287 8297 6314 8295 6284 8300 6315 8294 6283 8298 6286 8299 6287 8301 6316 8297 6314 8300 6315 8298 6286 8302 6290 8301 6316 8299 6287 8303 6317 8300 6315 8302 6290 8304 6318 8303 6317 8305 6319 8301 6316 8304 6318 8302 6290 8306 6294 8307 6295 8305 6319 8303 6317 8304 6318 8306 6294 8308 6296 8307 6295 8309 6297 8305 6319 8308 6296 8306 6294 8310 6298 8309 6297 8307 6295 8311 6320 8312 6321 8308 6296 8310 6298 8311 6320 8313 6322 8309 6297 8312 6321 8310 6298 8314 6302 8315 6323 8313 6322 8311 6320 8314 6302 8316 6324 8312 6321 8315 6323 8317 6325 8313 6322 8316 6324 8314 6302 8318 6306 8317 6325 8315 6323 8319 6326 8316 6324 8318 6306 8320 6308 8319 6326 8321 6327 8317 6325 8320 6308 8318 6306 8322 6310 8319 6326 8323 6328 8321 6327 8324 6329 8320 6308 8322 6310 8323 6328 8325 6330 8321 6327 8324 6329 8322 6310 8325 6330 8324 6329 8325 6330 8323 6328 8326 6331 8327 6332 8328 6333 8327 6332 8326 6331 8329 6334 8328 6333 8330 6335 8326 6331 8331 6336 8327 6332 8329 6334 8332 6337 8330 6335 8328 6333 8333 6338 8327 6332 8331 6336 8332 6337 8334 6339 8330 6335 8333 6338 8331 6336 8335 6340 8334 6339 8332 6337 8336 6341 8333 6338 8335 6340 8337 6342 8336 6341 8338 6343 8334 6339 8337 6342 8335 6340 8339 6344 8340 6295 8338 6343 8336 6341 8337 6342 8339 6344 8341 6345 8340 6295 8342 6346 8338 6343 8341 6345 8339 6344 8343 6347 8342 6346 8340 6295 8344 6348 8345 6321 8341 6345 8343 6347 8344 6348 8346 6349 8342 6346 8345 6321 8343 6347 8347 6302 8348 6350 8346 6349 8344 6348 8347 6302 8349 6351 8345 6321 8348 6350 8350 6352 8346 6349 8349 6351 8347 6302 8351 6306 8350 6352 8348 6350 8352 6353 8349 6351 8351 6306 8353 6354 8352 6353 8354 6309 8350 6352 8353 6354 8351 6306 8355 6310 8352 6353 8356 6355 8354 6309 8357 6356 8353 6354 8355 6310 8356 6355 8358 6330 8354 6309 8357 6356 8355 6310 8358 6330 8357 6356 8358 6330 8356 6355 8359 6282 8360 6283 8361 6284 8360 6283 8359 6282 8362 6235 8361 6284 8363 6357 8359 6282 8364 6358 8360 6283 8362 6235 8365 6359 8363 6357 8361 6284 8366 6288 8360 6283 8364 6358 8365 6359 8367 6289 8363 6357 8366 6288 8364 6358 8368 6360 8367 6289 8365 6359 8369 6317 8366 6288 8368 6360 8370 6292 8369 6317 8371 6293 8367 6289 8370 6292 8368 6360 8372 6361 8373 6295 8371 6293 8369 6317 8370 6292 8372 6361 8374 6296 8373 6295 8375 6297 8371 6293 8374 6296 8372 6361 8376 6298 8375 6297 8373 6295 8377 6320 8378 6321 8374 6296 8376 6298 8377 6320 8379 6301 8375 6297 8378 6321 8376 6298 8380 6362 8381 6323 8379 6301 8377 6320 8380 6362 8382 6324 8378 6321 8381 6323 8383 6305 8379 6301 8382 6324 8380 6362 8384 6363 8383 6305 8381 6323 8385 6326 8382 6324 8384 6363 8386 6364 8385 6326 8387 6309 8383 6305 8386 6364 8384 6363 8388 6365 8385 6326 8389 6328 8387 6309 8390 6329 8386 6364 8388 6365 8389 6328 8391 6330 8387 6309 8390 6329 8388 6365 8391 6330 8390 6329 8391 6330 8389 6328 8392 2200 8393 2200 8394 2200 8393 6366 8395 6366 8394 6366 8392 2200 8394 2200 8396 2200 8393 6367 8397 6367 8395 6367 8398 2200 8394 2200 8395 2200 8396 6368 8394 6368 8399 6368 8393 2200 8400 2200 8397 2200 8399 6369 8401 6369 8396 6369 8400 2200 8402 2200 8397 2200 8403 6370 8401 6370 8399 6370 8404 2200 8397 2200 8402 2200 8401 6371 8403 6371 8405 6371 8402 2200 8406 2200 8404 2200 8404 2200 8406 2200 8407 2200 8408 2200 8409 2200 8410 2200 8409 6372 8411 6372 8410 6372 8408 2200 8410 2200 8412 2200 8409 6373 8413 6373 8411 6373 8414 2200 8410 2200 8411 2200 8412 6374 8410 6374 8415 6374 8409 2200 8416 2200 8413 2200 8415 6375 8417 6375 8412 6375 8416 2200 8418 2200 8413 2200 8419 6376 8417 6376 8415 6376 8420 2200 8413 2200 8418 2200 8417 2200 8419 2200 8421 2200 8418 2200 8422 2200 8420 2200 8420 6377 8422 6377 8423 6377 8424 2200 8425 2200 8426 2200 8427 2200 8426 2200 8425 2200 8424 2200 8426 2200 8428 2200 8426 2200 8427 2200 8429 2200 8426 2200 8430 2200 8428 2200 8431 6378 8426 6378 8429 6378 8426 6379 8432 6379 8430 6379 8431 6380 8433 6380 8426 6380 8434 6381 8432 6381 8426 6381 8435 6382 8426 6382 8433 6382 8426 6383 8436 6383 8434 6383 8437 2200 8426 2200 8435 2200 8436 6384 8426 6384 8438 6384 8437 2200 8439 2200 8426 2200 8440 2200 8441 2200 8442 2200 8441 6372 8443 6372 8442 6372 8440 2200 8442 2200 8444 2200 8441 6373 8445 6373 8443 6373 8446 2200 8442 2200 8443 2200 8444 6374 8442 6374 8447 6374 8441 2200 8448 2200 8445 2200 8447 6375 8449 6375 8444 6375 8448 2200 8450 2200 8445 2200 8449 6385 8447 6385 8451 6385 8445 6386 8450 6386 8452 6386 8449 2200 8451 2200 8453 2200 8450 2200 8454 2200 8452 2200 8452 6377 8454 6377 8455 6377 8456 6387 8457 6387 8458 6387 8456 6388 8458 6388 8459 6388 8460 6389 8459 6389 8458 6389 8456 6390 8459 6390 8461 6390 8462 6391 8461 6391 8459 6391 8456 6392 8461 6392 8463 6392 8464 6393 8461 6393 8462 6393 8462 6394 8459 6394 8465 6394 8463 6395 8461 6395 8466 6395 8456 6396 8463 6396 8467 6396 8466 6397 8468 6397 8463 6397 8469 6398 8467 6398 8463 6398 8470 6399 8463 6399 8468 6399 8463 6400 8471 6400 8469 6400 8472 2200 8473 2200 8474 2200 8475 6401 8472 6401 8474 6401 8475 2200 8476 2200 8472 2200 8474 2200 8477 2200 8475 2200 8476 2200 8478 2200 8472 2200 8474 2200 8479 2200 8477 2200 8475 6402 8477 6402 8480 6402 8481 2200 8479 2200 8474 2200 8479 2200 8482 2200 8477 2200 8480 6403 8483 6403 8475 6403 8481 2200 8484 2200 8479 2200 8474 2200 8485 2200 8481 2200 8482 2200 8479 2200 8486 2200 8480 6404 8487 6404 8483 6404 8485 2200 8474 2200 8488 2200 8489 2200 8481 2200 8485 2200 8488 2200 8474 2200 8490 2200 8485 2200 8488 2200 8491 2200 8491 6405 8488 6405 8492 6405 8491 2200 8493 2200 8485 2200 8492 6406 8488 6406 8494 6406 8491 6407 8492 6407 8495 6407 8488 2200 8496 2200 8494 2200 8492 2200 8494 2200 8497 2200 8498 6408 8495 6408 8492 6408 8495 2200 8499 2200 8491 2200 8497 2200 8494 2200 8500 2200 8495 6409 8498 6409 8501 6409 8491 2200 8499 2200 8502 2200 8495 2200 8501 2200 8503 2200 8504 2200 8505 2200 8506 2200 8507 2200 8506 2200 8505 2200 8504 2200 8506 2200 8508 2200 8508 2200 8506 2200 8509 2200 8510 2200 8504 2200 8508 2200 8509 2200 8511 2200 8508 2200 8512 2200 8504 2200 8510 2200 8508 6410 8513 6410 8510 6410 8514 2200 8508 2200 8511 2200 8512 6411 8515 6411 8504 6411 8516 2200 8512 2200 8510 2200 8512 2200 8517 2200 8515 2200 8512 2200 8518 2200 8517 2200 8519 2200 8515 2200 8517 2200 8520 6412 8521 6412 8522 6412 8520 6413 8522 6413 8523 6413 8523 6414 8522 6414 8524 6414 8524 2200 8525 2200 8523 2200 8525 2200 8524 2200 8526 2200 8523 6415 8525 6415 8527 6415 8524 6416 8528 6416 8526 6416 8525 2200 8526 2200 8529 2200 8527 6417 8525 6417 8530 6417 8527 2200 8531 2200 8523 2200 8529 2200 8532 2200 8525 2200 8533 6418 8530 6418 8525 6418 8534 2200 8525 2200 8532 2200 8525 6410 8535 6410 8533 6410 8536 6419 8537 6419 8538 6419 8537 6420 8539 6420 8538 6420 8536 6421 8538 6421 8540 6421 8541 6422 8539 6422 8537 6422 8539 2200 8542 2200 8538 2200 8540 2200 8543 2200 8536 2200 8543 6423 8544 6423 8536 6423 8543 6424 8545 6424 8544 6424 8536 6425 8544 6425 8546 6425 8544 6426 8545 6426 8547 6426 8547 6427 8545 6427 8548 6427 8548 2200 8549 2200 8547 2200 8550 2200 8547 2200 8549 2200 8547 2200 8550 2200 8551 2200 8552 2200 8553 2200 8554 2200 8552 2200 8554 2200 8555 2200 8554 6428 8556 6428 8555 6428 8552 6429 8555 6429 8557 6429 8554 6430 8558 6430 8556 6430 8557 2200 8559 2200 8552 2200 8558 2200 8554 2200 8560 2200 8561 2200 8556 2200 8558 2200 8552 2200 8559 2200 8562 2200 8563 6431 8558 6431 8560 6431 8562 2200 8559 2200 8564 2200 8563 6432 8565 6432 8558 6432 8566 2200 8564 2200 8559 2200 8567 2200 8564 2200 8566 2200 8568 2200 8569 2200 8570 2200 8571 2200 8568 2200 8570 2200 8572 2200 8568 2200 8571 2200 8571 2200 8570 2200 8573 2200 8573 2200 8574 2200 8571 2200 8575 2200 8574 2200 8573 2200 8575 2200 8576 2200 8574 2200 8573 2200 8577 2200 8575 2200 8576 2200 8575 2200 8578 2200 8575 6433 8577 6433 8579 6433 8580 6413 8578 6413 8575 6413 8579 6434 8581 6434 8575 6434 8582 2200 8580 2200 8575 2200 8583 2200 8575 2200 8581 2200 8584 2200 8585 2200 8586 2200 8584 2200 8586 2200 8587 2200 8586 2200 8588 2200 8587 2200 8586 2200 8589 2200 8588 2200 8588 2200 8590 2200 8587 2200 8589 2200 8591 2200 8588 2200 8589 2200 8592 2200 8591 2200 8591 2200 8593 2200 8588 2200 8591 2200 8592 2200 8594 2200 8593 6435 8591 6435 8595 6435 8594 6436 8596 6436 8591 6436 8597 2200 8595 2200 8591 2200 8598 2200 8591 2200 8596 2200 8599 2200 8597 2200 8591 2200 8600 2200 8601 2200 8602 2200 8603 2200 8602 2200 8601 2200 8600 2200 8602 2200 8604 2200 8605 2200 8603 2200 8601 2200 8604 6414 8606 6414 8600 6414 8607 2200 8603 2200 8605 2200 8605 2200 8601 2200 8608 2200 8604 2200 8609 2200 8606 2200 8610 2200 8607 2200 8605 2200 8606 2200 8609 2200 8611 2200 8605 6437 8612 6437 8610 6437 8605 2200 8613 2200 8612 2200 8612 6438 8614 6438 8610 6438 8615 2200 8614 2200 8612 2200 8616 6439 8617 6439 8618 6439 8618 6440 8617 6440 8619 6440 8616 2200 8618 2200 8620 2200 8617 2200 8621 2200 8619 2200 8622 6441 8620 6441 8618 6441 8621 2200 8617 2200 8623 2200 8621 2200 8624 2200 8619 2200 8620 2200 8622 2200 8625 2200 8618 6442 8626 6442 8622 6442 8625 6443 8622 6443 8627 6443 8627 2200 8628 2200 8625 2200 8629 2200 8628 2200 8627 2200 8629 2200 8630 2200 8628 2200 8629 6444 8631 6444 8630 6444 8632 2200 8633 2200 8634 2200 8632 2200 8634 2200 8635 2200 8636 2200 8635 2200 8634 2200 8637 2200 8632 2200 8635 2200 8635 6445 8636 6445 8638 6445 8634 2200 8639 2200 8636 2200 8640 6413 8637 6413 8635 6413 8636 6412 8641 6412 8638 6412 8635 2200 8638 2200 8642 2200 8634 2200 8643 2200 8639 2200 8644 2200 8636 2200 8639 2200 8635 2200 8645 2200 8640 2200 8635 2200 8642 2200 8646 2200 8639 2200 8643 2200 8647 2200 8648 2200 8649 2200 8650 2200 8650 6446 8649 6446 8651 6446 8650 6447 8651 6447 8652 6447 8653 2200 8652 2200 8651 2200 8650 6448 8652 6448 8654 6448 8654 6449 8652 6449 8655 6449 8650 6450 8654 6450 8656 6450 8655 2200 8657 2200 8654 2200 8656 6451 8654 6451 8658 6451 8656 2200 8659 2200 8650 2200 8655 2200 8660 2200 8657 2200 8654 2200 8657 2200 8661 2200 8662 2200 8658 2200 8654 2200 8654 6412 8663 6412 8662 6412 8664 2200 8665 2200 8666 2200 8664 2200 8666 2200 8667 2200 8666 2200 8668 2200 8667 2200 8669 2200 8667 2200 8668 2200 8667 2200 8669 2200 8670 2200 8670 2200 8669 2200 8671 2200 8667 2200 8670 2200 8672 2200 8670 6452 8671 6452 8673 6452 8672 2200 8670 2200 8674 2200 8672 2200 8675 2200 8667 2200 8673 2200 8676 2200 8670 2200 8677 2200 8674 2200 8670 2200 8678 2200 8670 2200 8676 2200 8670 2200 8679 2200 8677 2200 8680 2200 8681 2200 8682 2200 8680 2200 8682 2200 8683 2200 8682 6453 8684 6453 8683 6453 8680 2200 8683 2200 8685 2200 8682 6454 8686 6454 8684 6454 8685 2200 8687 2200 8680 2200 8688 2200 8686 2200 8682 2200 8689 2200 8684 2200 8686 2200 8690 2200 8680 2200 8687 2200 8688 2200 8691 2200 8686 2200 8692 2200 8688 2200 8682 2200 8693 2200 8680 2200 8690 2200 8694 2200 8690 2200 8687 2200 8695 2200 8690 2200 8694 2200 8696 2200 8697 2200 8698 2200 8699 2200 8696 2200 8698 2200 8700 2200 8696 2200 8699 2200 8699 2200 8698 2200 8701 2200 8701 2200 8702 2200 8699 2200 8703 2200 8702 2200 8701 2200 8703 2200 8704 2200 8702 2200 8701 2200 8705 2200 8703 2200 8704 2200 8703 2200 8706 2200 8703 6455 8705 6455 8707 6455 8708 6456 8706 6456 8703 6456 8707 6457 8709 6457 8703 6457 8710 2200 8708 2200 8703 2200 8711 2200 8703 2200 8709 2200 8712 2200 8713 2200 8714 2200 8712 2200 8714 2200 8715 2200 8715 2200 8714 2200 8716 2200 8717 2200 8712 2200 8715 2200 8716 2200 8714 2200 8718 2200 8716 2200 8718 2200 8719 2200 8719 2200 8718 2200 8720 2200 8716 2200 8719 2200 8721 2200 8719 2200 8720 2200 8722 2200 8721 6458 8719 6458 8723 6458 8722 6459 8724 6459 8719 6459 8725 2200 8723 2200 8719 2200 8726 2200 8719 2200 8724 2200 8719 2200 8727 2200 8725 2200 8728 2200 8729 2200 8730 2200 8728 2200 8730 2200 8731 2200 8730 2200 8732 2200 8731 2200 8731 2200 8733 2200 8728 2200 8734 2200 8732 2200 8730 2200 8733 6460 8735 6460 8728 6460 8736 2200 8735 2200 8733 2200 8737 2200 8735 2200 8736 2200 8736 6461 8733 6461 8738 6461 8739 2200 8737 2200 8736 2200 8736 2200 8740 2200 8739 2200 8736 2200 8741 2200 8740 2200 8740 6438 8742 6438 8739 6438 8743 6462 8742 6462 8740 6462 8744 2200 8745 2200 8746 2200 8746 6463 8745 6463 8747 6463 8746 6464 8747 6464 8748 6464 8746 6465 8748 6465 8749 6465 8750 2200 8749 2200 8748 2200 8746 2200 8749 2200 8751 2200 8751 6466 8749 6466 8752 6466 8751 6467 8753 6467 8746 6467 8752 6468 8754 6468 8751 6468 8753 2200 8751 2200 8755 2200 8746 6469 8753 6469 8756 6469 8757 2200 8751 2200 8754 2200 8755 2200 8751 2200 8758 2200 8751 6470 8759 6470 8758 6470 8760 6471 8761 6471 8762 6471 8763 6472 8762 6472 8761 6472 8760 6473 8762 6473 8764 6473 8765 6474 8764 6474 8762 6474 8766 6475 8760 6475 8764 6475 8765 6476 8762 6476 8767 6476 8760 6477 8766 6477 8768 6477 8769 6478 8766 6478 8764 6478 8766 6479 8770 6479 8768 6479 8771 6480 8760 6480 8768 6480 8766 6481 8769 6481 8772 6481 8764 6482 8773 6482 8769 6482 8774 6483 8773 6483 8764 6483 8773 6484 8775 6484 8769 6484 8776 6485 8777 6485 8778 6485 8778 6486 8777 6486 8779 6486 8780 6487 8778 6487 8779 6487 8780 6488 8781 6488 8778 6488 8780 6489 8779 6489 8782 6489 8780 6490 8783 6490 8781 6490 8778 6491 8781 6491 8784 6491 8785 6492 8782 6492 8779 6492 8780 6493 8782 6493 8786 6493 8787 6494 8781 6494 8783 6494 8781 6495 8788 6495 8784 6495 8789 6496 8778 6496 8784 6496 8790 6497 8784 6497 8788 6497 8784 6498 8791 6498 8789 6498 8792 6499 8793 6499 8794 6499 8795 6500 8794 6500 8793 6500 8794 6501 8796 6501 8792 6501 8797 6502 8796 6502 8794 6502 8792 6503 8796 6503 8798 6503 8797 6504 8794 6504 8799 6504 8800 6505 8798 6505 8796 6505 8801 6506 8792 6506 8798 6506 8802 6507 8792 6507 8801 6507 8801 6508 8798 6508 8803 6508 8798 6509 8804 6509 8803 6509 8805 6510 8801 6510 8803 6510 8806 6511 8803 6511 8804 6511 8805 6512 8803 6512 8807 6512 8808 6513 8809 6513 8810 6513 8810 6514 8809 6514 8811 6514 8811 6515 8812 6515 8810 6515 8811 6516 8813 6516 8812 6516 8812 6517 8814 6517 8810 6517 8815 6518 8813 6518 8811 6518 8812 6519 8813 6519 8816 6519 8812 6520 8817 6520 8814 6520 8810 6521 8814 6521 8818 6521 8819 6522 8814 6522 8817 6522 8820 6523 8818 6523 8814 6523 8810 6524 8818 6524 8821 6524 8814 6511 8822 6511 8820 6511 8821 6525 8823 6525 8810 6525 8824 6526 8825 6526 8826 6526 8826 6527 8825 6527 8827 6527 8827 6528 8828 6528 8826 6528 8827 6529 8829 6529 8828 6529 8828 6530 8830 6530 8826 6530 8831 6531 8829 6531 8827 6531 8828 6532 8829 6532 8832 6532 8828 6533 8833 6533 8830 6533 8826 6534 8830 6534 8834 6534 8835 6535 8830 6535 8833 6535 8836 6536 8834 6536 8830 6536 8826 6537 8834 6537 8837 6537 8830 6538 8838 6538 8836 6538 8837 6539 8839 6539 8826 6539 8840 6540 8841 6540 8842 6540 8843 6541 8842 6541 8841 6541 8840 6542 8842 6542 8844 6542 8841 6543 8845 6543 8843 6543 8844 6544 8846 6544 8840 6544 8845 6545 8841 6545 8847 6545 8848 6546 8843 6546 8845 6546 8840 6547 8846 6547 8849 6547 8850 6548 8848 6548 8845 6548 8840 6549 8849 6549 8851 6549 8852 6550 8850 6550 8845 6550 8852 6551 8853 6551 8850 6551 8854 6552 8850 6552 8853 6552 8854 6553 8855 6553 8850 6553 8856 6485 8857 6485 8858 6485 8858 6554 8857 6554 8859 6554 8860 6555 8858 6555 8859 6555 8860 6488 8861 6488 8858 6488 8860 6556 8859 6556 8862 6556 8860 6557 8863 6557 8861 6557 8858 6491 8861 6491 8864 6491 8865 6558 8862 6558 8859 6558 8860 6559 8862 6559 8866 6559 8867 6560 8861 6560 8863 6560 8861 6495 8868 6495 8864 6495 8869 6561 8858 6561 8864 6561 8870 6497 8864 6497 8868 6497 8864 6562 8871 6562 8869 6562 8872 6526 8873 6526 8874 6526 8874 6563 8873 6563 8875 6563 8875 6564 8876 6564 8874 6564 8875 6565 8877 6565 8876 6565 8876 6530 8878 6530 8874 6530 8879 6566 8877 6566 8875 6566 8876 6567 8877 6567 8880 6567 8876 6533 8881 6533 8878 6533 8874 6534 8878 6534 8882 6534 8883 6535 8878 6535 8881 6535 8884 6536 8882 6536 8878 6536 8874 6568 8882 6568 8885 6568 8878 6569 8886 6569 8884 6569 8885 6570 8887 6570 8874 6570 8888 6571 8889 6572 8890 6571 8890 6571 8889 6572 8891 6572 8891 6572 8889 6572 8892 6573 8892 6573 8893 6573 8891 6572 8894 6574 8895 6574 8896 6574 8896 6575 8897 6575 8894 6575 8898 6576 8899 6576 8900 6576 8900 6577 8899 6577 8901 6577 8902 6578 8903 6578 8904 6578 8905 6579 8902 6579 8904 6579</p>
        </triangles>
      </mesh>
    </geometry>
  </library_geometries>
  <library_visual_scenes>
    <visual_scene id="Scene" name="Scene">
      <node id="link_5" name="link_5" type="NODE">
        <matrix sid="transform">1 0 0 0 0 1 0 0 0 0 1 0 0 0 0 1</matrix>
        <instance_geometry url="#Mesh67_866-mesh" name="link_5">
          <bind_material>
            <technique_common>
              <instance_material symbol="Material-material" target="#Material-material"/>
              <instance_material symbol="Kuka_black_007-material" target="#Kuka_black_007-material"/>
            </technique_common>
          </bind_material>
        </instance_geometry>
      </node>
    </visual_scene>
  </library_visual_scenes>
  <scene>
    <instance_visual_scene url="#Scene"/>
  </scene>
</COLLADA>