<?xml version="1.0" encoding="utf-8"?>
<COLLADA xmlns="http://www.collada.org/2005/11/COLLADASchema" version="1.4.1" xmlns:xsi="http://www.w3.org/2001/XMLSchema-instance">
  <asset>
    <contributor>
      <author>Blender User</author>
      <authoring_tool>Blender 3.0.1</authoring_tool>
    </contributor>
    <created>2026-01-20T12:12:16</created>
    <modified>2026-01-20T12:12:16</modified>
    <unit name="meter" meter="1"/>
    <up_axis>Z_UP</up_axis>
  </asset>
  <library_effects>
    <effect id="mat_1_006-effect">
      <profile_COMMON>
        <technique sid="common">
          <lambert>
            <emission>
              <color sid="emission">0 0 0 1</color>
            </emission>
            <diffuse>
              <color sid="diffuse">0 0 0 1</color>
            </diffuse>
            <reflectivity>
              <float sid="specular">1</float>
            </reflectivity>
            <index_of_refraction>
              <float sid="ior">1.45</float>
            </index_of_refraction>
          </lambert>
        </technique>
      </profile_COMMON>
    </effect>
    <effect id="mat_2_003-effect">
      <profile_COMMON>
        <technique sid="common">
          <lambert>
            <emission>
              <color sid="emission">0 0 0 1</color>
            </emission>
            <diffuse>
              <color sid="diffuse">0.3185468 0.3185468 0.3185468 1</color>
            </diffuse>
            <reflectivity>
              <float sid="specular">1</float>
            </reflectivity>
            <index_of_refraction>
              <float sid="ior">1.45</float>
            </index_of_refraction>
          </lambert>
        </technique>
      </profile_COMMON>
    </effect>
    <effect id="mat_4_001-effect">
      <profile_COMMON>
        <technique sid="common">
          <lambert>
            <emission>
              <color sid="emission">0 0 0 1</color>
            </emission>
            <diffuse>
              <color sid="diffuse">0.8 0.8 0.8 1</color>
            </diffuse>
            <reflectivity>
              <float sid="specular">1</float>
            </reflectivity>
            <index_of_refraction>
              <float sid="ior">1.45</float>
            </index_of_refraction>
          </lambert>
        </technique>
      </profile_COMMON>
    </effect>
    <effect id="Kuka_black_006-effect">
      <profile_COMMON>
        <technique sid="common">
          <lambert>
            <emission>
              <color sid="emission">0.0637207 0.0637207 0.0637207 1</color>
            </emission>
            <diffuse>
              <color sid="diffuse">0.09850427 0.09850427 0.09850436 1</color>
            </diffuse>
            <index_of_refraction>
              <float sid="ior">1.45</float>
            </index_of_refraction>
          </lambert>
        </technique>
      </profile_COMMON>
    </effect>
  </library_effects>
  <library_images/>
  <library_materials>
    <material id="mat_1_006-material" name="mat_1.006">
      <instance_effect url="#mat_1_006-effect"/>
    </material>
    <material id="mat_2_003-material" name="mat_2.003">
      <instance_effect url="#mat_2_003-effect"/>
    </material>
    <material id="mat_4_001-material" name="mat_4.001">
      <instance_effect url="#mat_4_001-effect"/>
    </material>
    <material id="Kuka_black_006-material" name="Kuka_black.006">
      <instance_effect url="#Kuka_black_006-effect"/>
    </material>
  </library_materials>
  <library_geometries>
    <geometry id="Mesh69_219-mesh" name="Mesh69.219">
      <mesh>
        <source id="Mesh69_219-mesh-positions">
          <float_array id="Mesh69_219-mesh-positions-array" count="5985">0.002481043 0.05848985 0.03773534 0.007481098 0.05848985 0.03773534 0.002431035 0.05867803 0.03733235 0.002283096 0.05885654 0.03694933 0.007306039 0.05914825 0.03632438 0.006788015 0.0597735 0.03498333 0.005954027 0.06033444 0.03378027 0.002045035 0.05901694 0.03660529 0.004846096 0.06080269 0.0327754 0.001727998 0.05915063 0.03631842 0.003518044 0.0611552 0.03201931 0.001349031 0.05925136 0.03610241 0.002039015 0.06137394 0.03155022 4.81129e-4 0.06144815 0.03139138 9.26018e-4 0.05931401 0.03596842 4.81129e-4 0.05933517 0.03592336 -0.01401889 0.05933517 0.03592336 -0.01401889 0.06144815 0.03139138 0.007481098 -0.0593934 -0.01392453 0.002481043 -0.0593934 -0.01392453 0.007481098 -0.06506848 -0.01657062 0.002481043 -0.06506848 -0.01657062 0.007481098 -0.07954061 0.02187335 0.007481098 -0.07809388 0.02657634 0.002481043 -0.07954061 0.02187335 0.002481043 -0.07809388 0.02657634 0.002481043 -0.07636934 0.03118532 0.007481098 -0.07636934 0.03118532 0.007481098 -0.07437318 0.03568232 0.002481043 -0.07437318 0.03568232 0.007481098 0.05450326 0.03918629 0.002481043 0.05450326 0.03918629 0.007481098 0.05513989 0.03940027 0.002481043 0.05513989 0.03940027 0.002481043 0.05580848 0.03946733 0.007481098 0.05580848 0.03946733 0.007481098 0.05647504 0.03938436 0.002481043 0.05647504 0.03938436 0.002481043 0.05710619 0.03915441 0.002481043 0.05767059 0.03878939 0.007481098 0.05710619 0.03915441 0.007481098 0.05767059 0.03878939 0.007481098 0.05813968 0.03830838 0.002481043 0.05813968 0.03830838 0.002481043 0.05848985 0.03773534 0.007481098 0.05848985 0.03773534 4.81129e-4 -0.08335196 -0.0471636 -0.008623957 -0.07717925 -0.04428565 -0.007039844 -0.07444411 -0.04300957 -0.007039844 -0.07509952 -0.04331558 -0.00721395 -0.07573592 -0.04361253 -0.007550001 -0.07631629 -0.04388254 -0.009300947 -0.07741171 -0.04439359 4.81129e-4 -0.05933511 -0.03596454 -0.01501888 -0.08335196 -0.0471636 -0.008028984 -0.0768069 -0.04411154 -0.01001894 -0.07749068 -0.04443061 -0.01200795 -0.0768069 -0.04411154 -0.01613092 -0.08323836 -0.04711061 -0.01141291 -0.07717925 -0.04428565 -0.01073694 -0.07741171 -0.04439359 -0.01718795 -0.0829032 -0.04695463 -0.0181359 -0.0823633 -0.04670262 -0.01892793 -0.08164584 -0.04636764 -0.0195229 -0.08078664 -0.04596751 -0.01248782 -0.07631629 -0.04388254 -0.01989293 -0.07982885 -0.04552066 -0.02001893 -0.07882046 -0.04505062 -0.01282387 -0.07573592 -0.04361253 -0.01299691 -0.07509952 -0.04331558 -0.01299691 -0.07444411 -0.04300957 -0.02001893 -0.06856465 -0.04026752 -0.01282387 -0.07380765 -0.04271262 -0.01248782 -0.07322728 -0.04244261 -0.01200795 -0.07273668 -0.04221361 -0.01533389 -0.06701958 -0.03954768 -0.0148999 -0.06681901 -0.03945356 -0.01141291 -0.07236433 -0.04203963 -0.01073694 -0.07213193 -0.04193156 -0.0142529 -0.06616723 -0.03915053 -0.01453197 -0.06652915 -0.03931868 -0.01001894 -0.07205289 -0.04189467 -0.009300947 -0.07213193 -0.04193156 -0.0140779 -0.06575483 -0.03895753 -0.01401889 -0.06531631 -0.03875356 -0.01401889 -0.05933511 -0.03596454 -0.008623957 -0.07236433 -0.04203963 -0.008028984 -0.07273668 -0.04221361 -0.007550001 -0.07322728 -0.04244261 -0.00721395 -0.07380765 -0.04271262 4.81129e-4 -0.05933511 -0.03596454 9.26018e-4 -0.05931395 -0.0360096 4.81129e-4 -0.06144803 -0.03143256 -0.01401889 -0.05933511 -0.03596454 -0.01401889 -0.06144803 -0.03143256 0.002039015 -0.06137388 -0.03159165 0.003518044 -0.0611552 -0.03206062 0.001349031 -0.0592513 -0.03614366 0.001727998 -0.05915057 -0.0363596 0.004846096 -0.06080263 -0.03281658 0.002045035 -0.05901688 -0.0366466 0.002283096 -0.05885648 -0.03699064 0.006788015 -0.05977344 -0.03502464 0.005954027 -0.06033432 -0.03382158 0.002431035 -0.05867797 -0.03737366 0.007306039 -0.05914819 -0.03636556 0.007481098 -0.05848979 -0.03777652 0.002481043 -0.05848979 -0.03777652 0.002481043 -0.06651955 -0.02055764 0.007481098 -0.06651955 -0.02055764 0.002481043 -0.06673347 -0.01992052 0.002481043 -0.06680035 -0.01925158 0.007481098 -0.06673347 -0.01992052 0.007481098 -0.06680035 -0.01925158 0.002481043 -0.06671684 -0.01858568 0.007481098 -0.06671684 -0.01858568 0.002481043 -0.06648707 -0.01795452 0.007481098 -0.06648707 -0.01795452 0.002481043 -0.06612259 -0.01738965 0.007481098 -0.06612259 -0.01738965 0.007481098 -0.0656417 -0.01692068 0.002481043 -0.0656417 -0.01692068 0.007481098 -0.06506848 -0.01657062 0.002481043 -0.06506848 -0.01657062 4.81129e-4 -0.06356126 -0.0269016 -0.01401889 -0.06356126 -0.0269016 4.81129e-4 -0.0656743 -0.02236962 9.26018e-4 -0.06569552 -0.02232468 0.002039015 -0.0636354 -0.02674251 -0.01401889 -0.0656743 -0.02236962 0.003518044 -0.06385421 -0.02627354 0.004846096 -0.06420665 -0.02551758 0.001349031 -0.06575798 -0.02219069 0.001727998 -0.06585872 -0.02197468 0.002045035 -0.06599253 -0.02168756 0.005954027 -0.06467509 -0.02451258 0.002283096 -0.06615281 -0.02134352 0.006788015 -0.06523597 -0.02330964 0.002431035 -0.06633144 -0.02096062 0.007306039 -0.06586122 -0.0219686 0.007481098 -0.06651955 -0.02055764 0.002481043 -0.06651955 -0.02055764 -0.01401889 -0.06356126 -0.0269016 -0.01401889 -0.0695424 -0.02969062 -0.01401889 -0.0656743 -0.02236962 -0.01401889 -0.07165551 -0.02515864 -0.01533389 -0.06913262 -0.03501659 -0.0148999 -0.06893205 -0.03492254 -0.01533389 -0.06701958 -0.03954768 -0.0148999 -0.06681901 -0.03945356 -0.01453197 -0.06864219 -0.03478765 -0.01453197 -0.06652915 -0.03931868 -0.0142529 -0.06616723 -0.03915053 -0.0142529 -0.06828033 -0.03461855 -0.0140779 -0.06786787 -0.03442662 -0.0140779 -0.06575483 -0.03895753 -0.01401889 -0.06742936 -0.03422158 -0.01401889 -0.06531631 -0.03875356 -0.01533389 -0.06913262 -0.03501659 -0.02001893 -0.07067775 -0.03573668 -0.01533389 -0.06701958 -0.03954768 -0.02001893 -0.06856465 -0.04026752 -0.01401889 -0.06531631 -0.03875356 -0.01401889 -0.05933511 -0.03596454 -0.01401889 -0.06742936 -0.03422158 -0.01401889 -0.06144803 -0.03143256 -0.02001893 -0.07067775 -0.03573668 -0.01282387 -0.07592076 -0.03818166 -0.01248782 -0.07534039 -0.03791058 -0.02001893 -0.08093357 -0.04051864 -0.01299691 -0.07655715 -0.03847861 -0.01533389 -0.06913262 -0.03501659 -0.0148999 -0.06893205 -0.03492254 -0.01200795 -0.07484978 -0.03768265 -0.01141291 -0.07447743 -0.03750854 -0.01073694 -0.07424497 -0.0374006 -0.01001894 -0.07416599 -0.03736358 -0.0142529 -0.06828033 -0.03461855 -0.01453197 -0.06864219 -0.03478765 -0.0140779 -0.06786787 -0.03442662 -0.01401889 -0.06742936 -0.03422158 -0.009300947 -0.07424497 -0.0374006 -0.008623957 -0.07447743 -0.03750854 -0.008028984 -0.07484978 -0.03768265 4.81129e-4 -0.06144803 -0.03143256 4.81129e-4 -0.08546501 -0.04263156 -0.01401889 -0.06144803 -0.03143256 -0.007550001 -0.07534039 -0.03791058 -0.00721395 -0.07592076 -0.03818166 -0.007039844 -0.07655715 -0.03847861 -0.007039844 -0.07721257 -0.0387836 -0.00721395 -0.07784903 -0.03908056 -0.007550001 -0.0784294 -0.03935158 -0.008028984 -0.07892 -0.03957957 -0.008623957 -0.07929235 -0.03975361 -0.009300947 -0.07952475 -0.03986161 -0.01501888 -0.08546501 -0.04263156 -0.01001894 -0.07960379 -0.03989863 -0.01073694 -0.07952475 -0.03986161 -0.01141291 -0.07929235 -0.03975361 -0.01200795 -0.07892 -0.03957957 -0.01892793 -0.08375889 -0.04183655 -0.0181359 -0.08447641 -0.04217153 -0.01248782 -0.0784294 -0.03935158 -0.01718795 -0.08501625 -0.04242265 -0.01613092 -0.0853514 -0.04257851 -0.0195229 -0.08289968 -0.04143553 -0.01282387 -0.07784903 -0.03908056 -0.01989293 -0.0819419 -0.04098957 -0.01299691 -0.07721257 -0.0387836 -0.02001893 0.07067781 0.03569531 -0.02001893 0.08093363 0.04047739 -0.01349294 0.07650262 0.03841131 -0.01329088 0.07576012 0.03806531 -0.01289892 0.07508301 0.03774935 -0.01533389 0.06913268 0.03497534 -0.0148999 0.06893211 0.03488135 -0.01233881 0.07451063 0.03748238 -0.01164489 0.07407623 0.03728032 -0.01453197 0.06864231 0.03474634 -0.01085591 0.07380509 0.03715336 -0.0142529 0.06828039 0.03457731 -0.01001894 0.07371288 0.03711026 -0.0140779 0.06786793 0.03438532 -0.009180903 0.07380509 0.03715336 -0.01401889 0.06742942 0.03418028 -0.008391976 0.07407623 0.03728032 -0.00769788 0.07451063 0.03748238 4.81129e-4 0.06144815 0.03139138 4.81129e-4 0.08546513 0.04259032 -0.007137835 0.07508301 0.03774935 -0.006543815 0.07650262 0.03841131 -0.01401889 0.06144815 0.03139138 -0.006745934 0.07576012 0.03806531 -0.006543815 0.07726728 0.03876841 -0.006745934 0.07800978 0.03911429 -0.007137835 0.07868689 0.03943032 -0.00769788 0.07925927 0.03969734 -0.008391976 0.07969367 0.03989928 -0.009180903 0.07996481 0.04002636 -0.01001894 0.08005696 0.04006934 -0.01501888 0.08546513 0.04259032 -0.01613092 0.08535146 0.04253733 -0.01233881 0.07925927 0.03969734 -0.01085591 0.07996481 0.04002636 -0.01164489 0.07969367 0.03989928 -0.01892793 0.08375895 0.04179537 -0.0181359 0.08447647 0.04212933 -0.01718795 0.08501636 0.0423814 -0.01289892 0.07868689 0.03943032 -0.01989293 0.08194196 0.04094839 -0.0195229 0.08289974 0.04139435 -0.01329088 0.07800978 0.03911429 -0.01349294 0.07726728 0.03876841 -0.01401889 0.05933517 0.03592336 -0.01401889 0.06531637 0.03871238 -0.01401889 0.06144815 0.03139138 -0.01401889 0.06742942 0.03418028 -0.01533389 0.06913268 0.03497534 -0.02001893 0.06856477 0.04022741 -0.01533389 0.06701964 0.03950625 -0.02001893 0.07067781 0.03569531 -0.01401889 0.06531637 0.03871238 -0.01401889 0.06742942 0.03418028 -0.0140779 0.06575489 0.03891628 -0.0140779 0.06786793 0.03438532 -0.0142529 0.06828039 0.03457731 -0.01453197 0.06864231 0.03474634 -0.0142529 0.06616735 0.03910833 -0.01453197 0.06652921 0.03927731 -0.0148999 0.06893211 0.03488135 -0.0148999 0.06681907 0.03941231 -0.01533389 0.06913268 0.03497534 -0.01533389 0.06701964 0.03950625 -0.01401889 0.06954246 0.02964931 -0.01401889 0.06356132 0.02686035 -0.01401889 0.07165557 0.02511733 -0.01401889 0.06567436 0.02232831 4.81129e-4 0.06356132 0.02686035 0.002039015 0.06363546 0.02670133 9.26018e-4 0.06569558 0.02228331 -0.01401889 0.06567436 0.02232831 4.81129e-4 0.06567436 0.02232831 -0.01401889 0.06356132 0.02686035 0.001349031 0.0657581 0.02214932 0.003518044 0.06385427 0.02623134 0.004846096 0.06420671 0.02547627 0.005954027 0.06467515 0.0244714 0.001727998 0.06585878 0.02193325 0.002045035 0.06599259 0.02164638 0.002283096 0.06615287 0.02130234 0.006788015 0.06523603 0.02326834 0.007306039 0.06586134 0.02192729 0.007481098 0.06651961 0.02051639 0.002481043 0.06651961 0.02051639 0.002431035 0.0663315 0.02091932 0.002481043 0.06651961 0.02051639 0.007481098 0.06651961 0.02051639 0.002481043 0.06673353 0.01987934 0.002481043 0.06680047 0.01921027 0.007481098 0.06673353 0.01987934 0.007481098 0.06680047 0.01921027 0.007481098 0.0667169 0.01854431 0.002481043 0.0667169 0.01854431 0.002481043 0.06648713 0.01791334 0.002481043 0.06612271 0.01734834 0.007481098 0.06648713 0.01791334 0.007481098 0.06612271 0.01734834 0.007481098 0.06564176 0.01687932 0.002481043 0.06564176 0.01687932 0.002481043 0.06506854 0.01652932 0.007481098 0.06506854 0.01652932 -0.01001894 0.06770473 0.04644632 -0.01001894 0.07676768 0.05067241 -0.01121497 0.07663601 0.0506103 -0.01121497 0.0678364 0.04650729 -0.0076949 0.06822377 0.04668825 -0.008821964 0.0678364 0.04650729 -0.008821964 0.07663601 0.0506103 -0.01234191 0.07624864 0.05043023 -0.01333385 0.0756281 0.05014038 -0.01469391 0.07384312 0.04930835 -0.01413291 0.07481038 0.04975932 -0.01498192 0.07278239 0.04881334 -0.01498192 0.07169002 0.04830425 -0.01469391 0.07062929 0.04780936 -0.01413291 0.06966203 0.04735839 -0.01333385 0.06884431 0.0469774 -0.01234191 0.06822377 0.04668825 -0.00670284 0.06884431 0.0469774 -0.0076949 0.07624864 0.05043023 -0.00670284 0.0756281 0.05014038 -0.005903959 0.07481038 0.04975932 -0.005343914 0.07384312 0.04930835 -0.005054891 0.07278239 0.04881334 -0.005343914 0.07062929 0.04780936 -0.005054891 0.07169002 0.04830425 -0.005903959 0.06966203 0.04735839 0.002481043 -0.07459229 0.0534653 0.002481043 -0.07427716 0.05278933 0.007481098 -0.07459229 0.0534653 0.007481098 -0.07427716 0.05278933 0.005431056 -0.07615774 0.05819731 0.00644505 -0.0757687 0.05695033 0.00189507 -0.07466357 0.05499225 0.00221312 -0.07466399 0.05453532 0.002413034 -0.07463556 0.05401635 0.007133126 -0.07529491 0.05552232 0.007391989 -0.07494938 0.05450642 0.007481098 -0.07459229 0.0534653 0.002481043 -0.07459229 0.0534653 -0.005174875 -0.07775062 0.06915736 -0.00871098 -0.07625651 0.06595242 0.00189507 -0.07466357 0.05499225 0.005431056 -0.07615774 0.05819731 -0.005760908 -0.07782196 0.07068431 -0.005691826 -0.07777887 0.07013332 -0.0107609 -0.07782196 0.07068431 -0.01056689 -0.07728928 0.06912934 -0.009997963 -0.0767948 0.06765639 -0.009423971 -0.07650429 0.06675934 -0.005491912 -0.0777505 0.06961441 -0.005174875 -0.07775062 0.06915736 -0.00871098 -0.07625651 0.06595242 0.002481043 -0.07427716 0.05278933 0.007481098 -0.07427716 0.05278933 0.002481043 -0.07286536 0.0486114 0.007481098 -0.07286536 0.0486114 0.002481043 -0.07240366 0.04422533 0.007481098 -0.07240366 0.04422533 0.002481043 -0.07291454 0.03984439 0.007481098 -0.07291454 0.03984439 0.002481043 -0.07437318 0.03568232 0.007481098 -0.07437318 0.03568232 0.00189507 0.005850255 0.0925374 0.005431056 0.004356086 0.09574139 -0.00871098 -0.001521766 0.1008024 -0.005174875 -0.003015816 0.1040064 0.007481098 0.00728935 0.09082531 0.007481098 0.00697422 0.09150028 0.007481098 0.009582757 0.08705735 0.007481098 -0.003914535 0.06085234 0.007481098 0.0126459 0.08388435 0.007481098 -0.01874136 0.05802834 0.007481098 0.01115196 0.05995035 0.007481098 0.02045625 0.07990241 0.007481098 0.01633024 0.08146035 0.007481098 0.02553594 0.05537641 0.007481098 0.02518451 0.07854032 0.007481098 0.02982312 0.0768994 0.007481098 0.0343557 0.07498431 0.007481098 0.04631441 0.07011842 0.007481098 0.05864757 0.06629741 0.007481098 0.0383563 0.0474103 0.007481098 0.05513989 0.03940027 0.007481098 0.05450326 0.03918629 0.007481098 0.04882824 0.03654032 0.007481098 0.05580848 0.03946733 0.007481098 0.05647504 0.03938436 0.007481098 0.05710619 0.03915441 0.007481098 0.07519227 0.05885332 0.007481098 0.05767059 0.03878939 0.007481098 0.07126337 0.06355237 0.007481098 0.07881182 0.05391126 0.007481098 0.05813968 0.03830838 0.007481098 0.05848985 0.03773534 0.007481098 0.08210718 0.04874837 0.007481098 -0.03242099 0.05164933 0.007481098 -0.04411548 0.04210633 0.007481098 -0.07459229 0.0534653 0.007481098 -0.07427716 0.05278933 0.007481098 -0.07286536 0.0486114 0.007481098 -0.07240366 0.04422533 0.007481098 -0.05310887 0.02998524 0.007481098 -0.07291454 0.03984439 0.007481098 -0.07437318 0.03568232 0.007481098 -0.07636934 0.03118532 0.007481098 -0.05885052 0.01602631 0.007481098 -0.07809388 0.02657634 0.007481098 -0.07954061 0.02187335 0.007481098 -0.08349961 0.009584426 0.007481098 -0.08850079 -0.002318561 0.007481098 -0.06098914 0.001084268 0.007481098 -0.0593934 -0.01392453 0.007481098 -0.06506848 -0.01657062 0.007481098 -0.0656417 -0.01692068 0.007481098 -0.06612259 -0.01738965 0.007481098 -0.06648707 -0.01795452 0.007481098 -0.06671684 -0.01858568 0.007481098 -0.06680035 -0.01925158 0.007481098 -0.09450703 -0.01374757 0.007481098 -0.09343266 -0.01977765 0.007481098 -0.0919739 -0.02572667 0.007481098 -0.09013676 -0.03156965 0.007481098 -0.06651955 -0.02055764 0.007481098 -0.06673347 -0.01992052 0.002481043 0.0343557 0.07498431 0.002481043 0.02982312 0.0768994 0.007481098 0.0343557 0.07498431 0.007481098 0.02982312 0.0768994 0.007481098 0.02518451 0.07854032 0.002481043 0.02518451 0.07854032 0.007481098 0.02045625 0.07990241 0.002481043 0.02045625 0.07990241 0.002481043 0.00697422 0.09150028 0.002481043 0.00728935 0.09082531 0.002481043 -0.07459229 0.0534653 0.002481043 -0.03242099 0.05164933 0.002481043 -0.01874136 0.05802834 0.002481043 -0.003914535 0.06085234 0.002481043 0.01115196 0.05995035 0.002481043 0.009582757 0.08705735 0.002481043 0.0126459 0.08388435 0.002481043 0.01633024 0.08146035 0.002481043 0.02045625 0.07990241 0.002481043 0.02518451 0.07854032 0.002481043 0.02982312 0.0768994 0.002481043 0.02553594 0.05537641 0.002481043 0.04631441 0.07011842 0.002481043 0.0383563 0.0474103 0.002481043 0.0343557 0.07498431 0.002481043 0.04882824 0.03654032 0.002481043 0.05864757 0.06629741 0.002481043 0.05513989 0.03940027 0.002481043 0.05450326 0.03918629 0.002481043 0.05580848 0.03946733 0.002481043 0.05647504 0.03938436 0.002481043 0.05710619 0.03915441 0.002481043 0.05767059 0.03878939 0.002481043 0.07126337 0.06355237 0.002481043 0.07519227 0.05885332 0.002481043 0.07881182 0.05391126 0.002481043 0.08210718 0.04874837 0.002481043 0.05813968 0.03830838 0.002481043 0.05848985 0.03773534 0.002481043 -0.04411548 0.04210633 0.002481043 -0.05310887 0.02998524 0.002481043 -0.07286536 0.0486114 0.002481043 -0.07427716 0.05278933 0.002481043 -0.07240366 0.04422533 0.002481043 -0.07291454 0.03984439 0.002481043 -0.07437318 0.03568232 0.002481043 -0.07636934 0.03118532 0.002481043 -0.05885052 0.01602631 0.002481043 -0.07809388 0.02657634 0.002481043 -0.07954061 0.02187335 0.002481043 -0.08349961 0.009584426 0.002481043 -0.08850079 -0.002318561 0.002481043 -0.06098914 0.001084268 0.002481043 -0.0593934 -0.01392453 0.002481043 -0.06506848 -0.01657062 0.002481043 -0.0656417 -0.01692068 0.002481043 -0.06612259 -0.01738965 0.002481043 -0.06648707 -0.01795452 0.002481043 -0.06671684 -0.01858568 0.002481043 -0.09450703 -0.01374757 0.002481043 -0.09343266 -0.01977765 0.002481043 -0.06680035 -0.01925158 0.002481043 -0.06673347 -0.01992052 0.002481043 -0.0919739 -0.02572667 0.002481043 -0.09013676 -0.03156965 0.002481043 -0.06651955 -0.02055764 0.007481098 0.0343557 0.07498431 0.002481043 0.0343557 0.07498431 0.002481043 0.04631441 0.07011842 0.007481098 0.04631441 0.07011842 0.007481098 0.05864757 0.06629741 0.002481043 0.05864757 0.06629741 0.007481098 0.07126337 0.06355237 0.002481043 0.07126337 0.06355237 0.002481043 0.00697422 0.09150028 0.007481098 0.00697422 0.09150028 0.007395029 0.006406188 0.09244441 0.002412021 0.006580293 0.09188735 0.002211987 0.006200969 0.09224236 0.007139027 0.00584954 0.0933634 0.006449103 0.005060255 0.09464335 0.005431056 0.004356086 0.09574139 0.00189507 0.005850255 0.0925374 0.007481098 0.00697422 0.09150028 0.007481098 -0.07459229 0.0534653 0.007395029 0.006406188 0.09244441 0.007139027 0.00584954 0.0933634 0.007133126 -0.07529491 0.05552232 0.007391989 -0.07494938 0.05450642 0.00644505 -0.0757687 0.05695033 0.005431056 -0.07615774 0.05819731 0.006449103 0.005060255 0.09464335 0.005431056 0.004356086 0.09574139 0.00189507 0.005850255 0.0925374 0.00189507 -0.07466357 0.05499225 0.002211987 0.006200969 0.09224236 0.00221312 -0.07466399 0.05453532 0.002412021 0.006580293 0.09188735 0.002413034 -0.07463556 0.05401635 0.002481043 0.00697422 0.09150028 0.002481043 -0.07459229 0.0534653 -0.00871098 -0.07625651 0.06595242 0.00189507 -0.07466357 0.05499225 -0.00871098 -0.001521766 0.1008024 0.00189507 0.005850255 0.0925374 -0.005174875 -0.003015816 0.1040064 0.005431056 0.004356086 0.09574139 -0.005174875 -0.07775062 0.06915736 0.005431056 -0.07615774 0.05819731 -0.00871098 -0.07625651 0.06595242 -0.00871098 -0.001521766 0.1008024 -0.009423971 -0.07650429 0.06675934 -0.009997963 -0.0767948 0.06765639 -0.009728908 -0.002225816 0.1019003 -0.01041889 -0.00301522 0.1031802 -0.01067495 -0.003571808 0.1040993 -0.01056689 -0.07728928 0.06912934 -0.0107609 -0.07782196 0.07068431 -0.0107609 -0.0041399 0.1050423 0.002481043 0.02045625 0.07990241 0.002481043 0.01633024 0.08146035 0.007481098 0.02045625 0.07990241 0.007481098 0.01633024 0.08146035 0.007481098 0.0126459 0.08388435 0.002481043 0.0126459 0.08388435 0.002481043 0.009582757 0.08705735 0.007481098 0.009582757 0.08705735 0.002481043 0.00728935 0.09082531 0.007481098 0.00728935 0.09082531 0.007481098 -0.04882818 -0.03658157 0.007481098 -0.03835624 -0.04745155 0.007481098 -0.05450314 -0.0392276 0.007481098 -0.05513983 -0.03944152 0.007481098 -0.05864745 -0.06633865 0.007481098 -0.05580842 -0.03950858 0.007481098 -0.05647498 -0.03942561 0.007481098 -0.05710613 -0.03919559 0.007481098 -0.05767053 -0.03883057 0.007481098 -0.07126331 -0.06359362 0.007481098 -0.07519221 -0.05889463 0.007481098 -0.07881176 -0.05395257 0.007481098 -0.08210712 -0.04878962 0.007481098 -0.05848979 -0.03777652 0.007481098 -0.05813962 -0.03834956 0.007481098 -0.04631435 -0.07015967 0.007481098 -0.02553582 -0.05541759 0.007481098 -0.03435564 -0.07502567 0.007481098 -0.01744449 -0.08065462 0.007481098 -0.01115185 -0.05999153 0.007481098 2.80873e-4 -0.08251857 0.007481098 0.01799309 -0.08053362 0.007481098 0.003914535 -0.06089454 0.007481098 0.01874148 -0.0580697 0.007481098 0.03242105 -0.05169051 0.007481098 0.03486543 -0.07479059 0.007481098 0.05011057 -0.06555664 0.007481098 0.04411554 -0.04214859 0.007481098 0.06301701 -0.05326455 0.007481098 0.07298201 -0.03848767 0.007481098 0.05310893 -0.03002667 0.007481098 0.0588507 -0.01606762 0.007481098 0.0609892 -0.001125574 0.007481098 0.08349967 -0.009625673 0.007481098 0.07954066 -0.0219146 0.007481098 0.08850085 0.002277374 0.007481098 0.06648713 0.01791334 0.007481098 0.06612271 0.01734834 0.007481098 0.06564176 0.01687932 0.007481098 0.09450709 0.01370626 0.007481098 0.0667169 0.01854431 0.007481098 0.06680047 0.01921027 0.007481098 0.09343272 0.01973634 0.007481098 0.09197396 0.02568531 0.007481098 0.09013682 0.03152835 0.007481098 0.06651961 0.02051639 0.007481098 0.06673353 0.01987934 0.007481098 0.06506854 0.01652932 0.007481098 0.05939358 0.01388335 4.81129e-4 0.08335202 0.04712229 4.81129e-4 0.05933517 0.03592336 -0.01501888 0.08335202 0.04712229 -0.005054891 0.07422566 0.04286628 -0.005343914 0.07637876 0.04387027 -0.005903959 0.07734608 0.04432135 -0.00670284 0.07816374 0.04470336 -0.0076949 0.07878428 0.04499226 -0.008821964 0.07917171 0.04517334 -0.005054891 0.07531809 0.04337626 -0.01001894 0.07930338 0.04523432 -0.01121497 0.07917171 0.04517334 -0.01234191 0.07878428 0.04499226 -0.01333385 0.07816374 0.04470336 -0.01413291 0.07734608 0.04432135 -0.01613092 0.08323842 0.04706931 -0.01718795 0.08290326 0.04691332 -0.0181359 0.08236342 0.04666131 -0.01892793 0.0816459 0.04632633 -0.0195229 0.0807867 0.04592633 -0.01989293 0.07982891 0.04547935 -0.02001893 0.07882058 0.04500937 -0.02001893 0.06856477 0.04022741 -0.01469391 0.07637876 0.04387027 -0.01498192 0.07531809 0.04337626 -0.01498192 0.07422566 0.04286628 -0.01469391 0.07316499 0.04237228 -0.01413291 0.07219773 0.04192131 -0.01333385 0.07138001 0.04153931 -0.01533389 0.06701964 0.03950625 -0.0148999 0.06681907 0.03941231 -0.01234191 0.07075947 0.04125028 -0.01121497 0.0703721 0.04106932 -0.01453197 0.06652921 0.03927731 -0.0142529 0.06616735 0.03910833 -0.0140779 0.06575489 0.03891628 -0.01001894 0.07024043 0.04100835 -0.008821964 0.0703721 0.04106932 -0.01401889 0.06531637 0.03871238 -0.01401889 0.05933517 0.03592336 -0.0076949 0.07075947 0.04125028 -0.00670284 0.07138001 0.04153931 -0.005903959 0.07219773 0.04192131 -0.005343914 0.07316499 0.04237228 0.002481043 0.08210718 0.04874837 0.007481098 0.08210718 0.04874837 0.007481098 0.07881182 0.05391126 0.002481043 0.07881182 0.05391126 0.002481043 0.07519227 0.05885332 0.007481098 0.07519227 0.05885332 0.007481098 0.07126337 0.06355237 0.002481043 0.07126337 0.06355237 4.81129e-4 0.08335202 0.04712229 -0.01501888 0.08546513 0.04259032 4.81129e-4 0.08546513 0.04259032 -0.01501888 0.08335202 0.04712229 -0.02001893 0.07067781 0.03569531 -0.02001893 0.08093363 0.04047739 -0.02001893 0.06856477 0.04022741 -0.02001893 0.07882058 0.04500937 0.005431056 0.08441072 0.04436135 0.00189507 0.08291655 0.04756534 0.002186954 0.0827043 0.04787433 0.006446123 0.08380722 0.04550927 0.007133126 0.08311295 0.04683542 0.007393062 0.08261716 0.04778021 0.002383053 0.08246141 0.04823225 0.002456963 0.08228731 0.04848742 0.007481098 0.08210718 0.04874837 0.002481043 0.08210718 0.04874837 0.007481098 0.05848985 0.03773534 0.007306039 0.05914825 0.03632438 0.007481098 0.08210718 0.04874837 0.007393062 0.08261716 0.04778021 0.007133126 0.08311295 0.04683542 0.006788015 0.0597735 0.03498333 0.006446123 0.08380722 0.04550927 0.005954027 0.06033444 0.03378027 0.005431056 0.08441072 0.04436135 0.004594027 0.08474868 0.04373431 0.004846096 0.06080269 0.0327754 0.003518044 0.0611552 0.03201931 0.002113997 0.08532506 0.04274433 0.003657042 0.08502745 0.04323542 0.002039015 0.06137394 0.03155022 4.81129e-4 0.06144815 0.03139138 4.81129e-4 0.08546513 0.04259032 0.002481043 0.05848985 0.03773534 0.002431035 0.05867803 0.03733235 0.002456963 0.08228731 0.04848742 0.002481043 0.08210718 0.04874837 0.002383053 0.08246141 0.04823225 0.002283096 0.05885654 0.03694933 0.002186954 0.0827043 0.04787433 0.002045035 0.05901694 0.03660529 0.00189507 0.08291655 0.04756534 0.001657128 0.08304023 0.04739826 0.001727998 0.05915063 0.03631842 0.001349031 0.05925136 0.03610241 9.26018e-4 0.05931401 0.03596842 0.001388967 0.08314716 0.04726725 9.48071e-4 0.08327227 0.04714632 4.81129e-4 0.08335202 0.04712229 4.81129e-4 0.05933517 0.03592336 4.81129e-4 0.08335202 0.04712229 4.81129e-4 0.08546513 0.04259032 9.48071e-4 0.08327227 0.04714632 0.001388967 0.08314716 0.04726725 0.002113997 0.08532506 0.04274433 0.003657042 0.08502745 0.04323542 0.004594027 0.08474868 0.04373431 0.001657128 0.08304023 0.04739826 0.00189507 0.08291655 0.04756534 0.005431056 0.08441072 0.04436135 -0.01001894 0.07371288 0.03711026 -0.009180903 0.07380509 0.03715336 -0.01001894 0.07159984 0.04164236 -0.009180903 0.07169204 0.04168534 -0.008391976 0.07407623 0.03728032 -0.008391976 0.07196319 0.04181128 -0.00769788 0.07239758 0.04201436 -0.00769788 0.07451063 0.03748238 -0.007137835 0.07508301 0.03774935 -0.006745934 0.07576012 0.03806531 -0.007137835 0.07296997 0.04228132 -0.006745934 0.07364708 0.04259634 -0.006543815 0.07650262 0.03841131 -0.006543815 0.07438951 0.04294329 -0.006543815 0.07515424 0.04329925 -0.006543815 0.07726728 0.03876841 -0.006745934 0.07800978 0.03911429 -0.006745934 0.07589668 0.04364538 -0.007137835 0.07868689 0.03943032 -0.007137835 0.07657378 0.0439614 -0.00769788 0.07925927 0.03969734 -0.00769788 0.07714617 0.04422825 -0.008391976 0.07758057 0.04443126 -0.008391976 0.07969367 0.03989928 -0.009180903 0.07996481 0.04002636 -0.009180903 0.07785177 0.04455733 -0.01001894 0.08005696 0.04006934 -0.01085591 0.07785177 0.04455733 -0.01001894 0.07794392 0.0446003 -0.01085591 0.07996481 0.04002636 -0.01164489 0.07969367 0.03989928 -0.01233881 0.07925927 0.03969734 -0.01233881 0.07714617 0.04422825 -0.01164489 0.07758057 0.04443126 -0.01289892 0.07868689 0.03943032 -0.01289892 0.07657378 0.0439614 -0.01329088 0.07589668 0.04364538 -0.01349294 0.07515424 0.04329925 -0.01329088 0.07800978 0.03911429 -0.01349294 0.07726728 0.03876841 -0.01349294 0.07650262 0.03841131 -0.01329088 0.07576012 0.03806531 -0.01349294 0.07438951 0.04294329 -0.01329088 0.07364708 0.04259634 -0.01289892 0.07296997 0.04228132 -0.01289892 0.07508301 0.03774935 -0.01233881 0.07239758 0.04201436 -0.01233881 0.07451063 0.03748238 -0.01164489 0.07407623 0.03728032 -0.01164489 0.07196319 0.04181128 -0.01085591 0.07169204 0.04168534 -0.01085591 0.07380509 0.03715336 -0.01001894 0.07371288 0.03711026 -0.01001894 0.07159984 0.04164236 -0.02001893 0.08093363 0.04047739 -0.01989293 0.08194196 0.04094839 -0.02001893 0.07882058 0.04500937 -0.01989293 0.07982891 0.04547935 -0.0195229 0.0807867 0.04592633 -0.0195229 0.08289974 0.04139435 -0.01892793 0.08375895 0.04179537 -0.0181359 0.08447647 0.04212933 -0.01892793 0.0816459 0.04632633 -0.0181359 0.08236342 0.04666131 -0.01718795 0.08501636 0.0423814 -0.01718795 0.08290326 0.04691332 -0.01613092 0.08535146 0.04253733 -0.01613092 0.08323842 0.04706931 -0.01501888 0.08546513 0.04259032 -0.01501888 0.08335202 0.04712229 -0.01001894 0.0762791 0.0327903 -0.01001894 0.07205301 0.04185324 -0.01073694 0.07635813 0.03282731 -0.01073694 0.07213199 0.04189038 -0.01141291 0.07659053 0.03293538 -0.01200795 0.07696288 0.03310936 -0.01141291 0.07236444 0.04199832 -0.01200795 0.07273679 0.04217231 -0.01248782 0.07745349 0.03333836 -0.01248782 0.0732274 0.04240131 -0.01282387 0.07380777 0.04267132 -0.01282387 0.07803386 0.03360825 -0.01299691 0.07444417 0.04296839 -0.01299691 0.07867032 0.03390532 -0.01299691 0.07509958 0.0432744 -0.01299691 0.07932573 0.03421133 -0.01282387 0.07996213 0.03450739 -0.01248782 0.07631641 0.04384136 -0.01282387 0.07573604 0.04357028 -0.01248782 0.0805425 0.03477829 -0.01200795 0.08103311 0.03500729 -0.01200795 0.07680702 0.04407036 -0.01141291 0.08140546 0.0351814 -0.01141291 0.07717937 0.04424434 -0.01073694 0.08163791 0.03528934 -0.01073694 0.07741177 0.04435241 -0.01001894 0.08171689 0.03532636 -0.01001894 0.07749074 0.0443893 -0.009300947 0.08163791 0.03528934 -0.008623957 0.08140546 0.0351814 -0.009300947 0.07741177 0.04435241 -0.008623957 0.07717937 0.04424434 -0.008028984 0.07680702 0.04407036 -0.008028984 0.08103311 0.03500729 -0.007550001 0.0805425 0.03477829 -0.007550001 0.07631641 0.04384136 -0.00721395 0.07996213 0.03450739 -0.00721395 0.07573604 0.04357028 -0.007039844 0.07932573 0.03421133 -0.007039844 0.07867032 0.03390532 -0.007039844 0.07509958 0.0432744 -0.007039844 0.07444417 0.04296839 -0.00721395 0.07803386 0.03360825 -0.00721395 0.07380777 0.04267132 -0.007550001 0.07745349 0.03333836 -0.007550001 0.0732274 0.04240131 -0.008028984 0.07696288 0.03310936 -0.008028984 0.07273679 0.04217231 -0.008623957 0.07236444 0.04199832 -0.008623957 0.07659053 0.03293538 -0.009300947 0.07635813 0.03282731 -0.01001894 0.0762791 0.0327903 -0.009300947 0.07213199 0.04189038 -0.01001894 0.07205301 0.04185324 -0.01001894 0.08050525 0.02372735 -0.009300947 0.08058428 0.02376437 -0.01001894 0.0783922 0.02825933 -0.009300947 0.07847118 0.02829533 -0.008623957 0.08081668 0.02387237 -0.008623957 0.07870364 0.02840435 -0.008028984 0.07907599 0.02857726 -0.008028984 0.08118903 0.02404642 -0.007550001 0.08167964 0.02427542 -0.00721395 0.08226001 0.02454638 -0.007550001 0.07956659 0.02880626 -0.00721395 0.08014696 0.02907741 -0.007039844 0.08289641 0.02484238 -0.007039844 0.08078336 0.02937436 -0.007039844 0.08143877 0.02967935 -0.007039844 0.08355188 0.02514839 -0.00721395 0.08418828 0.02544534 -0.00721395 0.08207523 0.0299763 -0.007550001 0.08476865 0.02571535 -0.008028984 0.08525925 0.02594435 -0.007550001 0.0826556 0.03024733 -0.008028984 0.08314621 0.03047531 -0.008623957 0.0835185 0.03064942 -0.008623957 0.0856316 0.02611833 -0.009300947 0.085864 0.0262264 -0.009300947 0.08375096 0.03075838 -0.01001894 0.08594304 0.02626335 -0.01001894 0.08382999 0.03079438 -0.01073694 0.085864 0.0262264 -0.01073694 0.08375096 0.03075838 -0.01141291 0.0835185 0.03064942 -0.01200795 0.08314621 0.03047531 -0.01141291 0.0856316 0.02611833 -0.01200795 0.08525925 0.02594435 -0.01248782 0.08476865 0.02571535 -0.01282387 0.08418828 0.02544534 -0.01248782 0.0826556 0.03024733 -0.01282387 0.08207523 0.0299763 -0.01299691 0.08143877 0.02967935 -0.01299691 0.08078336 0.02937436 -0.01299691 0.08355188 0.02514839 -0.01299691 0.08289641 0.02484238 -0.01282387 0.08014696 0.02907741 -0.01282387 0.08226001 0.02454638 -0.01248782 0.08167964 0.02427542 -0.01200795 0.08118903 0.02404642 -0.01248782 0.07956659 0.02880626 -0.01200795 0.07907599 0.02857726 -0.01141291 0.07870364 0.02840435 -0.01141291 0.08081668 0.02387237 -0.01073694 0.07847118 0.02829533 -0.01073694 0.08058428 0.02376437 -0.01001894 0.08050525 0.02372735 -0.01001894 0.0783922 0.02825933 -0.01001894 0.08050525 0.02372735 -0.01073694 0.08058428 0.02376437 -0.009300947 0.08058428 0.02376437 -0.01200795 0.08118903 0.02404642 -0.008028984 0.08118903 0.02404642 -0.008623957 0.08081668 0.02387237 -0.01248782 0.08167964 0.02427542 -0.007550001 0.08167964 0.02427542 -0.01282387 0.08226001 0.02454638 -0.00721395 0.08226001 0.02454638 -0.01299691 0.08289641 0.02484238 -0.007039844 0.08289641 0.02484238 -0.01299691 0.08355188 0.02514839 -0.007039844 0.08355188 0.02514839 -0.00721395 0.08418828 0.02544534 -0.01282387 0.08418828 0.02544534 -0.007550001 0.08476865 0.02571535 -0.01248782 0.08476865 0.02571535 -0.01200795 0.08525925 0.02594435 -0.01141291 0.0856316 0.02611833 -0.008028984 0.08525925 0.02594435 -0.008623957 0.0856316 0.02611833 -0.01073694 0.085864 0.0262264 -0.009300947 0.085864 0.0262264 -0.01001894 0.08594304 0.02626335 -0.01141291 0.08081668 0.02387237 -0.01501888 0.08757817 0.03805935 -0.01501888 0.08969122 0.03352826 -0.01613092 0.08746457 0.03800642 -0.01718795 0.08712941 0.03785032 -0.01613092 0.08957761 0.03347533 -0.01718795 0.08924245 0.0333184 -0.0181359 0.08870261 0.03306639 -0.0181359 0.08658951 0.03759837 -0.01892793 0.08587199 0.03726339 -0.0195229 0.08501285 0.03686326 -0.01892793 0.08798509 0.0327323 -0.0195229 0.08712589 0.03233128 -0.01989293 0.084055 0.03641641 -0.01989293 0.08616811 0.03188532 -0.02001893 0.08304667 0.0359463 -0.02001893 0.08515977 0.03141433 0.00189507 0.08975088 0.03290939 0.001526117 0.08968424 0.03319931 0.005431056 0.08825671 0.03611338 0.004137039 0.08788442 0.03705936 0.00109905 0.08965742 0.03340435 0.002642035 0.08765029 0.0377084 7.94053e-4 0.0896641 0.03348839 0.001575112 0.08757811 0.03796136 4.81129e-4 0.08969122 0.03352826 4.81129e-4 0.08757817 0.03805935 0.002481043 0.09013682 0.03152835 0.002481043 0.06651961 0.02051639 0.002431035 0.0663315 0.02091932 0.002426028 0.09001064 0.03198426 0.002283096 0.06615287 0.02130234 0.002263069 0.08988881 0.03241425 0.002099037 0.08981519 0.03267532 0.002045035 0.06599259 0.02164638 0.00189507 0.08975088 0.03290939 0.001727998 0.06585878 0.02193325 0.001526117 0.08968424 0.03319931 0.001349031 0.0657581 0.02214932 0.00109905 0.08965742 0.03340435 9.26018e-4 0.06569558 0.02228331 7.94053e-4 0.0896641 0.03348839 4.81129e-4 0.08969122 0.03352826 4.81129e-4 0.06567436 0.02232831 0.007481098 0.09013682 0.03152835 0.007481098 0.06651961 0.02051639 0.007284045 0.08951848 0.03304028 0.007306039 0.06586134 0.02192729 0.006788015 0.06523603 0.02326834 0.005954027 0.06467515 0.0244714 0.006712973 0.08893096 0.03446841 0.00614202 0.08857387 0.03533726 0.005431056 0.08825671 0.03611338 0.004137039 0.08788442 0.03705936 0.004846096 0.06420671 0.02547627 0.003518044 0.06385427 0.02623134 0.002642035 0.08765029 0.0377084 0.002039015 0.06363546 0.02670133 0.001575112 0.08757811 0.03796136 4.81129e-4 0.06356132 0.02686035 4.81129e-4 0.08757817 0.03805935 0.002481043 0.09013682 0.03152835 0.007481098 0.09013682 0.03152835 0.007284045 0.08951848 0.03304028 0.002426028 0.09001064 0.03198426 0.006712973 0.08893096 0.03446841 0.002263069 0.08988881 0.03241425 0.00614202 0.08857387 0.03533726 0.002099037 0.08981519 0.03267532 0.005431056 0.08825671 0.03611338 0.00189507 0.08975088 0.03290939 4.81129e-4 0.08969122 0.03352826 -0.01501888 0.08969122 0.03352826 4.81129e-4 0.08757817 0.03805935 -0.01501888 0.08757817 0.03805935 0.002481043 -0.05848979 -0.03777652 0.002481043 -0.08210712 -0.04878962 0.002481043 -0.07881176 -0.05395257 0.002481043 -0.05813962 -0.03834956 0.002481043 -0.05767053 -0.03883057 0.002481043 -0.07519221 -0.05889463 0.002481043 -0.05710613 -0.03919559 0.002481043 -0.05647498 -0.03942561 0.002481043 -0.05864745 -0.06633865 0.002481043 -0.07126331 -0.06359362 0.002481043 -0.05580842 -0.03950858 0.002481043 -0.05513983 -0.03944152 0.002481043 -0.03835624 -0.04745155 0.002481043 -0.04631435 -0.07015967 0.002481043 -0.02553582 -0.05541759 0.002481043 -0.03435564 -0.07502567 0.002481043 -0.01744449 -0.08065462 0.002481043 2.80873e-4 -0.08251857 0.002481043 -0.01115185 -0.05999153 0.002481043 0.003914535 -0.06089454 0.002481043 0.01874148 -0.0580697 0.002481043 0.01799309 -0.08053362 0.002481043 0.03486543 -0.07479059 0.002481043 0.03242105 -0.05169051 0.002481043 0.05011057 -0.06555664 0.002481043 0.04411554 -0.04214859 0.002481043 0.06301701 -0.05326455 0.002481043 0.05310893 -0.03002667 0.002481043 0.07298201 -0.03848767 0.002481043 0.07954066 -0.0219146 0.002481043 0.0588507 -0.01606762 0.002481043 0.0609892 -0.001125574 0.002481043 0.08349967 -0.009625673 0.002481043 0.08850085 0.002277374 0.002481043 0.09450709 0.01370626 0.002481043 0.0667169 0.01854431 0.002481043 0.06648713 0.01791334 0.002481043 0.06612271 0.01734834 0.002481043 0.06564176 0.01687932 0.002481043 0.06506854 0.01652932 0.002481043 0.05939358 0.01388335 0.002481043 0.06680047 0.01921027 0.002481043 0.09343272 0.01973634 0.002481043 0.09197396 0.02568531 0.002481043 0.09013682 0.03152835 0.002481043 0.06651961 0.02051639 0.002481043 0.06673353 0.01987934 0.002481043 -0.05450314 -0.0392276 0.002481043 -0.04882818 -0.03658157 0.002481043 0.09450709 0.01370626 0.007481098 0.09450709 0.01370626 0.007481098 0.09343272 0.01973634 0.002481043 0.09343272 0.01973634 0.002481043 0.09197396 0.02568531 0.007481098 0.09197396 0.02568531 0.002481043 0.09013682 0.03152835 0.007481098 0.09013682 0.03152835 -0.01533389 0.07335883 0.0259124 -0.02001893 0.07490396 0.02663224 -0.0148999 0.07315826 0.02581828 -0.01200795 0.07907599 0.02857726 -0.01248782 0.07956659 0.02880626 -0.01141291 0.07870364 0.02840435 -0.01073694 0.07847118 0.02829533 -0.01001894 0.0783922 0.02825933 -0.0142529 0.07250654 0.02551436 -0.01453197 0.0728684 0.0256834 -0.0140779 0.07209408 0.02532225 -0.01401889 0.07165557 0.02511733 -0.009300947 0.07847118 0.02829533 -0.008623957 0.07870364 0.02840435 -0.008028984 0.07907599 0.02857726 4.81129e-4 0.06567436 0.02232831 -0.01401889 0.06567436 0.02232831 -0.007550001 0.07956659 0.02880626 -0.007039844 0.08078336 0.02937436 -0.00721395 0.08014696 0.02907741 4.81129e-4 0.08969122 0.03352826 -0.007550001 0.0826556 0.03024733 -0.009300947 0.08375096 0.03075838 -0.00721395 0.08207523 0.0299763 -0.007039844 0.08143877 0.02967935 -0.01501888 0.08969122 0.03352826 -0.008623957 0.0835185 0.03064942 -0.008028984 0.08314621 0.03047531 -0.01200795 0.08314621 0.03047531 -0.01141291 0.0835185 0.03064942 -0.01001894 0.08382999 0.03079438 -0.01613092 0.08957761 0.03347533 -0.01073694 0.08375096 0.03075838 -0.01718795 0.08924245 0.0333184 -0.0181359 0.08870261 0.03306639 -0.01892793 0.08798509 0.0327323 -0.0195229 0.08712589 0.03233128 -0.01248782 0.0826556 0.03024733 -0.01282387 0.08207523 0.0299763 -0.02001893 0.08515977 0.03141433 -0.01989293 0.08616811 0.03188532 -0.01299691 0.08078336 0.02937436 -0.01299691 0.08143877 0.02967935 -0.01282387 0.08014696 0.02907741 4.81129e-4 0.08757817 0.03805935 -0.01501888 0.08757817 0.03805935 -0.009300947 0.08163791 0.03528934 4.81129e-4 0.06356132 0.02686035 -0.007039844 0.07932573 0.03421133 -0.007039844 0.07867032 0.03390532 -0.008028984 0.08103311 0.03500729 -0.007550001 0.0805425 0.03477829 -0.00721395 0.07996213 0.03450739 -0.008623957 0.08140546 0.0351814 -0.00721395 0.07803386 0.03360825 -0.007550001 0.07745349 0.03333836 -0.008028984 0.07696288 0.03310936 -0.008623957 0.07659053 0.03293538 -0.01401889 0.06954246 0.02964931 -0.009300947 0.07635813 0.03282731 -0.0140779 0.06998097 0.02985334 -0.01001894 0.0762791 0.0327903 -0.0142529 0.07039344 0.03004634 -0.01073694 0.07635813 0.03282731 -0.01141291 0.07659053 0.03293538 -0.0148999 0.07104521 0.03034937 -0.01453197 0.07075536 0.03021425 -0.01533389 0.07124578 0.03044331 -0.02001893 0.07279086 0.03116434 -0.01200795 0.07696288 0.03310936 -0.01248782 0.07745349 0.03333836 -0.01282387 0.07803386 0.03360825 -0.01299691 0.07867032 0.03390532 -0.02001893 0.08304667 0.0359463 -0.01299691 0.07932573 0.03421133 -0.01282387 0.07996213 0.03450739 -0.01248782 0.0805425 0.03477829 -0.01892793 0.08587199 0.03726339 -0.0195229 0.08501285 0.03686326 -0.01989293 0.084055 0.03641641 -0.01200795 0.08103311 0.03500729 -0.01613092 0.08746457 0.03800642 -0.01718795 0.08712941 0.03785032 -0.0181359 0.08658951 0.03759837 -0.01141291 0.08140546 0.0351814 -0.01073694 0.08163791 0.03528934 -0.01001894 0.08171689 0.03532636 -0.01401889 0.06356132 0.02686035 -0.02001893 0.07490396 0.02663224 -0.02001893 0.07279086 0.03116434 -0.02001893 0.08515977 0.03141433 -0.02001893 0.08304667 0.0359463 -0.01001894 0.07159984 0.04164236 -0.009180903 0.07169204 0.04168534 -0.01001894 0.07205301 0.04185324 -0.009300947 0.07213199 0.04189038 -0.01085591 0.07169204 0.04168534 -0.01164489 0.07196319 0.04181128 -0.01073694 0.07213199 0.04189038 -0.01141291 0.07236444 0.04199832 -0.01200795 0.07273679 0.04217231 -0.01233881 0.07239758 0.04201436 -0.01289892 0.07296997 0.04228132 -0.01329088 0.07364708 0.04259634 -0.01248782 0.0732274 0.04240131 -0.01282387 0.07380777 0.04267132 -0.01299691 0.07444417 0.04296839 -0.01349294 0.07438951 0.04294329 -0.01349294 0.07515424 0.04329925 -0.01329088 0.07589668 0.04364538 -0.01299691 0.07509958 0.0432744 -0.01282387 0.07573604 0.04357028 -0.01289892 0.07657378 0.0439614 -0.01248782 0.07631641 0.04384136 -0.01233881 0.07714617 0.04422825 -0.01200795 0.07680702 0.04407036 -0.01141291 0.07717937 0.04424434 -0.01164489 0.07758057 0.04443126 -0.01085591 0.07785177 0.04455733 -0.01001894 0.07794392 0.0446003 -0.01073694 0.07741177 0.04435241 -0.01001894 0.07749074 0.0443893 -0.009300947 0.07741177 0.04435241 -0.009180903 0.07785177 0.04455733 -0.008391976 0.07758057 0.04443126 -0.008028984 0.07680702 0.04407036 -0.008623957 0.07717937 0.04424434 -0.00769788 0.07714617 0.04422825 -0.007550001 0.07631641 0.04384136 -0.007137835 0.07657378 0.0439614 -0.006745934 0.07589668 0.04364538 -0.006543815 0.07515424 0.04329925 -0.00721395 0.07573604 0.04357028 -0.007039844 0.07509958 0.0432744 -0.007039844 0.07444417 0.04296839 -0.006543815 0.07438951 0.04294329 -0.006745934 0.07364708 0.04259634 -0.007137835 0.07296997 0.04228132 -0.00721395 0.07380777 0.04267132 -0.007550001 0.0732274 0.04240131 -0.008028984 0.07273679 0.04217231 -0.00769788 0.07239758 0.04201436 -0.008391976 0.07196319 0.04181128 -0.008623957 0.07236444 0.04199832 -0.01001894 0.06770473 0.04644632 -0.008821964 0.0678364 0.04650729 -0.01001894 0.07024043 0.04100835 -0.008821964 0.0703721 0.04106932 -0.0076949 0.06822377 0.04668825 -0.0076949 0.07075947 0.04125028 -0.00670284 0.06884431 0.0469774 -0.00670284 0.07138001 0.04153931 -0.005903959 0.06966203 0.04735839 -0.005903959 0.07219773 0.04192131 -0.005343914 0.07316499 0.04237228 -0.005343914 0.07062929 0.04780936 -0.005054891 0.07169002 0.04830425 -0.005054891 0.07422566 0.04286628 -0.005054891 0.07278239 0.04881334 -0.005343914 0.07384312 0.04930835 -0.005054891 0.07531809 0.04337626 -0.005343914 0.07637876 0.04387027 -0.005903959 0.07481038 0.04975932 -0.005903959 0.07734608 0.04432135 -0.00670284 0.0756281 0.05014038 -0.00670284 0.07816374 0.04470336 -0.0076949 0.07624864 0.05043023 -0.0076949 0.07878428 0.04499226 -0.008821964 0.07663601 0.0506103 -0.008821964 0.07917171 0.04517334 -0.01001894 0.07930338 0.04523432 -0.01001894 0.07676768 0.05067241 -0.01121497 0.07663601 0.0506103 -0.01234191 0.07624864 0.05043023 -0.01121497 0.07917171 0.04517334 -0.01234191 0.07878428 0.04499226 -0.01333385 0.0756281 0.05014038 -0.01333385 0.07816374 0.04470336 -0.01413291 0.07481038 0.04975932 -0.01413291 0.07734608 0.04432135 -0.01469391 0.07384312 0.04930835 -0.01469391 0.07637876 0.04387027 -0.01498192 0.07278239 0.04881334 -0.01498192 0.07531809 0.04337626 -0.01498192 0.07169002 0.04830425 -0.01498192 0.07422566 0.04286628 -0.01469391 0.07316499 0.04237228 -0.01469391 0.07062929 0.04780936 -0.01413291 0.06966203 0.04735839 -0.01413291 0.07219773 0.04192131 -0.01333385 0.06884431 0.0469774 -0.01234191 0.06822377 0.04668825 -0.01333385 0.07138001 0.04153931 -0.01234191 0.07075947 0.04125028 -0.01121497 0.0678364 0.04650729 -0.01121497 0.0703721 0.04106932 -0.01001894 0.06770473 0.04644632 -0.01001894 0.07024043 0.04100835 0.002481043 -0.09450703 -0.01374757 0.002481043 -0.09343266 -0.01977765 0.007481098 -0.09450703 -0.01374757 0.007481098 -0.09343266 -0.01977765 0.007481098 -0.0919739 -0.02572667 0.002481043 -0.0919739 -0.02572667 0.007481098 -0.09013676 -0.03156965 0.002481043 -0.09013676 -0.03156965 0.002481043 -0.07954061 0.02187335 0.007481098 -0.07954061 0.02187335 0.002481043 -0.08349961 0.009584426 0.002481043 -0.08850079 -0.002318561 0.007481098 -0.08349961 0.009584426 0.007481098 -0.08850079 -0.002318561 0.007481098 -0.09450703 -0.01374757 0.002481043 -0.09450703 -0.01374757 4.81129e-4 -0.08969116 -0.03356862 4.81129e-4 -0.08757811 -0.0381006 -0.01501888 -0.08969116 -0.03356862 -0.01501888 -0.08757811 -0.0381006 4.81129e-4 -0.08757811 -0.0381006 -0.01501888 -0.08757811 -0.0381006 -0.006543815 -0.0786156 -0.03392153 -0.006543815 -0.07938027 -0.03427761 -0.006745934 -0.08012276 -0.03462362 -0.007137835 -0.08079987 -0.03493958 -0.008391976 -0.08180665 -0.03540962 -0.009180903 -0.0820778 -0.03553557 4.81129e-4 -0.06356126 -0.0269016 -0.00769788 -0.08137226 -0.03520661 -0.01401889 -0.06356126 -0.0269016 -0.008391976 -0.07618921 -0.03278964 -0.007137835 -0.077196 -0.03325963 -0.006745934 -0.07787311 -0.03357565 -0.00769788 -0.07662361 -0.0329926 -0.01401889 -0.0695424 -0.02969062 -0.0140779 -0.06998091 -0.02989459 -0.009180903 -0.07591807 -0.03266358 -0.01001894 -0.07582587 -0.0326206 -0.0142529 -0.07039338 -0.03008759 -0.01085591 -0.07591807 -0.03266358 -0.01453197 -0.0707553 -0.03025567 -0.01164489 -0.07618921 -0.03278964 -0.01533389 -0.07124572 -0.03048461 -0.0148999 -0.07104516 -0.03039062 -0.01233881 -0.07662361 -0.0329926 -0.01289892 -0.077196 -0.03325963 -0.02001893 -0.0727908 -0.03120565 -0.01329088 -0.07787311 -0.03357565 -0.01349294 -0.0786156 -0.03392153 -0.02001893 -0.08304661 -0.03598755 -0.01349294 -0.07938027 -0.03427761 -0.01329088 -0.08012276 -0.03462362 -0.01289892 -0.08079987 -0.03493958 -0.01892793 -0.08587193 -0.03730458 -0.01233881 -0.08137226 -0.03520661 -0.0195229 -0.08501273 -0.03690457 -0.01989293 -0.08405494 -0.03645759 -0.01613092 -0.08746445 -0.03804767 -0.01718795 -0.08712935 -0.03789156 -0.01164489 -0.08180665 -0.03540962 -0.0181359 -0.08658945 -0.03763955 -0.01085591 -0.0820778 -0.03553557 -0.01001894 -0.08216995 -0.03557854 -0.01533389 -0.07335877 -0.02595365 -0.01333385 -0.07771915 -0.02798664 -0.0148999 -0.0731582 -0.02585971 -0.01234191 -0.07709854 -0.02769654 -0.01413291 -0.0785368 -0.02836757 -0.02001893 -0.07490384 -0.02667367 -0.02001893 -0.08515965 -0.03145557 -0.01498192 -0.08056479 -0.02931368 -0.01469391 -0.07950413 -0.02881854 -0.01498192 -0.08165723 -0.02982252 -0.01469391 -0.08271789 -0.03031766 -0.01413291 -0.08368515 -0.03076863 -0.01989293 -0.08616805 -0.03192663 -0.0195229 -0.08712583 -0.03237259 -0.01892793 -0.08798503 -0.03277361 -0.01333385 -0.08450287 -0.03114962 -0.0181359 -0.08870255 -0.03310859 -0.01718795 -0.08924239 -0.03335958 -0.01613092 -0.08957755 -0.03351658 -0.01234191 -0.08512341 -0.03143966 -0.01501888 -0.08969116 -0.03356862 4.81129e-4 -0.08969116 -0.03356862 -0.008821964 -0.08551079 -0.0316196 -0.01121497 -0.08551079 -0.0316196 -0.01001894 -0.08564251 -0.03168159 -0.0076949 -0.08512341 -0.03143966 -0.00670284 -0.08450287 -0.03114962 -0.005903959 -0.08368515 -0.03076863 -0.005343914 -0.08271789 -0.03031766 -0.005054891 -0.08165723 -0.02982252 -0.005054891 -0.08056479 -0.02931368 4.81129e-4 -0.0656743 -0.02236962 -0.005343914 -0.07950413 -0.02881854 -0.005903959 -0.0785368 -0.02836757 -0.00670284 -0.07771915 -0.02798664 -0.0076949 -0.07709854 -0.02769654 -0.008821964 -0.07671117 -0.0275166 -0.01001894 -0.07657951 -0.02745461 -0.01401889 -0.07165551 -0.02515864 -0.0140779 -0.07209402 -0.02536368 -0.01401889 -0.0656743 -0.02236962 -0.0142529 -0.07250642 -0.02555561 -0.01453197 -0.07286834 -0.02572458 -0.01121497 -0.07671117 -0.0275166 -0.02001893 -0.07490384 -0.02667367 -0.02001893 -0.0727908 -0.03120565 -0.02001893 -0.08515965 -0.03145557 -0.02001893 -0.08304661 -0.03598755 0.002481043 -0.09013676 -0.03156965 0.007481098 -0.09013676 -0.03156965 0.002426028 -0.09001058 -0.03202551 0.007284045 -0.08951842 -0.03308165 0.006712973 -0.0889309 -0.03450959 0.00614202 -0.08857381 -0.03537857 0.002263069 -0.08988875 -0.03245568 0.002099037 -0.08981513 -0.03271663 0.005431056 -0.08825659 -0.03615456 0.00189507 -0.08975076 -0.03295058 0.007481098 -0.09013676 -0.03156965 0.007481098 -0.06651955 -0.02055764 0.007284045 -0.08951842 -0.03308165 0.007306039 -0.06586122 -0.0219686 0.006788015 -0.06523597 -0.02330964 0.006712973 -0.0889309 -0.03450959 0.00614202 -0.08857381 -0.03537857 0.005954027 -0.06467509 -0.02451258 0.005431056 -0.08825659 -0.03615456 0.004846096 -0.06420665 -0.02551758 0.003518044 -0.06385421 -0.02627354 0.004137039 -0.08788436 -0.03710067 0.002642035 -0.08765017 -0.03774958 0.002039015 -0.0636354 -0.02674251 0.001575112 -0.08757805 -0.03800261 4.81129e-4 -0.06356126 -0.0269016 4.81129e-4 -0.08757811 -0.0381006 0.002481043 -0.09013676 -0.03156965 0.002426028 -0.09001058 -0.03202551 0.002431035 -0.06633144 -0.02096062 0.002481043 -0.06651955 -0.02055764 0.002283096 -0.06615281 -0.02134352 0.002263069 -0.08988875 -0.03245568 0.002099037 -0.08981513 -0.03271663 0.002045035 -0.06599253 -0.02168756 0.001727998 -0.06585872 -0.02197468 0.00189507 -0.08975076 -0.03295058 0.001526117 -0.08968418 -0.03324061 0.00109905 -0.08965736 -0.03344553 0.001349031 -0.06575798 -0.02219069 9.26018e-4 -0.06569552 -0.02232468 4.81129e-4 -0.0656743 -0.02236962 7.94053e-4 -0.08966404 -0.03352862 4.81129e-4 -0.08969116 -0.03356862 0.00189507 -0.08975076 -0.03295058 0.001526117 -0.08968418 -0.03324061 0.005431056 -0.08825659 -0.03615456 0.004137039 -0.08788436 -0.03710067 0.002642035 -0.08765017 -0.03774958 0.001575112 -0.08757805 -0.03800261 0.00109905 -0.08965736 -0.03344553 7.94053e-4 -0.08966404 -0.03352862 4.81129e-4 -0.08969116 -0.03356862 4.81129e-4 -0.08757811 -0.0381006 -0.01001894 -0.08216995 -0.03557854 -0.01001894 -0.08428305 -0.03104758 -0.01085591 -0.0820778 -0.03553557 -0.01085591 -0.08419084 -0.0310046 -0.01164489 -0.0839197 -0.03087759 -0.01164489 -0.08180665 -0.03540962 -0.01233881 -0.08137226 -0.03520661 -0.01233881 -0.0834853 -0.03067559 -0.01289892 -0.08291292 -0.03040862 -0.01289892 -0.08079987 -0.03493958 -0.01329088 -0.08223581 -0.03009253 -0.01349294 -0.08149337 -0.02974665 -0.01329088 -0.08012276 -0.03462362 -0.01349294 -0.07938027 -0.03427761 -0.01349294 -0.0786156 -0.03392153 -0.01329088 -0.07787311 -0.03357565 -0.01349294 -0.08072865 -0.02938956 -0.01329088 -0.07998615 -0.02904367 -0.01289892 -0.077196 -0.03325963 -0.01289892 -0.0793091 -0.02872765 -0.01233881 -0.07662361 -0.0329926 -0.01233881 -0.07873672 -0.02846062 -0.01164489 -0.07618921 -0.03278964 -0.01164489 -0.07830232 -0.02825868 -0.01085591 -0.07803112 -0.0281316 -0.01085591 -0.07591807 -0.03266358 -0.01001894 -0.07793897 -0.02808862 -0.009180903 -0.07803112 -0.0281316 -0.01001894 -0.07582587 -0.0326206 -0.009180903 -0.07591807 -0.03266358 -0.008391976 -0.07618921 -0.03278964 -0.008391976 -0.07830232 -0.02825868 -0.00769788 -0.07662361 -0.0329926 -0.00769788 -0.07873672 -0.02846062 -0.007137835 -0.077196 -0.03325963 -0.007137835 -0.0793091 -0.02872765 -0.006745934 -0.07787311 -0.03357565 -0.006745934 -0.07998615 -0.02904367 -0.006543815 -0.08072865 -0.02938956 -0.006543815 -0.0786156 -0.03392153 -0.006543815 -0.08149337 -0.02974665 -0.006543815 -0.07938027 -0.03427761 -0.006745934 -0.08012276 -0.03462362 -0.006745934 -0.08223581 -0.03009253 -0.007137835 -0.08291292 -0.03040862 -0.00769788 -0.0834853 -0.03067559 -0.007137835 -0.08079987 -0.03493958 -0.00769788 -0.08137226 -0.03520661 -0.008391976 -0.08180665 -0.03540962 -0.008391976 -0.0839197 -0.03087759 -0.009180903 -0.0820778 -0.03553557 -0.009180903 -0.08419084 -0.0310046 -0.01001894 -0.08216995 -0.03557854 -0.01001894 -0.08428305 -0.03104758 -0.01533389 -0.07335877 -0.02595365 -0.02001893 -0.07490384 -0.02667367 -0.02001893 -0.0727908 -0.03120565 -0.01533389 -0.07124572 -0.03048461 -0.01501888 -0.08757811 -0.0381006 -0.01613092 -0.08746445 -0.03804767 -0.01501888 -0.08969116 -0.03356862 -0.01613092 -0.08957755 -0.03351658 -0.01718795 -0.08924239 -0.03335958 -0.01718795 -0.08712935 -0.03789156 -0.0181359 -0.08658945 -0.03763955 -0.01892793 -0.08587193 -0.03730458 -0.0181359 -0.08870255 -0.03310859 -0.01892793 -0.08798503 -0.03277361 -0.0195229 -0.08501273 -0.03690457 -0.0195229 -0.08712583 -0.03237259 -0.01989293 -0.08405494 -0.03645759 -0.01989293 -0.08616805 -0.03192663 -0.02001893 -0.08304661 -0.03598755 -0.02001893 -0.08515965 -0.03145557 -0.01401889 -0.0695424 -0.02969062 -0.01401889 -0.07165551 -0.02515864 -0.0140779 -0.07209402 -0.02536368 -0.0140779 -0.06998091 -0.02989459 -0.0142529 -0.07039338 -0.03008759 -0.0142529 -0.07250642 -0.02555561 -0.01453197 -0.07286834 -0.02572458 -0.0148999 -0.0731582 -0.02585971 -0.01453197 -0.0707553 -0.03025567 -0.0148999 -0.07104516 -0.03039062 -0.01533389 -0.07335877 -0.02595365 -0.01533389 -0.07124572 -0.03048461 -0.01001894 -0.07960379 -0.03989863 -0.01001894 -0.08382987 -0.03083556 -0.01073694 -0.07952475 -0.03986161 -0.01141291 -0.07929235 -0.03975361 -0.01141291 -0.08351844 -0.03069067 -0.01073694 -0.0837509 -0.03079956 -0.01200795 -0.08314609 -0.03051662 -0.01200795 -0.07892 -0.03957957 -0.01248782 -0.0784294 -0.03935158 -0.01282387 -0.08207511 -0.03001761 -0.01248782 -0.08265548 -0.03028851 -0.01282387 -0.07784903 -0.03908056 -0.01299691 -0.07721257 -0.0387836 -0.01299691 -0.08143872 -0.02972066 -0.01299691 -0.07655715 -0.03847861 -0.01282387 -0.07592076 -0.03818166 -0.01299691 -0.0807833 -0.02941554 -0.01282387 -0.08014684 -0.02911859 -0.01248782 -0.07534039 -0.03791058 -0.01248782 -0.07956647 -0.02884757 -0.01200795 -0.07484978 -0.03768265 -0.01200795 -0.07907587 -0.02861857 -0.01141291 -0.07447743 -0.03750854 -0.01141291 -0.07870358 -0.0284456 -0.01073694 -0.07847112 -0.02833753 -0.01073694 -0.07424497 -0.0374006 -0.01001894 -0.07416599 -0.03736358 -0.009300947 -0.07424497 -0.0374006 -0.01001894 -0.07839208 -0.02830064 -0.009300947 -0.07847112 -0.02833753 -0.008623957 -0.07870358 -0.0284456 -0.008028984 -0.07907587 -0.02861857 -0.008623957 -0.07447743 -0.03750854 -0.008028984 -0.07484978 -0.03768265 -0.007550001 -0.07534039 -0.03791058 -0.007550001 -0.07956647 -0.02884757 -0.00721395 -0.07592076 -0.03818166 -0.007039844 -0.07655715 -0.03847861 -0.00721395 -0.08014684 -0.02911859 -0.007039844 -0.0807833 -0.02941554 -0.007039844 -0.08143872 -0.02972066 -0.007039844 -0.07721257 -0.0387836 -0.00721395 -0.07784903 -0.03908056 -0.00721395 -0.08207511 -0.03001761 -0.007550001 -0.0784294 -0.03935158 -0.008028984 -0.07892 -0.03957957 -0.007550001 -0.08265548 -0.03028851 -0.008028984 -0.08314609 -0.03051662 -0.008623957 -0.08351844 -0.03069067 -0.008623957 -0.07929235 -0.03975361 -0.009300947 -0.07952475 -0.03986161 -0.01001894 -0.07960379 -0.03989863 -0.009300947 -0.0837509 -0.03079956 -0.01001894 -0.08382987 -0.03083556 -0.01001894 -0.07537764 -0.04896157 -0.01001894 -0.07749068 -0.04443061 -0.009300947 -0.0752986 -0.04892468 -0.009300947 -0.07741171 -0.04439359 -0.008623957 -0.0750662 -0.04881668 -0.008623957 -0.07717925 -0.04428565 -0.008028984 -0.07469385 -0.04864257 -0.007550001 -0.07420325 -0.04841452 -0.008028984 -0.0768069 -0.04411154 -0.007550001 -0.07631629 -0.04388254 -0.00721395 -0.07362288 -0.04814362 -0.00721395 -0.07573592 -0.04361253 -0.007039844 -0.07298648 -0.04784667 -0.007039844 -0.07509952 -0.04331558 -0.007039844 -0.07444411 -0.04300957 -0.007039844 -0.07233101 -0.04754155 -0.00721395 -0.07169461 -0.0472446 -0.007550001 -0.07111424 -0.04697352 -0.00721395 -0.07380765 -0.04271262 -0.007550001 -0.07322728 -0.04244261 -0.008028984 -0.07273668 -0.04221361 -0.008028984 -0.07062363 -0.04674458 -0.008623957 -0.07236433 -0.04203963 -0.008623957 -0.07025128 -0.04657161 -0.009300947 -0.07001888 -0.04646265 -0.009300947 -0.07213193 -0.04193156 -0.01001894 -0.07205289 -0.04189467 -0.01001894 -0.06993985 -0.04642665 -0.01073694 -0.07213193 -0.04193156 -0.01073694 -0.07001888 -0.04646265 -0.01141291 -0.07236433 -0.04203963 -0.01141291 -0.07025128 -0.04657161 -0.01200795 -0.07062363 -0.04674458 -0.01200795 -0.07273668 -0.04221361 -0.01248782 -0.07322728 -0.04244261 -0.01248782 -0.07111424 -0.04697352 -0.01282387 -0.07169461 -0.0472446 -0.01299691 -0.07233101 -0.04754155 -0.01299691 -0.07444411 -0.04300957 -0.01282387 -0.07380765 -0.04271262 -0.01299691 -0.07509952 -0.04331558 -0.01299691 -0.07298648 -0.04784667 -0.01282387 -0.07362288 -0.04814362 -0.01282387 -0.07573592 -0.04361253 -0.01248782 -0.07631629 -0.04388254 -0.01248782 -0.07420325 -0.04841452 -0.01200795 -0.0768069 -0.04411154 -0.01141291 -0.07717925 -0.04428565 -0.01200795 -0.07469385 -0.04864257 -0.01141291 -0.0750662 -0.04881668 -0.01073694 -0.0752986 -0.04892468 -0.01073694 -0.07741171 -0.04439359 -0.01001894 -0.07749068 -0.04443061 -0.01001894 -0.07537764 -0.04896157 -0.01001894 -0.07537764 -0.04896157 -0.009300947 -0.0752986 -0.04892468 -0.01073694 -0.0752986 -0.04892468 -0.01141291 -0.0750662 -0.04881668 -0.01200795 -0.07469385 -0.04864257 -0.008028984 -0.07469385 -0.04864257 -0.008623957 -0.0750662 -0.04881668 -0.007550001 -0.07420325 -0.04841452 -0.01248782 -0.07420325 -0.04841452 -0.01282387 -0.07362288 -0.04814362 -0.00721395 -0.07362288 -0.04814362 -0.01299691 -0.07298648 -0.04784667 -0.007039844 -0.07298648 -0.04784667 -0.01299691 -0.07233101 -0.04754155 -0.007039844 -0.07233101 -0.04754155 -0.01282387 -0.07169461 -0.0472446 -0.00721395 -0.07169461 -0.0472446 -0.01248782 -0.07111424 -0.04697352 -0.01200795 -0.07062363 -0.04674458 -0.007550001 -0.07111424 -0.04697352 -0.008028984 -0.07062363 -0.04674458 -0.008623957 -0.07025128 -0.04657161 -0.01001894 -0.06993985 -0.04642665 -0.01073694 -0.07001888 -0.04646265 -0.01141291 -0.07025128 -0.04657161 -0.009300947 -0.07001888 -0.04646265 -0.02001893 -0.08093357 -0.04051864 -0.02001893 -0.07882046 -0.04505062 -0.01989293 -0.07982885 -0.04552066 -0.01989293 -0.0819419 -0.04098957 -0.0195229 -0.08289968 -0.04143553 -0.01892793 -0.08375889 -0.04183655 -0.01892793 -0.08164584 -0.04636764 -0.0195229 -0.08078664 -0.04596751 -0.0181359 -0.0823633 -0.04670262 -0.0181359 -0.08447641 -0.04217153 -0.01718795 -0.08501625 -0.04242265 -0.01718795 -0.0829032 -0.04695463 -0.01613092 -0.0853514 -0.04257851 -0.01613092 -0.08323836 -0.04711061 -0.01501888 -0.08546501 -0.04263156 -0.01501888 -0.08335196 -0.0471636 4.81129e-4 -0.08335196 -0.0471636 9.48071e-4 -0.08327215 -0.04718762 4.81129e-4 -0.08546501 -0.04263156 0.002113997 -0.085325 -0.04278564 0.003657042 -0.08502739 -0.0432766 0.001388967 -0.08314704 -0.04730868 0.001657128 -0.08304017 -0.04743969 0.004594027 -0.08474862 -0.04377561 0.00189507 -0.08291643 -0.04760652 0.005431056 -0.0844106 -0.04440253 4.81129e-4 -0.05933511 -0.03596454 9.26018e-4 -0.05931395 -0.0360096 4.81129e-4 -0.08335196 -0.0471636 9.48071e-4 -0.08327215 -0.04718762 0.001388967 -0.08314704 -0.04730868 0.001349031 -0.0592513 -0.03614366 0.001657128 -0.08304017 -0.04743969 0.001727998 -0.05915057 -0.0363596 0.002045035 -0.05901688 -0.0366466 0.00189507 -0.08291643 -0.04760652 0.002186954 -0.08270424 -0.04791551 0.002383053 -0.08246129 -0.04827368 0.002283096 -0.05885648 -0.03699064 0.002431035 -0.05867797 -0.03737366 0.002481043 -0.05848979 -0.03777652 0.002456963 -0.08228719 -0.04852867 0.002481043 -0.08210712 -0.04878962 0.007481098 -0.05848979 -0.03777652 0.007393062 -0.08261704 -0.04782164 0.007481098 -0.08210712 -0.04878962 0.007306039 -0.05914819 -0.03636556 0.006788015 -0.05977344 -0.03502464 0.007133126 -0.08311289 -0.0468766 0.006446123 -0.08380717 -0.04555058 0.005431056 -0.0844106 -0.04440253 0.005954027 -0.06033432 -0.03382158 0.004846096 -0.06080263 -0.03281658 0.003518044 -0.0611552 -0.03206062 0.004594027 -0.08474862 -0.04377561 0.003657042 -0.08502739 -0.0432766 0.002113997 -0.085325 -0.04278564 0.002039015 -0.06137388 -0.03159165 4.81129e-4 -0.08546501 -0.04263156 4.81129e-4 -0.06144803 -0.03143256 0.00189507 -0.08291643 -0.04760652 0.005431056 -0.0844106 -0.04440253 0.002186954 -0.08270424 -0.04791551 0.002383053 -0.08246129 -0.04827368 0.006446123 -0.08380717 -0.04555058 0.007133126 -0.08311289 -0.0468766 0.002456963 -0.08228719 -0.04852867 0.007393062 -0.08261704 -0.04782164 0.002481043 -0.08210712 -0.04878962 0.007481098 -0.08210712 -0.04878962 4.81129e-4 -0.08335196 -0.0471636 4.81129e-4 -0.08546501 -0.04263156 -0.01501888 -0.08335196 -0.0471636 -0.01501888 -0.08546501 -0.04263156 0.007481098 -0.08210712 -0.04878962 0.007481098 -0.07881176 -0.05395257 0.002481043 -0.08210712 -0.04878962 0.002481043 -0.07881176 -0.05395257 0.007481098 -0.07519221 -0.05889463 0.002481043 -0.07519221 -0.05889463 0.007481098 -0.07126331 -0.06359362 0.002481043 -0.07126331 -0.06359362 -0.02001893 -0.07067775 -0.03573668 -0.02001893 -0.06856465 -0.04026752 -0.02001893 -0.08093357 -0.04051864 -0.02001893 -0.07882046 -0.04505062 -0.01001894 -0.08428305 -0.03104758 -0.01085591 -0.08419084 -0.0310046 -0.009180903 -0.08419084 -0.0310046 -0.01001894 -0.08382987 -0.03083556 -0.009300947 -0.0837509 -0.03079956 -0.008623957 -0.08351844 -0.03069067 -0.008028984 -0.08314609 -0.03051662 -0.008391976 -0.0839197 -0.03087759 -0.00769788 -0.0834853 -0.03067559 -0.007137835 -0.08291292 -0.03040862 -0.007550001 -0.08265548 -0.03028851 -0.00721395 -0.08207511 -0.03001761 -0.006745934 -0.08223581 -0.03009253 -0.007039844 -0.08143872 -0.02972066 -0.006543815 -0.08149337 -0.02974665 -0.007039844 -0.0807833 -0.02941554 -0.00721395 -0.08014684 -0.02911859 -0.006543815 -0.08072865 -0.02938956 -0.006745934 -0.07998615 -0.02904367 -0.007137835 -0.0793091 -0.02872765 -0.007550001 -0.07956647 -0.02884757 -0.008028984 -0.07907587 -0.02861857 -0.008623957 -0.07870358 -0.0284456 -0.00769788 -0.07873672 -0.02846062 -0.008391976 -0.07830232 -0.02825868 -0.009180903 -0.07803112 -0.0281316 -0.009300947 -0.07847112 -0.02833753 -0.01001894 -0.07839208 -0.02830064 -0.01001894 -0.07793897 -0.02808862 -0.01073694 -0.07847112 -0.02833753 -0.01085591 -0.07803112 -0.0281316 -0.01141291 -0.07870358 -0.0284456 -0.01200795 -0.07907587 -0.02861857 -0.01164489 -0.07830232 -0.02825868 -0.01233881 -0.07873672 -0.02846062 -0.01289892 -0.0793091 -0.02872765 -0.01248782 -0.07956647 -0.02884757 -0.01282387 -0.08014684 -0.02911859 -0.01299691 -0.0807833 -0.02941554 -0.01329088 -0.07998615 -0.02904367 -0.01349294 -0.08072865 -0.02938956 -0.01349294 -0.08149337 -0.02974665 -0.01299691 -0.08143872 -0.02972066 -0.01282387 -0.08207511 -0.03001761 -0.01329088 -0.08223581 -0.03009253 -0.01248782 -0.08265548 -0.03028851 -0.01289892 -0.08291292 -0.03040862 -0.01200795 -0.08314609 -0.03051662 -0.01141291 -0.08351844 -0.03069067 -0.01233881 -0.0834853 -0.03067559 -0.01164489 -0.0839197 -0.03087759 -0.01073694 -0.0837509 -0.03079956 -0.01001894 -0.08817815 -0.02624362 -0.0076949 -0.08765912 -0.02600157 -0.01333385 -0.08703851 -0.02571165 -0.008821964 -0.08804649 -0.02618151 -0.01121497 -0.08804649 -0.02618151 -0.01234191 -0.08765912 -0.02600157 -0.00670284 -0.08703851 -0.02571165 -0.01413291 -0.08622086 -0.02533066 -0.01469391 -0.08525353 -0.02487969 -0.01498192 -0.08419287 -0.02438455 -0.005903959 -0.08622086 -0.02533066 -0.005343914 -0.08525353 -0.02487969 -0.01498192 -0.08310049 -0.02387559 -0.005054891 -0.08419287 -0.02438455 -0.005054891 -0.08310049 -0.02387559 -0.01469391 -0.08203977 -0.02338057 -0.005343914 -0.08203977 -0.02338057 -0.00670284 -0.08025479 -0.02254867 -0.0076949 -0.07963424 -0.02225971 -0.005903959 -0.0810725 -0.0229296 -0.01333385 -0.08025479 -0.02254867 -0.01413291 -0.0810725 -0.0229296 -0.01234191 -0.07963424 -0.02225971 -0.01121497 -0.07924687 -0.02207863 -0.008821964 -0.07924687 -0.02207863 -0.01001894 -0.07911521 -0.02201753 -0.01001894 -0.08817815 -0.02624362 -0.01001894 -0.08564251 -0.03168159 -0.008821964 -0.08804649 -0.02618151 -0.0076949 -0.08512341 -0.03143966 -0.0076949 -0.08765912 -0.02600157 -0.008821964 -0.08551079 -0.0316196 -0.00670284 -0.08703851 -0.02571165 -0.00670284 -0.08450287 -0.03114962 -0.005903959 -0.08368515 -0.03076863 -0.005343914 -0.08271789 -0.03031766 -0.005903959 -0.08622086 -0.02533066 -0.005343914 -0.08525353 -0.02487969 -0.005054891 -0.08165723 -0.02982252 -0.005054891 -0.08419287 -0.02438455 -0.005054891 -0.08310049 -0.02387559 -0.005054891 -0.08056479 -0.02931368 -0.005343914 -0.08203977 -0.02338057 -0.005343914 -0.07950413 -0.02881854 -0.005903959 -0.0785368 -0.02836757 -0.005903959 -0.0810725 -0.0229296 -0.00670284 -0.07771915 -0.02798664 -0.00670284 -0.08025479 -0.02254867 -0.0076949 -0.07963424 -0.02225971 -0.0076949 -0.07709854 -0.02769654 -0.008821964 -0.07671117 -0.0275166 -0.01001894 -0.07657951 -0.02745461 -0.008821964 -0.07924687 -0.02207863 -0.01001894 -0.07911521 -0.02201753 -0.01121497 -0.07671117 -0.0275166 -0.01121497 -0.07924687 -0.02207863 -0.01234191 -0.07963424 -0.02225971 -0.01234191 -0.07709854 -0.02769654 -0.01333385 -0.08025479 -0.02254867 -0.01333385 -0.07771915 -0.02798664 -0.01413291 -0.0810725 -0.0229296 -0.01413291 -0.0785368 -0.02836757 -0.01469391 -0.08203977 -0.02338057 -0.01498192 -0.08310049 -0.02387559 -0.01469391 -0.07950413 -0.02881854 -0.01498192 -0.08056479 -0.02931368 -0.01498192 -0.08419287 -0.02438455 -0.01498192 -0.08165723 -0.02982252 -0.01469391 -0.08271789 -0.03031766 -0.01469391 -0.08525353 -0.02487969 -0.01413291 -0.08622086 -0.02533066 -0.01333385 -0.08703851 -0.02571165 -0.01413291 -0.08368515 -0.03076863 -0.01333385 -0.08450287 -0.03114962 -0.01234191 -0.08512341 -0.03143966 -0.01234191 -0.08765912 -0.02600157 -0.01121497 -0.08804649 -0.02618151 -0.01121497 -0.08551079 -0.0316196 -0.01001894 -0.08817815 -0.02624362 -0.01001894 -0.08564251 -0.03168159 -0.01533389 0.07335883 0.0259124 -0.0148999 0.07315826 0.02581828 -0.01533389 0.07124578 0.03044331 -0.0148999 0.07104521 0.03034937 -0.01453197 0.0728684 0.0256834 -0.01453197 0.07075536 0.03021425 -0.0142529 0.07250654 0.02551436 -0.0142529 0.07039344 0.03004634 -0.0140779 0.06998097 0.02985334 -0.0140779 0.07209408 0.02532225 -0.01401889 0.07165557 0.02511733 -0.01401889 0.06954246 0.02964931 -0.01533389 0.07335883 0.0259124 -0.02001893 0.07490396 0.02663224 -0.01533389 0.07124578 0.03044331 -0.02001893 0.07279086 0.03116434 0.002481043 0.07954066 -0.0219146 0.007481098 0.07954066 -0.0219146 0.002481043 0.08349967 -0.009625673 0.002481043 0.08850085 0.002277374 0.007481098 0.08349967 -0.009625673 0.007481098 0.08850085 0.002277374 0.007481098 0.09450709 0.01370626 0.002481043 0.09450709 0.01370626 0.007481098 -0.05450314 -0.0392276 0.007481098 -0.05513983 -0.03944152 0.002481043 -0.05450314 -0.0392276 0.002481043 -0.05513983 -0.03944152 0.002481043 -0.05580842 -0.03950858 0.007481098 -0.05580842 -0.03950858 0.007481098 -0.05647498 -0.03942561 0.007481098 -0.05710613 -0.03919559 0.002481043 -0.05647498 -0.03942561 0.002481043 -0.05710613 -0.03919559 0.002481043 -0.05767053 -0.03883057 0.007481098 -0.05767053 -0.03883057 0.007481098 -0.05813962 -0.03834956 0.007481098 -0.05848979 -0.03777652 0.002481043 -0.05848979 -0.03777652 0.002481043 -0.05813962 -0.03834956 0.002481043 -0.07126331 -0.06359362 0.007481098 -0.07126331 -0.06359362 0.002481043 -0.05864745 -0.06633865 0.002481043 -0.04631435 -0.07015967 0.007481098 -0.05864745 -0.06633865 0.007481098 -0.04631435 -0.07015967 0.007481098 -0.03435564 -0.07502567 0.002481043 -0.03435564 -0.07502567 0.007481098 -0.03435564 -0.07502567 0.002481043 -0.03435564 -0.07502567 0.007481098 -0.01744449 -0.08065462 0.007481098 2.80873e-4 -0.08251857 0.002481043 -0.01744449 -0.08065462 0.002481043 2.80873e-4 -0.08251857 0.002481043 0.01799309 -0.08053362 0.007481098 0.01799309 -0.08053362 0.007481098 0.03486543 -0.07479059 0.002481043 0.03486543 -0.07479059 0.007481098 0.05011057 -0.06555664 0.007481098 0.06301701 -0.05326455 0.002481043 0.05011057 -0.06555664 0.002481043 0.06301701 -0.05326455 0.002481043 0.07298201 -0.03848767 0.007481098 0.07298201 -0.03848767 0.002481043 0.07954066 -0.0219146 0.007481098 0.07954066 -0.0219146 0.002481043 -0.04882818 -0.03658157 0.007481098 -0.04882818 -0.03658157 0.007481098 -0.03835624 -0.04745155 0.002481043 -0.03835624 -0.04745155 0.002481043 -0.02553582 -0.05541759 0.007481098 -0.02553582 -0.05541759 0.007481098 -0.01115185 -0.05999153 0.002481043 -0.01115185 -0.05999153 0.007481098 0.003914535 -0.06089454 0.007481098 0.01874148 -0.0580697 0.002481043 0.003914535 -0.06089454 0.002481043 0.01874148 -0.0580697 0.002481043 0.03242105 -0.05169051 0.007481098 0.03242105 -0.05169051 0.002481043 0.04411554 -0.04214859 0.007481098 0.04411554 -0.04214859 0.007481098 0.05310893 -0.03002667 0.002481043 0.05310893 -0.03002667 0.007481098 0.0588507 -0.01606762 0.002481043 0.0588507 -0.01606762 0.007481098 0.0609892 -0.001125574 0.002481043 0.0609892 -0.001125574 0.007481098 0.05939358 0.01388335 0.002481043 0.05939358 0.01388335 0.002481043 -0.04882818 -0.03658157 0.007481098 -0.05450314 -0.0392276 0.007481098 -0.04882818 -0.03658157 0.002481043 -0.05450314 -0.0392276 0.002481043 0.04882824 0.03654032 0.007481098 0.0383563 0.0474103 0.007481098 0.04882824 0.03654032 0.002481043 0.0383563 0.0474103 0.002481043 0.02553594 0.05537641 0.002481043 0.01115196 0.05995035 0.007481098 0.02553594 0.05537641 0.007481098 0.01115196 0.05995035 0.007481098 -0.003914535 0.06085234 0.002481043 -0.01874136 0.05802834 0.002481043 -0.003914535 0.06085234 0.007481098 -0.01874136 0.05802834 0.007481098 -0.03242099 0.05164933 0.007481098 -0.04411548 0.04210633 0.002481043 -0.04411548 0.04210633 0.002481043 -0.03242099 0.05164933 0.002481043 -0.05310887 0.02998524 0.007481098 -0.05310887 0.02998524 0.002481043 -0.05885052 0.01602631 0.007481098 -0.05885052 0.01602631 0.002481043 -0.06098914 0.001084268 0.007481098 -0.06098914 0.001084268 0.007481098 -0.0593934 -0.01392453 0.002481043 -0.0593934 -0.01392453 0.007481098 0.00728935 0.09082531 0.002481043 0.00728935 0.09082531 0.007481098 0.00697422 0.09150028 0.002481043 0.00697422 0.09150028 0.002481043 0.04882824 0.03654032 0.002481043 0.05450326 0.03918629 0.007481098 0.04882824 0.03654032 0.007481098 0.05450326 0.03918629 0.007481098 0.06506854 0.01652932 0.007481098 0.05939358 0.01388335 0.002481043 0.06506854 0.01652932 0.002481043 0.05939358 0.01388335</float_array>
          <technique_common>
            <accessor source="#Mesh69_219-mesh-positions-array" count="1995" stride="3">
              <param name="X" type="float"/>
              <param name="Y" type="float"/>
              <param name="Z" type="float"/>
            </accessor>
          </technique_common>
        </source>
        <source id="Mesh69_219-mesh-normals">
          <float_array id="Mesh69_219-mesh-normals-array" count="4638">0 -0.9061133 -0.4230353 -2.10285e-5 -0.9062104 -0.4228274 5.88698e-5 -0.9063376 -0.4225544 3.54954e-5 -0.9063183 -0.4225956 3.6431e-5 -0.9063146 -0.4226037 1.37295e-4 -0.9063563 -0.4225141 1.28937e-4 -0.9063574 -0.4225119 6.78165e-5 -0.9063324 -0.4225656 3.54817e-5 -0.9063277 -0.4225755 -2.22852e-5 -0.906317 -0.4225986 -4.29876e-5 -0.9063137 -0.4226058 -7.09821e-5 -0.9063271 -0.4225769 -2.97028e-4 -0.9062975 -0.4226405 -2.26659e-4 -0.9063017 -0.4226312 0 -0.9063282 -0.4225748 0 -0.906327 -0.4225775 0 0.4225872 -0.9063223 0 0.4225865 -0.9063227 0 -0.9557988 0.2940215 0 -0.9466125 0.3223738 0 -0.9257025 0.3782525 0 -0.9139953 0.405725 0 -0.9140003 0.4057137 0 0.3185616 -0.9479023 0 0.2104564 -0.9776033 0 -0.01196348 -0.9999285 0 -0.234384 -0.9721441 0 -0.4454914 -0.8952862 0 -0.4455159 -0.895274 0 -0.6334688 -0.7737683 0 -0.6334871 -0.7737533 0 -0.7895576 -0.6136765 0 -0.7895461 -0.6136913 0 -0.8532607 -0.5214846 0 -0.8532472 -0.5215069 3.58456e-4 0.4229974 -0.9061309 -3.35266e-4 0.4221509 -0.9065256 6.09875e-4 0.4230575 -0.9061027 -3.15419e-5 0.4226106 -0.9063115 2.54311e-4 0.4227867 -0.9062292 -5.8586e-4 0.4220964 -0.9065508 1.80397e-4 0.4228159 -0.9062157 0 0.4226148 -0.9063094 1.93683e-4 0.4224607 -0.9063812 -1.60437e-4 0.422712 -0.9062641 3.6238e-5 0.4226056 -0.9063137 -5.04846e-4 0.4228082 -0.906219 4.21144e-4 0.4223589 -0.9064286 1.76955e-4 0.4225284 -0.9063497 -1.43399e-4 0.4227533 -0.9062448 -2.39835e-4 0.4228384 -0.9062052 3.09149e-4 0.4222873 -0.9064621 -2.00667e-4 0.4227947 -0.9062255 -9.42823e-5 0.4228144 -0.9062163 9.00431e-5 0.42249 -0.9063677 2.96138e-4 0.4219655 -0.9066119 -1.33486e-4 0.4228098 -0.9062185 -3.01543e-4 0.4230623 -0.9061007 -3.29629e-6 0.422667 -0.9062851 1.0997e-4 0.4227858 -0.9062297 -5.19343e-4 0.4220718 -0.9065623 -1.08721e-4 0.4226133 -0.9063102 2.66735e-4 0.4227526 -0.9062452 8.49128e-4 0.4230887 -0.9060878 4.51882e-4 0.4228427 -0.906203 -4.11894e-4 0.4224353 -0.9063931 -0.001212775 0.4219931 -0.9065982 1.20552e-4 0.4226229 -0.9063056 -3.75438e-4 0.4224407 -0.9063906 0.001405656 0.423397 -0.9059432 -1.37147e-4 0.4225783 -0.9063265 -0.001260042 0.4218886 -0.9066469 1.96168e-5 0.4225733 -0.9063287 0 0.4226108 -0.9063113 6.38662e-4 0.4229469 -0.9061543 -4.6275e-4 0.4228452 -0.9062018 -2.74478e-4 0.4227479 -0.9062473 8.45173e-4 0.4222235 -0.9064915 -3.33848e-4 0.4227339 -0.9062539 -3.031e-4 0.9063318 0.4225667 0 0.9063324 0.4225655 0 0.9063318 0.4225668 -3.73616e-6 0.9063195 0.4225932 -2.05427e-4 0.9063015 0.4226319 -3.73818e-5 0.9063106 0.4226123 -3.51657e-5 0.9063094 0.4226147 6.53606e-6 0.9063183 0.4225957 7.68035e-5 0.9063389 0.4225517 1.01311e-4 0.9063631 0.4224994 5.88552e-5 0.9063255 0.4225804 1.0184e-4 0.9063484 0.4225313 5.55993e-5 0.9063376 0.4225544 3.50284e-5 0.9063177 0.4225972 -2.19631e-5 0.906208 0.4228321 0 0.9061087 0.4230449 0 0.9776548 0.2102168 0 0.9479852 0.3183146 0 0.9999213 -0.01254326 0 0.9720556 -0.2347509 0 0.89559 -0.4448804 0 0.8955779 -0.4449049 0 0.7741367 -0.6330184 0 0.7741246 -0.6330334 0 0.6135032 -0.7896923 0 0.6135222 -0.7896775 0 0.5211093 -0.85349 0 0.906327 0.4225772 5.46201e-4 0.906328 0.4225746 0 0.9063288 0.4225733 -9.63241e-6 0.9063081 0.4226174 6.95055e-5 0.9063001 0.4226348 -3.89862e-5 0.9063273 0.4225764 -1.96066e-5 0.9063163 0.4226 1.96238e-5 0.9062952 0.4226452 -8.16928e-5 0.9063438 0.4225412 -7.56776e-5 0.9063335 0.4225633 -1.99415e-4 0.906412 0.4223946 -1.86839e-5 0.9063194 0.4225934 6.70559e-5 0.9062356 0.422773 -5.39408e-5 0.9063342 0.4225616 1.09816e-5 0.9062122 0.4228234 0 0.9061567 0.4229422 -1 0 0 -1 -2.20483e-7 0 -0.5594497 0.7512027 0.3503008 -0.4546751 0.8072024 0.3764238 -0.5593889 0.7512336 0.3503315 -0.7433978 0.6061814 0.282673 -0.7433227 0.6062615 0.2826982 -0.8830139 0.4253775 0.1983447 -0.8829789 0.4254364 0.1983742 -0.9703245 0.2191577 0.1021779 -0.9703375 0.2190996 0.1021793 -0.9926545 0.109654 0.05111896 -0.992641 0.1097475 0.05118089 -0.3419235 0.8516703 0.3971728 -0.3419004 0.8516683 0.3971969 -1 2.20485e-7 0 -1.59259e-4 -0.4228152 0.906216 -3.50872e-4 -0.4230303 0.9061155 4.64839e-5 -0.4225038 0.9063612 7.21549e-5 -0.4225887 0.9063217 -8.49115e-4 -0.4230823 0.9060909 0.001001656 -0.4221418 0.9065294 -4.60761e-4 -0.4228463 0.9062014 4.38273e-4 -0.4224083 0.9064056 -1.43235e-4 -0.4227668 0.9062386 -4.93903e-4 -0.4229378 0.9061587 3.9213e-4 -0.422447 0.9063875 8.55251e-4 -0.4221853 0.9065093 -0.001269698 -0.4234317 0.9059273 1.68043e-4 -0.422533 0.9063476 -7.4033e-4 -0.4231228 0.9060721 2.00082e-5 -0.4226471 0.9062944 4.3093e-4 -0.4228835 0.906184 -8.23592e-5 -0.4226096 0.9063119 0 -0.4226066 0.9063133 -9.93947e-4 -0.422133 0.9065334 6.04944e-4 -0.4229006 0.9061759 3.1342e-4 -0.4227817 0.9062316 8.35018e-4 -0.4219571 0.9066155 -2.20389e-4 -0.422764 0.9062398 -3.52881e-4 -0.422883 0.9061843 5.84746e-4 -0.4219881 0.9066013 -3.4352e-4 -0.4229974 0.9061309 3.10149e-4 -0.4221894 0.9065076 0 -0.422613 0.9063103 -1.38361e-4 -0.4225041 0.906361 1.0886e-4 -0.4226848 0.9062768 -3.89573e-4 -0.422375 0.9064211 4.8381e-4 -0.4228083 0.9062191 -6.05144e-4 -0.4219928 0.9065991 1.5888e-4 -0.4228904 0.9061809 -4.52611e-4 -0.4223411 0.9064369 -2.51737e-4 -0.4224765 0.9063739 5.90618e-5 -0.4226421 0.9062968 2.12104e-4 -0.4228101 0.9062183 -2.64073e-4 -0.4221829 0.9065108 2.13767e-4 -0.4229466 0.9061546 3.03394e-4 -0.4231775 0.9060469 1.29608e-4 -0.4227871 0.9062291 -4.11352e-4 -0.4219618 0.9066135 9.45856e-6 0.4225975 -0.9063175 1.43446e-4 0.4224739 -0.9063751 -1.11278e-4 0.4227476 -0.9062475 7.16992e-5 0.4225088 -0.9063589 -8.22632e-4 0.4230776 -0.9060931 -2.05104e-4 0.4226014 -0.9063156 4.23927e-4 0.4223159 -0.9064487 -5.13007e-4 0.4228476 -0.9062007 3.16217e-4 0.4224804 -0.906372 -5.23439e-4 0.4228546 -0.9061974 -4.09033e-5 0.4226128 -0.9063103 4.98869e-4 0.4222588 -0.9064752 6.21343e-5 0.4225184 -0.9063544 -0.001287817 0.4234223 -0.9059315 8.20466e-4 0.422116 -0.9065415 3.28604e-5 0.4226608 -0.906288 -4.70116e-4 0.422371 -0.906423 -2.37634e-5 0.4226096 -0.9063119 1.11576e-4 0.4226713 -0.9062831 1.99955e-4 0.4227083 -0.9062657 -2.93076e-4 0.422506 -0.90636 0 0.4225959 -0.9063182 -7.46179e-4 0.4230696 -0.9060968 2.3799e-4 0.4223797 -0.906419 -2.69964e-4 0.4227898 -0.9062277 -1.48745e-4 0.4226732 -0.9062821 4.02809e-4 0.4220727 -0.906562 -4.92589e-4 0.4232124 -0.9060305 4.5351e-5 0.4225354 -0.9063464 0 0.4224982 -0.9063638 4.00402e-5 0.4225238 -0.9063518 -5.83508e-4 0.4223056 -0.9064534 -3.70248e-5 0.4224699 -0.906377 6.26929e-4 0.4228855 -0.906183 1.01663e-4 0.4226979 -0.9062707 -2.54538e-4 0.4222639 -0.9064729 1.99242e-4 0.4226872 -0.9062756 -1.98868e-4 0.4224055 -0.9064069 2.18773e-4 0.4228144 -0.9062162 1.71149e-4 0.4228428 -0.906203 2.96827e-4 0.423187 -0.9060424 -2.63719e-4 0.4221825 -0.9065108 -9.68078e-5 0.4223417 -0.9064368 4.10875e-4 0.4230802 -0.9060922 -1 0 0 -0.3420014 -0.8516387 -0.3971734 -0.3419137 -0.8517094 -0.3970972 -0.992641 -0.1097475 -0.05118089 -0.9703245 -0.2191577 -0.1021779 -0.9926545 -0.109654 -0.05111896 -0.8830435 -0.425316 -0.1983445 -0.8830199 -0.4253499 -0.1983765 -0.7433913 -0.6061761 -0.2827011 -0.5594099 -0.7512208 -0.3503255 -0.5593889 -0.7512336 -0.3503315 -0.4546751 -0.8072024 -0.3764238 -0.4546102 -0.8072261 -0.3764512 -1 2.20483e-7 0 -6.47984e-6 -0.9063126 -0.4226082 4.31728e-4 -0.9063281 -0.4225746 0 -0.9063276 -0.422576 0 -0.9063283 -0.4225746 -1.80221e-4 -0.9063283 -0.4225745 6.2095e-5 -0.9062681 -0.4227035 1.50397e-4 -0.9062513 -0.4227396 -6.58624e-5 -0.9063394 -0.4225507 -7.19555e-5 -0.9063341 -0.4225622 -3.26915e-6 -0.9062877 -0.4226615 -5.83881e-5 -0.9063255 -0.4225804 -1.42171e-4 -0.9064239 -0.4223692 -1.54123e-5 -0.9063064 -0.4226213 0 -0.9062256 -0.4227946 8.0989e-5 -0.906123 -0.4230144 -8.5845e-6 -0.9062921 -0.422652 0 -0.9776485 -0.210246 0 -0.9479852 -0.3183146 0 -0.9999213 0.01254326 0 -0.9720399 0.2348155 0 -0.89559 0.4448804 0 -0.7741789 0.6329669 0 -0.8955779 0.4449049 0 -0.613537 0.789666 0 -0.5211229 0.8534818 5.34545e-4 -0.4226152 0.9063092 -5.34969e-4 -0.4226148 0.9063093 4.49398e-4 -0.4225063 0.90636 -2.82046e-4 -0.4226729 0.9062824 5.40678e-4 -0.4245286 0.9054144 0 -0.4225565 0.9063367 -4.46951e-4 -0.4226886 0.9062749 7.34547e-4 -0.4228942 0.9061788 1.55926e-4 -0.4225565 0.9063366 -0.002452552 -0.4223737 0.9064185 -4.14789e-5 -0.4226459 0.906295 -0.001124799 -0.4230853 0.9060893 -8.11438e-4 -0.4229888 0.9061345 4.22642e-5 -0.4225789 0.9063262 9.00554e-4 -0.4211191 0.9070049 1.86649e-4 -0.4225351 0.9063466 -5.34698e-4 -0.4226964 0.9062712 5.30103e-4 -0.4225786 0.9063262 -3.04178e-4 -0.4225795 0.9063259 -7.21295e-5 -0.4226046 0.9063142 6.69423e-4 -0.4227728 0.9062355 3.06421e-4 -0.4226412 0.9062972 -0.0020684 -0.4223822 0.9064155 7.12055e-4 -0.4229056 0.9061735 0 -0.9063655 -0.4224946 0 -0.9063596 -0.4225074 -0.1625744 -0.9718145 -0.1707229 -0.06818038 -0.9391438 -0.3366903 -0.07507759 -0.9329458 -0.3521017 -0.1393501 -0.9810668 -0.1344976 -0.07824957 -0.9912738 -0.1060825 -0.04214704 -0.9450891 -0.3240838 -0.01519834 -0.948069 -0.3177015 -0.04745692 -0.9920789 -0.1163076 0 -0.945904 -0.3244468 -0.1469696 -0.948654 -0.2800992 -0.1469761 -0.948652 -0.2801026 -0.06616449 -0.9887443 -0.1341906 -0.01663285 -0.9481669 -0.3173375 -0.1084955 -0.986501 -0.1226564 0 -0.9460292 -0.3240817 -0.04480171 -0.9445907 -0.3251789 -0.1727682 -0.9747166 -0.1416998 -0.068789 -0.9386311 -0.3379939 -0.1881491 -0.9674193 -0.1694105 -0.07468056 -0.9328514 -0.3524363 0 -0.9473783 -0.3201163 0 -0.9768999 -0.2136978 0 -0.9999845 0.005584955 0 -0.9744396 0.22465 0 -0.9437223 0.3307392 -0.1469923 0.8243529 0.5466587 -0.1470032 0.8243607 0.5466439 1 1.7112e-6 0 1 0 0 1 0 0 1 0 0 1 0 0 1 0 0 1 -6.01706e-7 0 1 0 0 1 -1.40936e-7 0 1 -8.59581e-7 0 1 2.34039e-7 0 1 0 0 1 0 0 1 0 0 1 0 0 1 0 0 1 0 0 1 3.25549e-7 0 1 -5.75462e-7 0 1 0 0 1 3.33201e-7 0 1 -6.01811e-7 0 1 0 0 1 0 0 1 0 0 1 0 0 1 0 0 1 0 0 0 0.3615035 0.9323708 0 0.389181 0.9211614 0 0.3892069 0.9211504 0 0.305284 0.9522614 0 0.2768085 0.9609252 -1 8.55602e-7 0 -1 0 0 -1 0 0 -1 0 0 -1 0 0 -1 0 0 -1 0 0 -1 0 0 -1 2.61611e-7 0 -1 0 0 -1 2.71364e-7 0 -1 -2.53542e-7 0 -1 0 0 -1 0 0 -1 0 0 -1 0 0 -1 0 0 -1 0 0 -1 0 0 -1 0 0 -1 0 0 -1 0 0 -1 -6.01619e-7 0 -1 0 0 -1 0 0 -1 0 0 -1 0 0 -1 0 0 -1 0 0 0 0.3768829 0.926261 0 0.3367173 0.9416059 0 0.2545023 0.9670722 0 0.2125982 0.9771398 -0.04754954 0.7269775 0.6850131 -0.01525974 0.8529917 0.5217016 0 0.8568757 0.5155231 -0.07843458 0.7183936 0.6912009 -0.04226893 0.8557556 0.5156508 -0.1391971 0.7338597 0.6648867 -0.06815057 0.8616334 0.5029348 -0.1621185 0.7559632 0.6342217 -0.07489508 0.869534 0.4881611 0.9967094 -0.03427243 0.07345843 0.9969307 -0.03308248 0.07095646 0.988543 -0.06381535 0.1367864 0.9465994 -0.1362966 0.2921863 0.9469183 -0.1359018 0.2913359 0.9881117 -0.0650053 0.139319 0.8576543 -0.2173587 0.4660302 0.8566839 -0.2180317 0.4674986 0.7872506 -0.2606366 0.5588426 0.7856314 -0.26146 0.5607336 -0.7929587 0.2574933 -0.5521901 -0.795141 0.2562677 -0.5496159 -0.8803611 0.200451 -0.429865 -0.8808524 0.200055 -0.4290424 -0.9728996 0.09769278 -0.2095772 -0.9732087 0.0971713 -0.2083812 -0.9912186 0.05587983 -0.1198471 -0.991468 0.05508661 -0.1181387 -0.7071188 0.2988353 -0.6408435 -0.7071118 0.2988398 -0.6408491 0.7071141 -0.2988319 0.6408504 0.70712 -0.298828 0.6408456 -0.7854419 0.2620378 -0.5607292 -0.7608777 0.2742162 -0.5881077 -0.8059856 0.2500451 -0.5365303 -0.8484351 0.2241638 -0.4794879 -0.8968032 0.1866241 -0.4011428 -0.9425873 0.1414873 -0.3025069 -0.9705109 0.1013848 -0.2187006 -0.9869125 0.0682702 -0.1460928 -0.9930804 0.04913514 -0.1066631 -0.9969339 0.03305208 -0.07092612 0 0.3532297 0.9355367 0 0.4541828 0.8909087 0 0.6384387 0.7696727 0 0.7916621 0.6109593 0 0.8542093 0.5199295 1 -1.62782e-7 0 1 0 0 1 1.41156e-6 0 1 -1.79231e-7 0 1 -1.82795e-7 0 1 5.77936e-7 0 1 -1.58057e-7 0 1 0 0 1 0 0 1 0 0 1 0 0 1 8.32355e-7 0 1 -8.02447e-7 0 1 8.20032e-7 0 1 0 0 1 0 0 1 0 0 1 0 0 1 -4.2119e-7 0 -6.62606e-5 -0.4226104 0.9063115 0 -0.422554 0.9063378 7.23854e-4 -0.4230085 0.9061254 -1.10595e-5 -0.4226486 0.9062938 -5.02283e-4 -0.4223071 0.9064527 3.3955e-4 -0.4229524 0.9061518 -1.75778e-4 -0.4223708 0.9064232 2.06148e-4 -0.4229285 0.9061631 -4.2564e-4 -0.423064 0.9060997 3.2613e-4 -0.4223143 0.9064494 -2.77185e-4 -0.4227605 0.9062415 2.72646e-4 -0.4224972 0.9063643 -3.58495e-4 -0.4229359 0.9061595 -5.80807e-5 -0.422582 0.9063248 2.37043e-4 -0.4224511 0.9063857 -1.84574e-4 -0.4227367 0.9062526 -2.5316e-4 -0.4227949 0.9062255 3.35786e-4 -0.4222993 0.9064564 -7.37683e-5 -0.4228274 0.9062104 9.05029e-5 -0.4225147 0.906356 1.01613e-4 -0.4225896 0.9063212 4.75288e-5 -0.4226613 0.9062879 2.69995e-4 -0.4222568 0.9064763 -3.64241e-4 -0.4230058 0.9061269 -3.29162e-4 -0.4222741 0.9064682 -1.62059e-5 -0.4225696 0.9063305 6.18198e-4 -0.4228039 0.906221 7.97887e-5 -0.4227022 0.9062686 6.28755e-4 -0.4230483 0.906107 -2.5354e-4 -0.4224793 0.9063725 1.99602e-4 -0.4227772 0.9062337 -2.40723e-4 -0.4225877 0.9063221 2.553e-4 -0.4228262 0.9062108 -2.58731e-4 -0.4225127 0.9063571 -5.25686e-4 -0.422303 0.9064547 -0.001122772 -0.4218403 0.9066695 3.00976e-4 -0.4227935 0.9062261 2.47627e-5 -0.4225624 0.906334 0 -0.4226112 0.9063111 -2.14556e-4 -0.4227268 0.9062572 2.35539e-4 -0.4224604 0.9063814 -5.54788e-4 -0.422853 0.9061982 7.24505e-5 -0.4225941 0.9063191 7.25968e-4 -0.4223649 0.9064256 0 0.8252751 0.564731 0 0.8429331 0.5380184 0 0.7873646 0.6164877 0 0.7671621 0.6414533 0 0.9063227 0.4225865 0 0.9063216 0.4225889 0.0925334 0.8593826 0.502891 0.0595116 0.8579139 0.5103353 0.02438479 0.8901835 0.4549494 0.02081406 0.8911917 0.4531493 0.01867741 0.887148 0.461107 0.03424239 0.8377497 0.5449798 0.01101732 0.8848963 0.4656578 0.01281809 0.8305519 0.5567939 0.007232964 0.8826406 0.4699929 0 0.8229737 0.5680795 0.9869356 0.06851595 -0.1458216 0.9938398 0.04565584 -0.1009862 0.9749388 0.09280914 -0.2021903 0.9967777 0.03390645 -0.07269597 0.9436716 0.1411494 -0.2992672 0.9009499 0.1821371 -0.3938471 0.8522234 0.222822 -0.4733557 0.7819834 0.2620345 -0.5655441 0.7190873 0.2948435 -0.6292701 0.5836223 0.3433737 -0.735853 0.623385 0.3292715 -0.7092049 0.4335843 0.3803591 -0.8169037 0.2326766 0.4116399 -0.8811438 0.2224543 0.4119785 -0.883622 0.4335525 0.3811209 -0.8165655 0.1205193 0.4200019 -0.8994852 0.1118538 0.4199477 -0.9006291 -0.9863118 -0.06979686 0.1493903 -0.9749301 -0.09363234 0.2018527 -0.993753 -0.04678529 0.1013224 -0.9970486 -0.03244143 0.06958281 -0.9416226 -0.1426137 0.3049729 -0.9011228 -0.1828064 0.3931407 -0.847328 -0.2248941 0.4811007 -0.7818776 -0.263047 0.5652201 -0.7152203 -0.2956712 0.633276 -0.6233587 -0.3300978 0.7088436 -0.5823071 -0.3435856 0.7367954 -0.4338694 -0.3805818 0.8166487 -0.2238287 -0.4120109 0.8832598 -0.2219666 -0.4120405 0.8837158 -0.4285202 -0.3818868 0.8188608 -0.1178048 -0.4197637 0.8999558 -0.1112133 -0.4199798 0.9006935 0.1210702 0.8926294 0.4342291 0.04287999 0.9019455 0.4297158 0.1319361 0.898405 0.4188812 0.03833198 0.8998557 0.4345004 0.1136211 0.8810448 0.4591845 0.03421157 0.8968263 0.4410581 0.1061465 0.8712381 0.4792466 0.03045791 0.8947556 0.4455161 0.0960136 0.8699517 0.4836998 0.02661257 0.894391 0.4464936 -0.120459 0.8997342 0.4194853 -0.239391 0.8799847 0.4102668 -0.1205191 0.8997277 0.4194823 -0.2391772 0.8800146 0.4103276 -0.4648059 0.8024692 0.3741641 -0.4647766 0.8024714 0.3741957 -0.6631461 0.678375 0.3162983 -0.6630066 0.67848 0.3163656 -0.8229131 0.5149464 0.2400926 -0.8228614 0.5150133 0.2401258 -0.9350225 0.3213691 0.1498501 -0.9349998 0.3214224 0.1498771 -0.9926992 0.1093199 0.05096709 -0.9927074 0.1092597 0.05093699 -0.9927026 -0.1092897 -0.05096727 -0.9926992 -0.1093199 -0.05096709 -0.9350225 -0.3213691 -0.1498501 -0.822933 -0.5148978 -0.2401289 -0.82292 -0.5149202 -0.2401251 -0.6630854 -0.6784059 -0.3163595 -0.6629459 -0.6785109 -0.3164268 -0.4648411 -0.8024469 -0.374168 -0.2393914 -0.8799558 -0.4103286 -0.2392064 -0.8799793 -0.4103863 6.10378e-5 -0.90629 -0.4226566 0.2392699 -0.8799884 -0.4103296 0.2394524 -0.8799251 -0.410359 6.10386e-5 -0.9063016 -0.4226315 0.4648473 -0.8024269 -0.3742034 0.4648465 -0.8024561 -0.3741418 0.6631055 -0.678396 -0.3163386 0.662963 -0.6784971 -0.3164204 0.822933 -0.5148978 -0.2401289 0.82292 -0.5149202 -0.2401251 0.9350225 -0.3213691 -0.1498501 0.9927026 -0.1092897 -0.05096727 0.9926992 -0.1093199 -0.05096709 0.9926992 0.1093199 0.05096709 0.9927074 0.1092597 0.05093699 0.9350225 0.3213691 0.1498501 0.935009 0.321395 0.1498785 0.8228554 0.5150095 0.2401546 0.8229131 0.5149464 0.2400926 0.6630237 0.6784663 0.3163592 0.6631663 0.6783651 0.3162774 0.4648005 0.80246 0.3741904 0.4648172 0.8024583 0.3741733 0.2392123 0.8800013 0.4103356 0.2394549 0.879965 0.4102718 0.1206728 0.8997053 0.4194861 0.1206126 0.899712 0.4194892 -0.9936509 0.1019653 0.04754918 -0.9748363 0.2020354 0.09421199 -0.9936555 0.1019353 0.0475189 -0.9748451 0.2020067 0.09418231 -0.9010359 0.3931121 0.1832956 -0.9010467 0.3930863 0.1832978 -0.7819022 0.5650022 0.2634418 -0.7819276 0.5649679 0.2634401 -0.6234079 0.708647 0.3304272 -0.6234785 0.7085968 0.3304017 -0.4338302 0.8166019 0.3807268 -0.2224543 0.883622 0.4119785 -0.2224833 0.883616 0.4119757 -0.1120662 0.900619 0.4199125 -0.1120361 0.9006221 0.419914 -0.1206111 -0.8997004 -0.4195143 -0.2393274 -0.8799756 -0.4103236 -0.1206746 -0.899688 -0.4195227 -0.2392987 -0.8799819 -0.4103266 -0.4648172 -0.8024583 -0.3741733 -0.6631227 -0.6783822 -0.3163322 -0.6631599 -0.6783586 -0.3163049 -0.8228843 -0.5149779 -0.2401236 -0.8228554 -0.5150095 -0.2401546 -0.9350397 -0.3213341 -0.1498175 -0.9927241 -0.1091361 -0.05087524 -0.9927192 -0.1091662 -0.05090552 -0.992711 0.1092262 0.05093562 -0.9927159 0.1091963 0.05090534 -0.9350397 0.3213341 0.1498175 -0.8229358 0.5149109 0.2400903 -0.8229677 0.5148699 0.2400691 -0.9350619 0.3212701 0.1498162 -0.6631907 0.6783283 0.316305 -0.6631227 0.6783822 0.3163322 -0.4648411 0.8024469 0.374168 -0.4648172 0.8024583 0.3741733 -0.2392699 0.8799884 0.4103296 -0.2392411 0.8799949 0.4103326 0 0.9063188 0.4225947 0 0.9063133 0.4226064 0.2390239 0.8800426 0.4103569 0.4646528 0.8025295 0.3742249 0.4646176 0.8025518 0.374221 0.6635141 0.6780716 0.3161771 0.6635513 0.678048 0.3161498 0.8232515 0.5144902 0.2399103 0.8232158 0.514548 0.2399088 0.9347961 0.3219141 0.1500923 0.9348053 0.3218867 0.1500937 0.9926246 0.1098677 0.05124109 0.9926294 0.1098377 0.05121082 0.9926328 -0.1098076 -0.05121099 0.9926377 -0.1097776 -0.05118072 0.9347788 -0.3219492 -0.1501249 0.9347696 -0.3219766 -0.1501234 0.8231582 -0.5146112 -0.2399708 0.8231354 -0.5146465 -0.239973 0.663497 -0.6780854 -0.3161835 0.6635279 -0.6780552 -0.3161836 0.4646176 -0.8025518 -0.374221 0.2390878 -0.8800229 -0.410362 0.1206746 -0.899688 -0.4195227 0.1206111 -0.8997004 -0.4195143 0.1200633 -0.8997426 -0.4195808 0.1206126 -0.899712 -0.4194892 0.2390303 -0.8800356 -0.4103679 0.2389951 -0.880049 -0.4103599 0.4646289 -0.8025408 -0.3742302 0.4646582 -0.8025386 -0.3741986 0.6633067 -0.6782305 -0.3162716 0.8232228 -0.5145218 -0.2399413 0.8232515 -0.5144902 -0.2399103 0.9348053 -0.3218867 -0.1500937 0.9348317 -0.3218243 -0.1500626 0.9926294 -0.1098377 -0.05121082 0.9926377 0.1097776 0.05118072 0.9347653 0.3219751 0.1501533 0.8231354 0.5146465 0.239973 0.6635279 0.6780552 0.3161836 0.6633683 0.6781702 0.3162719 0.4648066 0.80244 0.3742258 0.4646289 0.8025408 0.3742302 0.2390848 0.8800119 0.4103873 0.2390269 0.8800536 0.4103315 -0.2392733 0.8799706 0.410366 -0.2393016 0.879993 0.4103012 -0.4649889 0.8023775 0.3741335 -0.6630237 0.6784663 0.3163592 -0.4648066 0.80244 0.3742258 -0.6631842 0.6783218 0.3163325 -0.8228554 0.5150095 0.2401546 -0.8228327 0.5150449 0.2401569 -0.935071 0.3212428 0.1498177 -0.9927241 0.1091361 0.05087524 -0.9927159 -0.1091963 -0.05090534 -0.9350845 -0.3212169 -0.1497893 -0.935058 -0.3212793 -0.1498205 -0.8229717 -0.5148532 -0.2400919 -0.4648651 -0.8024355 -0.3741627 -0.2392441 -0.8800059 -0.4103072 -0.2393021 -0.879964 -0.410363 -0.1205512 -0.8996781 -0.4195792 -0.1200029 -0.899778 -0.4195221 0 0.4236689 -0.9058172 0 0.4226861 -0.9062762 0 0.42268 -0.906279 -0.001872599 0.4258908 -0.9047726 0 0.4229456 -0.9061551 0 0.4229733 -0.9061421 0 0.4230328 -0.9061145 0 0.4230409 -0.9061107 0 0.4217274 -0.9067227 0 0.4217288 -0.906722 0 0.4230223 -0.9061193 0 0.423043 -0.9061096 0 0.4228299 -0.9062091 0 0.4218195 -0.9066798 0 0.4228442 -0.9062024 0 0.4218203 -0.9066796 0 0.4229628 -0.9061471 5.40359e-5 0.4233708 -0.9059566 -7.11919e-5 0.422921 -0.9061666 0 0.4234207 -0.9059333 0 0.4214709 -0.9068421 0 0.4214823 -0.9068366 0 0.4234473 -0.9059208 0.001871466 0.4259357 -0.9047515 -0.111976 0.9005995 0.4199786 -0.2224547 0.883593 0.4120402 -0.2226375 0.8835615 0.4120092 -0.4338963 0.8165504 0.3807618 -0.434041 0.8165051 0.3806939 -0.6233892 0.7086604 0.3304335 -0.6234848 0.7086039 0.3303746 -0.7818959 0.5649976 0.2634702 0.1126457 0.9275647 0.3562791 0.03674513 0.9149963 0.4017854 0.09598368 0.9261738 0.3646769 0.02700901 0.9170564 0.3978418 0.1114857 0.9204514 0.3746201 0.03863793 0.9096093 0.4136641 0.1216781 0.9111671 0.393661 0.0395838 0.9070092 0.4192464 0.1175286 0.9073903 0.4035219 0.03787368 0.9056422 0.4223482 -0.974933 0.09405988 -0.2016397 -0.9931158 0.0494101 -0.1062058 -0.9937236 0.04727363 -0.1013835 -0.9695108 0.1034303 -0.2221509 -0.9011511 0.1833615 -0.3928173 -0.8956508 0.187938 -0.4030993 -0.8054657 0.2504109 -0.5371399 -0.7819392 0.2637797 -0.5647932 -0.6876595 0.3064742 -0.6581779 -0.6234142 0.3308578 -0.7084404 -0.5143954 0.3619232 -0.7774375 -0.4338906 0.3811841 -0.8163564 -0.3202043 0.4000418 -0.8587409 -0.2219343 0.4124647 -0.8835259 -0.1501837 0.4177433 -0.8960667 -0.110999 0.4203742 -0.9005358 -0.07876974 0.4213159 -0.9034868 0.974945 -0.09406101 0.2015812 0.9937433 -0.04718303 0.101233 0.9928278 -0.05008238 0.1085576 0.9711949 -0.1000706 0.2162551 0.9010466 -0.1837556 0.3928727 0.782115 -0.2645097 0.5642081 0.8098719 -0.2476982 0.5317455 0.8989402 -0.1848847 0.3971451 0.6917839 -0.3039734 0.6550079 0.6233503 -0.331833 0.7080405 0.5185565 -0.359611 0.7757443 0.4337987 -0.3820078 0.8160202 0.3261594 -0.3982154 0.8573473 0.2227261 -0.4131634 0.8830001 0.1570527 -0.4169558 0.8952555 0.1110904 -0.4211366 0.9001684 0.08087623 -0.4212278 0.9033417 0.03109931 0.9559002 0.2920408 0.006256341 0.9258557 0.3778256 0 0.9255887 0.3785306 0.0478841 0.9551802 0.2921268 0.0159614 0.9230469 0.3843562 0.07059061 0.947648 0.3114167 0.02121084 0.9200632 0.3911955 0.08139508 0.9400877 0.331074 0.02462911 0.9192747 0.3928456 0.09085619 0.9371892 0.3367814 0 0.9062933 0.4226493 0 0.9062923 0.4226518 -1 0 0 -1 -1.97572e-7 0 -1 0 0 -1 0 0 -1 8.19984e-7 0 -1 0 0 -1 0 0 -1 0 0 -1 0 0 -1 0 0 -1 0 0 -1 0 0 -1 0 0 -1 0 0 -1 0 0 -1 4.16178e-7 0 -1 0 0 -1 -4.18553e-7 0 0 0.9783652 0.2068855 0 0.9844982 0.1753956 0 0.9630904 0.2691782 0 0.9539583 0.2999393 6.85446e-5 0.4224956 -0.906365 -8.52815e-4 0.4230762 -0.9060937 6.59583e-4 0.4221698 -0.9065166 -3.79774e-4 0.4226647 -0.9062861 -6.07333e-4 0.422951 -0.9061524 9.71981e-4 0.422106 -0.9065461 -5.9831e-4 0.422863 -0.9061934 3.11318e-4 0.4223644 -0.9064262 6.13491e-4 0.4223272 -0.9064432 -0.00112909 0.4232366 -0.9060185 -0.001123368 0.4232407 -0.9060165 9.8266e-4 0.4220264 -0.906583 -7.10325e-4 0.4222303 -0.9064884 1.90275e-5 0.422648 -0.9062939 0 0.4226094 -0.9063121 2.83813e-4 0.4227426 -0.9062498 6.21911e-4 0.4229143 -0.9061695 3.05854e-4 0.4227683 -0.9062379 -1.28502e-5 0.42264 -0.9062977 -2.92811e-4 0.4229168 -0.9061686 6.53311e-4 0.4220346 -0.9065796 -4.81677e-4 0.4232659 -0.9060054 0 0.4226118 -0.9063108 -1.30855e-4 0.4227856 -0.9062297 9.65489e-4 0.4219592 -0.9066144 -3.28592e-4 0.4230799 -0.9060924 4.60465e-4 0.4229 -0.9061762 -4.8459e-5 0.4227077 -0.9062662 6.05542e-4 0.4229739 -0.9061416 -9.92266e-4 0.422021 -0.9065855 0.00119698 0.4235666 -0.9058642 4.64251e-4 0.4229782 -0.9061398 1.66086e-4 0.4227664 -0.9062387 -3.23849e-4 0.422332 -0.9064412 2.18167e-4 0.4228147 -0.9062162 -6.09467e-4 0.4219901 -0.9066003 2.16298e-4 0.422947 -0.9061544 3.05056e-4 0.4231802 -0.9060456 -2.62503e-4 0.4221902 -0.9065073 7.94801e-5 0.4225976 -0.9063174 -3.94869e-4 0.421964 -0.9066125 1.2574e-4 0.4227892 -0.9062281 -1.3762e-4 0.4228069 -0.9062198 -3.49758e-4 0.4230474 -0.9061075 -3.39467e-4 -0.4221637 0.9065196 -3.2126e-5 -0.4226108 0.9063114 -8.86754e-4 -0.4219282 0.9066289 6.26605e-4 -0.4230656 0.9060989 1.87611e-4 -0.4228104 0.9062182 3.54717e-4 -0.4229917 0.9061335 2.70289e-4 -0.4229077 0.9061728 -5.4765e-4 -0.4228263 0.9062106 0.00100106 -0.4221433 0.9065285 -2.63896e-4 -0.4227474 0.9062475 -4.49731e-4 -0.4228422 0.9062033 2.09899e-5 -0.4225727 0.906329 6.22256e-4 -0.422945 0.9061552 -0.001255333 -0.4218916 0.9066454 -2.88824e-4 -0.4224658 0.9063788 0.001350343 -0.4233472 0.9059666 2.54476e-4 -0.4227027 0.9062684 -0.001432955 -0.4218742 0.9066534 -3.99232e-4 -0.4224295 0.9063957 -1.85628e-4 -0.422585 0.9063234 6.53597e-4 -0.4229902 0.9061341 8.5082e-5 -0.4226993 0.9062701 4.37668e-4 -0.4228496 0.9061998 2.5317e-4 -0.4227637 0.90624 -5.10497e-4 -0.42191 0.9066376 3.44314e-4 -0.4228707 0.9061899 5.53067e-5 -0.4225888 0.9063215 -2.98678e-4 -0.4230628 0.9061004 4.85825e-4 -0.4218447 0.906668 -1.13207e-4 -0.4229838 0.9061374 -2.00666e-4 -0.4227921 0.9062268 2.97042e-4 -0.4223105 0.9064513 -8.17068e-5 -0.4227881 0.9062286 7.33716e-5 -0.422521 0.9063532 -2.27836e-4 -0.4228264 0.9062107 -4.97939e-4 -0.4228044 0.9062209 3.11537e-5 -0.4226014 0.9063158 1.74133e-4 -0.4225329 0.9063476 -1.38402e-4 -0.422747 0.9062478 4.24772e-4 -0.4223677 0.9064245 -1.59896e-4 -0.4227021 0.9062688 1.93038e-4 -0.4224685 0.9063776 0 -0.4226138 0.9063099 -5.20988e-5 0.422424 -0.9063984 -8.69626e-6 0.4219105 -0.9066375 4.05484e-4 0.421902 -0.9066414 3.88964e-4 0.4223554 -0.9064302 -3.34517e-4 0.4225007 -0.9063625 3.95481e-4 0.4222862 -0.9064626 -5.27494e-4 0.4225354 -0.9063463 -5.09716e-4 0.422749 -0.9062467 -3.95453e-4 0.4224309 -0.906395 3.21815e-4 0.4219077 -0.9066388 -3.04148e-4 0.4227209 -0.9062599 3.4757e-4 0.4219826 -0.9066039 -2.26017e-4 0.4233878 -0.9059486 -8.30224e-4 0.4227954 -0.9062248 -7.47759e-4 0.421997 -0.906597 0.00100845 0.4222487 -0.9064795 0.001119136 0.4230569 -0.9061025 -7.33343e-4 0.421718 -0.9067268 -1.99977e-4 0.4230325 -0.9061146 2.73814e-4 0.4230615 -0.9061009 -4.34497e-5 0.4226519 -0.9062921 4.91869e-4 0.4225754 -0.9063277 6.4911e-4 0.4226137 -0.9063097 5.5662e-4 0.4226357 -0.9062995 -3.34585e-4 0.4221512 -0.9065254 1.21746e-4 0.4222157 -0.9064955 -2.73902e-4 0.4221292 -0.9065357 2.43261e-4 0.4220932 -0.9065525 -1.4763e-4 0.4220963 -0.9065511 -2.1282e-4 0.4222205 -0.9064933 3.12703e-4 0.422122 -0.9065391 -6.38987e-4 0.4226213 -0.9063063 -5.56491e-4 0.4226405 -0.9062972 3.03928e-4 0.4221692 -0.906517 -4.92251e-4 0.422568 -0.9063312 3.47034e-5 0.4226428 -0.9062964 -1.30164e-4 0.4228817 -0.906185 3.84011e-4 0.4225589 -0.9063355 1.11349e-4 0.4232354 -0.9060199 -8.92746e-4 0.4213607 -0.9068927 8.82134e-4 0.4230554 -0.9061034 -9.77085e-4 0.4219987 -0.906596 8.93966e-4 0.4232356 -0.9060193 -3.84193e-4 0.4219375 -0.9066249 5.0589e-5 0.4229681 -0.9061447 -2.73438e-4 0.4219533 -0.9066175 5.27745e-4 0.4225446 -0.906342 2.08214e-4 0.4225908 -0.9063206 6.25991e-4 0.422605 -0.9063138 3.95513e-4 0.4226939 -0.9062726 -3.82373e-4 0.4223117 -0.9064506 -4.09993e-4 0.4223392 -0.9064379 0.1203371 -0.8997359 -0.4195166 0.4647174 -0.8025051 -0.3741971 0.4646934 -0.8025164 -0.3742024 0.6631227 -0.6783822 -0.3163322 0.6631907 -0.6783283 -0.316305 0.823055 -0.5147452 -0.2400373 0.8231065 -0.5146782 -0.2400041 0.9349652 -0.3214925 -0.1499423 0.9349561 -0.3215199 -0.1499409 0.9926877 -0.1094102 -0.05099701 0.9926828 -0.1094402 -0.05102729 0.992691 0.10938 0.05099719 0.9349603 0.3215214 0.149911 0.9926828 0.1094402 0.05102729 0.9349512 0.3215487 0.1499096 0.823071 0.514736 0.2400026 0.8231294 0.5146428 0.2400018 0.6632387 0.6782845 0.3162988 0.6632078 0.6783146 0.3162986 0.4647121 0.8024959 0.3742234 0.2393308 0.8799576 0.41036 0.2393021 0.879964 0.410363 -6.10386e-5 0.9063016 0.4226315 -0.2393308 0.8799576 0.41036 -0.4647121 0.8024959 0.3742234 -0.2393021 0.879964 0.410363 -0.6632078 0.6783146 0.3162986 -0.9349733 0.3214848 0.1499082 -0.9349603 0.3215214 0.149911 -0.9927355 0.1090459 0.05084532 -0.9927273 0.109106 0.05087542 -0.9927355 -0.1090459 -0.05084532 -0.9927307 -0.1090759 -0.0508756 -0.9349825 -0.3214575 -0.1499097 -0.9349733 -0.3214848 -0.1499082 -0.8228266 -0.5150411 -0.2401856 -0.4647414 -0.8024937 -0.3741918 -0.6632078 -0.6783146 -0.3162986 -0.4647174 -0.8025051 -0.3741971 -0.1204607 -0.8997169 -0.419522 -0.1204307 -0.8997202 -0.4195235 0 -0.9783652 -0.2068855 0 -0.9844982 -0.1753956 0 -0.9630904 -0.2691782 0 -0.9539583 -0.2999393 0 -0.9377526 0.3473045 0 -0.9518303 0.3066256 0 -0.9044116 0.4266611 0 -0.8852047 0.4652017 0 -0.9063273 -0.4225765 0 -0.9063261 -0.422579 0 0.4226444 -0.9062956 -6.91296e-4 0.4221451 -0.9065281 2.34507e-5 0.4226108 -0.9063113 -3.25791e-4 0.4224085 -0.9064056 1.95722e-4 0.4228308 -0.9062086 7.76023e-5 0.42271 -0.9062651 3.18751e-4 0.4229805 -0.9061387 -4.01874e-4 0.42206 -0.9065678 0 0.4226138 -0.9063099 1.37938e-5 0.4225857 -0.906323 -3.17703e-4 0.4227818 -0.9062314 -1.18721e-4 0.4226745 -0.9062816 -3.21428e-4 0.4227725 -0.9062358 4.85557e-4 0.4224328 -0.9063941 -0.001167953 0.4218741 -0.9066538 4.89422e-4 0.4229173 -0.9061682 9.32802e-5 0.4227384 -0.9062518 0.001232326 0.4233835 -0.9059498 -6.41125e-5 0.422555 -0.9063374 -0.001224637 0.421968 -0.90661 -3.22556e-4 0.4225028 -0.9063616 8.2895e-4 0.4231068 -0.9060795 3.1443e-4 0.4227865 -0.9062293 -3.80136e-4 0.42247 -0.9063768 1.00454e-4 0.4226876 -0.9062756 1.86799e-4 0.4228354 -0.9062066 7.16938e-5 0.4226809 -0.9062786 -2.27774e-4 0.4223723 -0.9064225 -3.15288e-6 0.4225896 -0.9063212 3.68768e-4 0.42214 -0.9065306 2.04827e-4 0.422377 -0.9064203 -6.99617e-5 0.4228934 -0.9061794 7.77671e-5 0.4225187 -0.9063542 -9.8518e-5 0.4226894 -0.9062746 3.12156e-4 0.4222854 -0.906463 -9.1772e-5 0.4228203 -0.9062136 -4.58618e-4 0.4227936 -0.906226 5.49105e-5 0.4226077 -0.9063127 1.5737e-4 0.4225578 -0.906336 -1.37176e-4 0.4227635 -0.9062402 -2.13113e-4 0.4228324 -0.906208 5.11035e-4 0.4223266 -0.9064437 -5.42096e-5 0.422679 -0.9062795 6.64058e-5 0.4225857 -0.906323 -4.83301e-4 -0.4227518 0.9062455 1.75187e-4 -0.4224994 0.9063633 -7.18176e-4 -0.422901 0.9061756 5.25246e-5 -0.4225254 0.9063511 8.83366e-5 -0.4225888 0.9063216 -3.25276e-4 -0.4228884 0.9061817 3.41161e-5 -0.4225515 0.9063389 -2.64892e-4 -0.4222671 0.9064715 2.66798e-4 -0.422903 0.906175 6.21984e-5 -0.42253 0.906349 2.5417e-4 -0.4231681 0.9060512 -2.56222e-4 -0.4221861 0.9065092 2.2314e-4 -0.4228108 0.9062181 -1.56427e-4 -0.4224588 0.9063822 1.59678e-4 -0.4228789 0.9061863 -4.45478e-4 -0.4223166 0.9064484 4.89662e-4 -0.4229362 0.9061594 -7.83345e-4 -0.4223603 0.9064278 5.47887e-4 -0.4227135 0.9062632 0 -0.4225504 0.9063395 -5.26746e-4 -0.4219165 0.9066346 -3.72702e-4 -0.4222769 0.9064669 4.00788e-4 -0.4228492 0.9062001 2.76064e-4 -0.422057 0.9065693 -3.5419e-4 -0.4229678 0.9061447 1.26374e-4 -0.4224292 0.906396 -1.76272e-5 -0.4225504 0.9063394 -4.67544e-4 -0.4228549 0.9061973 5.81266e-4 -0.4222723 0.9064689 5.96191e-4 -0.4228262 0.9062106 -1.08715e-4 -0.4226105 0.9063114 -9.46272e-5 -0.4225854 0.9063231 -2.24682e-4 -0.4225361 0.9063462 4.1471e-4 -0.4228444 0.9062023 -4.04528e-4 -0.4223653 0.9064257 5.01366e-4 -0.4222701 0.90647 2.70356e-5 -0.4226644 0.9062863 -0.001246809 -0.4234262 0.9059298 0 -0.4226099 0.9063118 5.15036e-4 -0.4221189 0.9065404 -3.98138e-4 -0.4229083 0.9061725 -4.12916e-4 -0.4229131 0.9061703 3.92252e-4 -0.4223433 0.9064359 1.01187e-4 -0.4224695 0.9063771 0.03109878 -0.9558831 -0.2920966 0.006256282 -0.925845 -0.3778517 0 -0.9255887 -0.3785306 0.0478841 -0.9551802 -0.2921268 0.0159614 -0.9230469 -0.3843562 0.07059061 -0.947648 -0.3114167 0.02121061 -0.9200521 -0.3912213 0.08130317 -0.9400532 -0.3311946 0.0245983 -0.9192643 -0.3928717 0.09073305 -0.9371476 -0.33693 0.9749464 0.09405821 -0.2015752 0.9937463 0.04718315 -0.1012027 0.9928278 0.05008238 -0.1085576 0.9711903 0.1001038 -0.2162609 0.9010466 0.1837556 -0.3928727 0.8989293 0.1848825 -0.3971708 0.8098824 0.2476921 -0.5317323 0.7820897 0.2645115 -0.5642424 0.6917839 0.3039734 -0.6550079 0.6235288 0.3317695 -0.7079132 0.4337632 0.3820033 -0.8160412 0.5185789 0.3596054 -0.7757319 0.3261594 0.3982154 -0.8573473 0.2224562 0.4132028 -0.8830497 0.157023 0.4169578 -0.8952598 0.1110904 0.4211366 -0.9001684 0.08087623 0.4212278 -0.9033417 -0.9749242 -0.09408956 0.2016685 -0.9695223 -0.1033978 0.2221161 -0.9931126 -0.04940992 0.1062359 -0.9937281 -0.04724335 0.1013535 -0.9011353 -0.1833888 0.3928409 -0.8956176 -0.187968 0.4031592 -0.8054225 -0.2504375 0.5371925 -0.7819962 -0.2637478 0.5647292 -0.6877257 -0.306446 0.6581218 -0.6235034 -0.3308261 0.7083768 -0.5143449 -0.3619611 0.7774534 -0.4338658 -0.3811891 0.8163673 -0.3187757 -0.4002321 0.8591836 -0.2217833 -0.4124675 0.8835625 -0.1107532 -0.4203373 0.9005834 -0.1489977 -0.4177858 0.8962449 -0.07880109 -0.4212898 0.9034963 0.1101742 -0.9218933 -0.3714491 0.03241121 -0.9160295 -0.3997996 0.09610509 -0.9261983 -0.364583 0.02703982 -0.9170668 -0.3978157 0.03717184 -0.9124815 -0.4074259 0.1212509 -0.9119606 -0.391952 0.0386675 -0.9094043 -0.4141119 0.1239085 -0.9037696 -0.4096918 0.1313238 -0.8984832 -0.4189056 0.04135292 -0.9079334 -0.4170694 0.1206113 0.8996716 0.4195761 0.2394812 0.8799186 0.4103561 0.2392411 0.8799949 0.4103326 0.4648359 0.8024379 0.3741943 0.4648112 0.8024784 0.3741379 0.6631227 0.6783822 0.3163322 0.662963 0.6784971 0.3164204 0.822933 0.5148978 0.2401289 0.82292 0.5149202 0.2401251 0.9927026 0.1092897 0.05096727 0.9350316 0.3213418 0.1498516 0.9926959 -0.10935 -0.05096691 0.9350267 -0.3213706 -0.1498203 0.8229419 -0.5149148 -0.2400616 0.8229032 -0.5149593 -0.2400986 0.6631461 -0.678375 -0.3162983 0.6630066 -0.67848 -0.3163656 0.4648298 -0.8024578 -0.3741588 0.4648712 -0.8024156 -0.3741981 0.2394202 -0.8799493 -0.4103256 0.2392089 -0.8800192 -0.4102992 6.10385e-5 -0.9063304 -0.4225696 -0.2392123 -0.8800013 -0.4103356 -0.2393879 -0.8799737 -0.4102922 -0.4648704 -0.8024447 -0.3741365 -0.4648066 -0.80244 -0.3742258 -0.6631055 -0.678396 -0.3163386 -0.6629758 -0.6785102 -0.3163655 -0.8229419 -0.5149148 -0.2400616 -0.8229131 -0.5149464 -0.2400926 -0.9350267 -0.3213706 -0.1498203 -0.9926959 -0.10935 -0.05096691 -0.9927026 0.1092897 0.05096727 -0.9350316 0.3213418 0.1498516 -0.822933 0.5148978 0.2401289 -0.6630918 0.6784124 0.3163321 -0.6629321 0.6785273 0.3164203 -0.82292 0.5149202 0.2401251 -0.4648359 0.8024379 0.3741943 -0.4647759 0.8025006 0.374134 -0.2391836 0.8800076 0.4103386 -0.2394236 0.8799315 0.410362 -0.1204577 0.899694 0.4195723 -0.3419123 0.8517059 0.3971059 -0.3419851 0.8516478 0.3971679 -0.1117002 -0.9006214 -0.4200052 -0.2224547 -0.883593 -0.4120402 -0.1120361 -0.9006221 -0.419914 -0.2224257 -0.8835991 -0.412043 -0.4338963 -0.8165504 -0.3807618 -0.4338855 -0.8165605 -0.3807523 -0.6234722 -0.7085896 -0.3304289 -0.623358 -0.7086597 -0.3304942 -0.7819347 -0.5649426 -0.263473 -0.781998 -0.5648832 -0.2634128 -0.9010359 -0.3931121 -0.1832956 -0.9010467 -0.3930863 -0.1832978 -0.9748451 -0.2020067 -0.09418231 -0.9748363 -0.2020354 -0.09421199 -0.9936509 -0.1019653 -0.04754918 -0.9936559 -0.1019322 -0.04751747 -0.970315 0.2191861 0.1022075 -0.9703423 0.2190937 0.1021461 -0.8830253 0.4253525 0.1983472 -0.7434453 0.6061398 0.2826374 -0.7433027 0.60627 0.2827327 -0.5594227 0.7512074 0.3503335 -0.4546102 0.8072261 0.3764512 -0.1200032 -0.8997492 -0.4195839 -0.1206412 -0.8996971 -0.4195128 -0.4651187 -0.8022993 -0.3741398 -0.2392445 -0.8799769 -0.410369 -0.6630237 -0.6784663 -0.3163592 -0.6630066 -0.67848 -0.3163656 -0.9350661 -0.3212716 -0.1497864 -0.8228327 -0.5150449 -0.2401569 -0.9927192 0.1091662 0.05090552 -0.9350845 0.3212169 0.1497893 -0.9350754 0.3212442 0.1497878 -0.822926 0.5149239 0.2400963 -0.6629928 0.6784965 0.3163591 -0.662962 0.6785266 0.3163589 -0.4646528 0.8025295 0.3742249 -0.2393339 0.8799687 0.4103346 0.2391166 0.8800163 0.4103589 0.4644459 0.8026326 0.3742607 0.663313 0.6782371 0.3162441 0.663361 0.6781932 0.3162379 0.8231126 0.514682 0.2399753 0.9348317 0.3218243 0.1500626 0.9348188 0.3218609 0.1500654 0.9348144 -0.3218594 -0.1500952 0.8231126 -0.514682 -0.2399753 0.6633982 -0.6781695 -0.3162105 0.6633918 -0.6781629 -0.316238 0.4649004 -0.8024134 -0.3741666 0.2390273 -0.8800246 -0.4103933 0.1205828 -0.8996864 -0.4195525 0.1200014 -0.8997666 -0.4195472 0.1205512 -0.8996781 -0.4195792 0.1206129 -0.8996831 -0.419551 0.2390561 -0.8800182 -0.4103903 0.4646236 -0.8025317 -0.3742564 0.4646475 -0.8025203 -0.3742511 0.6634055 -0.6781465 -0.3162446 0.6635449 -0.6780415 -0.3161772 0.8231642 -0.514615 -0.239942 0.9347653 -0.3219751 -0.1501533 0.9926328 0.1098076 0.05121099 0.934836 0.3218258 0.1500327 0.9347918 0.3219126 0.1501221 0.8231711 0.5145888 0.2399746 0.6634906 0.6780788 0.3162109 0.6633439 0.6782069 0.3162443 0.4646236 0.8025317 0.3742564 0.4646229 0.8025609 0.3741948 0.2390561 0.8800182 0.4103903 -0.2392382 0.8799839 0.410358 -0.464812 0.8024492 0.3741996 -0.4648112 0.8024784 0.3741379 -0.6629459 0.6785109 0.3164268 -0.8228973 0.5149555 0.2401274 -0.8229845 0.5148308 0.2400956 -0.8228744 -0.5149908 -0.2401296 -0.663177 -0.6783449 -0.3162985 -0.4648473 -0.8024269 -0.3742034 -0.6630311 -0.6784433 -0.3163932 -0.2392733 -0.8799706 -0.410366 -0.1206129 -0.8996831 -0.419551 0 0.4234346 -0.9059268 0 0.4214448 -0.9068542 0 0.4234609 -0.9059144 1.39414e-4 0.4224472 -0.9063876 -0.001923322 0.4259308 -0.9047537 0 0.421517 -0.9068205 0 0.4215261 -0.9068164 0 0.4230386 -0.9061118 0 0.4228353 -0.9062067 0 0.4219536 -0.9066175 0 0.4219483 -0.9066199 0 0.4228454 -0.9062018 0 0.4228396 -0.9062045 0 0.4231972 -0.9060377 0 0.4229602 -0.9061483 0 0.4231966 -0.906038 0 0.4229466 -0.9061546 0 0.4212985 -0.9069221 0.001945614 0.4291118 -0.9032493 -6.64011e-4 0.4195665 -0.9077244 0 0.4245063 -0.9054251 0 0.4213006 -0.906921 -0.993654 -0.1019351 -0.04754936 -0.9748423 -0.2020062 -0.09421259 -0.781941 -0.5649471 -0.2634446 -0.9010302 -0.393123 -0.1833007 -0.6233892 -0.7086604 -0.3304335 -0.6234794 -0.7085673 -0.3304632 -0.4338607 -0.8165714 -0.3807573 -0.4336796 -0.8166667 -0.3807591 -0.2224543 -0.883622 -0.4119785 -0.2224833 -0.883616 -0.4119757 -0.1119757 -0.9006283 -0.4199168 0.1210384 -0.8926507 -0.434194 0.04284834 -0.9019525 -0.4297046 0.1319361 -0.898405 -0.4188812 0.03833198 -0.8998557 -0.4345004 0.1135625 -0.8810632 -0.4591637 0.03418153 -0.8968393 -0.441034 0.1062368 -0.8711968 -0.4793016 0.03045791 -0.8947556 -0.4455161 0.09628742 -0.8698219 -0.4838787 0.02670407 -0.8943583 -0.4465535 -0.1180488 0.4197632 -0.8999241 -0.1111831 0.4199812 -0.9006965 -0.2219956 0.4120377 -0.8837097 -0.2239797 0.4120079 -0.8832229 -0.4338535 0.3805984 -0.8166493 -0.4284952 0.3818918 -0.8188715 -0.582181 0.3436138 -0.736882 -0.6233587 0.3300978 -0.7088436 -0.7151277 0.2957013 -0.6333665 -0.7818958 0.2630124 -0.5652111 -0.8473616 0.2248949 -0.4810414 -0.9011228 0.1828064 -0.3931407 -0.9416313 0.142615 -0.3049452 -0.9749301 0.09363234 -0.2018527 -0.9863007 0.0698266 -0.1494497 -0.993753 0.04678529 -0.1013224 -0.9970486 0.03244143 -0.06958281 0.9869356 -0.06851595 0.1458216 0.9967755 -0.0339064 0.07272636 0.9938398 -0.04565584 0.1009862 0.9749388 -0.09280914 0.2021903 0.9436802 -0.1411507 0.2992395 0.9009499 -0.1821371 0.3938471 0.8522176 -0.222851 0.4733525 0.7190588 -0.2948443 0.6293023 0.7819834 -0.2620345 0.5655441 0.623385 -0.3292715 0.7092049 0.5836223 -0.3433737 0.735853 0.4335595 -0.3803641 0.8169146 0.4336128 -0.3811203 0.8165338 0.2326477 -0.4116428 0.88115 0.2224253 -0.4119813 0.883628 0.1204908 -0.4199783 0.8995001 0.111914 -0.4199448 0.9006229 0.07730537 -0.855395 -0.5121749 0.02435433 -0.8902151 -0.4548889 0.09244298 -0.8594242 -0.5028364 0.01834189 -0.8890783 -0.4573876 0.0564596 -0.8427742 -0.5352982 0.01086497 -0.8863807 -0.4628297 0.03463882 -0.8317294 -0.5540997 0.004089474 -0.8843767 -0.4667561 0.02258443 -0.8326636 -0.5533186 0 -0.8847534 -0.4660596 0 -0.9063274 -0.4225762 0 -0.9063263 -0.4225788 0 -0.8252751 -0.564731 0 -0.8429331 -0.5380184 0 -0.7873646 -0.6164877 0 -0.7671621 -0.6414533 2.2589e-4 0.423668 -0.9058175 -6.07839e-5 0.4224373 -0.9063922 -0.001179873 0.4236732 -0.9058144 7.38926e-4 0.422616 -0.9063086 7.38526e-4 0.4225933 -0.9063192 6.69327e-4 0.422571 -0.9063296 -0.001373112 0.4233651 -0.9059581 6.93989e-5 0.4227149 -0.9062628 -0.001846611 0.4229914 -0.9061318 2.42926e-4 0.4229264 -0.9061641 2.02368e-5 0.4228383 -0.9062051 2.82033e-5 0.4229172 -0.9061684 -0.001014471 0.4219697 -0.9066094 -9.36092e-4 0.4225646 -0.9063324 8.71715e-4 0.4230036 -0.9061277 8.74462e-4 0.423056 -0.9061031 2.01773e-4 0.422367 -0.906425 -3.40624e-4 0.4227965 -0.9062247 -1.31596e-4 0.4231294 -0.9060693 -2.88713e-4 0.4227326 -0.9062545 -3.7369e-4 0.4224822 -0.9063712 3.91344e-4 0.4218835 -0.90665 4.00011e-4 0.4220699 -0.9065633 -1.21488e-4 0.4240298 -0.9056483 3.14013e-4 0.4221085 -0.9065454 6.07531e-5 0.4239907 -0.9056665 -2.53219e-5 0.4237144 -0.9057959 2.03937e-4 0.4237258 -0.9057905 -0.001013517 0.4237771 -0.905766 -2.3459e-4 0.4239537 -0.9056839 -5.07237e-4 0.4220237 -0.9065847 7.21087e-4 0.4226118 -0.9063106 -3.00165e-4 0.4219464 -0.9066208 2.08566e-4 0.422622 -0.9063061 4.86794e-4 0.4225725 -0.906329 4.79198e-4 0.4229667 -0.9061451 4.34751e-5 0.4229345 -0.9061602 -1.26802e-5 0.4228088 -0.906219 -9.38727e-4 0.4225271 -0.9063498 8.60326e-4 0.4230502 -0.9061059 -0.001010656 0.4219771 -0.9066061 8.58652e-4 0.4230454 -0.9061081 1.82635e-4 0.4223844 -0.9064168 -7.86075e-5 0.4230072 -0.9061263 -1.65174e-4 0.4228563 -0.9061968 5.22297e-4 0.4219326 -0.9066271 4.76402e-4 0.4240902 -0.9056199 0.001064062 0.4236234 -0.9058378 3.94065e-4 0.4220589 -0.9065684 -7.3872e-4 0.4226051 -0.9063137 -7.40171e-4 0.4226252 -0.9063044 9.88543e-4 0.4222283 -0.906489 -0.001045048 -0.4189023 0.9080308 4.67811e-5 -0.4228996 0.9061766 7.19281e-4 -0.4212995 0.9069213 -0.001723468 -0.425497 0.9049582 0 -0.4232475 0.9060142 0 -0.4223588 0.9064288 -2.49915e-5 -0.4225478 0.9063407 2.11274e-5 -0.4223746 0.9064215 0 -0.422962 0.9061475 0 -0.4225397 0.9063445 7.95536e-5 -0.4223675 0.9064247 -7.72104e-5 -0.4229445 0.9061556 0 -0.4223657 0.9064257 0 -0.4228546 0.9061976 0 -0.4228526 0.9061985 -7.01569e-4 -0.4228997 0.9061763 -4.81665e-4 -0.4227614 0.9062409 2.97414e-5 -0.4223473 0.9064342 2.77567e-5 -0.4223545 0.9064308 0 -0.4225643 0.906333 0 -0.4221301 0.9065354 0 -0.4234766 0.9059071 0 -0.4234634 0.9059132 0 -0.4206385 0.9072283 0.2392987 -0.8799819 -0.4103266 0.1207013 -0.8996904 -0.4195097 0.2393016 -0.879993 -0.4103012 0.4646821 -0.8025273 -0.3741933 0.663245 -0.678291 -0.3162713 0.823061 -0.5147489 -0.2400086 0.8230421 -0.5147676 -0.2400336 0.9349603 -0.3215214 -0.149911 0.9349733 -0.3214848 -0.1499082 0.992691 -0.10938 -0.05099719 0.9926877 0.1094102 0.05099701 0.9349733 0.3214848 0.1499082 0.8230421 0.5147676 0.2400336 0.8230482 0.5147714 0.2400048 0.6631461 0.678375 0.3162983 0.4647174 0.8025051 0.3741971 0.4647182 0.8024759 0.3742588 0.2392703 0.8799595 0.4103914 -3.05189e-5 0.9063188 0.4225947 -3.05189e-5 0.90629 0.4226566 0.2392987 0.8799819 0.4103266 -0.6631535 0.6783521 0.3163323 -0.663245 0.678291 0.3162713 -0.8228197 0.5150673 0.2401531 -0.9349868 0.3214589 0.1498799 -0.9349868 -0.3214589 -0.1498799 -0.8228197 -0.5150673 -0.2401531 -0.663245 -0.678291 -0.3162713 -0.6632142 -0.6783212 -0.3162711 -0.2393656 -0.8799732 -0.4103062 -0.1207964 -0.8996862 -0.4194914 -0.1208265 -0.8996829 -0.4194899 -0.5594227 -0.7512074 -0.3503335 -0.7434114 -0.6061676 -0.2826666 -0.7433227 -0.6062615 -0.2826982 -0.8830253 -0.4253525 -0.1983472 -0.8829789 -0.4254364 -0.1983742 -0.9703487 -0.2190647 -0.1021468 -0.992653 -0.1096538 -0.05114942 -0.3419129 -0.851668 -0.3971868 -0.3419933 -0.8516787 -0.3970943 0 0.9377526 -0.3473045 0 0.9518303 -0.3066256 0 0.9044116 -0.4266611 0 0.8852047 -0.4652017 0 -0.3185249 0.9479145 0 -0.2104273 0.9776096 0 0.01196348 0.9999285 0 0.234384 0.9721441 0 0.4455159 0.895274 0 0.6334871 0.7737533 0 0.6334539 0.7737806 0 0.7895576 0.6136765 0 0.8532607 0.5214846 0 -0.2545023 -0.9670722 0 -0.2125982 -0.9771398 0 -0.3367173 -0.9416059 0 -0.3768829 -0.926261 0 -0.2114337 -0.9773924 0 -0.3158157 -0.9488206 0 0.003387629 -0.9999943 0 0.2180581 -0.9759358 0 0.4226315 -0.9063016 0 0.6074207 -0.7943804 0 0.7638457 -0.6453989 0 0.8846453 -0.4662646 0 0.9298365 -0.3679732 0 0.6287917 0.7775738 0 0.7201683 0.6937994 0 0.4186053 0.9081683 0 0.18284 0.9831427 0 -0.06415086 0.9979402 0 -0.3072409 0.9516319 0 -0.5314932 0.8470625 0 -0.7232162 0.6906217 0 -0.8706482 0.4919064 0 -0.9647829 0.2630476 0 -0.9998362 0.01809781 0 -0.9943996 -0.1056872 0 -0.4225783 0.9063265 0 -0.6287917 -0.7775738 0 -0.7201683 -0.6937994 0 -0.4186053 -0.9081683 0 -0.182781 -0.9831537 0 0.06415086 -0.9979402 0 0.3072043 -0.9516436 0 0.5315151 -0.8470488 0 0.7232162 -0.6906217 0 0.8706482 -0.4919064 0 0.9647829 -0.2630476 0 0.9998362 -0.01809781 0 0.9943963 0.1057173 0 0.9061089 0.4230447 0 0.9061087 0.4230448 0 0.4225742 -0.9063283 0 0.4225751 -0.906328 0 -0.422578 0.9063266 0 -0.4225779 0.9063267</float_array>
          <technique_common>
            <accessor source="#Mesh69_219-mesh-normals-array" count="1546" stride="3">
              <param name="X" type="float"/>
              <param name="Y" type="float"/>
              <param name="Z" type="float"/>
            </accessor>
          </technique_common>
        </source>
        <vertices id="Mesh69_219-mesh-vertices">
          <input semantic="POSITION" source="#Mesh69_219-mesh-positions"/>
        </vertices>
        <triangles material="mat_2_003-material" count="1805">
          <input semantic="VERTEX" source="#Mesh69_219-mesh-vertices" offset="0"/>
          <input semantic="NORMAL" source="#Mesh69_219-mesh-normals" offset="1"/>
          <p>2 0 1 0 0 0 2 1 4 1 1 1 3 2 5 2 2 2 2 3 5 3 4 3 3 4 6 4 5 4 7 5 6 5 3 5 8 6 6 6 7 6 8 7 7 7 9 7 10 8 8 8 9 8 10 9 9 9 11 9 12 10 10 10 11 10 13 11 12 11 15 11 12 12 14 12 15 12 12 13 11 13 14 13 16 14 13 14 15 14 17 15 13 15 16 15 20 16 19 16 18 16 21 17 19 17 20 17 22 18 23 19 25 19 22 18 25 19 24 18 23 19 26 20 25 19 23 19 27 20 26 20 27 20 28 21 26 20 28 21 29 22 26 20 30 23 31 23 33 24 30 23 33 24 32 24 35 25 33 24 34 25 32 24 33 24 35 25 35 25 37 26 36 26 35 25 34 25 37 26 36 26 37 26 38 27 36 26 38 27 40 28 40 28 38 27 39 29 40 28 39 29 41 30 41 30 43 31 42 32 41 30 39 29 43 31 42 32 43 31 44 33 42 32 44 33 45 34 47 35 55 35 46 35 52 36 47 36 46 36 48 37 46 37 49 37 53 38 46 38 48 38 49 39 46 39 50 39 50 40 46 40 51 40 51 41 46 41 55 41 52 42 46 42 54 42 56 43 52 43 54 43 60 44 56 44 54 44 57 45 54 45 58 45 57 46 59 46 54 46 59 47 60 47 54 47 57 48 58 48 61 48 57 49 61 49 62 49 63 50 57 50 62 50 64 51 65 51 63 51 63 52 65 52 57 52 66 53 65 53 64 53 67 54 65 54 66 54 67 55 68 55 65 55 67 56 69 56 68 56 67 57 70 57 69 57 71 58 70 58 67 58 71 59 72 59 70 59 71 60 73 60 72 60 71 61 75 61 73 61 75 62 74 62 73 62 75 63 76 63 77 63 75 64 77 64 74 64 76 65 78 65 77 65 79 66 78 66 80 66 79 67 81 67 78 67 76 68 80 68 78 68 83 69 81 69 79 69 83 70 82 70 81 70 84 71 82 71 83 71 84 72 53 72 86 72 85 73 53 73 84 73 84 74 86 74 82 74 53 75 87 75 86 75 53 76 88 76 87 76 53 77 89 77 88 77 53 78 48 78 89 78 92 79 91 79 90 79 93 80 92 80 90 80 94 81 92 81 93 81 92 82 95 82 91 82 95 83 97 83 91 83 95 84 96 84 97 84 96 85 98 85 97 85 96 86 99 86 98 86 99 87 100 87 98 87 100 88 102 88 101 88 100 89 103 89 102 89 99 90 103 90 100 90 101 91 102 91 104 91 104 92 102 92 105 92 104 93 105 93 106 93 104 94 106 94 107 94 110 95 109 96 108 96 110 95 112 95 109 96 111 97 112 95 110 95 111 97 113 97 112 95 114 98 115 98 113 97 114 98 113 97 111 97 116 99 117 100 115 98 116 99 115 98 114 98 118 101 119 102 117 100 118 101 117 100 116 99 121 103 120 104 119 102 121 103 119 102 118 101 121 103 122 105 120 104 123 105 122 105 121 103 129 106 124 106 125 106 126 107 127 107 124 107 129 108 126 108 124 108 127 109 128 109 124 109 127 110 130 110 128 110 132 111 131 111 130 111 127 112 132 112 130 112 132 113 133 113 131 113 134 114 131 114 133 114 134 115 135 115 131 115 136 116 135 116 134 116 136 117 137 117 135 117 138 118 137 118 136 118 138 119 139 119 137 119 138 120 140 120 139 120 141 121 140 121 138 121 142 122 143 122 145 122 144 123 142 123 145 123 147 124 148 125 146 125 147 124 149 126 148 125 150 127 151 128 149 126 150 127 149 126 147 124 153 129 152 130 151 128 153 129 151 128 150 127 154 131 152 130 153 129 154 131 155 132 152 130 156 133 155 132 154 131 156 133 157 134 155 132 160 135 159 135 158 135 161 136 159 136 160 136 165 137 163 137 162 137 165 122 162 122 164 122 166 138 170 138 167 138 166 139 167 139 168 139 166 140 168 140 171 140 166 141 169 141 170 141 171 142 174 142 172 142 171 143 168 143 173 143 171 144 173 144 174 144 172 145 174 145 175 145 177 146 175 146 176 146 177 147 178 147 175 147 172 148 175 148 178 148 179 149 177 149 176 149 180 150 179 150 181 150 179 151 176 151 181 151 180 152 181 152 182 152 180 153 182 153 184 153 184 154 182 154 183 154 184 155 189 155 185 155 186 156 180 156 184 156 184 157 183 157 187 157 184 158 187 158 188 158 184 159 188 159 189 159 189 160 190 160 185 160 190 161 191 161 185 161 191 162 192 162 185 162 192 163 193 163 185 163 194 164 185 164 193 164 195 165 185 165 194 165 195 166 196 166 185 166 197 167 196 167 195 167 198 168 196 168 197 168 199 169 196 169 198 169 200 170 196 170 199 170 201 171 200 171 203 171 201 172 202 172 200 172 200 173 202 173 204 173 200 174 204 174 205 174 200 175 205 175 196 175 206 176 201 176 203 176 208 177 206 177 203 177 169 178 203 178 207 178 169 179 208 179 203 179 169 180 207 180 209 180 169 181 209 181 170 181 210 182 211 182 212 182 210 183 212 183 213 183 210 184 213 184 214 184 210 185 214 185 215 185 215 186 218 186 216 186 215 187 214 187 217 187 215 188 217 188 218 188 219 189 218 189 220 189 216 190 218 190 219 190 221 191 219 191 220 191 221 192 220 192 222 192 223 193 221 193 222 193 223 194 222 194 224 194 225 195 223 195 224 195 225 196 224 196 226 196 225 197 226 197 228 197 228 198 226 198 227 198 228 199 231 199 229 199 228 200 227 200 230 200 228 201 230 201 233 201 228 202 233 202 231 202 232 203 225 203 228 203 231 204 234 204 229 204 234 205 235 205 229 205 235 206 236 206 229 206 236 207 237 207 229 207 238 208 229 208 237 208 239 209 229 209 238 209 240 210 241 210 239 210 239 211 241 211 229 211 243 212 242 212 241 212 243 213 241 213 245 213 244 214 241 214 240 214 245 215 241 215 244 215 246 216 243 216 249 216 246 217 247 217 243 217 247 218 248 218 243 218 243 219 248 219 242 219 251 220 246 220 249 220 211 221 249 221 252 221 211 222 250 222 249 222 250 223 251 223 249 223 211 224 252 224 253 224 211 225 253 225 212 225 254 122 255 122 257 122 256 226 254 226 257 226 258 227 260 227 259 227 258 228 259 228 261 228 262 229 265 230 263 231 264 230 265 230 262 229 264 230 266 232 265 230 268 233 267 234 266 232 268 233 266 232 264 230 269 234 267 234 268 233 269 234 270 235 267 234 271 236 270 235 269 234 271 236 272 237 270 235 273 238 272 237 271 236 275 122 274 122 276 122 277 239 275 239 276 239 280 240 279 240 278 240 282 241 280 241 278 241 281 242 278 242 283 242 281 243 282 243 278 243 280 244 285 244 279 244 280 245 284 245 285 245 284 246 286 246 285 246 288 247 287 247 286 247 284 248 288 248 286 248 289 249 287 249 288 249 289 250 291 250 287 250 290 251 291 251 289 251 290 252 292 252 291 252 294 253 293 253 292 253 294 254 292 254 295 254 295 255 292 255 290 255 298 256 297 257 296 257 298 256 300 256 297 257 299 258 300 256 298 256 299 258 301 258 300 256 303 259 301 258 299 258 303 259 302 259 301 258 304 260 302 259 303 259 305 261 306 262 304 260 304 260 306 262 302 259 305 261 307 261 306 262 309 263 308 263 307 261 309 263 307 261 305 261 310 264 308 263 309 263 310 264 311 264 308 263 312 265 318 265 313 265 312 266 313 266 314 266 312 267 314 267 319 267 312 268 319 268 315 268 316 269 312 269 317 269 316 270 318 270 312 270 315 271 319 271 320 271 321 272 320 272 322 272 315 273 320 273 321 273 324 274 321 274 323 274 315 275 321 275 324 275 326 276 324 276 325 276 327 277 324 277 326 277 315 278 324 278 327 278 315 279 327 279 328 279 329 280 318 280 316 280 329 281 330 281 318 281 329 282 331 282 330 282 329 283 332 283 331 283 329 284 333 284 332 284 329 285 334 285 333 285 329 286 335 286 334 286 335 287 336 287 334 287 329 288 337 288 335 288 340 289 338 289 339 289 340 290 339 290 341 290 344 291 343 292 342 293 344 291 345 294 343 292 345 294 346 295 347 296 345 294 347 296 343 292 346 295 348 297 347 296 350 298 349 299 348 297 346 295 350 298 348 297 353 300 351 300 352 300 354 301 351 301 353 301 355 302 358 303 356 304 355 302 357 305 358 303 356 304 358 303 359 306 361 307 359 306 360 308 356 304 359 306 361 307 361 307 360 308 362 309 362 309 360 308 363 310 365 311 364 311 366 312 367 312 366 312 368 313 365 311 366 312 367 312 367 312 368 313 369 313 369 313 368 313 370 314 369 313 370 314 371 314 371 314 370 314 372 315 371 314 372 315 373 315 375 316 374 316 376 316 375 317 376 317 377 317 379 318 381 318 378 318 381 319 380 319 378 319 381 320 382 320 380 320 381 321 384 321 382 321 383 322 381 322 379 322 384 321 388 321 385 321 386 321 384 321 385 321 382 321 384 321 386 321 384 321 387 321 388 321 388 321 387 321 389 321 389 321 387 321 390 321 387 323 391 323 390 323 391 321 393 321 392 321 387 321 393 321 391 321 393 321 394 321 392 321 393 324 395 324 394 324 393 325 396 325 395 325 392 326 394 326 397 326 392 327 397 327 398 327 392 328 398 328 399 328 392 321 399 321 402 321 399 329 400 329 402 329 399 321 401 321 400 321 401 321 403 321 400 321 401 321 404 321 403 321 404 321 405 321 403 321 405 321 406 321 403 321 407 321 383 321 379 321 409 321 408 321 407 321 409 321 407 321 379 321 409 321 410 321 408 321 410 330 411 330 408 330 411 331 412 331 408 331 412 321 413 321 408 321 412 321 414 321 413 321 414 332 415 332 413 332 416 321 413 321 415 321 416 333 417 333 413 333 418 321 417 321 416 321 418 321 419 321 417 321 419 321 420 321 417 321 420 321 422 321 417 321 421 334 422 334 420 334 422 335 424 335 423 335 422 336 425 336 424 336 421 337 425 337 422 337 421 338 426 338 425 338 421 339 427 339 426 339 421 340 428 340 427 340 431 321 429 321 428 321 430 341 431 341 428 341 430 342 428 342 421 342 431 321 432 321 429 321 432 343 433 343 434 343 432 344 434 344 435 344 432 345 435 345 429 345 439 346 436 347 437 346 439 346 438 348 436 347 440 349 439 346 437 346 440 349 437 346 441 349 442 350 440 349 441 349 442 350 441 349 443 350 444 351 445 351 449 351 446 122 444 122 447 122 447 122 444 122 448 122 448 122 444 122 449 122 449 122 452 122 450 122 449 352 445 352 451 352 449 353 451 353 452 353 452 122 453 122 450 122 453 354 454 354 450 354 450 355 454 355 455 355 455 122 456 122 457 122 450 122 455 122 457 122 456 356 460 356 457 356 457 122 460 122 458 122 457 357 458 357 459 357 459 122 464 122 461 122 458 122 462 122 459 122 459 358 462 358 463 358 459 359 463 359 464 359 462 360 465 360 463 360 462 361 466 361 465 361 462 362 467 362 466 362 467 122 470 122 468 122 462 363 469 363 467 363 467 122 469 122 470 122 468 364 470 364 471 364 474 365 471 365 472 365 473 122 471 122 474 122 468 122 471 122 473 122 446 122 447 122 475 122 446 122 475 122 478 122 479 366 475 366 476 366 477 367 475 367 479 367 478 122 475 122 477 122 479 368 476 368 480 368 480 369 476 369 481 369 482 122 481 122 476 122 482 122 476 122 483 122 484 122 482 122 483 122 484 370 483 370 485 370 485 122 483 122 486 122 487 371 486 371 488 371 486 122 483 122 488 122 488 372 489 372 490 372 488 373 490 373 491 373 487 374 488 374 491 374 487 375 491 375 492 375 487 122 492 122 493 122 487 122 493 122 494 122 495 376 494 376 496 376 495 122 487 122 494 122 496 377 494 377 497 377 499 378 497 378 498 378 496 122 497 122 499 122 499 122 501 122 500 122 499 379 498 379 501 379 502 380 504 381 503 380 505 381 504 381 502 380 506 382 507 382 505 381 505 381 507 382 504 381 508 383 509 383 507 382 508 383 507 382 506 382 510 384 512 385 511 386 510 384 513 387 512 385 513 387 515 388 512 385 513 387 514 389 515 388 514 389 516 390 515 388 518 391 517 392 516 390 514 389 518 391 516 390 520 393 519 394 521 395 523 396 521 395 522 397 523 396 524 398 521 395 524 398 520 393 521 395 525 399 523 396 522 397 525 399 522 397 527 400 526 401 525 399 527 400 526 401 527 400 528 402 530 403 529 404 532 405 532 405 529 404 531 406 532 405 531 406 533 407 532 405 533 407 534 408 534 408 533 407 535 409 534 408 535 409 536 410 537 411 539 411 538 411 538 412 539 412 540 412 544 413 542 413 541 413 543 414 544 414 541 414 546 415 545 416 547 417 549 418 547 417 548 419 549 418 546 415 547 417 550 420 549 418 548 419 550 420 548 419 552 421 551 422 550 420 552 421 551 422 552 421 553 423 554 424 551 422 553 423 557 425 555 425 556 426 557 425 556 426 558 426 558 426 560 427 559 427 558 426 556 426 560 427 559 427 560 427 561 428 559 427 561 428 562 428 562 428 561 428 563 429 562 428 563 429 564 429 567 430 566 430 565 430 568 321 566 321 567 321 568 431 569 431 566 431 570 321 569 321 568 321 571 321 569 321 570 321 572 321 569 321 571 321 575 432 572 432 573 432 574 321 569 321 572 321 575 433 574 433 572 433 576 434 575 434 573 434 577 321 576 321 578 321 576 435 579 435 578 435 576 436 573 436 579 436 569 321 580 321 566 321 580 321 582 321 581 321 566 437 580 437 581 437 582 321 583 321 581 321 584 438 583 438 585 438 581 321 583 321 584 321 584 321 585 321 587 321 587 439 585 439 586 439 587 321 586 321 588 321 588 321 590 321 589 321 588 440 586 440 590 440 589 321 590 321 591 321 592 321 591 321 593 321 589 321 591 321 592 321 595 321 593 321 594 321 592 321 593 321 595 321 595 321 594 321 596 321 597 321 596 321 598 321 596 321 599 321 598 321 596 321 594 321 599 321 597 321 598 321 600 321 601 441 600 441 605 441 602 442 600 442 601 442 603 443 600 443 602 443 603 444 597 444 600 444 605 321 600 321 604 321 606 321 605 321 607 321 605 445 604 445 607 445 606 446 607 446 608 446 610 447 608 447 609 447 610 321 611 321 608 321 611 448 606 448 608 448 612 321 597 321 603 321 613 321 597 321 612 321 615 449 614 449 617 449 616 450 622 450 614 450 617 451 614 451 623 451 618 452 614 452 619 452 623 453 614 453 618 453 619 454 614 454 620 454 621 455 620 455 614 455 622 456 621 456 614 456 616 457 624 457 622 457 625 458 624 458 616 458 626 459 625 459 616 459 627 460 626 460 616 460 632 461 628 461 627 461 627 462 616 462 629 462 627 463 629 463 630 463 631 464 627 464 630 464 632 465 627 465 631 465 633 466 628 466 632 466 634 467 628 467 633 467 635 468 628 468 634 468 636 469 639 469 635 469 635 470 637 470 628 470 635 471 638 471 637 471 639 472 638 472 635 472 636 473 640 473 639 473 636 474 641 474 640 474 643 475 642 475 641 475 636 476 643 476 641 476 643 477 644 477 645 477 643 478 645 478 642 478 647 479 646 479 645 479 644 480 647 480 645 480 648 481 646 481 647 481 648 482 650 482 646 482 649 483 650 483 648 483 652 484 650 484 649 484 652 485 651 485 650 485 652 486 615 486 651 486 653 487 615 487 652 487 615 488 654 488 651 488 615 489 655 489 654 489 615 490 656 490 655 490 615 491 657 491 656 491 615 492 617 492 657 492 660 493 659 494 658 494 660 493 658 494 661 493 663 495 661 493 662 495 663 495 660 493 661 493 664 496 663 495 662 495 664 496 662 495 665 496 667 497 666 497 668 497 669 498 666 498 667 498 670 122 673 122 671 122 672 122 673 122 670 122 675 499 676 500 674 501 676 500 677 502 674 501 676 500 678 503 677 502 680 504 679 505 678 503 676 500 680 504 678 503 680 504 681 506 679 505 681 506 682 507 679 505 681 506 683 508 682 507 687 509 684 510 685 511 687 509 686 512 684 510 688 513 687 509 685 511 688 513 685 511 689 514 690 515 688 513 689 514 690 515 689 514 691 516 692 517 690 515 691 516 693 518 692 517 694 519 692 517 691 516 694 519 693 518 694 519 695 520 696 521 695 520 698 522 696 521 697 523 695 520 697 523 693 518 695 520 700 524 698 522 699 525 700 524 696 521 698 522 703 526 702 527 701 528 703 526 701 528 704 529 705 530 702 527 703 526 705 530 706 531 702 527 707 532 706 531 705 530 707 532 708 533 706 531 709 534 708 533 707 532 709 534 711 535 708 533 710 536 711 535 709 534 710 536 712 537 711 535 715 538 713 539 712 537 714 540 712 537 710 536 715 538 712 537 714 540 716 541 713 539 715 538 716 541 717 542 713 539 720 543 719 544 718 545 720 543 722 546 719 544 721 547 722 546 720 543 721 547 723 548 722 546 725 549 724 550 723 548 725 549 723 548 721 547 726 551 724 550 725 549 726 551 727 552 724 550 730 553 729 554 728 555 731 556 729 554 730 553 731 556 732 557 729 554 733 558 732 557 731 556 734 559 735 560 733 558 733 558 735 560 732 557 734 559 736 561 735 560 738 562 736 561 734 559 738 562 737 563 736 561 739 564 737 563 738 562 739 564 740 565 737 563 741 566 740 565 739 564 742 567 743 568 741 566 741 566 743 568 740 565 742 567 744 569 743 568 745 569 746 570 744 569 745 569 744 569 742 567 747 571 746 570 745 569 749 572 746 570 747 571 749 572 748 573 746 570 749 572 751 574 748 573 750 574 751 574 749 572 750 574 752 575 751 574 753 576 752 575 750 574 753 576 754 577 752 575 755 578 757 579 754 577 755 578 754 577 756 580 756 580 754 577 753 576 755 578 758 581 757 579 761 582 758 581 755 578 760 583 759 584 758 581 760 583 758 581 761 582 760 583 762 585 759 584 763 586 762 585 760 583 764 587 762 585 763 586 764 587 766 587 762 585 765 588 766 587 764 587 765 588 767 589 766 587 765 588 768 590 767 589 770 591 769 592 768 590 770 591 768 590 765 588 771 593 769 592 770 591 772 594 769 592 771 593 772 594 773 595 769 592 772 594 775 596 773 595 774 597 775 596 772 594 777 598 776 599 775 596 777 598 775 596 774 597 778 600 776 599 777 598 778 600 779 601 776 599 778 600 780 602 779 601 781 603 780 602 778 600 784 604 783 605 782 606 784 604 785 607 783 605 785 607 786 608 787 609 785 607 787 609 783 605 786 608 788 610 787 609 790 611 789 612 788 610 786 608 790 611 788 610 790 611 791 613 789 612 791 613 792 614 789 612 791 613 793 614 792 614 793 614 794 615 792 614 793 614 795 616 794 615 795 616 796 617 794 615 795 616 797 618 796 617 799 619 800 620 798 621 799 619 801 622 800 620 801 622 802 623 800 620 804 623 803 624 802 623 801 622 804 623 802 623 804 623 805 625 803 624 805 625 806 626 803 624 805 625 807 627 806 626 807 627 808 569 806 626 808 569 809 628 806 626 808 569 810 629 809 628 810 629 811 630 809 628 810 629 813 631 811 630 810 629 812 632 813 631 812 632 814 633 813 631 815 634 817 635 814 633 816 636 815 634 814 633 812 632 816 636 814 633 815 634 818 637 817 635 819 638 820 639 818 637 815 634 819 638 818 637 819 638 821 640 820 639 821 640 822 641 820 639 823 642 824 643 822 641 821 640 823 642 822 641 825 644 826 645 824 643 823 642 825 644 824 643 825 644 828 645 826 645 828 645 827 646 826 645 828 645 829 647 827 646 829 647 830 648 831 649 829 647 831 649 827 646 830 648 832 650 831 649 833 651 834 652 832 650 830 648 833 651 832 650 835 653 836 654 834 652 833 651 835 653 834 652 838 655 837 656 836 654 835 653 838 655 836 654 838 655 839 657 837 656 839 657 840 658 837 656 839 657 841 659 840 658 841 659 842 660 840 658 841 659 843 661 842 660 843 661 844 662 842 660 843 661 845 663 844 662 845 663 846 664 847 664 845 663 847 664 844 662 846 664 848 665 847 664 850 665 849 666 848 665 846 664 850 665 848 665 850 665 851 667 849 666 854 668 852 669 853 670 855 671 854 668 853 670 855 671 853 670 856 672 857 673 855 671 856 672 858 674 857 673 859 662 857 673 856 672 859 662 858 674 859 662 860 675 862 676 858 674 860 675 862 676 860 675 861 677 863 678 862 676 861 677 863 678 861 677 864 679 865 656 863 678 864 679 865 656 864 679 867 680 866 680 865 656 867 680 866 680 867 680 868 681 869 653 868 681 870 682 869 653 866 680 868 681 872 682 870 682 871 683 872 682 869 653 870 682 873 684 872 682 871 683 874 685 873 684 875 686 873 684 871 683 875 686 877 687 875 686 876 688 877 687 874 685 875 686 877 687 876 688 878 643 879 643 877 687 878 643 879 643 878 643 880 689 881 690 879 643 880 689 882 691 881 690 880 689 883 692 882 691 884 693 882 691 880 689 884 693 883 692 884 693 885 694 883 692 885 694 886 695 888 696 883 692 886 695 888 696 886 695 887 563 889 697 888 696 887 563 890 698 889 697 887 563 891 630 890 698 892 698 890 698 887 563 892 698 891 630 892 698 893 699 894 700 891 630 893 699 894 700 893 699 895 701 894 700 895 701 896 570 899 573 896 570 897 624 898 702 894 700 896 570 899 573 898 702 896 570 900 703 899 573 897 624 900 703 897 624 901 574 902 704 900 703 901 574 902 704 901 574 903 705 902 704 903 705 904 706 905 707 902 704 904 706 908 708 906 708 907 708 908 709 907 709 909 709 910 710 908 710 909 710 910 711 911 711 908 711 910 712 909 712 912 712 910 713 912 713 913 713 913 714 912 714 914 714 913 715 914 715 915 715 915 716 914 716 916 716 915 717 916 717 917 717 917 718 916 718 918 718 917 719 918 719 919 719 919 720 918 720 920 720 920 721 921 721 923 721 920 722 918 722 921 722 920 723 923 723 922 723 922 724 923 724 924 724 922 725 924 725 925 725 922 726 925 726 926 726 926 727 925 727 927 727 927 728 925 728 928 728 927 729 928 729 929 729 929 730 928 730 930 730 907 731 931 731 909 731 933 732 934 733 932 732 933 732 936 734 934 733 936 734 935 735 934 733 936 734 937 736 935 735 937 736 938 737 939 738 937 736 939 738 935 735 938 737 940 611 939 738 942 739 941 608 940 611 938 737 942 739 940 611 942 739 943 609 941 608 943 609 944 607 941 608 943 609 945 605 944 607 945 605 946 604 944 607 945 605 947 606 946 604 949 740 951 741 948 742 948 742 951 741 950 743 952 744 951 741 949 740 952 744 953 745 951 741 954 746 953 745 952 744 954 746 955 747 953 745 956 748 955 747 954 746 956 748 957 749 955 747 960 750 958 751 959 752 960 750 961 753 958 751 962 754 963 755 961 753 962 754 961 753 960 750 962 754 964 756 963 755 965 757 966 758 964 756 965 757 964 756 962 754 967 759 968 760 966 758 967 759 966 758 965 757 969 761 970 762 968 760 969 761 968 760 967 759 971 763 970 762 969 761 971 763 972 764 970 762 974 765 973 766 972 764 974 765 972 764 971 763 978 767 976 768 975 769 978 767 975 769 977 770 979 771 978 767 977 770 980 772 979 771 982 773 979 771 977 770 981 774 979 771 981 774 982 773 980 772 982 773 983 775 985 776 983 775 984 777 985 776 980 772 983 775 986 778 985 776 984 777 986 778 984 777 987 779 988 780 986 778 987 779 988 780 987 779 989 781 990 782 988 780 989 781 990 782 989 781 991 783 992 784 994 785 993 786 995 787 994 785 992 784 995 787 996 788 994 785 997 789 996 788 995 787 997 789 998 790 996 788 999 791 998 790 997 789 999 791 1000 792 998 790 1001 793 1000 792 999 791 1003 794 1004 794 1002 794 1005 795 1004 795 1003 795 1007 122 1006 122 1008 122 1008 796 1006 796 1009 796 1008 797 1009 797 1010 797 1008 798 1010 798 1011 798 1011 799 1010 799 1012 799 1011 122 1012 122 1015 122 1012 122 1013 122 1014 122 1015 122 1012 122 1014 122 1013 122 1016 122 1014 122 1016 800 1017 800 1014 800 1017 122 1018 122 1014 122 1014 122 1018 122 1019 122 1019 801 1020 801 1021 801 1018 802 1020 802 1019 802 1021 122 1020 122 1022 122 1024 803 1023 803 1022 803 1020 804 1024 804 1022 804 1024 122 1025 122 1023 122 1025 122 1026 122 1027 122 1025 805 1027 805 1023 805 1026 122 1028 122 1027 122 1029 806 1030 806 1028 806 1026 122 1029 122 1028 122 1031 122 1032 122 1030 122 1029 807 1031 807 1030 807 1033 122 1034 122 1032 122 1031 122 1033 122 1032 122 1033 122 1036 122 1034 122 1036 122 1035 122 1034 122 1037 808 1038 808 1036 808 1036 122 1038 122 1035 122 1037 809 1039 809 1038 809 1041 810 1040 810 1039 810 1041 811 1039 811 1042 811 1043 122 1042 122 1039 122 1044 122 1043 122 1039 122 1044 122 1039 122 1037 122 1045 122 1044 122 1037 122 1046 122 1045 122 1037 122 1047 812 1048 812 1041 812 1041 122 1048 122 1040 122 1047 122 1049 122 1048 122 1051 122 1050 122 1049 122 1051 122 1049 122 1052 122 1052 122 1049 122 1047 122 1017 813 1053 813 1018 813 1053 122 1054 122 1018 122 1057 814 1056 815 1055 815 1057 814 1055 815 1058 814 1060 816 1058 814 1059 816 1060 816 1057 814 1058 814 1060 816 1059 816 1061 817 1062 817 1060 816 1061 817 1064 818 1067 818 1063 818 1068 819 1065 819 1063 819 1066 820 1068 820 1063 820 1067 821 1066 821 1063 821 1068 822 1069 822 1065 822 1069 823 1070 823 1071 823 1069 824 1071 824 1072 824 1069 825 1072 825 1065 825 1070 826 1073 826 1071 826 1075 827 1074 827 1073 827 1070 828 1075 828 1073 828 1075 829 1076 829 1074 829 1076 830 1077 830 1078 830 1076 831 1078 831 1074 831 1074 832 1078 832 1079 832 1080 833 1078 833 1077 833 1082 834 1078 834 1080 834 1081 835 1078 835 1082 835 1083 836 1078 836 1081 836 1084 837 1083 837 1086 837 1090 838 1083 838 1084 838 1085 839 1083 839 1089 839 1088 840 1083 840 1085 840 1083 841 1087 841 1086 841 1083 842 1081 842 1087 842 1089 843 1083 843 1090 843 1088 844 1092 844 1091 844 1094 845 1088 845 1091 845 1088 846 1095 846 1092 846 1088 847 1093 847 1095 847 1088 848 1085 848 1093 848 1096 849 1094 849 1091 849 1097 850 1096 850 1091 850 1098 851 1097 851 1091 851 1098 852 1100 852 1099 852 1098 853 1091 853 1100 853 1102 854 1100 854 1101 854 1103 855 1100 855 1102 855 1099 856 1100 856 1103 856 1102 857 1104 857 1064 857 1102 858 1105 858 1104 858 1102 859 1101 859 1105 859 1064 860 1104 860 1106 860 1064 861 1106 861 1067 861 1108 166 1109 166 1107 166 1109 862 1116 862 1107 862 1107 863 1112 863 1110 863 1107 864 1115 864 1111 864 1107 865 1111 865 1112 865 1113 866 1114 866 1107 866 1116 867 1113 867 1107 867 1114 868 1115 868 1107 868 1112 869 1117 869 1110 869 1117 870 1118 870 1110 870 1118 871 1119 871 1110 871 1120 872 1110 872 1119 872 1120 873 1121 873 1110 873 1122 874 1121 874 1120 874 1122 875 1123 875 1121 875 1124 876 1123 876 1122 876 1124 877 1125 877 1123 877 1126 878 1125 878 1124 878 1126 879 1129 879 1125 879 1127 880 1128 880 1126 880 1126 881 1128 881 1129 881 1127 882 1130 882 1128 882 1131 883 1130 883 1133 883 1132 884 1130 884 1127 884 1133 885 1130 885 1132 885 1131 886 1133 886 1134 886 1131 887 1134 887 1135 887 1136 888 1131 888 1135 888 1136 889 1135 889 1137 889 1136 890 1137 890 1138 890 1136 891 1138 891 1139 891 1140 892 1139 892 1143 892 1140 893 1141 893 1139 893 1141 894 1142 894 1139 894 1142 895 1136 895 1139 895 1140 896 1143 896 1146 896 1108 897 1143 897 1147 897 1144 898 1143 898 1108 898 1145 899 1143 899 1144 899 1146 900 1143 900 1145 900 1108 901 1147 901 1148 901 1108 902 1148 902 1149 902 1108 903 1149 903 1109 903 1121 904 1150 904 1110 904 1152 122 1153 122 1151 122 1152 122 1154 122 1153 122 1156 905 1155 905 1158 905 1155 906 1159 906 1157 906 1158 907 1155 907 1157 907 1159 908 1160 908 1161 908 1157 909 1159 909 1161 909 1161 910 1160 910 1162 910 1162 911 1164 911 1163 911 1160 912 1164 912 1162 912 1164 913 1165 913 1163 913 1167 914 1165 914 1166 914 1163 915 1165 915 1167 915 1167 916 1166 916 1168 916 1168 917 1166 917 1170 917 1168 918 1170 918 1169 918 1169 919 1170 919 1171 919 1173 920 1171 920 1172 920 1169 921 1171 921 1173 921 1173 922 1172 922 1174 922 1174 923 1172 923 1175 923 1174 924 1175 924 1176 924 1176 925 1175 925 1177 925 1176 926 1177 926 1178 926 1179 927 1178 927 1180 927 1178 928 1177 928 1180 928 1179 929 1180 929 1181 929 1182 930 1183 930 1181 930 1183 931 1179 931 1181 931 1184 932 1183 932 1182 932 1186 933 1184 933 1182 933 1185 934 1184 934 1186 934 1187 935 1185 935 1186 935 1188 936 1189 936 1187 936 1188 937 1187 937 1190 937 1189 938 1185 938 1187 938 1191 939 1188 939 1190 939 1192 940 1191 940 1190 940 1193 941 1191 941 1192 941 1194 942 1195 942 1193 942 1193 943 1195 943 1191 943 1194 944 1196 944 1195 944 1198 945 1197 945 1196 945 1198 946 1196 946 1194 946 1199 947 1197 947 1198 947 1200 948 1201 948 1199 948 1199 949 1201 949 1197 949 1200 950 1202 950 1201 950 1204 951 1203 951 1202 951 1204 952 1202 952 1200 952 1204 953 1205 953 1203 953 1205 954 1206 954 1203 954 1205 955 1156 955 1206 955 1156 956 1158 956 1206 956 1208 578 1207 957 1209 957 1208 578 1209 957 1210 578 1211 958 1208 578 1210 578 1211 958 1210 578 1212 959 1213 960 1211 958 1212 959 1213 960 1212 959 1214 961 1215 962 1213 960 1214 961 1215 962 1214 961 1216 963 1218 964 1216 963 1217 965 1218 964 1215 962 1216 963 1219 966 1218 964 1217 965 1219 966 1217 965 1220 967 1221 968 1219 966 1220 967 1222 969 1221 968 1223 970 1221 968 1220 967 1223 970 1222 969 1223 970 1224 971 1225 972 1222 969 1224 971 1225 972 1224 971 1226 973 1227 974 1225 972 1226 973 1227 974 1226 973 1228 975 1229 646 1227 974 1228 975 1229 646 1228 975 1230 976 1231 977 1229 646 1230 976 1231 977 1230 976 1232 978 1234 979 1232 978 1233 979 1234 979 1231 977 1232 978 1235 980 1234 979 1233 979 1236 981 1235 980 1237 982 1235 980 1233 979 1237 982 1236 981 1237 982 1238 558 1239 983 1236 981 1238 558 1239 983 1238 558 1240 694 1241 695 1239 983 1240 694 1241 695 1240 694 1242 561 1243 984 1241 695 1242 561 1243 984 1242 561 1244 985 1245 986 1243 984 1244 985 1245 986 1244 985 1246 987 1247 988 1245 986 1246 987 1247 988 1246 987 1248 989 1250 990 1248 989 1249 991 1250 990 1247 988 1248 989 1251 992 1250 990 1249 991 1251 992 1249 991 1252 626 1253 624 1251 992 1252 626 1254 993 1253 624 1255 994 1253 624 1252 626 1255 994 1254 993 1255 994 1256 995 1257 620 1254 993 1256 995 1257 620 1256 995 1258 620 1259 996 1257 620 1258 620 1259 996 1258 620 1260 997 1264 998 1261 999 1262 998 1264 998 1263 999 1261 999 1265 1000 1264 998 1262 998 1265 1000 1262 998 1266 1000 1267 1001 1265 1000 1266 1000 1267 1001 1266 1000 1268 1001 1271 1002 1270 1003 1269 1003 1272 1004 1273 1002 1271 1002 1271 1002 1273 1002 1270 1003 1272 1004 1274 1004 1273 1002 1276 1005 1275 1005 1274 1004 1276 1005 1274 1004 1272 1004 1279 1006 1278 1006 1277 1006 1280 1007 1278 1007 1279 1007 1282 1008 1288 1008 1281 1008 1281 1009 1284 1009 1283 1009 1281 1010 1283 1010 1289 1010 1281 1011 1285 1011 1284 1011 1286 1012 1285 1012 1281 1012 1290 1013 1286 1013 1281 1013 1287 1014 1290 1014 1281 1014 1288 1015 1287 1015 1281 1015 1296 1016 1291 1016 1289 1016 1292 1017 1296 1017 1289 1017 1292 1018 1289 1018 1295 1018 1293 1019 1295 1019 1289 1019 1294 1020 1293 1020 1289 1020 1283 1021 1294 1021 1289 1021 1298 1022 1297 1022 1296 1022 1298 1023 1296 1023 1292 1023 1299 1024 1297 1024 1298 1024 1299 1025 1300 1025 1297 1025 1301 1026 1300 1026 1299 1026 1301 1027 1302 1027 1300 1027 1303 1028 1302 1028 1301 1028 1303 1029 1304 1029 1305 1029 1306 1030 1304 1030 1303 1030 1303 1031 1305 1031 1302 1031 1307 1032 1304 1032 1306 1032 1308 1033 1307 1033 1309 1033 1308 1034 1304 1034 1307 1034 1308 1035 1309 1035 1310 1035 1311 1036 1308 1036 1310 1036 1311 1037 1310 1037 1312 1037 1311 1038 1312 1038 1313 1038 1311 1039 1313 1039 1314 1039 1318 1040 1311 1040 1314 1040 1315 1041 1314 1041 1316 1041 1315 1042 1317 1042 1314 1042 1317 1043 1318 1043 1314 1043 1282 1044 1316 1044 1321 1044 1319 1045 1316 1045 1282 1045 1320 1046 1316 1046 1319 1046 1322 1047 1316 1047 1320 1047 1315 1048 1316 1048 1322 1048 1282 1049 1321 1049 1323 1049 1282 1050 1323 1050 1324 1050 1282 1051 1324 1051 1288 1051 1326 1052 1328 1052 1325 1052 1329 1053 1326 1053 1325 1053 1328 1054 1327 1054 1325 1054 1330 1055 1329 1055 1325 1055 1331 1056 1332 1056 1330 1056 1332 1057 1333 1057 1330 1057 1330 1058 1333 1058 1329 1058 1331 1059 1334 1059 1332 1059 1331 1060 1335 1060 1334 1060 1331 1061 1336 1061 1335 1061 1337 1062 1336 1062 1331 1062 1338 1063 1336 1063 1337 1063 1339 1064 1336 1064 1338 1064 1339 1065 1340 1065 1336 1065 1339 1066 1341 1066 1340 1066 1341 1067 1342 1067 1340 1067 1342 1068 1343 1068 1340 1068 1343 1069 1345 1069 1340 1069 1345 1070 1344 1070 1340 1070 1345 1071 1346 1071 1347 1071 1345 1072 1347 1072 1349 1072 1345 1073 1348 1073 1344 1073 1345 1074 1349 1074 1348 1074 1347 1075 1346 1075 1350 1075 1350 1076 1346 1076 1351 1076 1351 1077 1346 1077 1352 1077 1346 1078 1353 1078 1352 1078 1346 1079 1354 1079 1353 1079 1346 1080 1355 1080 1354 1080 1355 1081 1356 1081 1357 1081 1346 1082 1356 1082 1355 1082 1357 1083 1356 1083 1358 1083 1358 1084 1356 1084 1359 1084 1360 1085 1359 1085 1356 1085 1361 1086 1360 1086 1356 1086 1362 1087 1361 1087 1363 1087 1361 1088 1356 1088 1363 1088 1362 1089 1363 1089 1364 1089 1363 1090 1356 1090 1365 1090 1362 1091 1364 1091 1366 1091 1368 1092 1366 1092 1367 1092 1368 1093 1362 1093 1366 1093 1328 1094 1368 1094 1367 1094 1328 1095 1367 1095 1327 1095 1372 122 1369 122 1370 122 1371 122 1369 122 1372 122 1373 1096 1376 1097 1374 1098 1373 1096 1375 1099 1376 1097 1375 1099 1377 1100 1376 1097 1379 1101 1378 1102 1377 1100 1375 1099 1379 1101 1377 1100 1379 1101 1380 1103 1378 1102 1380 1103 1381 1104 1378 1102 1380 1103 1382 1105 1381 1104 1386 1106 1384 1107 1383 1108 1386 1106 1383 1108 1385 1109 1387 1110 1386 1106 1385 1109 1387 1110 1385 1109 1388 1111 1387 1110 1388 1111 1389 1112 1390 1113 1387 1110 1389 1112 1390 1113 1389 1112 1391 1114 1392 1115 1390 1113 1391 1114 1393 1116 1392 1115 1394 1117 1392 1115 1391 1114 1394 1117 1393 1116 1394 1117 1395 1118 1396 1119 1395 1118 1397 1120 1396 1119 1393 1116 1395 1118 1398 1121 1397 1120 1399 1122 1398 1121 1396 1119 1397 1120 1402 1123 1401 1124 1400 1125 1402 1123 1400 1125 1403 1126 1404 1127 1401 1124 1402 1123 1404 1127 1405 1128 1401 1124 1404 1127 1406 1129 1405 1128 1407 1130 1406 1129 1404 1127 1407 1130 1409 1131 1406 1129 1408 1132 1409 1131 1407 1130 1408 1132 1410 1133 1409 1131 1412 1134 1411 1135 1410 1133 1412 1134 1410 1133 1408 1132 1413 1136 1411 1135 1412 1134 1414 1137 1415 1138 1413 1136 1413 1136 1415 1138 1411 1135 1414 1137 1416 1139 1415 1138 1418 1140 1420 1141 1417 1142 1417 1142 1420 1141 1419 1143 1418 1140 1421 1144 1420 1141 1423 1145 1422 1146 1421 1144 1423 1145 1421 1144 1418 1140 1424 1147 1422 1146 1423 1145 1425 1148 1426 1149 1424 1147 1424 1147 1426 1149 1422 1146 1428 1150 1427 1150 1430 1151 1430 1151 1427 1150 1429 1152 1430 1151 1429 1152 1431 1153 1431 1153 1429 1152 1432 1154 1431 1153 1432 1154 1433 1155 1431 1153 1433 1155 1434 1156 1434 1156 1433 1155 1435 1157 1435 1157 1433 1155 1436 1158 1435 1157 1436 1158 1437 592 1437 592 1440 1159 1438 590 1437 592 1436 1158 1439 1160 1437 592 1439 1160 1440 1159 1438 590 1440 1159 1441 1161 1443 589 1441 1161 1442 1162 1438 590 1441 1161 1443 589 1443 589 1442 1162 1444 587 1444 587 1442 1162 1445 1163 1444 587 1445 1163 1446 1164 1446 1164 1445 1163 1447 1165 1446 1164 1447 1165 1448 1166 1448 1166 1447 1165 1449 1167 1448 1166 1449 1167 1450 1168 1450 1168 1449 1167 1451 1169 1451 1169 1449 1167 1452 1170 1451 1169 1452 1170 1453 1171 1453 1171 1456 1172 1454 1173 1453 1171 1452 1170 1455 1171 1453 1171 1455 1171 1456 1172 1458 1174 1456 1172 1457 1175 1454 1173 1456 1172 1458 1174 1458 1174 1459 1176 1460 1177 1458 1174 1457 1175 1459 1176 1460 1177 1459 1176 1461 1178 1460 1177 1461 1178 1462 1179 1462 1179 1461 1178 1463 1180 1462 1179 1463 1180 1464 569 1464 569 1463 1180 1465 568 1465 568 1463 1180 1466 1181 1465 568 1466 1181 1467 565 1467 565 1466 1181 1468 1182 1467 565 1468 1182 1469 1183 1467 565 1469 1183 1470 563 1470 563 1469 1183 1471 1184 1471 1184 1474 1185 1472 1186 1471 1184 1469 1183 1473 1187 1471 1184 1473 1187 1474 1185 1476 1188 1474 1185 1475 1189 1472 1186 1474 1185 1476 1188 1476 1188 1475 1189 1477 1190 1476 1188 1477 1190 1478 1191 1478 1191 1477 1190 1479 1192 1478 1191 1479 1192 1480 1192 1481 1193 1483 1193 1482 1193 1481 1194 1484 1194 1483 1194 1487 1195 1486 1196 1485 1197 1487 1195 1488 1198 1486 1196 1488 1198 1489 1199 1490 1200 1488 1198 1490 1200 1486 1196 1489 1199 1491 1201 1490 1200 1493 1202 1492 1203 1491 1201 1489 1199 1493 1202 1491 1201 1493 1202 1494 1204 1492 1203 1494 1204 1495 1205 1492 1203 1494 1204 1496 1206 1495 1205 1496 1206 1497 1207 1495 1205 1496 1206 1498 1208 1497 1207 1498 1208 1499 1209 1497 1207 1498 1208 1500 1210 1499 1209 1501 134 1503 1211 1502 133 1504 1212 1503 1211 1501 134 1505 129 1506 1213 1504 1212 1504 1212 1506 1213 1503 1211 1505 129 1507 1214 1506 1213 1509 1215 1508 1216 1507 1214 1509 1215 1507 1214 1505 129 1510 126 1508 1216 1509 1215 1510 126 1511 1217 1508 1216 1512 125 1511 1217 1510 126 1514 1218 1515 622 1513 1219 1517 1220 1516 623 1515 622 1514 1218 1518 1221 1515 622 1518 1221 1517 1220 1515 622 1517 1220 1520 1222 1516 623 1517 1220 1519 1223 1520 1222 1519 1223 1521 627 1520 1222 1522 700 1524 1224 1521 627 1523 1225 1522 700 1521 627 1519 1223 1523 1225 1521 627 1522 700 1525 629 1524 1224 1526 630 1527 1226 1525 629 1522 700 1526 630 1525 629 1529 698 1528 1227 1527 1226 1526 630 1529 698 1527 1226 1529 698 1530 1228 1528 1227 1530 1228 1531 696 1528 1227 1530 1228 1532 1229 1531 696 1532 1229 1533 1230 1531 696 1532 1229 1534 1231 1533 1230 1534 1231 1535 639 1533 1230 1534 1231 1536 1232 1535 639 1536 1232 1537 1233 1538 641 1536 1232 1538 641 1535 639 1537 1233 1539 643 1538 641 1541 643 1540 645 1539 643 1537 1233 1541 643 1539 643 1541 643 1542 1234 1540 645 1542 1234 1543 1235 1540 645 1543 1235 1545 646 1540 645 1543 1235 1544 1236 1546 1237 1543 1235 1546 1237 1545 646 1544 1236 1547 1238 1546 1237 1548 651 1549 1239 1547 1238 1544 1236 1548 651 1547 1238 1551 1240 1550 655 1549 1239 1548 651 1551 1240 1549 1239 1551 1240 1552 680 1550 655 1552 680 1553 656 1554 657 1552 680 1554 657 1550 655 1553 656 1555 1241 1554 657 1553 656 1556 678 1555 1241 1556 678 1557 661 1555 1241 1559 1242 1558 1243 1557 661 1556 678 1559 1242 1557 661 1559 1242 1560 1244 1558 1243 1560 1244 1561 1245 1562 664 1560 1244 1562 664 1558 1243 1561 1245 1563 665 1562 664 1565 1246 1564 1247 1563 665 1561 1245 1565 1246 1563 665 1565 1246 1566 1248 1564 1247 1568 1249 1567 1250 1569 1251 1570 1246 1569 1251 1571 1252 1570 1246 1568 1249 1569 1251 1572 1253 1571 1252 1573 1254 1572 1253 1570 1246 1571 1252 1575 1255 1572 1253 1573 1254 1575 1255 1573 1254 1574 661 1576 1256 1575 1255 1574 661 1576 1256 1574 661 1577 677 1578 1257 1576 1256 1577 677 1578 1257 1577 677 1579 657 1580 657 1578 1257 1579 657 1580 657 1579 657 1582 1258 1581 655 1580 657 1582 1258 1581 655 1582 1258 1583 1259 1585 1260 1583 1259 1584 650 1585 1260 1581 655 1583 1259 1586 1261 1585 1260 1584 650 1587 1262 1586 1261 1584 650 1587 1262 1584 650 1588 1263 1589 1264 1587 1262 1588 1263 1589 1264 1588 1263 1590 1265 1589 1264 1590 1265 1591 688 1592 1266 1589 1264 1591 688 1593 643 1592 1266 1591 688 1593 643 1591 688 1594 643 1595 690 1593 643 1594 643 1595 690 1594 643 1596 1267 1595 690 1596 1267 1598 1268 1597 1269 1595 690 1598 1268 1600 638 1597 1269 1598 1268 1600 638 1598 1268 1599 1270 1601 1271 1600 638 1602 1272 1600 638 1599 1270 1602 1272 1601 1271 1602 1272 1603 1227 1605 632 1603 1227 1604 1226 1605 632 1606 633 1603 1227 1606 633 1601 1271 1603 1227 1607 629 1605 632 1604 1226 1607 629 1604 1226 1608 629 1607 629 1608 629 1609 1224 1610 569 1607 629 1609 1224 1611 1273 1610 569 1609 1224 1611 1273 1609 1224 1612 627 1613 1274 1611 1273 1612 627 1614 1275 1613 1274 1616 1175 1613 1274 1612 627 1615 1276 1613 1274 1615 1276 1616 1175 1618 1277 1616 1175 1617 705 1618 1277 1614 1275 1616 1175 1619 706 1618 1277 1617 705 1619 706 1617 705 1620 1278 1622 1279 1621 1279 1623 1279 1622 1280 1623 1280 1624 1280 1626 1281 1624 1281 1625 1281 1626 1282 1622 1282 1624 1282 1626 1283 1627 1283 1622 1283 1626 1284 1629 1284 1628 1284 1626 1285 1625 1285 1629 1285 1628 1286 1629 1286 1630 1286 1631 722 1630 722 1632 722 1628 715 1630 715 1631 715 1631 1287 1632 1287 1633 1287 1633 1288 1632 1288 1634 1288 1633 1289 1634 1289 1635 1289 1635 1290 1634 1290 1636 1290 1635 1291 1636 1291 1637 1291 1637 1292 1636 1292 1638 1292 1640 1293 1638 1293 1639 1293 1637 1294 1638 1294 1640 1294 1640 1295 1639 1295 1641 1295 1641 1296 1639 1296 1642 1296 1642 1297 1643 1297 1646 1297 1642 1298 1644 1298 1643 1298 1642 1299 1645 1299 1644 1299 1642 1300 1639 1300 1645 1300 1648 1209 1649 1207 1647 1301 1649 1207 1650 1302 1647 1301 1649 1207 1651 1206 1650 1302 1653 1303 1652 1204 1651 1206 1654 1304 1653 1303 1651 1206 1649 1207 1654 1304 1651 1206 1653 1303 1656 1305 1652 1204 1653 1303 1655 1306 1656 1305 1658 1307 1657 1308 1656 1305 1655 1306 1658 1307 1656 1305 1658 1307 1659 1309 1657 1308 1658 1307 1660 1310 1659 1309 1660 1310 1661 1197 1659 1309 1660 1310 1662 1311 1661 1197 1664 1312 1665 1313 1663 1314 1664 1312 1666 1315 1665 1313 1668 1316 1667 1317 1666 1315 1668 1316 1666 1315 1664 1312 1669 1318 1667 1317 1668 1316 1669 1318 1670 1319 1667 1317 1671 1320 1670 1319 1669 1318 1671 1320 1672 1321 1670 1319 1675 1322 1673 1323 1674 1324 1675 1322 1674 1324 1676 1325 1676 1325 1678 1326 1677 1327 1676 1325 1674 1324 1678 1326 1679 1328 1678 1326 1680 1329 1677 1327 1678 1326 1679 1328 1679 1328 1680 1329 1682 1330 1682 1330 1680 1329 1681 1331 1682 1330 1681 1331 1683 1332 1683 1332 1681 1331 1685 1333 1683 1332 1685 1333 1684 1334 1684 1334 1685 1333 1686 1335 1688 1336 1686 1335 1687 1337 1684 1334 1686 1335 1688 1336 1688 1336 1687 1337 1689 1338 1691 1339 1692 1340 1690 1341 1691 1339 1690 1341 1693 1342 1695 1343 1693 1342 1694 1344 1695 1343 1691 1339 1693 1342 1696 1345 1695 1343 1694 1344 1697 1346 1696 1345 1698 1347 1696 1345 1694 1344 1698 1347 1697 1346 1698 1347 1699 1348 1701 1349 1699 1348 1700 1350 1701 1349 1697 1346 1699 1348 1702 1351 1701 1349 1700 1350 1703 1352 1702 1351 1700 1350 1703 1352 1700 1350 1704 1353 1705 1354 1703 1352 1704 1353 1705 1354 1704 1353 1706 1355 1709 1356 1708 1357 1707 1358 1709 1356 1711 1359 1708 1357 1710 1360 1711 1359 1709 1356 1710 1360 1712 1361 1711 1359 1713 1362 1712 1361 1710 1360 1713 1362 1714 1363 1712 1361 1715 1364 1714 1363 1713 1362 1715 1364 1716 1365 1714 1363 1719 1366 1717 1366 1718 1366 1719 1367 1718 1367 1720 1367 1722 1368 1721 1369 1723 1369 1722 1368 1723 1369 1724 1368 1725 1370 1722 1368 1724 1368 1725 1370 1724 1368 1726 1370 1727 1371 1725 1370 1726 1370 1727 1371 1726 1370 1728 1371 1732 122 1729 122 1730 122 1731 122 1729 122 1732 122 1733 1372 1734 1372 1736 1372 1735 1373 1733 1373 1737 1373 1737 1374 1733 1374 1736 1374 1735 1375 1737 1375 1738 1375 1740 1376 1735 1376 1738 1376 1740 1377 1738 1377 1739 1377 1741 1378 1740 1378 1739 1378 1741 1379 1743 1379 1742 1379 1741 1380 1739 1380 1743 1380 1742 1381 1743 1381 1744 1381 1745 1382 1744 1382 1746 1382 1742 1383 1744 1383 1745 1383 1747 1384 1746 1384 1748 1384 1745 1385 1746 1385 1747 1385 1750 1386 1748 1386 1749 1386 1747 1387 1748 1387 1750 1387 1750 1388 1749 1388 1751 1388 1751 1389 1753 1389 1752 1389 1751 1390 1749 1390 1753 1390 1752 1391 1753 1391 1754 1391 1752 1392 1754 1392 1756 1392 1754 1393 1755 1393 1756 1393 1756 1394 1755 1394 1757 1394 1757 1395 1759 1395 1758 1395 1755 1396 1759 1396 1757 1396 1759 1397 1760 1397 1758 1397 1760 1398 1762 1398 1761 1398 1758 1399 1760 1399 1761 1399 1762 1400 1764 1400 1763 1400 1761 1401 1762 1401 1763 1401 1764 1402 1765 1402 1766 1402 1764 1403 1766 1403 1763 1403 1765 1404 1767 1404 1766 1404 1769 1405 1768 1405 1767 1405 1769 1406 1767 1406 1765 1406 1770 1407 1768 1407 1769 1407 1770 1408 1772 1408 1768 1408 1771 1409 1772 1409 1770 1409 1771 1410 1773 1410 1772 1410 1775 1411 1774 1411 1773 1411 1775 1412 1773 1412 1771 1412 1776 1413 1774 1413 1775 1413 1776 1414 1777 1414 1774 1414 1778 1415 1777 1415 1776 1415 1778 1416 1779 1416 1777 1416 1780 1417 1779 1417 1778 1417 1781 1418 1782 1418 1780 1418 1782 1419 1779 1419 1780 1419 1783 1420 1782 1420 1781 1420 1734 1421 1783 1421 1784 1421 1784 1422 1783 1422 1781 1422 1736 1423 1734 1423 1784 1423 1786 1424 1785 1424 1788 1424 1786 1425 1787 1425 1785 1425 1785 1426 1787 1426 1789 1426 1789 1427 1787 1427 1790 1427 1791 1428 1787 1428 1786 1428 1791 1429 1792 1429 1787 1429 1791 1430 1793 1430 1792 1430 1791 1431 1795 1431 1793 1431 1796 1432 1794 1432 1793 1432 1795 1433 1796 1433 1793 1433 1796 1434 1797 1434 1794 1434 1796 1435 1798 1435 1797 1435 1798 1436 1799 1436 1797 1436 1799 1437 1800 1437 1797 1437 1799 1438 1801 1438 1800 1438 1801 1439 1804 1439 1802 1439 1801 1440 1802 1440 1803 1440 1801 1441 1803 1441 1805 1441 1801 1442 1805 1442 1806 1442 1801 1443 1806 1443 1800 1443 1803 1444 1807 1444 1805 1444 1803 1445 1808 1445 1807 1445 1803 1446 1809 1446 1808 1446 1809 1447 1810 1447 1808 1447 1813 1448 1811 1449 1812 1449 1813 1448 1816 1450 1814 1451 1815 1451 1813 1448 1814 1451 1813 1448 1812 1449 1816 1450 1817 1452 1815 1451 1818 1452 1815 1451 1814 1451 1818 1452 1817 1452 1818 1452 1819 1453 1821 1454 1819 1453 1820 1455 1821 1454 1817 1452 1819 1453 1822 1456 1821 1454 1820 1455 1822 1456 1820 1455 1823 966 1824 1457 1822 1456 1823 966 1825 1458 1824 1457 1826 1458 1824 1457 1823 966 1826 1458 1827 969 1825 1458 1826 1458 1827 969 1826 1458 1828 1459 1827 969 1828 1459 1829 1460 1830 1461 1827 969 1829 1460 1830 1461 1829 1460 1831 974 1832 1462 1830 1461 1831 974 1833 1463 1832 1462 1831 974 1833 1463 1831 974 1834 1464 1833 1463 1834 1464 1835 1465 1838 1466 1835 1465 1836 1467 1837 1468 1833 1463 1835 1465 1838 1466 1837 1468 1835 1465 1838 1466 1836 1467 1839 980 1840 1233 1838 1466 1839 980 1841 981 1840 1233 1839 980 1841 981 1839 980 1842 981 1843 1469 1841 981 1842 981 1843 1469 1842 981 1844 1470 1845 696 1843 1469 1844 1470 1845 696 1844 1470 1846 1471 1847 984 1845 696 1846 1471 1848 986 1847 984 1849 1472 1847 984 1846 1471 1849 1472 1848 986 1849 1472 1850 986 1851 988 1848 986 1850 986 1851 988 1850 986 1852 988 1854 1473 1852 988 1853 991 1854 1473 1851 988 1852 988 1855 1474 1854 1473 1853 991 1856 1475 1855 1474 1857 1225 1855 1474 1853 991 1857 1225 1856 1475 1857 1225 1858 1476 1856 1475 1858 1476 1859 995 1860 995 1856 1475 1859 995 1861 1477 1860 995 1859 995 1861 1477 1859 995 1862 1477 1863 1478 1861 1477 1862 1477 1863 1478 1862 1477 1864 1479 1866 1480 1867 238 1865 237 1866 1480 1868 236 1867 238 1869 1481 1870 1482 1868 236 1869 1481 1868 236 1866 1480 1871 1483 1872 1484 1870 1482 1871 1483 1870 1482 1869 1481 1874 230 1873 1485 1872 1484 1874 230 1872 1484 1871 1483 1875 1486 1873 1485 1874 230 1875 1486 1876 229 1873 1485 1879 1487 1878 1487 1877 1487 1880 1488 1878 1488 1879 1488 1883 1489 1882 1490 1881 1490 1884 1491 1885 1489 1883 1489 1883 1489 1885 1489 1882 1490 1884 1491 1886 1491 1885 1489 1888 1492 1887 1492 1886 1491 1888 1492 1886 1491 1884 1491 1889 1493 1891 1493 1890 1494 1890 1494 1891 1493 1892 1494 1894 1495 1892 1494 1893 1495 1890 1494 1892 1494 1894 1495 1894 1495 1893 1495 1895 1496 1895 1496 1897 1496 1896 1497 1895 1496 1893 1495 1897 1496 1896 1497 1897 1496 1898 1497 1900 1498 1898 1497 1899 1499 1896 1497 1898 1497 1900 1498 1900 1498 1899 1499 1901 1500 1901 1500 1903 1501 1902 1501 1901 1500 1904 1500 1903 1501 1901 1500 1899 1499 1904 1500 1907 1502 1906 1503 1905 1503 1908 1504 1909 1502 1907 1502 1907 1502 1909 1502 1906 1503 1908 1504 1910 1504 1909 1502 1912 1505 1911 1505 1910 1504 1912 1505 1910 1504 1908 1504 1915 1506 1913 1507 1914 1507 1916 1508 1915 1506 1917 1506 1915 1506 1914 1507 1917 1506 1916 1508 1917 1506 1918 1508 1920 1509 1916 1508 1918 1508 1920 1509 1918 1508 1919 1509 1921 1510 1920 1509 1919 1509 1921 1510 1919 1509 1922 1510 1923 1511 1921 1510 1922 1510 1924 1512 1923 1511 1926 1512 1923 1511 1922 1510 1925 1511 1923 1511 1925 1511 1926 1512 1928 1513 1924 1512 1926 1512 1928 1513 1926 1512 1927 1513 1928 1513 1927 1513 1929 1514 1930 1514 1928 1513 1929 1514 1933 1515 1931 1516 1932 1516 1933 1515 1934 1515 1931 1516 1936 1517 1935 1517 1934 1515 1936 1517 1934 1515 1933 1515 1937 1518 1935 1517 1936 1517 1937 1518 1938 1518 1935 1517 1939 1519 1938 1518 1937 1518 1939 1519 1941 1519 1938 1518 1940 1520 1941 1519 1939 1519 1940 1520 1942 1520 1941 1519 1944 1521 1943 1521 1942 1520 1944 1521 1942 1520 1940 1520 1944 1521 1945 1522 1943 1521 1946 1522 1945 1522 1944 1521 1947 1523 1945 1522 1946 1522 1947 1523 1948 1523 1945 1522 1949 1524 1948 1523 1947 1523 1949 1524 1950 1524 1948 1523 1951 1525 1950 1524 1949 1524 1951 1525 1952 1525 1950 1524 1953 1526 1952 1525 1951 1525 1953 1526 1954 1526 1952 1525 1956 1527 1957 1527 1955 1527 1958 1527 1956 1527 1955 1527 1960 1528 1959 1529 1961 1529 1960 1528 1962 1528 1959 1529 1960 1528 1963 1530 1962 1528 1966 1531 1964 1531 1963 1530 1965 1530 1963 1530 1960 1528 1966 1531 1963 1530 1965 1530 1967 1532 1964 1531 1966 1531 1967 1532 1968 1533 1969 1532 1970 1533 1968 1533 1967 1532 1967 1532 1969 1532 1964 1531 1971 1534 1968 1533 1970 1533 1971 1534 1974 1534 1968 1533 1972 1535 1973 1535 1971 1534 1971 1534 1973 1535 1974 1534 1976 1536 1975 1536 1973 1535 1976 1536 1973 1535 1972 1535 1976 1536 1977 1537 1975 1536 1978 1537 1977 1537 1976 1536 1978 1537 1979 1538 1977 1537 1980 1538 1979 1538 1978 1537 1981 1539 1979 1538 1980 1538 1981 1539 1982 1539 1979 1538 1984 1540 1985 1540 1983 1540 1986 1541 1985 1541 1984 1541 1988 1542 1989 1542 1987 1542 1988 1543 1990 1543 1989 1543 1993 1544 1992 1544 1991 1544 1993 1545 1994 1545 1992 1545</p>
        </triangles>
      </mesh>
    </geometry>
    <geometry id="Mesh69_608-mesh" name="Mesh69.608">
      <mesh>
        <source id="Mesh69_608-mesh-positions">
          <float_array id="Mesh69_608-mesh-positions-array" count="7533">-0.001697838 -0.1197797 0.2806183 5.0509e-4 -0.1214579 0.2798364 -0.001860976 -0.03516399 0.09940731 -0.002005875 -0.0351842 0.09966337 -0.001897931 -0.03518843 0.09951531 -0.003819882 -0.03512859 0.1016902 -0.004306912 -0.1186163 0.2811613 2.34127e-4 -0.03668117 0.09869539 -0.001860976 -0.03516232 0.09940338 0.001905024 -0.03858381 0.09780836 0.00220406 -0.1235634 0.2788544 0.003066956 -0.04077517 0.09678637 0.003301024 -0.1259749 0.2777294 0.003663063 -0.04314607 0.09568035 0.003732979 -0.1285538 0.2765274 0.003663063 -0.04557746 0.09454631 0.003066956 -0.04794836 0.09344136 0.00347501 -0.1311517 0.2753154 0.002541959 -0.1336192 0.2741654 0.001905024 -0.05013984 0.09241938 9.87053e-4 -0.1358143 0.2731414 -0.001099944 -0.1376108 0.2723044 2.34127e-4 -0.05204248 0.09153234 -0.001860976 -0.05356276 0.09082734 -0.001860976 -0.05356121 0.09082436 -0.001897931 -0.05362927 0.09091532 -0.002005875 -0.05374604 0.09100735 -0.003819882 -0.05533516 0.09226834 -0.003597915 -0.1389053 0.2717004 -0.006364881 -0.1396234 0.2713654 -0.005760908 -0.0566892 0.09377932 -0.005760908 -0.05499863 0.09015333 -0.00742197 -0.05521064 0.09005439 -0.009240984 -0.1397237 0.2713183 -0.00909996 -0.05521064 0.09005439 -0.0107609 -0.05499863 0.09015333 -0.0107609 -0.0566892 0.09377932 -0.01206088 -0.1392005 0.2715623 -0.01270192 -0.05533516 0.09226834 -0.01466184 -0.1380838 0.2720834 -0.01451689 -0.05374604 0.09100735 -0.01462388 -0.05362999 0.09091532 -0.01466184 -0.05356276 0.09082734 -0.007147908 -0.1180558 0.2814224 -0.005760908 -0.03541535 0.1036993 -0.00742197 -0.03351289 0.1001724 -0.005760908 -0.0337249 0.1000744 -0.00909996 -0.03351289 0.1001724 -0.0107609 -0.0337249 0.1000744 -0.01005387 -0.118131 0.2813873 -0.0107609 -0.03541535 0.1036993 -0.01270192 -0.03512859 0.1016902 -0.01285582 -0.1188375 0.2810583 -0.01538687 -0.1201339 0.2804533 -0.01451689 -0.0351842 0.09966337 -0.01462495 -0.03518837 0.09951436 -0.01466184 -0.03516399 0.09940731 -0.01466184 -0.03516232 0.09940338 -0.01675689 -0.03668117 0.09869539 -0.01842689 -0.03858381 0.09780836 -0.01749992 -0.1219441 0.2796093 -0.01907098 -0.1241618 0.2785754 -0.0195899 -0.04077517 0.09678637 -0.02000689 -0.1266567 0.2774114 -0.02018588 -0.04314607 0.09568035 -0.02025294 -0.1292824 0.2761874 -0.01979589 -0.1318848 0.2749734 -0.02018588 -0.04557746 0.09454631 -0.0195899 -0.04794836 0.09344136 -0.01842689 -0.05013984 0.09241938 -0.0186609 -0.1343109 0.2738423 -0.01691496 -0.1364185 0.2728593 -0.01675689 -0.05204248 0.09153234 -0.01466184 -0.1380838 0.2720834 -0.01466184 -0.05356276 0.09082734 -0.01466184 -0.05356121 0.09082436 -0.005760908 -0.05499863 0.09015333 -0.00742197 -0.05521064 0.09005439 -0.005760908 -0.05455768 0.09035933 -0.0107609 -0.05455768 0.09035933 -0.00909996 -0.05521064 0.09005439 -0.0107609 -0.05499863 0.09015333 -0.01466184 -0.05356121 0.09082436 -0.01675689 -0.05204248 0.09153234 -0.01476097 -0.05365139 0.0907824 -0.01760786 -0.05499452 0.09015536 -0.01476097 -0.05661362 0.08940029 -0.01998496 -0.05284172 0.09115934 -0.02177393 -0.0502631 0.0923624 -0.01842689 -0.05013984 0.09241938 -0.0195899 -0.04794836 0.09344136 -0.02018588 -0.04557746 0.09454631 -0.02288496 -0.04738849 0.09370231 -0.02326095 -0.04436177 0.09511339 -0.02018588 -0.04314607 0.09568035 -0.02288496 -0.0413351 0.09652531 -0.0195899 -0.04077517 0.09678637 -0.02177393 -0.03846043 0.09786534 -0.01998496 -0.03588181 0.0990684 -0.01842689 -0.03858381 0.09780836 -0.01675689 -0.03668117 0.09869539 -0.01760786 -0.03372901 0.1000723 -0.01466184 -0.03516232 0.09940338 -0.01476097 -0.0350722 0.09944534 -0.01476097 -0.03211009 0.1008263 -0.0017609 -0.03211009 0.1008263 0.001084983 -0.03372901 0.1000723 -0.0017609 -0.0350722 0.09944534 2.34127e-4 -0.03668117 0.09869539 -0.001860976 -0.03516232 0.09940338 0.00346297 -0.03588181 0.0990684 0.001905024 -0.03858381 0.09780836 0.003066956 -0.04077517 0.09678637 0.005252063 -0.03846043 0.09786534 0.00636208 -0.0413351 0.09652531 0.00673902 -0.04436177 0.09511339 0.003663063 -0.04314607 0.09568035 0.003663063 -0.04557746 0.09454631 0.00636208 -0.04738849 0.09370231 0.003066956 -0.04794836 0.09344136 0.005252063 -0.0502631 0.0923624 0.001905024 -0.05013984 0.09241938 2.34127e-4 -0.05204248 0.09153234 0.00346297 -0.05284172 0.09115934 0.001084983 -0.05499452 0.09015536 -0.0017609 -0.05365139 0.0907824 -0.0017609 -0.05661362 0.08940029 -0.001860976 -0.05356121 0.09082436 -0.0387609 -0.1062313 0.1710053 -0.0385279 -0.1070405 0.1727403 -0.03726089 -0.1062313 0.1710053 -0.0385279 -0.1054221 0.1692702 -0.03707194 -0.105574 0.1695953 -0.03651595 -0.1049548 0.1682673 -0.03562593 -0.1044098 0.1670984 -0.03784483 -0.1046602 0.1676363 -0.03674882 -0.1039894 0.1661974 -0.0353049 -0.1034489 0.1650383 -0.03445291 -0.1039706 0.1661573 -0.03306591 -0.1036629 0.1654974 -0.03359788 -0.1030701 0.1642264 -0.03154397 -0.1035044 0.1651573 -0.03172487 -0.1028751 0.1638073 -0.02997696 -0.1035044 0.1651573 -0.02845597 -0.1036629 0.1654974 -0.02979689 -0.1028751 0.1638073 -0.02792394 -0.1030701 0.1642264 -0.02621591 -0.1034489 0.1650383 -0.02706897 -0.1039706 0.1661573 -0.02589595 -0.1044098 0.1670984 -0.02500587 -0.1049548 0.1682673 -0.02477288 -0.1039894 0.1661974 -0.02367687 -0.1046602 0.1676363 -0.02299392 -0.1054221 0.1692702 -0.02444994 -0.105574 0.1695953 -0.02426081 -0.1062313 0.1710053 -0.02276092 -0.1062313 0.1710053 -0.02444994 -0.1068887 0.1724153 -0.02299392 -0.1070405 0.1727403 -0.02500587 -0.107508 0.1737424 -0.02589595 -0.1080529 0.1749113 -0.02367687 -0.1078025 0.1743743 -0.02477288 -0.1084733 0.1758133 -0.02621591 -0.1090137 0.1769723 -0.02706897 -0.1084921 0.1758533 -0.02845597 -0.1087998 0.1765133 -0.02997696 -0.1089583 0.1768534 -0.02792394 -0.1093925 0.1777843 -0.02979689 -0.1095876 0.1782023 -0.03172487 -0.1095876 0.1782023 -0.03154397 -0.1089583 0.1768534 -0.03306591 -0.1087998 0.1765133 -0.03359788 -0.1093925 0.1777843 -0.03445291 -0.1084921 0.1758533 -0.0353049 -0.1090137 0.1769723 -0.03562593 -0.1080529 0.1749113 -0.03651595 -0.107508 0.1737424 -0.03674882 -0.1084733 0.1758133 -0.03784483 -0.1078025 0.1743743 -0.03707194 -0.1068887 0.1724153 -0.03076088 -0.07862228 0.1745014 -0.03076088 -0.07270574 0.1618124 -0.03076088 -0.06276214 0.1818963 -0.03076088 -0.05684542 0.1692084 0.01423805 -0.08580672 0.1899083 0.01423805 -0.09172326 0.2025964 0.01423805 -0.06994652 0.1973034 0.01423805 -0.07586312 0.2099924 -0.03076088 -0.07270574 0.1618124 -0.0231269 -0.07270574 0.1618124 -0.02214193 -0.06964302 0.1632413 -0.03076088 -0.05684542 0.1692084 -0.008260965 -0.06130892 0.1671273 0.01423805 -0.05684542 0.1692084 -0.01175683 -0.06168138 0.1669533 -0.01506197 -0.06277853 0.1664423 -0.01799684 -0.06454032 0.1656203 -0.02040088 -0.06687086 0.1645333 0.01423805 -0.07270574 0.1618124 0.005619943 -0.06964302 0.1632413 0.003878057 -0.06687086 0.1645333 0.001473963 -0.06454032 0.1656203 -0.001459956 -0.06277853 0.1664423 -0.004764914 -0.06168138 0.1669533 0.006605029 -0.07270574 0.1618124 -0.03076088 -0.09172326 0.2025964 -0.03076088 -0.08580672 0.1899083 -0.03076088 -0.07586312 0.2099924 -0.03076088 -0.06994652 0.1973034 0.01423805 -0.09172326 0.2025964 0.006605029 -0.09172326 0.2025964 0.01423805 -0.07586312 0.2099924 0.005619943 -0.08866059 0.2040243 0.003878057 -0.08588844 0.2053173 0.001473963 -0.0835579 0.2064033 -0.001459956 -0.0817961 0.2072253 -0.004764914 -0.08069908 0.2077363 -0.008260965 -0.08032661 0.2079102 -0.03076088 -0.07586312 0.2099924 -0.01175683 -0.08069908 0.2077363 -0.01506197 -0.0817961 0.2072253 -0.01799684 -0.0835579 0.2064033 -0.02040088 -0.08588844 0.2053173 -0.02214193 -0.08866059 0.2040243 -0.03076088 -0.09172326 0.2025964 -0.0231269 -0.09172326 0.2025964 0.01423805 -0.07270574 0.1618124 0.01423805 -0.07862228 0.1745014 0.01423805 -0.05684542 0.1692084 0.01423805 -0.06276214 0.1818963 0.01423805 -0.07862228 0.1745014 0.01627302 -0.0787267 0.1747243 0.01423805 -0.06276214 0.1818963 0.01627302 -0.0628665 0.1821203 0.01818805 -0.07903373 0.1753833 0.01818805 -0.06317359 0.1827793 0.01987498 -0.0636655 0.1838343 0.01987498 -0.0795257 0.1764383 0.02123403 -0.0643137 0.1852244 0.02218604 -0.06508052 0.1868683 0.02123403 -0.0801739 0.1778283 0.02218604 -0.08094066 0.1794723 0.02267611 -0.0817815 0.1812763 0.02267611 -0.0659213 0.1886713 0.02267611 -0.0667873 0.1905283 0.02267611 -0.0826475 0.1831333 0.02218604 -0.06762814 0.1923323 0.02218604 -0.08348828 0.1849364 0.02123403 -0.08425509 0.1865803 0.01987498 -0.08490329 0.1879702 0.02123403 -0.06839489 0.1939764 0.01987498 -0.06904309 0.1953663 0.01818805 -0.08539527 0.1890254 0.01818805 -0.06953507 0.1964213 0.01627302 -0.06984215 0.1970803 0.01423805 -0.06994652 0.1973034 0.01627302 -0.08570235 0.1896843 0.01423805 -0.08580672 0.1899083 -0.03076088 -0.08580672 0.1899083 -0.03279495 -0.08570235 0.1896843 -0.03076088 -0.06994652 0.1973034 -0.03279495 -0.06984215 0.1970803 -0.03471088 -0.06953507 0.1964213 -0.03471088 -0.08539527 0.1890254 -0.03639698 -0.08490329 0.1879702 -0.0377559 -0.08425509 0.1865803 -0.03639698 -0.06904309 0.1953663 -0.0377559 -0.06839489 0.1939764 -0.03870892 -0.06762814 0.1923323 -0.03919881 -0.0826475 0.1831333 -0.03919881 -0.0667873 0.1905283 -0.03870892 -0.08348828 0.1849364 -0.03919881 -0.0659213 0.1886713 -0.03919881 -0.0817815 0.1812763 -0.03870892 -0.08094066 0.1794723 -0.03870892 -0.06508052 0.1868683 -0.0377559 -0.0643137 0.1852244 -0.0377559 -0.0801739 0.1778283 -0.03639698 -0.0795257 0.1764383 -0.03471088 -0.07903373 0.1753833 -0.03639698 -0.0636655 0.1838343 -0.03471088 -0.06317359 0.1827793 -0.03279495 -0.0628665 0.1821203 -0.03279495 -0.0787267 0.1747243 -0.03076088 -0.07862228 0.1745014 -0.03076088 -0.06276214 0.1818963 0.006605029 -0.07270574 0.1618124 0.006605029 -0.09172326 0.2025964 0.005619943 -0.06964302 0.1632413 0.003878057 -0.06687086 0.1645333 0.005619943 -0.08866059 0.2040243 0.003878057 -0.08588844 0.2053173 0.001473963 -0.06454032 0.1656203 0.001473963 -0.0835579 0.2064033 -0.001459956 -0.06277853 0.1664423 -0.001459956 -0.0817961 0.2072253 -0.004764914 -0.08069908 0.2077363 -0.004764914 -0.06168138 0.1669533 -0.008260965 -0.06130892 0.1671273 -0.01175683 -0.06168138 0.1669533 -0.008260965 -0.08032661 0.2079102 -0.01175683 -0.08069908 0.2077363 -0.01506197 -0.0817961 0.2072253 -0.01506197 -0.06277853 0.1664423 -0.01799684 -0.06454032 0.1656203 -0.02040088 -0.06687086 0.1645333 -0.01799684 -0.0835579 0.2064033 -0.02040088 -0.08588844 0.2053173 -0.02214193 -0.06964302 0.1632413 -0.02214193 -0.08866059 0.2040243 -0.0231269 -0.07270574 0.1618124 -0.0231269 -0.09172326 0.2025964 0.01423805 -0.09033817 0.1877954 0.01627302 -0.0902338 0.1875714 0.01423805 -0.09625476 0.2004833 0.006605029 -0.09625476 0.2004833 0.01124399 -0.08786696 0.1824952 0.01196604 -0.0881372 0.1830753 0.01281994 -0.08832657 0.1834813 0.01375597 -0.08842408 0.1836903 0.01472097 -0.08842408 0.1836903 0.015657 -0.08832657 0.1834813 0.01818805 -0.08992671 0.1869124 0.01651108 -0.0881372 0.1830753 0.01987498 -0.0894348 0.1858574 0.01723206 -0.08786696 0.1824952 0.02123403 -0.0887866 0.1844673 0.01778006 -0.08753156 0.1817764 0.02218604 -0.08801978 0.1828234 0.01812201 -0.08715051 0.1809593 0.02267611 -0.087179 0.1810203 0.018238 -0.08674597 0.1800913 0.02267611 -0.086313 0.1791623 0.01812201 -0.08634144 0.1792234 0.02218604 -0.08547216 0.1773593 0.01778006 -0.08596038 0.1784062 0.02123403 -0.08470535 0.1757153 0.01723206 -0.08562499 0.1776874 0.01987498 -0.08405715 0.1743253 0.01651108 -0.08535474 0.1771084 0.01818805 -0.08356523 0.1732703 0.015657 -0.08516538 0.1767023 0.01627302 -0.08325815 0.1726112 0.01472097 -0.08506786 0.1764923 0.01423805 -0.08315378 0.1723883 0.01375597 -0.08506786 0.1764923 0.01281994 -0.08516538 0.1767023 0.01196604 -0.08535474 0.1771084 0.01124399 -0.08562499 0.1776874 0.006605029 -0.07723718 0.1596993 0.01069706 -0.08596038 0.1784062 0.01035511 -0.08634144 0.1792234 0.01023805 -0.08674597 0.1800913 0.01035511 -0.08715051 0.1809593 0.01069706 -0.08753156 0.1817764 0.01423805 -0.07723718 0.1596993 0.01023805 -0.08221453 0.1822043 0.01035511 -0.08261907 0.1830723 0.01023805 -0.08674597 0.1800913 0.01035511 -0.08715051 0.1809593 0.01069706 -0.08753156 0.1817764 0.01069706 -0.08300006 0.1838893 0.01124399 -0.08333545 0.1846083 0.01196604 -0.0836057 0.1851884 0.01124399 -0.08786696 0.1824952 0.01196604 -0.0881372 0.1830753 0.01281994 -0.08379513 0.1855943 0.01281994 -0.08832657 0.1834813 0.01375597 -0.08389264 0.1858034 0.01375597 -0.08842408 0.1836903 0.01472097 -0.08389264 0.1858034 0.01472097 -0.08842408 0.1836903 0.015657 -0.08832657 0.1834813 0.015657 -0.08379513 0.1855943 0.01651108 -0.0836057 0.1851884 0.01651108 -0.0881372 0.1830753 0.01723206 -0.08786696 0.1824952 0.01723206 -0.08333545 0.1846083 0.01778006 -0.08753156 0.1817764 0.01778006 -0.08300006 0.1838893 0.01812201 -0.08261907 0.1830723 0.018238 -0.08221453 0.1822043 0.01812201 -0.08715051 0.1809593 0.018238 -0.08674597 0.1800913 0.01812201 -0.08180993 0.1813364 0.01812201 -0.08634144 0.1792234 0.01778006 -0.08142888 0.1805193 0.01778006 -0.08596038 0.1784062 0.01723206 -0.08109354 0.1798002 0.01723206 -0.08562499 0.1776874 0.01651108 -0.08535474 0.1771084 0.015657 -0.08516538 0.1767023 0.01651108 -0.0808233 0.1792213 0.015657 -0.08063387 0.1788144 0.01472097 -0.08053636 0.1786053 0.01375597 -0.08053636 0.1786053 0.01472097 -0.08506786 0.1764923 0.01375597 -0.08506786 0.1764923 0.01281994 -0.08063387 0.1788144 0.01281994 -0.08516538 0.1767023 0.01196604 -0.08535474 0.1771084 0.01196604 -0.0808233 0.1792213 0.01124399 -0.08109354 0.1798002 0.01124399 -0.08562499 0.1776874 0.01069706 -0.08142888 0.1805193 0.01069706 -0.08596038 0.1784062 0.01035511 -0.08180993 0.1813364 0.01035511 -0.08634144 0.1792234 0.01023805 -0.08674597 0.1800913 0.01023805 -0.08221453 0.1822043 0.006605029 -0.07270574 0.1618124 0.01423805 -0.07270574 0.1618124 0.006605029 -0.09172326 0.2025964 0.01423805 -0.07862228 0.1745014 0.01023805 -0.08221453 0.1822043 0.01069706 -0.08142888 0.1805193 0.01035511 -0.08180993 0.1813364 0.01124399 -0.08109354 0.1798002 0.01196604 -0.0808233 0.1792213 0.01281994 -0.08063387 0.1788144 0.01375597 -0.08053636 0.1786053 0.01472097 -0.08053636 0.1786053 0.01627302 -0.0787267 0.1747243 0.015657 -0.08063387 0.1788144 0.01818805 -0.07903373 0.1753833 0.01651108 -0.0808233 0.1792213 0.01987498 -0.0795257 0.1764383 0.01723206 -0.08109354 0.1798002 0.01778006 -0.08142888 0.1805193 0.02123403 -0.0801739 0.1778283 0.02218604 -0.08094066 0.1794723 0.02267611 -0.0817815 0.1812763 0.01812201 -0.08180993 0.1813364 0.018238 -0.08221453 0.1822043 0.01812201 -0.08261907 0.1830723 0.02267611 -0.0826475 0.1831333 0.02218604 -0.08348828 0.1849364 0.02123403 -0.08425509 0.1865803 0.01778006 -0.08300006 0.1838893 0.01723206 -0.08333545 0.1846083 0.01987498 -0.08490329 0.1879702 0.01651108 -0.0836057 0.1851884 0.01818805 -0.08539527 0.1890254 0.015657 -0.08379513 0.1855943 0.01627302 -0.08570235 0.1896843 0.01472097 -0.08389264 0.1858034 0.01375597 -0.08389264 0.1858034 0.01423805 -0.08580672 0.1899083 0.01423805 -0.09172326 0.2025964 0.01196604 -0.0836057 0.1851884 0.01281994 -0.08379513 0.1855943 0.01124399 -0.08333545 0.1846083 0.01069706 -0.08300006 0.1838893 0.01035511 -0.08261907 0.1830723 -0.03076088 -0.09172326 0.2025964 -0.03076088 -0.08580672 0.1899083 -0.0231269 -0.09172326 0.2025964 -0.02776694 -0.08333545 0.1846083 -0.02687686 -0.08261907 0.1830723 -0.0231269 -0.07270574 0.1618124 -0.02721887 -0.08300006 0.1838893 -0.02676093 -0.08221453 0.1822043 -0.02687686 -0.08180993 0.1813364 -0.02721887 -0.08142888 0.1805193 -0.02776694 -0.08109354 0.1798002 -0.02848887 -0.0808233 0.1792213 -0.03076088 -0.07862228 0.1745014 -0.03076088 -0.07270574 0.1618124 -0.02934283 -0.08063387 0.1788144 -0.03279495 -0.0787267 0.1747243 -0.03027892 -0.08053636 0.1786053 -0.0312429 -0.08053636 0.1786053 -0.03217881 -0.08063387 0.1788144 -0.03303289 -0.0808233 0.1792213 -0.03471088 -0.07903373 0.1753833 -0.03639698 -0.0795257 0.1764383 -0.0377559 -0.0801739 0.1778283 -0.03375494 -0.08109354 0.1798002 -0.03430289 -0.08142888 0.1805193 -0.03464496 -0.08180993 0.1813364 -0.03870892 -0.08094066 0.1794723 -0.03919881 -0.0817815 0.1812763 -0.03919881 -0.0826475 0.1831333 -0.03476095 -0.08221453 0.1822043 -0.03464496 -0.08261907 0.1830723 -0.03870892 -0.08348828 0.1849364 -0.03430289 -0.08300006 0.1838893 -0.03375494 -0.08333545 0.1846083 -0.0377559 -0.08425509 0.1865803 -0.03639698 -0.08490329 0.1879702 -0.03471088 -0.08539527 0.1890254 -0.03303289 -0.0836057 0.1851884 -0.03217881 -0.08379513 0.1855943 -0.03279495 -0.08570235 0.1896843 -0.0312429 -0.08389264 0.1858034 -0.03027892 -0.08389264 0.1858034 -0.02934283 -0.08379513 0.1855943 -0.02848887 -0.0836057 0.1851884 -0.03076088 -0.07723718 0.1596993 -0.03076088 -0.08315378 0.1723883 -0.0231269 -0.07723718 0.1596993 -0.0231269 -0.09625476 0.2004833 -0.02676093 -0.08674597 0.1800913 -0.02721887 -0.08596038 0.1784062 -0.02776694 -0.08562499 0.1776874 -0.02687686 -0.08634144 0.1792234 -0.02848887 -0.08535474 0.1771084 -0.02934283 -0.08516538 0.1767023 -0.03027892 -0.08506786 0.1764923 -0.0312429 -0.08506786 0.1764923 -0.03279495 -0.08325815 0.1726112 -0.03217881 -0.08516538 0.1767023 -0.03303289 -0.08535474 0.1771084 -0.03471088 -0.08356523 0.1732703 -0.03639698 -0.08405715 0.1743253 -0.0377559 -0.08470535 0.1757153 -0.03375494 -0.08562499 0.1776874 -0.03430289 -0.08596038 0.1784062 -0.03870892 -0.08547216 0.1773593 -0.03464496 -0.08634144 0.1792234 -0.03476095 -0.08674597 0.1800913 -0.03919881 -0.086313 0.1791623 -0.03919881 -0.087179 0.1810203 -0.03870892 -0.08801978 0.1828234 -0.03464496 -0.08715051 0.1809593 -0.03430289 -0.08753156 0.1817764 -0.0377559 -0.0887866 0.1844673 -0.03375494 -0.08786696 0.1824952 -0.03639698 -0.0894348 0.1858574 -0.03303289 -0.0881372 0.1830753 -0.03217881 -0.08832657 0.1834813 -0.03471088 -0.08992671 0.1869124 -0.03279495 -0.0902338 0.1875714 -0.0312429 -0.08842408 0.1836903 -0.03076088 -0.09033817 0.1877954 -0.03076088 -0.09625476 0.2004833 -0.03027892 -0.08842408 0.1836903 -0.02934283 -0.08832657 0.1834813 -0.02848887 -0.0881372 0.1830753 -0.02776694 -0.08786696 0.1824952 -0.02721887 -0.08753156 0.1817764 -0.02687686 -0.08715051 0.1809593 -0.03476095 -0.08221453 0.1822043 -0.03464496 -0.08261907 0.1830723 -0.03476095 -0.08674597 0.1800913 -0.03464496 -0.08715051 0.1809593 -0.03430289 -0.08300006 0.1838893 -0.03430289 -0.08753156 0.1817764 -0.03375494 -0.08333545 0.1846083 -0.03375494 -0.08786696 0.1824952 -0.03303289 -0.0836057 0.1851884 -0.03303289 -0.0881372 0.1830753 -0.03217881 -0.08379513 0.1855943 -0.03217881 -0.08832657 0.1834813 -0.0312429 -0.08389264 0.1858034 -0.0312429 -0.08842408 0.1836903 -0.03027892 -0.08389264 0.1858034 -0.03027892 -0.08842408 0.1836903 -0.02934283 -0.08832657 0.1834813 -0.02848887 -0.0881372 0.1830753 -0.02934283 -0.08379513 0.1855943 -0.02848887 -0.0836057 0.1851884 -0.02776694 -0.08333545 0.1846083 -0.02721887 -0.08753156 0.1817764 -0.02721887 -0.08300006 0.1838893 -0.02776694 -0.08786696 0.1824952 -0.02687686 -0.08261907 0.1830723 -0.02676093 -0.08221453 0.1822043 -0.02687686 -0.08715051 0.1809593 -0.02676093 -0.08674597 0.1800913 -0.02687686 -0.08180993 0.1813364 -0.02687686 -0.08634144 0.1792234 -0.02721887 -0.08142888 0.1805193 -0.02721887 -0.08596038 0.1784062 -0.02776694 -0.08562499 0.1776874 -0.02776694 -0.08109354 0.1798002 -0.02848887 -0.08535474 0.1771084 -0.02848887 -0.0808233 0.1792213 -0.02934283 -0.08063387 0.1788144 -0.03027892 -0.08053636 0.1786053 -0.02934283 -0.08516538 0.1767023 -0.03027892 -0.08506786 0.1764923 -0.0312429 -0.08053636 0.1786053 -0.0312429 -0.08506786 0.1764923 -0.03217881 -0.08063387 0.1788144 -0.03217881 -0.08516538 0.1767023 -0.03303289 -0.08535474 0.1771084 -0.03303289 -0.0808233 0.1792213 -0.03375494 -0.08109354 0.1798002 -0.03375494 -0.08562499 0.1776874 -0.03430289 -0.08596038 0.1784062 -0.03430289 -0.08142888 0.1805193 -0.03464496 -0.08180993 0.1813364 -0.03476095 -0.08221453 0.1822043 -0.03464496 -0.08634144 0.1792234 -0.03476095 -0.08674597 0.1800913 -0.03076088 -0.1084641 0.1793423 -0.03076088 -0.1143807 0.1920313 -0.03279495 -0.1083597 0.1791183 -0.02792394 -0.1080331 0.1784183 -0.02979689 -0.1082282 0.1788363 -0.03172487 -0.1082282 0.1788363 -0.03359788 -0.1080331 0.1784183 -0.03471088 -0.1080526 0.1784602 -0.0353049 -0.1076543 0.1776063 -0.03639698 -0.1075607 0.1774052 -0.03674882 -0.1071138 0.1764473 -0.03784483 -0.1064431 0.1750084 -0.0377559 -0.1069125 0.1760153 -0.03870892 -0.1061457 0.1743702 -0.03919881 -0.1053049 0.1725673 -0.0385279 -0.105681 0.1733744 -0.0387609 -0.1048719 0.1716393 -0.0385279 -0.1040628 0.1699043 -0.03919881 -0.1044389 0.1707103 -0.03870892 -0.1035981 0.1689074 -0.0377559 -0.1028313 0.1672633 -0.03784483 -0.1033007 0.1682693 -0.03674882 -0.10263 0.1668313 -0.03639698 -0.1021831 0.1658734 -0.0353049 -0.1020895 0.1656724 -0.03471088 -0.1016911 0.1648184 -0.03359788 -0.1017107 0.1648594 -0.03172487 -0.1015157 0.1644413 -0.03279495 -0.1013841 0.1641594 -0.03076088 -0.1012797 0.1639354 -0.02979689 -0.1015157 0.1644413 -0.03076088 -0.09536314 0.1512473 -0.02792394 -0.1017107 0.1648594 -0.02621591 -0.1020895 0.1656724 -0.02477288 -0.10263 0.1668313 0.008249998 -0.10263 0.1668313 -0.02367687 -0.1033007 0.1682693 0.007155001 -0.1033007 0.1682693 -0.02299392 -0.1040628 0.1699043 0.006470978 -0.1040628 0.1699043 -0.02276092 -0.1048719 0.1716393 0.006238996 -0.1048719 0.1716393 -0.02299392 -0.105681 0.1733744 0.006470978 -0.105681 0.1733744 0.007155001 -0.1064431 0.1750084 -0.02367687 -0.1064431 0.1750084 -0.02477288 -0.1071138 0.1764473 0.008249998 -0.1071138 0.1764473 0.01423805 -0.1143807 0.1920313 0.009694099 -0.1076543 0.1776063 0.01140213 -0.1080331 0.1784183 0.01327407 -0.1082282 0.1788363 0.01423805 -0.1084641 0.1793423 0.01627302 -0.1083597 0.1791183 0.01520305 -0.1082282 0.1788363 0.01707506 -0.1080331 0.1784183 0.01878309 -0.1076543 0.1776063 0.01818805 -0.1080526 0.1784602 0.01987498 -0.1075607 0.1774052 0.02123403 -0.1069125 0.1760153 0.02022707 -0.1071138 0.1764473 0.02132201 -0.1064431 0.1750084 0.02218604 -0.1061457 0.1743702 0.02200603 -0.105681 0.1733744 0.02223801 -0.1048719 0.1716393 0.02267611 -0.1053049 0.1725673 0.02267611 -0.1044389 0.1707103 0.02218604 -0.1035981 0.1689074 0.02200603 -0.1040628 0.1699043 0.02132201 -0.1033007 0.1682693 0.02022707 -0.10263 0.1668313 0.02123403 -0.1028313 0.1672633 0.01987498 -0.1021831 0.1658734 0.01878309 -0.1020895 0.1656724 0.01818805 -0.1016911 0.1648184 0.01627302 -0.1013841 0.1641594 0.01707506 -0.1017107 0.1648594 0.01520305 -0.1015157 0.1644413 0.01423805 -0.1012797 0.1639354 0.01327407 -0.1015157 0.1644413 0.01140213 -0.1017107 0.1648594 0.01423805 -0.09536314 0.1512473 0.009694099 -0.1020895 0.1656724 -0.02621591 -0.1076543 0.1776063 -0.0231269 -0.07723718 0.1596993 -0.0231269 -0.09625476 0.2004833 -0.02214193 -0.08029991 0.1582713 -0.02214193 -0.09931749 0.1990543 -0.02040088 -0.1020897 0.1977623 -0.01799684 -0.1044201 0.1966754 -0.02040088 -0.08307206 0.1569793 -0.01799684 -0.0854026 0.1558923 -0.01506197 -0.0871644 0.1550703 -0.01506197 -0.106182 0.1958544 -0.01175683 -0.107279 0.1953424 -0.008260965 -0.1076514 0.1951683 -0.01175683 -0.08826142 0.1545593 -0.008260965 -0.08863389 0.1543853 -0.004764914 -0.107279 0.1953424 -0.004764914 -0.08826142 0.1545593 -0.001459956 -0.0871644 0.1550703 -0.001459956 -0.106182 0.1958544 0.001473963 -0.1044201 0.1966754 0.001473963 -0.0854026 0.1558923 0.003878057 -0.1020897 0.1977623 0.005619943 -0.09931749 0.1990543 0.003878057 -0.08307206 0.1569793 0.005619943 -0.08029991 0.1582713 0.006605029 -0.09625476 0.2004833 0.006605029 -0.07723718 0.1596993 -0.03076088 -0.09625476 0.2004833 -0.0231269 -0.09625476 0.2004833 -0.03076088 -0.1143807 0.1920313 -0.02214193 -0.09931749 0.1990543 -0.02040088 -0.1020897 0.1977623 -0.01799684 -0.1044201 0.1966754 -0.01506197 -0.106182 0.1958544 -0.01175683 -0.107279 0.1953424 -0.008260965 -0.1076514 0.1951683 0.01423805 -0.1143807 0.1920313 -0.004764914 -0.107279 0.1953424 -0.001459956 -0.106182 0.1958544 0.001473963 -0.1044201 0.1966754 0.003878057 -0.1020897 0.1977623 0.005619943 -0.09931749 0.1990543 0.01423805 -0.09625476 0.2004833 0.006605029 -0.09625476 0.2004833 -0.03076088 -0.08315378 0.1723883 -0.03279495 -0.08325815 0.1726112 -0.03076088 -0.1012797 0.1639354 -0.03279495 -0.1013841 0.1641594 -0.03471088 -0.1016911 0.1648184 -0.03639698 -0.1021831 0.1658734 -0.03471088 -0.08356523 0.1732703 -0.03639698 -0.08405715 0.1743253 -0.0377559 -0.08470535 0.1757153 -0.0377559 -0.1028313 0.1672633 -0.03870892 -0.08547216 0.1773593 -0.03919881 -0.086313 0.1791623 -0.03870892 -0.1035981 0.1689074 -0.03919881 -0.1044389 0.1707103 -0.03919881 -0.1053049 0.1725673 -0.03870892 -0.1061457 0.1743702 -0.03919881 -0.087179 0.1810203 -0.03870892 -0.08801978 0.1828234 -0.0377559 -0.0887866 0.1844673 -0.0377559 -0.1069125 0.1760153 -0.03639698 -0.1075607 0.1774052 -0.03471088 -0.1080526 0.1784602 -0.03639698 -0.0894348 0.1858574 -0.03471088 -0.08992671 0.1869124 -0.03279495 -0.0902338 0.1875714 -0.03279495 -0.1083597 0.1791183 -0.03076088 -0.1084641 0.1793423 -0.03076088 -0.09033817 0.1877954 -0.03076088 -0.09033817 0.1877954 -0.03076088 -0.09625476 0.2004833 -0.03076088 -0.1084641 0.1793423 -0.03076088 -0.1143807 0.1920313 0.01423805 -0.09033817 0.1877954 0.01627302 -0.0902338 0.1875714 0.01423805 -0.1084641 0.1793423 0.01627302 -0.1083597 0.1791183 0.01818805 -0.1080526 0.1784602 0.01987498 -0.1075607 0.1774052 0.01818805 -0.08992671 0.1869124 0.01987498 -0.0894348 0.1858574 0.02123403 -0.0887866 0.1844673 0.02218604 -0.08801978 0.1828234 0.02123403 -0.1069125 0.1760153 0.02218604 -0.1061457 0.1743702 0.02267611 -0.087179 0.1810203 0.02267611 -0.1053049 0.1725673 0.02267611 -0.086313 0.1791623 0.02267611 -0.1044389 0.1707103 0.02218604 -0.1035981 0.1689074 0.02218604 -0.08547216 0.1773593 0.02123403 -0.08470535 0.1757153 0.01987498 -0.08405715 0.1743253 0.02123403 -0.1028313 0.1672633 0.01987498 -0.1021831 0.1658734 0.01818805 -0.1016911 0.1648184 0.01818805 -0.08356523 0.1732703 0.01627302 -0.08325815 0.1726112 0.01423805 -0.08315378 0.1723883 0.01627302 -0.1013841 0.1641594 0.01423805 -0.1012797 0.1639354 0.01423805 -0.08315378 0.1723883 0.01423805 -0.07723718 0.1596993 0.01423805 -0.1012797 0.1639354 0.01423805 -0.09536314 0.1512473 0.01423805 -0.07723718 0.1596993 0.006605029 -0.07723718 0.1596993 0.01423805 -0.09536314 0.1512473 0.003878057 -0.08307206 0.1569793 0.005619943 -0.08029991 0.1582713 0.001473963 -0.0854026 0.1558923 -0.001459956 -0.0871644 0.1550703 -0.004764914 -0.08826142 0.1545593 -0.008260965 -0.08863389 0.1543853 -0.01175683 -0.08826142 0.1545593 -0.03076088 -0.09536314 0.1512473 -0.01506197 -0.0871644 0.1550703 -0.03076088 -0.07723718 0.1596993 -0.02040088 -0.08307206 0.1569793 -0.01799684 -0.0854026 0.1558923 -0.02214193 -0.08029991 0.1582713 -0.0231269 -0.07723718 0.1596993 0.01423805 -0.09625476 0.2004833 0.01423805 -0.09033817 0.1877954 0.01423805 -0.1143807 0.1920313 0.01423805 -0.1084641 0.1793423 -0.03076088 -0.07723718 0.1596993 -0.03076088 -0.08315378 0.1723883 -0.03076088 -0.09536314 0.1512473 -0.03076088 -0.1012797 0.1639354 -0.0387609 -0.1062313 0.1710053 -0.0385279 -0.1070405 0.1727403 -0.0385279 -0.105681 0.1733744 -0.0387609 -0.1048719 0.1716393 -0.0385279 -0.1054221 0.1692702 -0.0385279 -0.1040628 0.1699043 -0.03784483 -0.1046602 0.1676363 -0.03784483 -0.1033007 0.1682693 -0.03674882 -0.1039894 0.1661974 -0.03674882 -0.10263 0.1668313 -0.0353049 -0.1034489 0.1650383 -0.0353049 -0.1020895 0.1656724 -0.03359788 -0.1030701 0.1642264 -0.03172487 -0.1028751 0.1638073 -0.03359788 -0.1017107 0.1648594 -0.03172487 -0.1015157 0.1644413 -0.02979689 -0.1015157 0.1644413 -0.02979689 -0.1028751 0.1638073 -0.02792394 -0.1030701 0.1642264 -0.02621591 -0.1034489 0.1650383 -0.02792394 -0.1017107 0.1648594 -0.02621591 -0.1020895 0.1656724 -0.02477288 -0.10263 0.1668313 -0.02477288 -0.1039894 0.1661974 -0.02367687 -0.1046602 0.1676363 -0.02367687 -0.1033007 0.1682693 -0.02299392 -0.1054221 0.1692702 -0.02299392 -0.1040628 0.1699043 -0.02276092 -0.1062313 0.1710053 -0.02276092 -0.1048719 0.1716393 -0.03784483 -0.1064431 0.1750084 -0.03674882 -0.1071138 0.1764473 -0.03784483 -0.1078025 0.1743743 -0.03674882 -0.1084733 0.1758133 -0.0353049 -0.1090137 0.1769723 -0.0353049 -0.1076543 0.1776063 -0.03359788 -0.1080331 0.1784183 -0.03359788 -0.1093925 0.1777843 -0.03172487 -0.1082282 0.1788363 -0.02979689 -0.1082282 0.1788363 -0.03172487 -0.1095876 0.1782023 -0.02979689 -0.1095876 0.1782023 -0.02792394 -0.1093925 0.1777843 -0.02792394 -0.1080331 0.1784183 -0.02621591 -0.1076543 0.1776063 -0.02621591 -0.1090137 0.1769723 -0.02477288 -0.1071138 0.1764473 -0.02367687 -0.1064431 0.1750084 -0.02477288 -0.1084733 0.1758133 -0.02367687 -0.1078025 0.1743743 -0.02299392 -0.105681 0.1733744 -0.02299392 -0.1070405 0.1727403 -0.02276092 -0.1062313 0.1710053 -0.02276092 -0.1048719 0.1716393 0.006238996 -0.1062313 0.1710053 0.006470978 -0.1070405 0.1727403 0.006470978 -0.1054221 0.1692702 0.007739067 -0.1062313 0.1710053 0.00792706 -0.105574 0.1695953 0.008483052 -0.1049548 0.1682673 0.007155001 -0.1046602 0.1676363 0.009373068 -0.1044098 0.1670984 0.008249998 -0.1039894 0.1661974 0.01054602 -0.1039706 0.1661573 0.009694099 -0.1034489 0.1650383 0.01193302 -0.1036629 0.1654974 0.01345503 -0.1035044 0.1651573 0.01140213 -0.1030701 0.1642264 0.01327407 -0.1028751 0.1638073 0.01520305 -0.1028751 0.1638073 0.01502197 -0.1035044 0.1651573 0.01654303 -0.1036629 0.1654974 0.0179311 -0.1039706 0.1661573 0.01707506 -0.1030701 0.1642264 0.01878309 -0.1034489 0.1650383 0.02022707 -0.1039894 0.1661974 0.01910412 -0.1044098 0.1670984 0.01999402 -0.1049548 0.1682673 0.02132201 -0.1046602 0.1676363 0.02054899 -0.105574 0.1695953 0.02200603 -0.1054221 0.1692702 0.02073812 -0.1062313 0.1710053 0.02054899 -0.1068887 0.1724153 0.02223801 -0.1062313 0.1710053 0.02200603 -0.1070405 0.1727403 0.02132201 -0.1078025 0.1743743 0.01999402 -0.107508 0.1737424 0.01910412 -0.1080529 0.1749113 0.02022707 -0.1084733 0.1758133 0.0179311 -0.1084921 0.1758533 0.01654303 -0.1087998 0.1765133 0.01878309 -0.1090137 0.1769723 0.01707506 -0.1093925 0.1777843 0.01520305 -0.1095876 0.1782023 0.01502197 -0.1089583 0.1768534 0.01345503 -0.1089583 0.1768534 0.01327407 -0.1095876 0.1782023 0.01193302 -0.1087998 0.1765133 0.01054602 -0.1084921 0.1758533 0.01140213 -0.1093925 0.1777843 0.009694099 -0.1090137 0.1769723 0.008249998 -0.1084733 0.1758133 0.009373068 -0.1080529 0.1749113 0.008483052 -0.107508 0.1737424 0.007155001 -0.1078025 0.1743743 0.00792706 -0.1068887 0.1724153 0.006238996 -0.1062313 0.1710053 0.006470978 -0.105681 0.1733744 0.006470978 -0.1054221 0.1692702 0.006238996 -0.1048719 0.1716393 0.006470978 -0.1070405 0.1727403 0.007155001 -0.1064431 0.1750084 0.007155001 -0.1078025 0.1743743 0.008249998 -0.1084733 0.1758133 0.008249998 -0.1071138 0.1764473 0.009694099 -0.1076543 0.1776063 0.009694099 -0.1090137 0.1769723 0.01140213 -0.1080331 0.1784183 0.01140213 -0.1093925 0.1777843 0.01327407 -0.1082282 0.1788363 0.01520305 -0.1082282 0.1788363 0.01327407 -0.1095876 0.1782023 0.01520305 -0.1095876 0.1782023 0.01707506 -0.1093925 0.1777843 0.01707506 -0.1080331 0.1784183 0.01878309 -0.1076543 0.1776063 0.02022707 -0.1071138 0.1764473 0.01878309 -0.1090137 0.1769723 0.02022707 -0.1084733 0.1758133 0.02132201 -0.1078025 0.1743743 0.02132201 -0.1064431 0.1750084 0.02200603 -0.105681 0.1733744 0.02200603 -0.1070405 0.1727403 0.02223801 -0.1048719 0.1716393 0.02223801 -0.1062313 0.1710053 0.006470978 -0.1040628 0.1699043 0.007155001 -0.1046602 0.1676363 0.007155001 -0.1033007 0.1682693 0.008249998 -0.10263 0.1668313 0.008249998 -0.1039894 0.1661974 0.009694099 -0.1034489 0.1650383 0.009694099 -0.1020895 0.1656724 0.01140213 -0.1030701 0.1642264 0.01140213 -0.1017107 0.1648594 0.01327407 -0.1028751 0.1638073 0.01520305 -0.1028751 0.1638073 0.01327407 -0.1015157 0.1644413 0.01520305 -0.1015157 0.1644413 0.01707506 -0.1017107 0.1648594 0.01707506 -0.1030701 0.1642264 0.01878309 -0.1034489 0.1650383 0.01878309 -0.1020895 0.1656724 0.02022707 -0.1039894 0.1661974 0.02132201 -0.1046602 0.1676363 0.02022707 -0.10263 0.1668313 0.02132201 -0.1033007 0.1682693 0.02200603 -0.1054221 0.1692702 0.02200603 -0.1040628 0.1699043 0.02223801 -0.1062313 0.1710053 0.02223801 -0.1048719 0.1716393 -0.02426081 -0.1134817 0.1676242 -0.02444994 -0.1128243 0.1662143 -0.02426081 -0.1062313 0.1710053 -0.02444994 -0.105574 0.1695953 -0.02500587 -0.1049548 0.1682673 -0.02500587 -0.1122052 0.1648862 -0.02589595 -0.1116601 0.1637183 -0.02706897 -0.111221 0.1627763 -0.02589595 -0.1044098 0.1670984 -0.02706897 -0.1039706 0.1661573 -0.02845597 -0.1109132 0.1621164 -0.02845597 -0.1036629 0.1654974 -0.02997696 -0.1107547 0.1617764 -0.02997696 -0.1035044 0.1651573 -0.03154397 -0.1107547 0.1617764 -0.03154397 -0.1035044 0.1651573 -0.03306591 -0.1109132 0.1621164 -0.03306591 -0.1036629 0.1654974 -0.03445291 -0.1039706 0.1661573 -0.03445291 -0.111221 0.1627763 -0.03562593 -0.1116601 0.1637183 -0.03651595 -0.1122052 0.1648862 -0.03562593 -0.1044098 0.1670984 -0.03651595 -0.1049548 0.1682673 -0.03707194 -0.1128243 0.1662143 -0.03707194 -0.105574 0.1695953 -0.03726089 -0.1134817 0.1676242 -0.03726089 -0.1062313 0.1710053 -0.03707194 -0.1141391 0.1690343 -0.03707194 -0.1068887 0.1724153 -0.03651595 -0.1147583 0.1703623 -0.03651595 -0.107508 0.1737424 -0.03562593 -0.1153033 0.1715303 -0.03562593 -0.1080529 0.1749113 -0.03445291 -0.1084921 0.1758533 -0.03445291 -0.1157425 0.1724722 -0.03306591 -0.1160502 0.1731324 -0.03154397 -0.1162087 0.1734724 -0.03306591 -0.1087998 0.1765133 -0.03154397 -0.1089583 0.1768534 -0.02997696 -0.1162087 0.1734724 -0.02997696 -0.1089583 0.1768534 -0.02845597 -0.1160502 0.1731324 -0.02845597 -0.1087998 0.1765133 -0.02706897 -0.1157425 0.1724722 -0.02706897 -0.1084921 0.1758533 -0.02589595 -0.1153033 0.1715303 -0.02589595 -0.1080529 0.1749113 -0.02500587 -0.1147583 0.1703623 -0.02500587 -0.107508 0.1737424 -0.02444994 -0.1068887 0.1724153 -0.02444994 -0.1141391 0.1690343 -0.02426081 -0.1134817 0.1676242 -0.02426081 -0.1062313 0.1710053 -0.02426081 -0.1134817 0.1676242 -0.02444994 -0.1128243 0.1662143 -0.03726089 -0.1134817 0.1676242 -0.03707194 -0.1141391 0.1690343 -0.02444994 -0.1141391 0.1690343 -0.03651595 -0.1147583 0.1703623 -0.02500587 -0.1147583 0.1703623 -0.02589595 -0.1153033 0.1715303 -0.03562593 -0.1153033 0.1715303 -0.03445291 -0.1157425 0.1724722 -0.03306591 -0.1160502 0.1731324 -0.03154397 -0.1162087 0.1734724 -0.02997696 -0.1162087 0.1734724 -0.02845597 -0.1160502 0.1731324 -0.02706897 -0.1157425 0.1724722 -0.03707194 -0.1128243 0.1662143 -0.02500587 -0.1122052 0.1648862 -0.03562593 -0.1116601 0.1637183 -0.03651595 -0.1122052 0.1648862 -0.02589595 -0.1116601 0.1637183 -0.03445291 -0.111221 0.1627763 -0.02845597 -0.1109132 0.1621164 -0.02706897 -0.111221 0.1627763 -0.02997696 -0.1107547 0.1617764 -0.03154397 -0.1107547 0.1617764 -0.03306591 -0.1109132 0.1621164 0.02073812 -0.1134817 0.1676242 0.02054899 -0.1141391 0.1690343 0.02073812 -0.1062313 0.1710053 0.02054899 -0.1068887 0.1724153 0.01999402 -0.107508 0.1737424 0.01910412 -0.1080529 0.1749113 0.01999402 -0.1147583 0.1703623 0.01910412 -0.1153033 0.1715303 0.0179311 -0.1084921 0.1758533 0.0179311 -0.1157425 0.1724722 0.01654303 -0.1160502 0.1731324 0.01654303 -0.1087998 0.1765133 0.01502197 -0.1089583 0.1768534 0.01502197 -0.1162087 0.1734724 0.01345503 -0.1089583 0.1768534 0.01345503 -0.1162087 0.1734724 0.01193302 -0.1087998 0.1765133 0.01193302 -0.1160502 0.1731324 0.01054602 -0.1084921 0.1758533 0.009373068 -0.1080529 0.1749113 0.01054602 -0.1157425 0.1724722 0.009373068 -0.1153033 0.1715303 0.008483052 -0.1147583 0.1703623 0.008483052 -0.107508 0.1737424 0.00792706 -0.1068887 0.1724153 0.00792706 -0.1141391 0.1690343 0.007739067 -0.1062313 0.1710053 0.007739067 -0.1134817 0.1676242 0.00792706 -0.105574 0.1695953 0.00792706 -0.1128243 0.1662143 0.008483052 -0.1049548 0.1682673 0.008483052 -0.1122052 0.1648862 0.009373068 -0.1044098 0.1670984 0.009373068 -0.1116601 0.1637183 0.01054602 -0.1039706 0.1661573 0.01193302 -0.1036629 0.1654974 0.01054602 -0.111221 0.1627763 0.01193302 -0.1109132 0.1621164 0.01345503 -0.1107547 0.1617764 0.01345503 -0.1035044 0.1651573 0.01502197 -0.1035044 0.1651573 0.01502197 -0.1107547 0.1617764 0.01654303 -0.1036629 0.1654974 0.01654303 -0.1109132 0.1621164 0.0179311 -0.1039706 0.1661573 0.0179311 -0.111221 0.1627763 0.01910412 -0.1044098 0.1670984 0.01910412 -0.1116601 0.1637183 0.01999402 -0.1049548 0.1682673 0.01999402 -0.1122052 0.1648862 0.02054899 -0.105574 0.1695953 0.02073812 -0.1062313 0.1710053 0.02054899 -0.1128243 0.1662143 0.02073812 -0.1134817 0.1676242 0.02073812 -0.1134817 0.1676242 0.02054899 -0.1128243 0.1662143 0.02054899 -0.1141391 0.1690343 0.007739067 -0.1134817 0.1676242 0.00792706 -0.1128243 0.1662143 0.008483052 -0.1122052 0.1648862 0.01999402 -0.1122052 0.1648862 0.01910412 -0.1116601 0.1637183 0.009373068 -0.1116601 0.1637183 0.01054602 -0.111221 0.1627763 0.01193302 -0.1109132 0.1621164 0.0179311 -0.111221 0.1627763 0.01502197 -0.1107547 0.1617764 0.01654303 -0.1109132 0.1621164 0.01345503 -0.1107547 0.1617764 0.00792706 -0.1141391 0.1690343 0.009373068 -0.1153033 0.1715303 0.01999402 -0.1147583 0.1703623 0.01910412 -0.1153033 0.1715303 0.008483052 -0.1147583 0.1703623 0.0179311 -0.1157425 0.1724722 0.01654303 -0.1160502 0.1731324 0.01502197 -0.1162087 0.1734724 0.01345503 -0.1162087 0.1734724 0.01193302 -0.1160502 0.1731324 0.01054602 -0.1157425 0.1724722 -0.03176093 -0.06110697 0.1606013 -0.03190582 -0.06161278 0.1616853 -0.03190582 -0.06060141 0.1595163 -0.03233397 -0.06012511 0.1584954 -0.03301787 -0.06250828 0.1636064 -0.03301787 -0.05970585 0.1575963 -0.03392088 -0.05936807 0.1568723 -0.03392088 -0.06284612 0.1643303 -0.03498786 -0.05913132 0.1563643 -0.0361579 -0.05900943 0.1561024 -0.0361579 -0.06320476 0.1650993 -0.03498786 -0.06308281 0.1648383 -0.03736382 -0.06320476 0.1650993 -0.03736382 -0.05900943 0.1561024 -0.03853386 -0.05913132 0.1563643 -0.03853386 -0.06308281 0.1648383 -0.0396009 -0.05936807 0.1568723 -0.0405029 -0.05970585 0.1575963 -0.0396009 -0.06284612 0.1643303 -0.0405029 -0.06250828 0.1636064 -0.04118788 -0.06012511 0.1584954 -0.04161489 -0.06161278 0.1616853 -0.04161489 -0.06060141 0.1595163 -0.04176092 -0.06110697 0.1606013 -0.04118788 -0.06208896 0.1627073 -0.03233397 -0.06208896 0.1627073 -0.03176093 -0.06110697 0.1606013 -0.03190582 -0.06161278 0.1616853 -0.03176093 -0.05566918 0.1631363 -0.03191381 -0.05618792 0.1642494 -0.03233397 -0.06208896 0.1627073 -0.03236389 -0.05667489 0.1652933 -0.03301787 -0.06250828 0.1636064 -0.03308182 -0.05710041 0.1662063 -0.03402584 -0.05743831 0.1669303 -0.03392088 -0.06284612 0.1643303 -0.03498786 -0.06308281 0.1648383 -0.0361579 -0.06320476 0.1650993 -0.03513687 -0.05766785 0.1674224 -0.03634798 -0.05777508 0.1676533 -0.03736382 -0.06320476 0.1650993 -0.03758388 -0.05775356 0.1676063 -0.03853386 -0.06308281 0.1648383 -0.03876882 -0.05760437 0.1672863 -0.0396009 -0.06284612 0.1643303 -0.03983181 -0.05733668 0.1667124 -0.0405029 -0.06250828 0.1636064 -0.04070585 -0.05696707 0.1659203 -0.04118788 -0.06208896 0.1627073 -0.04133999 -0.05651795 0.1649574 -0.04169297 -0.0560171 0.1638823 -0.04161489 -0.06161278 0.1616853 -0.04176092 -0.06110697 0.1606013 -0.04174387 -0.05549466 0.1627624 -0.04161489 -0.06060141 0.1595163 -0.04148989 -0.05498307 0.1616653 -0.04118788 -0.06012511 0.1584954 -0.0405029 -0.05970585 0.1575963 -0.04094696 -0.05451357 0.1606582 -0.04014688 -0.05411458 0.1598033 -0.0396009 -0.05936807 0.1568723 -0.03914088 -0.05381089 0.1591513 -0.03853386 -0.05913132 0.1563643 -0.03798788 -0.05362087 0.1587443 -0.03736382 -0.05900943 0.1561024 -0.03676086 -0.05355626 0.1586053 -0.03564792 -0.05360919 0.1587194 -0.0361579 -0.05900943 0.1561024 -0.03498786 -0.05913132 0.1563643 -0.03392088 -0.05936807 0.1568723 -0.03459191 -0.05376535 0.1590543 -0.03364282 -0.05401712 0.1595944 -0.03301787 -0.05970585 0.1575963 -0.03285193 -0.05435168 0.1603113 -0.03233397 -0.06012511 0.1584954 -0.03225582 -0.05475234 0.1611703 -0.03190582 -0.06060141 0.1595163 -0.03188598 -0.05519896 0.1621283 -0.03176093 -0.06110697 0.1606013 -0.03176093 -0.05566918 0.1631363 -0.04376083 -0.05566918 0.1631363 -0.04355686 -0.05496132 0.1616183 -0.04174387 -0.05549466 0.1627624 -0.04355686 -0.05637729 0.1646553 -0.04169297 -0.0560171 0.1638823 -0.04133999 -0.05651795 0.1649574 -0.04295897 -0.05704396 0.1660853 -0.04070585 -0.05696707 0.1659203 -0.03983181 -0.05733668 0.1667124 -0.04199987 -0.05763089 0.1673433 -0.04073691 -0.05810379 0.1683583 -0.03924298 -0.05843532 0.1690683 -0.03876882 -0.05760437 0.1672863 -0.03758388 -0.05775356 0.1676063 -0.03760486 -0.0586059 0.1694343 -0.03634798 -0.05777508 0.1676533 -0.03513687 -0.05766785 0.1674224 -0.03591692 -0.0586059 0.1694343 -0.03427881 -0.05843532 0.1690683 -0.03278487 -0.05810379 0.1683583 -0.03402584 -0.05743831 0.1669303 -0.03308182 -0.05710041 0.1662063 -0.03152096 -0.05763089 0.1673433 -0.03236389 -0.05667489 0.1652933 -0.03191381 -0.05618792 0.1642494 -0.03056281 -0.05704396 0.1660853 -0.02996397 -0.05637729 0.1646553 -0.02976089 -0.05566918 0.1631363 -0.03176093 -0.05566918 0.1631363 -0.03188598 -0.05519896 0.1621283 -0.02996397 -0.05496132 0.1616183 -0.03225582 -0.05475234 0.1611703 -0.03285193 -0.05435168 0.1603113 -0.03056281 -0.0542944 0.1601883 -0.03152096 -0.05370754 0.1589303 -0.03278487 -0.05323457 0.1579153 -0.03364282 -0.05401712 0.1595944 -0.03459191 -0.05376535 0.1590543 -0.03427881 -0.05290323 0.1572053 -0.03564792 -0.05360919 0.1587194 -0.03676086 -0.05355626 0.1586053 -0.03591692 -0.05273246 0.1568393 -0.03760486 -0.05273246 0.1568393 -0.03924298 -0.05290323 0.1572053 -0.03798788 -0.05362087 0.1587443 -0.03914088 -0.05381089 0.1591513 -0.04014688 -0.05411458 0.1598033 -0.04073691 -0.05323457 0.1579153 -0.04199987 -0.05370754 0.1589303 -0.04295897 -0.0542944 0.1601883 -0.04094696 -0.05451357 0.1606582 -0.04148989 -0.05498307 0.1616653 0.02523797 -0.06110697 0.1606013 0.02509301 -0.06161278 0.1616853 0.02509301 -0.06060141 0.1595163 0.02466607 -0.06012511 0.1584954 0.02398109 -0.05970585 0.1575963 0.02398109 -0.06250828 0.1636064 0.02466607 -0.06208896 0.1627073 0.02307897 -0.06284612 0.1643303 0.02307897 -0.05936807 0.1568723 0.02201104 -0.05913132 0.1563643 0.02084112 -0.06320476 0.1650993 0.02084112 -0.05900943 0.1561024 0.01963603 -0.05900943 0.1561024 0.01963603 -0.06320476 0.1650993 0.01846504 -0.05913132 0.1563643 0.01846504 -0.06308281 0.1648383 0.01739805 -0.05936807 0.1568723 0.01649606 -0.05970585 0.1575963 0.01581108 -0.06012511 0.1584954 0.01739805 -0.06284612 0.1643303 0.01649606 -0.06250828 0.1636064 0.01538401 -0.06161278 0.1616853 0.01581108 -0.06208896 0.1627073 0.01523798 -0.06110697 0.1606013 0.01538401 -0.06060141 0.1595163 0.02201104 -0.06308281 0.1648383 0.02523797 -0.06110697 0.1606013 0.02523797 -0.05566918 0.1631363 0.02509301 -0.06161278 0.1616853 0.02508509 -0.05618792 0.1642494 0.02466607 -0.06208896 0.1627073 0.02463603 -0.05667489 0.1652933 0.02398109 -0.06250828 0.1636064 0.02307897 -0.06284612 0.1643303 0.02391701 -0.05710041 0.1662063 0.02297306 -0.05743831 0.1669303 0.02201104 -0.06308281 0.1648383 0.02186203 -0.05766785 0.1674224 0.02084112 -0.06320476 0.1650993 0.0206511 -0.05777508 0.1676533 0.01963603 -0.06320476 0.1650993 0.01941502 -0.05775356 0.1676063 0.01846504 -0.06308281 0.1648383 0.01823008 -0.05760437 0.1672863 0.01739805 -0.06284612 0.1643303 0.01716709 -0.05733668 0.1667124 0.01629298 -0.05696707 0.1659203 0.01649606 -0.06250828 0.1636064 0.01581108 -0.06208896 0.1627073 0.01565998 -0.05651795 0.1649574 0.01538401 -0.06161278 0.1616853 0.01523798 -0.06110697 0.1606013 0.015307 -0.0560171 0.1638823 0.01525598 -0.05549466 0.1627624 0.01538401 -0.06060141 0.1595163 0.01550906 -0.05498307 0.1616653 0.01581108 -0.06012511 0.1584954 0.01605308 -0.05451357 0.1606582 0.01649606 -0.05970585 0.1575963 0.01685202 -0.05411458 0.1598033 0.01739805 -0.05936807 0.1568723 0.0178591 -0.05381089 0.1591513 0.01901102 -0.05362087 0.1587443 0.01846504 -0.05913132 0.1563643 0.01963603 -0.05900943 0.1561024 0.02023804 -0.05355626 0.1586053 0.02084112 -0.05900943 0.1561024 0.02135103 -0.05360919 0.1587194 0.02201104 -0.05913132 0.1563643 0.02307897 -0.05936807 0.1568723 0.02240806 -0.05376535 0.1590543 0.02335608 -0.05401712 0.1595944 0.02398109 -0.05970585 0.1575963 0.0241481 -0.05435168 0.1603113 0.02466607 -0.06012511 0.1584954 0.02474308 -0.05475234 0.1611703 0.02509301 -0.06060141 0.1595163 0.0251131 -0.05519896 0.1621283 0.02523797 -0.05566918 0.1631363 0.02523797 -0.06110697 0.1606013 0.01323807 -0.05566918 0.1631363 0.01344197 -0.05496132 0.1616183 0.01344197 -0.05637729 0.1646553 0.015307 -0.0560171 0.1638823 0.01525598 -0.05549466 0.1627624 0.01550906 -0.05498307 0.1616653 0.01605308 -0.05451357 0.1606582 0.01403999 -0.0542944 0.1601883 0.01499903 -0.05370754 0.1589303 0.01626205 -0.05323457 0.1579153 0.01685202 -0.05411458 0.1598033 0.0178591 -0.05381089 0.1591513 0.01901102 -0.05362087 0.1587443 0.0177561 -0.05290323 0.1572053 0.01939511 -0.05273246 0.1568393 0.02108204 -0.05273246 0.1568393 0.02023804 -0.05355626 0.1586053 0.02135103 -0.05360919 0.1587194 0.02272105 -0.05290323 0.1572053 0.02240806 -0.05376535 0.1590543 0.0242151 -0.05323457 0.1579153 0.02335608 -0.05401712 0.1595944 0.02547812 -0.05370754 0.1589303 0.0241481 -0.05435168 0.1603113 0.02474308 -0.05475234 0.1611703 0.02643704 -0.0542944 0.1601883 0.02703505 -0.05496132 0.1616183 0.0251131 -0.05519896 0.1621283 0.02723801 -0.05566918 0.1631363 0.02703505 -0.05637729 0.1646553 0.02523797 -0.05566918 0.1631363 0.02508509 -0.05618792 0.1642494 0.02463603 -0.05667489 0.1652933 0.02643704 -0.05704396 0.1660853 0.02547812 -0.05763089 0.1673433 0.0242151 -0.05810379 0.1683583 0.02391701 -0.05710041 0.1662063 0.02297306 -0.05743831 0.1669303 0.02272105 -0.05843532 0.1690683 0.02186203 -0.05766785 0.1674224 0.0206511 -0.05777508 0.1676533 0.02108204 -0.0586059 0.1694343 0.01939511 -0.0586059 0.1694343 0.01941502 -0.05775356 0.1676063 0.0177561 -0.05843532 0.1690683 0.01626205 -0.05810379 0.1683583 0.01823008 -0.05760437 0.1672863 0.01716709 -0.05733668 0.1667124 0.01629298 -0.05696707 0.1659203 0.01499903 -0.05763089 0.1673433 0.01403999 -0.05704396 0.1660853 0.01565998 -0.05651795 0.1649574 0.02523797 -0.08519601 0.2122603 0.02509301 -0.0857017 0.2133443 0.02466607 -0.08421403 0.2101544 0.02509301 -0.08469033 0.2111753 0.02398109 -0.08379477 0.2092553 0.02466607 -0.086178 0.2143663 0.02398109 -0.0865972 0.2152653 0.02201104 -0.08717173 0.2164974 0.02201104 -0.08322024 0.2080233 0.02307897 -0.08693504 0.2159893 0.02307897 -0.08345699 0.2085303 0.02084112 -0.08309835 0.2077614 0.02084112 -0.08729368 0.2167583 0.01963603 -0.08309835 0.2077614 0.01963603 -0.08729368 0.2167583 0.01846504 -0.08322024 0.2080233 0.01846504 -0.08717173 0.2164974 0.01739805 -0.08693504 0.2159893 0.01739805 -0.08345699 0.2085303 0.01649606 -0.08379477 0.2092553 0.01581108 -0.08421403 0.2101544 0.01538401 -0.0857017 0.2133443 0.01538401 -0.08469033 0.2111753 0.01581108 -0.086178 0.2143663 0.01649606 -0.0865972 0.2152653 0.01523798 -0.08519601 0.2122603 0.02523797 -0.08519601 0.2122603 0.02509301 -0.0857017 0.2133443 0.02523797 -0.07975822 0.2147953 0.02508509 -0.08027696 0.2159084 0.02466607 -0.086178 0.2143663 0.02463603 -0.08076393 0.2169523 0.02398109 -0.0865972 0.2152653 0.02391701 -0.08118939 0.2178643 0.02307897 -0.08693504 0.2159893 0.02297306 -0.08152723 0.2185894 0.02201104 -0.08717173 0.2164974 0.02186203 -0.08175677 0.2190814 0.02084112 -0.08729368 0.2167583 0.0206511 -0.08186405 0.2193112 0.01963603 -0.08729368 0.2167583 0.01941502 -0.08184248 0.2192653 0.01823008 -0.08169335 0.2189453 0.01846504 -0.08717173 0.2164974 0.01739805 -0.08693504 0.2159893 0.01649606 -0.0865972 0.2152653 0.01716709 -0.08142572 0.2183713 0.01629298 -0.08105611 0.2175784 0.01581108 -0.086178 0.2143663 0.01565998 -0.08060705 0.2166163 0.01538401 -0.0857017 0.2133443 0.015307 -0.08010601 0.2155413 0.01523798 -0.08519601 0.2122603 0.01525598 -0.0795837 0.2144213 0.01538401 -0.08469033 0.2111753 0.01550906 -0.07907211 0.2133243 0.01581108 -0.08421403 0.2101544 0.01605308 -0.07860249 0.2123173 0.01685202 -0.07820361 0.2114623 0.01649606 -0.08379477 0.2092553 0.01739805 -0.08345699 0.2085303 0.01846504 -0.08322024 0.2080233 0.0178591 -0.07789987 0.2108103 0.01901102 -0.07770985 0.2104033 0.01963603 -0.08309835 0.2077614 0.02023804 -0.07764518 0.2102643 0.02084112 -0.08309835 0.2077614 0.02135103 -0.07769817 0.2103784 0.02201104 -0.08322024 0.2080233 0.02240806 -0.07785439 0.2107133 0.02307897 -0.08345699 0.2085303 0.02335608 -0.07810616 0.2112534 0.02398109 -0.08379477 0.2092553 0.0241481 -0.07844078 0.2119703 0.02474308 -0.07884138 0.2128293 0.02466607 -0.08421403 0.2101544 0.02509301 -0.08469033 0.2111753 0.02523797 -0.08519601 0.2122603 0.0251131 -0.079288 0.2137873 0.02523797 -0.07975822 0.2147953 0.01323807 -0.07975822 0.2147953 0.01344197 -0.08046621 0.2163143 0.01344197 -0.07905024 0.2132773 0.015307 -0.08010601 0.2155413 0.01525598 -0.0795837 0.2144213 0.01550906 -0.07907211 0.2133243 0.01605308 -0.07860249 0.2123173 0.01403999 -0.07838344 0.2118474 0.01499903 -0.07779651 0.2105883 0.01626205 -0.07732361 0.2095743 0.01685202 -0.07820361 0.2114623 0.0178591 -0.07789987 0.2108103 0.0177561 -0.07699215 0.2088633 0.01901102 -0.07770985 0.2104033 0.01939511 -0.0768215 0.2084974 0.02023804 -0.07764518 0.2102643 0.02135103 -0.07769817 0.2103784 0.02108204 -0.0768215 0.2084974 0.02272105 -0.07699215 0.2088633 0.0242151 -0.07732361 0.2095743 0.02240806 -0.07785439 0.2107133 0.02335608 -0.07810616 0.2112534 0.0241481 -0.07844078 0.2119703 0.02547812 -0.07779651 0.2105883 0.02643704 -0.07838344 0.2118474 0.02703505 -0.07905024 0.2132773 0.02474308 -0.07884138 0.2128293 0.0251131 -0.079288 0.2137873 0.02723801 -0.07975822 0.2147953 0.02523797 -0.07975822 0.2147953 0.02703505 -0.08046621 0.2163143 0.02508509 -0.08027696 0.2159084 0.02463603 -0.08076393 0.2169523 0.02643704 -0.081133 0.2177443 0.02547812 -0.08171993 0.2190023 0.0242151 -0.08219283 0.2200163 0.02391701 -0.08118939 0.2178643 0.02297306 -0.08152723 0.2185894 0.02186203 -0.08175677 0.2190814 0.02272105 -0.08252429 0.2207273 0.02108204 -0.08269494 0.2210934 0.01939511 -0.08269494 0.2210934 0.0206511 -0.08186405 0.2193112 0.01941502 -0.08184248 0.2192653 0.0177561 -0.08252429 0.2207273 0.01823008 -0.08169335 0.2189453 0.01626205 -0.08219283 0.2200163 0.01716709 -0.08142572 0.2183713 0.01629298 -0.08105611 0.2175784 0.01499903 -0.08171993 0.2190023 0.01403999 -0.081133 0.2177443 0.01565998 -0.08060705 0.2166163 0.01323807 -0.07975822 0.2147953 0.01323807 -0.07839876 0.2154294 0.01344197 -0.08046621 0.2163143 0.01403999 -0.081133 0.2177443 0.01345306 -0.07912498 0.2169873 0.01408207 -0.0798068 0.2184493 0.01508808 -0.08040237 0.2197263 0.01499903 -0.08171993 0.2190023 0.01626205 -0.08219283 0.2200163 0.0177561 -0.08252429 0.2207273 0.01640999 -0.08087533 0.2207403 0.01796501 -0.08119678 0.2214303 0.01939511 -0.08269494 0.2210934 0.01965999 -0.08134698 0.2217524 0.02139103 -0.0813167 0.2216873 0.02108204 -0.08269494 0.2210934 0.02272105 -0.08252429 0.2207273 0.02305001 -0.08110791 0.2212393 0.0242151 -0.08219283 0.2200163 0.02547812 -0.08171993 0.2190023 0.02453804 -0.08073329 0.2204363 0.02576208 -0.08021581 0.2193263 0.02664905 -0.0795871 0.2179782 0.02643704 -0.081133 0.2177443 0.02703505 -0.08046621 0.2163143 0.02723801 -0.07975822 0.2147953 0.02714312 -0.07888573 0.2164744 0.02721405 -0.0781545 0.2149053 0.02703505 -0.07905024 0.2132773 0.02685904 -0.07743823 0.2133693 0.02609908 -0.07678073 0.2119593 0.02643704 -0.07838344 0.2118474 0.02547812 -0.07779651 0.2105883 0.02497911 -0.0762223 0.2107623 0.0242151 -0.07732361 0.2095743 0.02272105 -0.07699215 0.2088633 0.02357006 -0.07579702 0.2098503 0.02195698 -0.075531 0.2092794 0.02023804 -0.07544052 0.2090853 0.02108204 -0.0768215 0.2084974 0.01939511 -0.0768215 0.2084974 0.0177561 -0.07699215 0.2088633 0.01868098 -0.07551467 0.2092443 0.01720106 -0.07573348 0.2097133 0.01626205 -0.07732361 0.2095743 0.01587396 -0.07608592 0.2104693 0.01476603 -0.07655429 0.2114744 0.01499903 -0.07779651 0.2105883 0.01403999 -0.07838344 0.2118474 0.01344197 -0.07905024 0.2132773 0.01393204 -0.07711523 0.2126772 0.01341396 -0.07774049 0.2140183 0.01323807 -0.07975822 0.2147953 0.01323807 -0.07839876 0.2154294 -0.04376083 -0.07975822 0.2147953 -0.04355686 -0.07905024 0.2132773 -0.04355686 -0.08046621 0.2163143 -0.04169297 -0.08010601 0.2155413 -0.04174387 -0.0795837 0.2144213 -0.04148989 -0.07907211 0.2133243 -0.04094696 -0.07860249 0.2123173 -0.04295897 -0.07838344 0.2118474 -0.04199987 -0.07779651 0.2105883 -0.04073691 -0.07732361 0.2095743 -0.04014688 -0.07820361 0.2114623 -0.03914088 -0.07789987 0.2108103 -0.03798788 -0.07770985 0.2104033 -0.03924298 -0.07699215 0.2088633 -0.03760486 -0.0768215 0.2084974 -0.03591692 -0.0768215 0.2084974 -0.03676086 -0.07764518 0.2102643 -0.03564792 -0.07769817 0.2103784 -0.03427881 -0.07699215 0.2088633 -0.03459191 -0.07785439 0.2107133 -0.03364282 -0.07810616 0.2112534 -0.03278487 -0.07732361 0.2095743 -0.03152096 -0.07779651 0.2105883 -0.03056281 -0.07838344 0.2118474 -0.03285193 -0.07844078 0.2119703 -0.03225582 -0.07884138 0.2128293 -0.02996397 -0.07905024 0.2132773 -0.03188598 -0.079288 0.2137873 -0.02976089 -0.07975822 0.2147953 -0.03176093 -0.07975822 0.2147953 -0.02996397 -0.08046621 0.2163143 -0.03191381 -0.08027696 0.2159084 -0.03236389 -0.08076393 0.2169523 -0.03056281 -0.081133 0.2177443 -0.03152096 -0.08171993 0.2190023 -0.03308182 -0.08118939 0.2178643 -0.03278487 -0.08219283 0.2200163 -0.03427881 -0.08252429 0.2207273 -0.03402584 -0.08152723 0.2185894 -0.03513687 -0.08175677 0.2190814 -0.03634798 -0.08186405 0.2193112 -0.03591692 -0.08269494 0.2210934 -0.03760486 -0.08269494 0.2210934 -0.03924298 -0.08252429 0.2207273 -0.03758388 -0.08184248 0.2192653 -0.03876882 -0.08169335 0.2189453 -0.04073691 -0.08219283 0.2200163 -0.03983181 -0.08142572 0.2183713 -0.04070585 -0.08105611 0.2175784 -0.04199987 -0.08171993 0.2190023 -0.04295897 -0.081133 0.2177443 -0.04133999 -0.08060705 0.2166163 -0.04376083 -0.07975822 0.2147953 -0.04355686 -0.08046621 0.2163143 -0.04376083 -0.07839876 0.2154294 -0.04354691 -0.07912498 0.2169873 -0.04295897 -0.081133 0.2177443 -0.04291689 -0.0798068 0.2184493 -0.04191082 -0.08040237 0.2197263 -0.04199987 -0.08171993 0.2190023 -0.04073691 -0.08219283 0.2200163 -0.03924298 -0.08252429 0.2207273 -0.04058897 -0.08087533 0.2207403 -0.03903383 -0.08119678 0.2214303 -0.03760486 -0.08269494 0.2210934 -0.03733897 -0.08134698 0.2217524 -0.03560882 -0.0813167 0.2216873 -0.03591692 -0.08269494 0.2210934 -0.03427881 -0.08252429 0.2207273 -0.03394883 -0.08110791 0.2212393 -0.03278487 -0.08219283 0.2200163 -0.03152096 -0.08171993 0.2190023 -0.03246086 -0.08073329 0.2204363 -0.03123682 -0.08021581 0.2193263 -0.03035092 -0.0795871 0.2179782 -0.03056281 -0.081133 0.2177443 -0.02996397 -0.08046621 0.2163143 -0.02976089 -0.07975822 0.2147953 -0.02985692 -0.07888573 0.2164744 -0.02978485 -0.0781545 0.2149053 -0.02996397 -0.07905024 0.2132773 -0.03013992 -0.07743823 0.2133693 -0.03090095 -0.07678073 0.2119593 -0.03056281 -0.07838344 0.2118474 -0.03152096 -0.07779651 0.2105883 -0.03278487 -0.07732361 0.2095743 -0.03201997 -0.0762223 0.2107623 -0.03342884 -0.07579702 0.2098503 -0.03427881 -0.07699215 0.2088633 -0.03504288 -0.075531 0.2092794 -0.03676086 -0.07544052 0.2090853 -0.03591692 -0.0768215 0.2084974 -0.03760486 -0.0768215 0.2084974 -0.03924298 -0.07699215 0.2088633 -0.03831887 -0.07551467 0.2092443 -0.0397979 -0.07573348 0.2097133 -0.04073691 -0.07732361 0.2095743 -0.04112488 -0.07608592 0.2104693 -0.04223394 -0.07655429 0.2114744 -0.04199987 -0.07779651 0.2105883 -0.04295897 -0.07838344 0.2118474 -0.04355686 -0.07905024 0.2132773 -0.04306793 -0.07711523 0.2126772 -0.04358494 -0.07774049 0.2140183 -0.04376083 -0.07975822 0.2147953 -0.04376083 -0.07839876 0.2154294 -0.03176093 -0.08519601 0.2122603 -0.03233397 -0.08421403 0.2101544 -0.03190582 -0.0857017 0.2133443 -0.03190582 -0.08469033 0.2111753 -0.03233397 -0.086178 0.2143663 -0.03301787 -0.08379477 0.2092553 -0.03301787 -0.0865972 0.2152653 -0.03392088 -0.08693504 0.2159893 -0.03498786 -0.08322024 0.2080233 -0.03392088 -0.08345699 0.2085303 -0.03498786 -0.08717173 0.2164974 -0.0361579 -0.08729368 0.2167583 -0.0361579 -0.08309835 0.2077614 -0.03736382 -0.08309835 0.2077614 -0.03853386 -0.08322024 0.2080233 -0.03736382 -0.08729368 0.2167583 -0.03853386 -0.08717173 0.2164974 -0.0396009 -0.08693504 0.2159893 -0.04118788 -0.08421403 0.2101544 -0.0405029 -0.08379477 0.2092553 -0.0405029 -0.0865972 0.2152653 -0.04118788 -0.086178 0.2143663 -0.0396009 -0.08345699 0.2085303 -0.04161489 -0.0857017 0.2133443 -0.04161489 -0.08469033 0.2111753 -0.04176092 -0.08519601 0.2122603 -0.03176093 -0.08519601 0.2122603 -0.03190582 -0.0857017 0.2133443 -0.03176093 -0.07975822 0.2147953 -0.03191381 -0.08027696 0.2159084 -0.03233397 -0.086178 0.2143663 -0.03236389 -0.08076393 0.2169523 -0.03301787 -0.0865972 0.2152653 -0.03308182 -0.08118939 0.2178643 -0.03402584 -0.08152723 0.2185894 -0.03392088 -0.08693504 0.2159893 -0.03498786 -0.08717173 0.2164974 -0.0361579 -0.08729368 0.2167583 -0.03513687 -0.08175677 0.2190814 -0.03634798 -0.08186405 0.2193112 -0.03736382 -0.08729368 0.2167583 -0.03758388 -0.08184248 0.2192653 -0.03853386 -0.08717173 0.2164974 -0.03876882 -0.08169335 0.2189453 -0.0396009 -0.08693504 0.2159893 -0.03983181 -0.08142572 0.2183713 -0.0405029 -0.0865972 0.2152653 -0.04070585 -0.08105611 0.2175784 -0.04118788 -0.086178 0.2143663 -0.04133999 -0.08060705 0.2166163 -0.04169297 -0.08010601 0.2155413 -0.04161489 -0.0857017 0.2133443 -0.04176092 -0.08519601 0.2122603 -0.04161489 -0.08469033 0.2111753 -0.04174387 -0.0795837 0.2144213 -0.04148989 -0.07907211 0.2133243 -0.04118788 -0.08421403 0.2101544 -0.04094696 -0.07860249 0.2123173 -0.0405029 -0.08379477 0.2092553 -0.04014688 -0.07820361 0.2114623 -0.0396009 -0.08345699 0.2085303 -0.03914088 -0.07789987 0.2108103 -0.03853386 -0.08322024 0.2080233 -0.03798788 -0.07770985 0.2104033 -0.03736382 -0.08309835 0.2077614 -0.03676086 -0.07764518 0.2102643 -0.03564792 -0.07769817 0.2103784 -0.0361579 -0.08309835 0.2077614 -0.03498786 -0.08322024 0.2080233 -0.03392088 -0.08345699 0.2085303 -0.03459191 -0.07785439 0.2107133 -0.03364282 -0.07810616 0.2112534 -0.03301787 -0.08379477 0.2092553 -0.03285193 -0.07844078 0.2119703 -0.03233397 -0.08421403 0.2101544 -0.03225582 -0.07884138 0.2128293 -0.03190582 -0.08469033 0.2111753 -0.03188598 -0.079288 0.2137873 -0.03176093 -0.08519601 0.2122603 -0.03176093 -0.07975822 0.2147953 -0.0107609 -0.03585648 0.1034933 -0.0107609 -0.03690356 0.1030054 -0.0107609 -0.05191576 0.1379324 -0.0107609 -0.03751653 0.1026244 -0.0107609 -0.03802931 0.1021213 -0.0107609 -0.0723074 0.1284244 -0.0107609 -0.05363398 0.09476339 -0.0107609 -0.056248 0.09398436 -0.0107609 -0.05520093 0.0944724 -0.0107609 -0.05435234 0.09472632 -0.0107609 -0.05478394 0.09463036 -0.0107609 -0.05291694 0.09466838 -0.0107609 -0.03844094 0.1015273 -0.0107609 -0.03875041 0.1008733 -0.0107609 -0.03895789 0.1001824 -0.0107609 -0.05222535 0.09446036 -0.0107609 -0.05157119 0.09415137 -0.0107609 -0.0390532 0.09946441 -0.0107609 -0.05097651 0.09373939 -0.0107609 -0.05047267 0.09322631 -0.0107609 -0.03901696 0.09874534 -0.0107609 -0.03892076 0.09831333 -0.0107609 -0.03876322 0.09789633 -0.0107609 -0.05009192 0.09261333 -0.0107609 -0.03863167 0.0976144 -0.0107609 -0.04996049 0.0923314 -0.0107609 -0.04980272 0.09191441 -0.0107609 -0.04970645 0.09148335 -0.0107609 -0.03825116 0.09700131 -0.0107609 -0.03774797 0.09648835 -0.0107609 -0.0496701 0.0907644 -0.0107609 -0.03715401 0.09607636 -0.0107609 -0.04976511 0.09004735 -0.0107609 -0.03650057 0.09576737 -0.0107609 -0.04997241 0.08935642 -0.0107609 -0.03580874 0.09556031 -0.0107609 -0.0350908 0.09546434 -0.0107609 -0.05028194 0.08870136 -0.0107609 -0.05069386 0.08810734 -0.0107609 -0.05120712 0.08760333 -0.0107609 -0.03437173 0.09550142 -0.0107609 -0.03393959 0.09559738 -0.0107609 -0.07782196 0.07068431 -0.0107609 -0.03352278 0.09575438 -0.0107609 -0.05181998 0.08722233 -0.0107609 -0.05417358 0.08612537 -0.0107609 -0.05512005 0.0857954 -0.0107609 -0.0561093 0.0856564 -0.0107609 -0.05730015 0.08573842 -0.0107609 -0.05843329 0.08608937 -0.0107609 -0.0594502 0.08670341 -0.0107609 -0.06030124 0.08754336 -0.0107609 -0.06093633 0.08856332 -0.0107609 -0.07823479 0.1256593 -0.0107609 -0.08658826 0.1086553 -0.0107609 -0.07831203 0.1256233 -0.0107609 -0.08697271 0.1120293 -0.0107609 -0.08658826 0.1154034 -0.0107609 -0.08545464 0.1186044 -0.0107609 -0.08120769 0.1238493 -0.0107609 -0.0836299 0.1214693 -0.0107609 -0.03116893 0.09685242 -0.0107609 -0.0041399 0.1050423 -0.0107609 -0.03014957 0.09748733 -0.0107609 -0.02930706 0.09833836 -0.0107609 -0.02868098 0.0993514 -0.0107609 -0.02831155 0.1004773 -0.0107609 -0.0282219 0.1016653 -0.0107609 -0.02835983 0.1026533 -0.0107609 -0.02868992 0.1035993 -0.0107609 -0.04598838 0.1406964 -0.0107609 -0.02759248 0.1361653 -0.0107609 -0.04591107 0.1407324 -0.0107609 -0.03931003 0.1421353 -0.0107609 -0.04269039 0.1418102 -0.0107609 -0.02993023 0.1386283 -0.0107609 -0.03594315 0.1416923 -0.0107609 -0.03276211 0.1405034 -0.0107609 -0.0337249 0.1000744 -0.0107609 -0.03416591 0.09986841 -0.00909996 -0.03351289 0.1001724 -0.005760908 -0.03416591 0.09986841 -0.00742197 -0.03351289 0.1001724 -0.005760908 -0.0337249 0.1000744 -0.005760908 -0.05191576 0.1379324 -0.005760908 -0.0723074 0.1284244 -0.0107609 -0.05191576 0.1379324 -0.0107609 -0.0723074 0.1284244 -0.005760908 -0.05520093 0.0944724 -0.005760908 -0.05451542 0.09469735 -0.005760908 -0.056248 0.09398436 -0.005760908 -0.0723074 0.1284244 -0.005760908 -0.05191576 0.1379324 -0.005760908 -0.05380046 0.09476733 -0.005760908 -0.05308073 0.09470033 -0.005760908 -0.03813314 0.1019914 -0.005760908 -0.03852123 0.1013814 -0.005760908 -0.03764361 0.1025183 -0.005760908 -0.03729254 0.1027873 -0.005760908 -0.03690356 0.1030054 -0.005760908 -0.03585648 0.1034933 -0.005760908 -0.03880721 0.1007183 -0.005760908 -0.05238115 0.09451735 -0.005760908 -0.05171781 0.09423136 -0.005760908 -0.05110669 0.09384334 -0.005760908 -0.03899037 0.1000183 -0.005760908 -0.03905719 0.0992974 -0.005760908 -0.05057913 0.09335339 -0.005760908 -0.03898787 0.09858131 -0.005760908 -0.03876322 0.09789633 -0.005760908 -0.05030983 0.09300231 -0.005760908 -0.05009192 0.09261333 -0.005760908 -0.03863167 0.0976144 -0.005760908 -0.04996049 0.0923314 -0.005760908 -0.0497356 0.09164631 -0.005760908 -0.03841382 0.0972253 -0.005760908 -0.03814482 0.09687435 -0.005760908 -0.0496661 0.09093141 -0.005760908 -0.03761816 0.0963844 -0.005760908 -0.03700757 0.09599637 -0.005760908 -0.04973268 0.09021139 -0.005760908 -0.04991573 0.08951139 -0.005760908 -0.05020135 0.08884835 -0.005760908 -0.03634458 0.09571027 -0.005760908 -0.03564471 0.09552741 -0.005760908 -0.05058985 0.0882374 -0.005760908 -0.03492414 0.09546029 -0.005760908 -0.03420841 0.09553039 -0.005760908 -0.0510798 0.08770942 -0.005760908 -0.05143111 0.08744037 -0.005760908 -0.03352278 0.09575438 -0.005760908 -0.05181998 0.08722233 -0.005760908 -0.07782196 0.07068431 -0.005760908 -0.08658826 0.1086553 -0.005760908 -0.06093633 0.08856332 -0.005760908 -0.03116893 0.09685242 -0.005760908 -0.0041399 0.1050423 -0.005760908 -0.05417358 0.08612537 -0.005760908 -0.05531567 0.08575236 -0.005760908 -0.05650866 0.08565342 -0.005760908 -0.05768752 0.08582532 -0.005760908 -0.0587877 0.08626639 -0.005760908 -0.05975478 0.08696031 -0.005760908 -0.06042343 0.08770239 -0.005760908 -0.02831691 0.1024582 -0.005760908 -0.02822071 0.1012663 -0.005760908 -0.02840358 0.1000924 -0.005760908 -0.02886325 0.09899842 -0.005760908 -0.02956593 0.09803438 -0.005760908 -0.03030836 0.09736537 -0.005760908 -0.02759248 0.1361653 -0.005760908 -0.02868992 0.1035993 -0.005760908 -0.04598838 0.1406964 -0.005760908 -0.04591107 0.1407324 -0.005760908 -0.04269039 0.1418102 -0.005760908 -0.02993023 0.1386283 -0.005760908 -0.03594315 0.1416923 -0.005760908 -0.03931003 0.1421353 -0.005760908 -0.03276211 0.1405034 -0.005760908 -0.07823479 0.1256593 -0.005760908 -0.07831203 0.1256233 -0.005760908 -0.08120769 0.1238493 -0.005760908 -0.0836299 0.1214693 -0.005760908 -0.08545464 0.1186044 -0.005760908 -0.08658826 0.1154034 -0.005760908 -0.08697271 0.1120293 -0.005760908 -0.07782196 0.07068431 -0.005691826 -0.07777887 0.07013332 -0.005760908 -0.0041399 0.1050423 -0.005691826 -0.003745973 0.1046553 -0.005491912 -0.0777505 0.06961441 -0.005491912 -0.003366649 0.1043003 -0.005174875 -0.07775062 0.06915736 -0.005174875 -0.003015816 0.1040064 -0.005760908 -0.08658826 0.1086553 -0.0107609 -0.08658826 0.1086553 -0.0107609 -0.07782196 0.07068431 -0.005760908 -0.07782196 0.07068431 -0.0107609 -0.0723074 0.1284244 -0.005760908 -0.0723074 0.1284244 -0.0107609 -0.056248 0.09398436 -0.005760908 -0.056248 0.09398436 -0.0107609 -0.05455768 0.09035933 -0.005760908 -0.05455768 0.09035933 -0.005760908 -0.03416591 0.09986841 -0.0107609 -0.03416591 0.09986841 -0.005760908 -0.03585648 0.1034933 -0.0107609 -0.03585648 0.1034933 -0.005760908 -0.05191576 0.1379324 -0.0107609 -0.05191576 0.1379324 -0.005760908 -0.07831203 0.1256233 -0.005760908 -0.08120769 0.1238493 -0.0107609 -0.07831203 0.1256233 -0.0107609 -0.08120769 0.1238493 -0.0107609 -0.0836299 0.1214693 -0.005760908 -0.0836299 0.1214693 -0.0107609 -0.08545464 0.1186044 -0.0107609 -0.08658826 0.1154034 -0.005760908 -0.08545464 0.1186044 -0.005760908 -0.08658826 0.1154034 -0.005760908 -0.08697271 0.1120293 -0.0107609 -0.08697271 0.1120293 -0.0107609 -0.08658826 0.1086553 -0.005760908 -0.08658826 0.1086553 -0.01476097 -0.05365139 0.0907824 -0.01476097 -0.05365139 0.0907824 -0.0107609 -0.05181998 0.08722233 -0.01233989 -0.05140703 0.08996534 -0.0107609 -0.04976511 0.09004735 -0.0107609 -0.0496701 0.0907644 -0.0107609 -0.04970645 0.09148335 -0.0107609 -0.04996049 0.0923314 -0.0107609 -0.04980272 0.09191441 -0.0107609 -0.05120712 0.08760333 -0.0107609 -0.05069386 0.08810734 -0.0107609 -0.05028194 0.08870136 -0.0107609 -0.04997241 0.08935642 -0.01476097 -0.05661362 0.08940029 -0.01476097 -0.05661362 0.08940029 -0.0125339 -0.05730968 0.08772838 -0.01261287 -0.05905252 0.0892024 -0.01157999 -0.0601511 0.08894836 -0.0107609 -0.06093633 0.08856332 -0.0107609 -0.06030124 0.08754336 -0.0107609 -0.0594502 0.08670341 -0.0107609 -0.05730015 0.08573842 -0.0107609 -0.05843329 0.08608937 -0.0107609 -0.0561093 0.0856564 -0.0107609 -0.05512005 0.0857954 -0.0107609 -0.05417358 0.08612537 -0.01158094 -0.05449444 0.08687937 -0.01262086 -0.05509608 0.08774638 -0.01476097 -0.05365139 0.0907824 -0.01476097 -0.05661362 0.08940029 -0.01262086 -0.05509608 0.08774638 -0.0107609 -0.05181998 0.08722233 -0.0107609 -0.05417358 0.08612537 -0.01158094 -0.05449444 0.08687937 -0.01476097 -0.05661362 0.08940029 -0.01261287 -0.05905252 0.0892024 -0.01476097 -0.07480889 0.1284203 -0.0107609 -0.07823479 0.1256593 -0.01157999 -0.0601511 0.08894836 -0.0107609 -0.06093633 0.08856332 -0.0107609 -0.07823479 0.1256593 -0.01084285 -0.07699406 0.1301313 -0.005760908 -0.07823479 0.1256593 -0.007396936 -0.07707595 0.1298353 -0.009125947 -0.07707595 0.1298353 -0.005678892 -0.07699406 0.1301313 -0.0017609 -0.05365139 0.0907824 -0.0017609 -0.05365139 0.0907824 -0.005760908 -0.05181998 0.08722233 -0.004182875 -0.05140703 0.08996534 -0.005760908 -0.05143111 0.08744037 -0.005760908 -0.04996049 0.0923314 -0.005760908 -0.0497356 0.09164631 -0.005760908 -0.0496661 0.09093141 -0.005760908 -0.04973268 0.09021139 -0.005760908 -0.04991573 0.08951139 -0.005760908 -0.05020135 0.08884835 -0.005760908 -0.05058985 0.0882374 -0.005760908 -0.0510798 0.08770942 -0.0017609 -0.05661362 0.08940029 -0.0017609 -0.05661362 0.08940029 -0.003282845 -0.05835396 0.08928835 -0.004701972 -0.05990386 0.08902442 -0.003987908 -0.05730968 0.08772838 -0.005760908 -0.05531567 0.08575236 -0.005760908 -0.05650866 0.08565342 -0.005760908 -0.05768752 0.08582532 -0.005760908 -0.0587877 0.08626639 -0.005760908 -0.05975478 0.08696031 -0.003901958 -0.05509608 0.08774638 -0.005760908 -0.06042343 0.08770239 -0.00493592 -0.05449748 0.08688437 -0.005760908 -0.05417358 0.08612537 -0.005268931 -0.06047683 0.08882141 -0.005760908 -0.06093633 0.08856332 -0.0017609 -0.05661362 0.08940029 -0.0017609 -0.05365139 0.0907824 -0.003901958 -0.05509608 0.08774638 -0.00493592 -0.05449748 0.08688437 -0.005760908 -0.05181998 0.08722233 -0.005760908 -0.05417358 0.08612537 -0.0017609 -0.07480889 0.1284203 -0.0017609 -0.05661362 0.08940029 -0.004701972 -0.05990386 0.08902442 -0.003282845 -0.05835396 0.08928835 -0.005760908 -0.07823479 0.1256593 -0.005760908 -0.06093633 0.08856332 -0.005268931 -0.06047683 0.08882141 -0.01466184 -0.05356276 0.09082734 -0.01466184 -0.05356121 0.09082436 -0.0107609 -0.05009192 0.09261333 -0.0107609 -0.04996049 0.0923314 -0.01476097 -0.05365139 0.0907824 -0.0107609 -0.0566892 0.09377932 -0.01270192 -0.05533516 0.09226834 -0.0107609 -0.056248 0.09398436 -0.0107609 -0.05520093 0.0944724 -0.01451689 -0.05374604 0.09100735 -0.001860976 -0.05356121 0.09082436 -0.005760908 -0.04996049 0.0923314 -0.0017609 -0.05365139 0.0907824 -0.001860976 -0.05356276 0.09082734 -0.005760908 -0.05009192 0.09261333 -0.002005875 -0.05374604 0.09100735 -0.005760908 -0.05520093 0.0944724 -0.003819882 -0.05533516 0.09226834 -0.005760908 -0.0566892 0.09377932 -0.005760908 -0.056248 0.09398436 -0.01451689 -0.05374604 0.09100735 -0.01462388 -0.05362999 0.09091532 -0.01233989 -0.05283457 0.09302639 -0.0107609 -0.05520093 0.0944724 -0.0107609 -0.05478394 0.09463036 -0.0107609 -0.05435234 0.09472632 -0.0107609 -0.05363398 0.09476339 -0.0107609 -0.05291694 0.09466838 -0.0107609 -0.05222535 0.09446036 -0.0107609 -0.05157119 0.09415137 -0.0107609 -0.05097651 0.09373939 -0.0107609 -0.05047267 0.09322631 -0.0107609 -0.05009192 0.09261333 -0.01466184 -0.05356276 0.09082734 -0.01466184 -0.05356276 0.09082734 -0.002005875 -0.05374604 0.09100735 -0.001897931 -0.05362927 0.09091532 -0.004182875 -0.05283457 0.09302639 -0.005760908 -0.05520093 0.0944724 -0.005760908 -0.05451542 0.09469735 -0.005760908 -0.05380046 0.09476733 -0.005760908 -0.05308073 0.09470033 -0.005760908 -0.05238115 0.09451735 -0.005760908 -0.05171781 0.09423136 -0.005760908 -0.05110669 0.09384334 -0.005760908 -0.05057913 0.09335339 -0.005760908 -0.05030983 0.09300231 -0.005760908 -0.05009192 0.09261333 -0.001860976 -0.05356276 0.09082734 -0.01476097 -0.07480889 0.1284203 -0.01335096 -0.07619065 0.1299843 -0.0107609 -0.07823479 0.1256593 -0.01249897 -0.07683324 0.1288083 -0.01472187 -0.07497686 0.1287363 -0.01461291 -0.07516682 0.1290214 -0.01391196 -0.07583004 0.1297193 -0.0144459 -0.07536768 0.1292713 -0.01423788 -0.07556903 0.1294844 -0.01264691 -0.07653731 0.1301733 -0.01188993 -0.0768038 0.1302472 -0.01136785 -0.07692593 0.1302254 -0.01084285 -0.07699406 0.1301313 -0.0107609 -0.07823479 0.1256593 -0.0017609 -0.07480889 0.1284203 -0.003019869 -0.07610189 0.1299253 -0.001803815 -0.07498478 0.1287493 -0.005760908 -0.07823479 0.1256593 -0.004022896 -0.07683324 0.1288083 -0.005760908 -0.07823479 0.1256593 -0.005678892 -0.07699406 0.1301313 -0.004976928 -0.07689166 0.1302453 -0.004287958 -0.07669705 0.1302363 -0.003628969 -0.07642799 0.1301233 -0.001921892 -0.07518333 0.1290433 -0.002194881 -0.07548671 0.1294013 -0.002479851 -0.07573187 0.1296364 -0.01476097 -0.0350722 0.09944534 -0.01476097 -0.0350722 0.09944534 -0.0107609 -0.03352278 0.09575438 -0.01233989 -0.03588902 0.09720134 -0.0107609 -0.03774797 0.09648835 -0.0107609 -0.03715401 0.09607636 -0.0107609 -0.03650057 0.09576737 -0.0107609 -0.03580874 0.09556031 -0.0107609 -0.0350908 0.09546434 -0.0107609 -0.03437173 0.09550142 -0.0107609 -0.03863167 0.0976144 -0.0107609 -0.03393959 0.09559738 -0.0107609 -0.03825116 0.09700131 -0.01476097 -0.03211009 0.1008263 -0.01323992 -0.03090536 0.1020873 -0.01476097 -0.03211009 0.1008263 -0.01262086 -0.03181833 0.09860134 -0.0125339 -0.03038173 0.1002854 -0.0107609 -0.02868098 0.0993514 -0.0107609 -0.02831155 0.1004773 -0.0107609 -0.0282219 0.1016653 -0.0107609 -0.02835983 0.1026533 -0.0115869 -0.03154289 0.09758841 -0.01125288 -0.02918285 0.1034144 -0.0107609 -0.03116893 0.09685242 -0.01181989 -0.02970701 0.1031054 -0.0107609 -0.03014957 0.09748733 -0.0107609 -0.02930706 0.09833836 -0.0107609 -0.02868992 0.1035993 -0.01476097 -0.03211009 0.1008263 -0.01476097 -0.0350722 0.09944534 -0.01262086 -0.03181833 0.09860134 -0.0115869 -0.03154289 0.09758841 -0.0107609 -0.03352278 0.09575438 -0.0107609 -0.03116893 0.09685242 -0.01476097 -0.05030524 0.1398463 -0.0107609 -0.04598838 0.1406964 -0.01476097 -0.03211009 0.1008263 -0.01181989 -0.02970701 0.1031054 -0.01323992 -0.03090536 0.1020873 -0.01125288 -0.02918285 0.1034144 -0.0107609 -0.02868992 0.1035993 -0.0017609 -0.0350722 0.09944534 -0.004182875 -0.03588902 0.09720134 -0.005760908 -0.03352278 0.09575438 -0.0017609 -0.0350722 0.09944534 -0.005760908 -0.03863167 0.0976144 -0.005760908 -0.03841382 0.0972253 -0.005760908 -0.03814482 0.09687435 -0.005760908 -0.03761816 0.0963844 -0.005760908 -0.03700757 0.09599637 -0.005760908 -0.03634458 0.09571027 -0.005760908 -0.03564471 0.09552741 -0.005760908 -0.03492414 0.09546029 -0.005760908 -0.03420841 0.09553039 -0.0017609 -0.03211009 0.1008263 -0.0017609 -0.03211009 0.1008263 -0.003987908 -0.03038173 0.1002854 -0.003909945 -0.03039062 0.1025683 -0.004942834 -0.02948945 0.1032463 -0.005760908 -0.02868992 0.1035993 -0.005760908 -0.02831691 0.1024582 -0.005760908 -0.02822071 0.1012663 -0.005760908 -0.02840358 0.1000924 -0.005760908 -0.02886325 0.09899842 -0.005760908 -0.02956593 0.09803438 -0.005760908 -0.03030836 0.09736537 -0.005760908 -0.03116893 0.09685242 -0.00494194 -0.03154087 0.09758234 -0.003901958 -0.03181833 0.09860134 -0.0017609 -0.03211009 0.1008263 -0.003901958 -0.03181833 0.09860134 -0.0017609 -0.0350722 0.09944534 -0.005760908 -0.03352278 0.09575438 -0.005760908 -0.03116893 0.09685242 -0.00494194 -0.03154087 0.09758234 -0.0017609 -0.03211009 0.1008263 -0.0017609 -0.05030524 0.1398463 -0.003909945 -0.03039062 0.1025683 -0.004942834 -0.02948945 0.1032463 -0.005760908 -0.04598838 0.1406964 -0.005760908 -0.02868992 0.1035993 -0.01466184 -0.03516232 0.09940338 -0.01476097 -0.0350722 0.09944534 -0.0107609 -0.03863167 0.0976144 -0.0107609 -0.03876322 0.09789633 -0.01466184 -0.03516399 0.09940731 -0.01451689 -0.0351842 0.09966337 -0.01270192 -0.03512859 0.1016902 -0.0107609 -0.03690356 0.1030054 -0.0107609 -0.03585648 0.1034933 -0.0107609 -0.03541535 0.1036993 -0.0107609 -0.03585648 0.1034933 -0.0107609 -0.03541535 0.1036993 -0.0107609 -0.0337249 0.1000744 -0.0107609 -0.03416591 0.09986841 -0.001860976 -0.03516399 0.09940731 -0.005760908 -0.03876322 0.09789633 -0.001860976 -0.03516232 0.09940338 -0.005760908 -0.03863167 0.0976144 -0.0017609 -0.0350722 0.09944534 -0.005760908 -0.03541535 0.1036993 -0.003819882 -0.03512859 0.1016902 -0.005760908 -0.03585648 0.1034933 -0.005760908 -0.03690356 0.1030054 -0.002005875 -0.0351842 0.09966337 -0.01451689 -0.0351842 0.09966337 -0.0107609 -0.03690356 0.1030054 -0.01462495 -0.03518837 0.09951436 -0.01233989 -0.03731656 0.1002624 -0.0107609 -0.03844094 0.1015273 -0.0107609 -0.03875041 0.1008733 -0.0107609 -0.03895789 0.1001824 -0.0107609 -0.0390532 0.09946441 -0.0107609 -0.03901696 0.09874534 -0.0107609 -0.03892076 0.09831333 -0.0107609 -0.03876322 0.09789633 -0.0107609 -0.03751653 0.1026244 -0.01466184 -0.03516399 0.09940731 -0.0107609 -0.03802931 0.1021213 -0.002005875 -0.0351842 0.09966337 -0.005760908 -0.03690356 0.1030054 -0.004182875 -0.03731656 0.1002624 -0.001897931 -0.03518843 0.09951531 -0.001860976 -0.03516399 0.09940731 -0.005760908 -0.03876322 0.09789633 -0.005760908 -0.03898787 0.09858131 -0.005760908 -0.03905719 0.0992974 -0.005760908 -0.03899037 0.1000183 -0.005760908 -0.03880721 0.1007183 -0.005760908 -0.03852123 0.1013814 -0.005760908 -0.03813314 0.1019914 -0.005760908 -0.03764361 0.1025183 -0.005760908 -0.03729254 0.1027873 -0.01476097 -0.05030524 0.1398463 -0.01350188 -0.05062669 0.1418043 -0.01471787 -0.05044382 0.1401923 -0.01249897 -0.04930073 0.1416463 -0.0107609 -0.04598838 0.1406964 -0.0107609 -0.04598838 0.1406964 -0.01084285 -0.05021101 0.1426203 -0.01154494 -0.05036437 0.1426153 -0.01223486 -0.05048269 0.1424603 -0.01289296 -0.05056905 0.1421813 -0.01459985 -0.05054146 0.1405333 -0.0140419 -0.05064344 0.1413353 -0.01432788 -0.05062049 0.1409963 -0.0017609 -0.05030524 0.1398463 -0.003171861 -0.05061483 0.1419103 -0.004022896 -0.04930073 0.1416463 -0.001799941 -0.05043923 0.1401783 -0.005760908 -0.04598838 0.1406964 -0.005760908 -0.04598838 0.1406964 -0.005678892 -0.05021101 0.1426203 -0.005153894 -0.05032676 0.1426283 -0.00463289 -0.05042243 0.1425493 -0.003875911 -0.05053669 0.1422973 -0.002610862 -0.05064404 0.1414643 -0.001908898 -0.05053573 0.1405073 -0.00207591 -0.05059766 0.1408213 -0.002284884 -0.05063158 0.1411134 -0.01476097 -0.1411362 0.2706603 -0.01423788 -0.07556903 0.1294844 -0.01391196 -0.07583004 0.1297193 -0.01335096 -0.07619065 0.1299843 -0.01148384 -0.1421613 0.2701824 -0.01476097 -0.07480889 0.1284203 -0.01472187 -0.07497686 0.1287363 -0.01461291 -0.07516682 0.1290214 -0.0144459 -0.07536768 0.1292713 -0.01136785 -0.07692593 0.1302254 -0.009125947 -0.07707595 0.1298353 -0.01264691 -0.07653731 0.1301733 -0.01188993 -0.0768038 0.1302472 -0.01084285 -0.07699406 0.1301313 -0.008035898 -0.1424773 0.2700343 -0.005678892 -0.07699406 0.1301313 -0.007396936 -0.07707595 0.1298353 -0.004598975 -0.1420673 0.2702254 -0.003628969 -0.07642799 0.1301233 -0.001356959 -0.1409533 0.2707454 -0.004287958 -0.07669705 0.1302363 -0.003019869 -0.07610189 0.1299253 -0.004976928 -0.07689166 0.1302453 -0.002479851 -0.07573187 0.1296364 -0.002194881 -0.07548671 0.1294013 -0.001921892 -0.07518333 0.1290433 -0.001803815 -0.07498478 0.1287493 -0.0017609 -0.07480889 0.1284203 0.001084983 -0.05499452 0.09015536 -0.0017609 -0.05661362 0.08940029 0.001514971 -0.1391947 0.2715653 0.003866076 -0.1368854 0.2726424 0.00346297 -0.05284172 0.09115934 0.005252063 -0.0502631 0.0923624 0.005568027 -0.1341487 0.2739184 0.00636208 -0.04738849 0.09370231 0.006532073 -0.1311309 0.2753254 0.00673902 -0.04436177 0.09511339 0.006706058 -0.1279932 0.2767884 0.00636208 -0.0413351 0.09652531 0.006081104 -0.124903 0.2782294 0.005252063 -0.03846043 0.09786534 0.004689097 -0.1220255 0.2795714 0.00346297 -0.03588181 0.0990684 0.002606034 -0.1195143 0.2807424 0.001084983 -0.03372901 0.1000723 -0.0017609 -0.03211009 0.1008263 -0.0017609 -0.05030524 0.1398463 -5.6982e-5 -0.1175035 0.2816804 -0.001908898 -0.05053573 0.1405073 -0.001799941 -0.05043923 0.1401783 -0.003188908 -0.116091 0.2823384 -0.003171861 -0.05061483 0.1419103 -0.003875911 -0.05053669 0.1422973 -0.00463289 -0.05042243 0.1425493 -0.00207591 -0.05059766 0.1408213 -0.002284884 -0.05063158 0.1411134 -0.006595969 -0.115374 0.2826734 -0.002610862 -0.05064404 0.1414643 -0.005153894 -0.05032676 0.1426283 -0.005678892 -0.05021101 0.1426203 -0.009125947 -0.0499323 0.1424933 -0.007396936 -0.0499323 0.1424933 -0.01009386 -0.1153917 0.2826644 -0.01349192 -0.1161432 0.2823144 -0.01154494 -0.05036437 0.1426153 -0.01084285 -0.05021101 0.1426203 -0.01223486 -0.05048269 0.1424603 -0.01289296 -0.05056905 0.1421813 -0.01350188 -0.05062669 0.1418043 -0.0140419 -0.05064344 0.1413353 -0.01432788 -0.05062049 0.1409963 -0.01459985 -0.05054146 0.1405333 -0.01471787 -0.05044382 0.1401923 -0.0166049 -0.1175875 0.2816403 -0.01476097 -0.05030524 0.1398463 -0.01760786 -0.03372901 0.1000723 -0.01476097 -0.03211009 0.1008263 -0.01926487 -0.1196461 0.2806814 -0.01998496 -0.03588181 0.0990684 -0.02177393 -0.03846043 0.09786534 -0.02132683 -0.1222071 0.2794864 -0.02267783 -0.1251311 0.2781234 -0.02324491 -0.1282593 0.2766644 -0.02288496 -0.0413351 0.09652531 -0.02326095 -0.04436177 0.09511339 -0.0229969 -0.1314214 0.2751904 -0.02288496 -0.04738849 0.09370231 -0.02177393 -0.0502631 0.0923624 -0.02194893 -0.1344456 0.2737794 -0.02015495 -0.1371673 0.2725103 -0.01771491 -0.1394388 0.2714514 -0.01998496 -0.05284172 0.09115934 -0.01760786 -0.05499452 0.09015536 -0.01476097 -0.05661362 0.08940029 -0.01476097 -0.07480889 0.1284203 -0.01476097 -0.1411362 0.2706603 -0.005760908 -0.03541535 0.1036993 -0.005760908 -0.03585648 0.1034933 -0.005760908 -0.0337249 0.1000744 -0.005760908 -0.03416591 0.09986841 -0.0107609 -0.05776602 0.08886337 -0.0107609 -0.05804681 0.08873236 -0.009097933 -0.05793499 0.08878433 -0.00742495 -0.05793499 0.08878433 -0.005760908 -0.05804681 0.08873236 -0.005760908 -0.05776602 0.08886337 -0.005760908 -0.05804681 0.08873236 -0.0107609 -0.05804681 0.08873236 -0.0107609 -0.07579666 0.1267963 -0.005760908 -0.07579666 0.1267963 -0.0107609 -0.07551586 0.1269273 -0.0107609 -0.07579666 0.1267963 -0.009097933 -0.07568484 0.1268494 -0.00742495 -0.07568484 0.1268494 -0.005760908 -0.07551586 0.1269273 -0.005760908 -0.07579666 0.1267963 -0.005760908 -0.07551586 0.1269273 -0.005760908 -0.07579666 0.1267963 -0.005760908 -0.05804681 0.08873236 -0.005760908 -0.05776602 0.08886337 -0.0107609 -0.05776602 0.08886337 -0.009097933 -0.05793499 0.08878433 -0.0107609 -0.07551586 0.1269273 -0.009097933 -0.07568484 0.1268494 -0.00742495 -0.07568484 0.1268494 -0.00742495 -0.05793499 0.08878433 -0.005760908 -0.05776602 0.08886337 -0.005760908 -0.07551586 0.1269273 -0.0107609 -0.07579666 0.1267963 -0.0107609 -0.05804681 0.08873236 -0.0107609 -0.07551586 0.1269273 -0.0107609 -0.05776602 0.08886337 -0.005760908 -0.03095752 0.1013643 -0.005760908 -0.03067678 0.1014953 -0.00742495 -0.0307886 0.1014434 -0.009097933 -0.0307886 0.1014434 -0.0107609 -0.03067678 0.1014953 -0.0107609 -0.03095752 0.1013643 -0.0107609 -0.04842638 0.1395593 -0.005760908 -0.04842638 0.1395593 -0.0107609 -0.03067678 0.1014953 -0.005760908 -0.03067678 0.1014953 -0.0107609 -0.03067678 0.1014953 -0.0107609 -0.03095752 0.1013643 -0.0107609 -0.04842638 0.1395593 -0.0107609 -0.04870718 0.1394283 -0.005760908 -0.03095752 0.1013643 -0.005760908 -0.04870718 0.1394283 -0.005760908 -0.03067678 0.1014953 -0.005760908 -0.04842638 0.1395593 -0.005760908 -0.03095752 0.1013643 -0.005760908 -0.04870718 0.1394283 -0.00742495 -0.0307886 0.1014434 -0.009097933 -0.0307886 0.1014434 -0.00742495 -0.0485382 0.1395074 -0.009097933 -0.0485382 0.1395074 -0.0107609 -0.04870718 0.1394283 -0.0107609 -0.03095752 0.1013643 -0.005760908 -0.04870718 0.1394283 -0.005760908 -0.04842638 0.1395593 -0.00742495 -0.0485382 0.1395074 -0.009097933 -0.0485382 0.1395074 -0.0107609 -0.04842638 0.1395593 -0.0107609 -0.04870718 0.1394283 -0.00871098 -0.001521766 0.1008024 -0.009728908 -0.002225816 0.1019003 -0.005174875 -0.003015816 0.1040064 -0.005491912 -0.003366649 0.1043003 -0.005691826 -0.003745973 0.1046553 -0.01041889 -0.00301522 0.1031802 -0.01067495 -0.003571808 0.1040993 -0.005760908 -0.0041399 0.1050423 -0.0107609 -0.0041399 0.1050423 -0.005760908 -0.0041399 0.1050423 -0.005760908 -0.02759248 0.1361653 -0.0107609 -0.0041399 0.1050423 -0.0107609 -0.02759248 0.1361653 -0.005760908 -0.04598838 0.1406964 -0.0107609 -0.04598838 0.1406964 -0.005760908 -0.04591107 0.1407324 -0.0107609 -0.04591107 0.1407324 -0.0107609 -0.07823479 0.1256593 -0.0107609 -0.07831203 0.1256233 -0.005760908 -0.07823479 0.1256593 -0.005760908 -0.07831203 0.1256233 -0.005760908 -0.02759248 0.1361653 -0.0107609 -0.02759248 0.1361653 -0.005760908 -0.02993023 0.1386283 -0.005760908 -0.03276211 0.1405034 -0.0107609 -0.02993023 0.1386283 -0.0107609 -0.03276211 0.1405034 -0.0107609 -0.03594315 0.1416923 -0.005760908 -0.03594315 0.1416923 -0.005760908 -0.03931003 0.1421353 -0.005760908 -0.04269039 0.1418102 -0.0107609 -0.03931003 0.1421353 -0.0107609 -0.04269039 0.1418102 -0.0107609 -0.04591107 0.1407324 -0.005760908 -0.04591107 0.1407324 -0.005760908 -0.04598838 0.1406964 -0.0107609 -0.04598838 0.1406964 -0.005678892 -0.05021101 0.1426203 -0.007396936 -0.0499323 0.1424933 -0.009125947 -0.0499323 0.1424933 -0.01084285 -0.05021101 0.1426203 -0.0107609 -0.05455768 0.09035933 -0.0107609 -0.056248 0.09398436 -0.0107609 -0.05499863 0.09015333 -0.0107609 -0.0566892 0.09377932 -0.005760908 -0.05499863 0.09015333 -0.005760908 -0.0566892 0.09377932 -0.005760908 -0.05455768 0.09035933 -0.005760908 -0.056248 0.09398436</float_array>
          <technique_common>
            <accessor source="#Mesh69_608-mesh-positions-array" count="2511" stride="3">
              <param name="X" type="float"/>
              <param name="Y" type="float"/>
              <param name="Z" type="float"/>
            </accessor>
          </technique_common>
        </source>
        <source id="Mesh69_608-mesh-normals">
          <float_array id="Mesh69_608-mesh-normals-array" count="6276">-0.7079333 -0.6401798 -0.2983294 -0.7305462 -0.6187837 -0.2888064 -0.5464509 -0.7589274 -0.3541478 -0.614995 -0.7196763 -0.3222536 -0.5339929 -0.7662739 -0.3573178 -0.5043926 -0.7825456 -0.3649804 -0.4077663 -0.8274961 -0.3859756 -0.3295807 -0.8555243 -0.3993179 -0.623758 -0.7194672 -0.3054394 -0.8471837 -0.4816242 -0.2243164 -0.8721409 -0.4432882 -0.2070407 -0.9440841 -0.2989366 -0.1390764 -0.9635485 -0.2423215 -0.1133784 -0.9937363 -0.1014153 -0.04693853 -0.9995363 -0.02743679 -0.01321482 -0.9937353 0.1011406 0.04754889 -0.9440939 0.2986345 0.1396577 -0.9780422 0.1890651 0.08768105 -0.9002509 0.3947639 0.1836026 -0.8471913 0.4813538 0.2248678 -0.7706334 0.5777538 0.2689328 -0.7079559 0.6399285 0.2988144 -0.5967981 0.7273886 0.3387298 -0.6151371 0.7064798 0.3499896 -0.6255831 0.6882696 0.3673294 -0.5298113 0.7687453 0.358233 -0.5064077 0.7815703 0.3642791 -0.3886331 0.8352224 0.3890603 -0.4075517 0.8276163 0.3859443 -0.2046589 0.88712 0.4136821 -0.1580587 0.8950657 0.4169832 -0.06988996 0.9041138 0.4215373 -0.1394732 0.8974811 0.4184196 0.08157813 0.9034636 0.420831 0.06988996 0.9041138 0.4215373 0.2043588 0.8871418 0.4137838 0.1394732 0.8974811 0.4184196 0.3166685 0.859821 0.4005357 0.407582 0.8276157 0.3859134 0.4283705 0.8190801 0.3815842 0.5064321 0.7814997 0.3643967 0.5288007 0.7692285 0.3586884 0.5293274 0.7689348 0.3585412 -0.2043576 -0.8872284 -0.4135984 -0.09271675 -0.9022338 -0.4211624 -0.06973731 -0.904083 -0.4216287 -0.1392284 -0.8974773 -0.4185094 0.06973731 -0.904083 -0.4216287 0.2045708 -0.8871655 -0.4136281 0.1392284 -0.8974773 -0.4185094 0.1493618 -0.8959878 -0.4182069 0.3828038 -0.8371145 -0.3907694 0.4073984 -0.8277063 -0.385913 0.5060492 -0.7816433 -0.3646203 0.5938723 -0.7290111 -0.3403801 0.5301899 -0.7683664 -0.3584855 0.6142923 -0.7201943 -0.3224363 0.7080393 -0.6401652 -0.2981089 0.6237198 -0.7194889 -0.3054661 0.7698786 -0.5782177 -0.2700954 0.847182 -0.4816842 -0.2241939 0.9007859 -0.3933976 -0.1839111 0.9440416 -0.2990854 -0.1390442 0.9788163 -0.1853744 -0.08691906 0.9937377 -0.1014155 -0.04690808 0.9993318 0.03329575 0.01507616 0.9937337 0.1011709 0.04751825 0.9612066 0.2501365 0.1162481 0.9440224 0.2988753 0.1396257 0.8665647 0.4524179 0.2106746 0.8471677 0.4814798 0.2246865 0.7211085 0.6279944 0.2926185 0.7080385 0.6399814 0.2985054 0.6318974 0.702488 0.3274391 0.6253744 0.6981939 0.3484713 0.6258386 0.6880989 0.367214 4.49962e-5 -0.4232247 0.9060248 0 -0.4231066 0.9060799 0 -0.4231081 0.9060793 -4.4999e-5 -0.4232197 0.9060271 -3.98432e-4 0.4221432 -0.9065291 1.97969e-4 0.422678 -0.90628 1.15713e-4 0.4228194 -0.9062139 5.96117e-5 0.4227107 -0.9062647 8.99632e-5 0.4226133 -0.9063102 -1.48995e-4 0.4227265 -0.9062573 -1.4307e-4 0.4225825 -0.9063245 -4.40931e-6 0.4224306 -0.9063953 0 0.4224708 -0.9063767 -9.5378e-5 0.4225359 -0.9063463 -1.23472e-5 0.4226908 -0.9062741 -5.36444e-5 0.4227607 -0.9062414 -3.52683e-5 0.4227779 -0.9062333 2.75704e-5 0.4224945 -0.9063656 1.51228e-4 0.4227198 -0.9062604 1.44615e-4 0.4225919 -0.90632 -8.11423e-5 0.422607 -0.9063131 -5.66308e-5 0.4226856 -0.9062765 -1.77989e-4 0.4226597 -0.9062885 2.33276e-4 0.4222681 -0.906471 -2.47105e-4 0.4225363 -0.906346 2.47187e-4 0.4225363 -0.906346 1.78054e-4 0.4226589 -0.9062888 -2.32288e-4 0.422281 -0.906465 8.11168e-5 0.4226073 -0.906313 5.66145e-5 0.4226857 -0.9062764 -1.44618e-4 0.4225921 -0.90632 -1.51228e-4 0.4227201 -0.9062603 -2.75685e-5 0.4224945 -0.9063655 5.3634e-5 0.4227603 -0.9062417 3.52683e-5 0.4227774 -0.9062337 1.23434e-5 0.4226909 -0.9062739 9.53593e-5 0.4225346 -0.9063469 4.40931e-6 0.4224314 -0.9063949 0 0.4224716 -0.9063763 1.43074e-4 0.422584 -0.9063237 -8.99348e-5 0.4226131 -0.9063102 1.48995e-4 0.4227252 -0.9062579 -5.95945e-5 0.4227102 -0.906265 -1.98041e-4 0.4226776 -0.9062801 -1.15752e-4 0.4228199 -0.9062138 3.96734e-4 0.4221404 -0.9065304 0 -0.9062795 -0.4226791 0 -0.9063528 -0.4225221 -1.72322e-4 -0.9062765 -0.4226855 -1.74652e-4 -0.9063009 -0.4226331 -1.96419e-4 -0.9062672 -0.4227051 -2.02709e-4 -0.9062705 -0.4226985 -1.7731e-4 -0.9063 -0.422635 4.05286e-5 -0.9063251 -0.4225812 3.11939e-5 -0.9061928 -0.4228648 2.49521e-5 -0.9063365 -0.4225567 5.57624e-5 -0.9062654 -0.4227092 -6.85797e-5 -0.9062841 -0.4226692 -1.69653e-4 -0.9063721 -0.4224805 0 -0.9063605 -0.4225055 0 -0.9063656 -0.4224943 2.49495e-5 -0.9063619 -0.4225024 2.05154e-4 -0.9063087 -0.4226163 -1.11428e-4 -0.9063084 -0.4226171 4.99085e-5 -0.9062827 -0.4226722 -2.18198e-4 -0.9062787 -0.4226805 1.49678e-4 -0.9062852 -0.4226667 1.11507e-4 -0.906255 -0.4227318 2.12716e-4 -0.906286 -0.4226651 1.62252e-4 -0.9062783 -0.4226814 2.21277e-4 -0.9062898 -0.422657 2.12076e-4 -0.9063428 -0.4225431 0 -0.9062854 -0.4226663 0 -0.9063287 -0.4225735 -1.41922e-4 -0.9062682 -0.4227033 -8.73712e-5 -0.9061771 -0.4228987 1.01324e-4 -0.9063103 -0.4226129 3.73998e-5 -0.9063634 -0.4224991 3.03822e-5 -0.9063699 -0.4224852 6.07926e-5 -0.9063543 -0.4225187 6.23316e-5 -0.9063591 -0.4225085 2.49434e-5 -0.9063614 -0.4225035 -5.61445e-5 -0.9063135 -0.4226059 6.5867e-5 -0.9062901 -0.4226562 5.06865e-5 -0.906226 -0.4227936 0 -0.9062335 -0.4227777 0 -0.9062302 -0.4227847 9.35506e-5 -0.9062353 -0.4227738 3.43121e-5 -0.9063048 -0.4226248 -8.10646e-5 -0.9062893 -0.422658 -4.98839e-5 -0.9063555 -0.4225163 -1.11516e-4 -0.9063349 -0.42256 -7.09112e-5 -0.906354 -0.4225193 -3.74094e-5 -0.9063667 -0.4224921 -2.7848e-5 -0.906368 -0.4224892 1.39428e-4 -0.9062727 -0.4226936 -2.11998e-4 -0.9062176 -0.4228118 1.74654e-4 -0.9063223 -0.4225873 -1 0 0 -1 2.37589e-7 0 1 0 0 1 0 0 0 0.4227958 -0.9062251 7.17797e-5 0.42263 -0.9063023 5.71813e-5 0.4228112 -0.9062179 0 0.4225761 -0.9063276 -1.40535e-4 0.4225112 -0.9063577 -7.44869e-5 0.422396 -0.9064114 7.95869e-5 0.4227137 -0.9062634 3.06161e-5 0.4226648 -0.9062861 -7.17867e-5 0.4226301 -0.9063023 1.40509e-4 0.4225103 -0.9063581 -3.17087e-5 0.4226645 -0.9062863 -7.72588e-5 0.4227157 -0.9062623 7.30576e-5 0.4223953 -0.9064118 -5.60811e-5 0.4228118 -0.9062176 0 0.4227989 -0.9062235 0 -0.4225599 0.906335 -3.08762e-5 -0.4226331 0.9063009 5.48287e-5 -0.42268 0.906279 -1.48715e-4 -0.4225044 0.9063609 3.7458e-5 -0.4227652 0.9062393 -9.59771e-5 -0.4224741 0.9063751 2.19919e-5 -0.4228556 0.9061971 0 -0.4227608 0.9062414 -2.63907e-5 -0.4228578 0.9061961 9.74059e-5 -0.4224771 0.9063737 -3.74518e-5 -0.4227629 0.9062404 1.48719e-4 -0.4225059 0.9063602 -5.48385e-5 -0.4226797 0.9062792 3.08732e-5 -0.4226329 0.9063009 0 -0.4225602 0.906335 1 0 0 0.2392382 0.410358 -0.8799839 0.120125 0.4195526 -0.8997475 0.239452 0.4102972 -0.879954 0.1205525 0.4194922 -0.8997185 0.464812 0.3741996 -0.8024492 0.6630545 0.3163594 -0.6784361 0.6630374 0.3163658 -0.6784498 0.8229715 0.2400918 -0.5148532 0.9350661 0.1497864 -0.3212716 0.9350488 0.149819 -0.3213067 0.9927241 0.05087524 -0.1091361 0.9927192 0.05090552 -0.1091662 0.9927192 -0.05090552 0.1091662 0.9927241 -0.05087524 0.1091361 0.9350661 -0.1497864 0.3212716 0.9350488 -0.149819 0.3213067 0.8229488 -0.2400941 0.5148885 0.6630683 -0.3163659 0.6784197 0.6630374 -0.3163658 0.6784498 0.8229715 -0.2400918 0.5148532 0.464812 -0.3741996 0.8024492 0.2392987 -0.4103266 0.8799819 0.1205193 -0.4195441 0.8996988 0.1201533 -0.4195144 0.8997616 0.2394554 -0.4103337 0.879936 -0.2393944 -0.4103032 0.8799669 -0.1205826 -0.4194906 0.8997152 -0.1202152 -0.419548 0.8997377 -0.2392382 -0.410358 0.8799839 -0.4648765 -0.3741719 0.8024247 -0.4648359 -0.3741943 0.8024379 -0.6631534 -0.3163323 0.6783519 -0.8228327 -0.2401569 0.5150449 -0.6631227 -0.3163322 0.6783822 -0.8228554 -0.2401546 0.5150095 -0.935009 -0.1498785 0.321395 -0.9927241 -0.05087524 0.1091361 -0.9927273 -0.05087542 0.109106 -0.9349825 -0.1499097 0.3214575 -0.9927241 0.05087524 -0.1091361 -0.9927273 0.05087542 -0.109106 -0.9349998 0.1498771 -0.3214224 -0.9349825 0.1499097 -0.3214575 -0.8228554 0.2401546 -0.5150095 -0.6631227 0.3163322 -0.6783822 -0.4648359 0.3741943 -0.8024379 -0.6631534 0.3163323 -0.6783519 -0.2392094 0.4103609 -0.8799902 -0.2394232 0.4103002 -0.8799604 -0.1201551 0.4195511 -0.8997443 -0.1205826 0.4194906 -0.8997152 -0.9600484 -0.2536161 -0.1182626 -0.9208055 -0.3534775 -0.1648361 -0.9600617 -0.2535811 -0.1182299 -0.9208148 -0.3534693 -0.1648018 -0.8052241 -0.5374163 -0.2505949 -0.6458506 -0.6919348 -0.3226506 -0.6458191 -0.6919643 -0.3226501 -0.4511927 -0.8088142 -0.3771536 -0.2318847 -0.8816075 -0.4110934 0 -0.9063016 -0.4226315 0.2318847 -0.8816075 -0.4110934 0.451133 -0.808847 -0.3771547 0.645795 -0.6919711 -0.3226838 0.6457636 -0.6920007 -0.3226834 0.8053022 -0.5373157 -0.2505602 0.9208539 -0.353381 -0.1647728 0.9600617 -0.2535811 -0.1182299 0.9600484 -0.2536161 -0.1182626 3.19907e-5 0.9063198 0.4225928 0 0.9063049 0.4226245 -4.70755e-5 0.9063153 0.4226022 -4.60537e-4 0.9062299 0.4227852 7.42594e-5 0.9063225 0.4225869 5.11091e-5 0.9063237 0.4225844 0 0.9063194 0.4225935 -4.83254e-5 0.9063053 0.4226236 9.60471e-5 0.9063134 0.4226065 -3.16556e-5 0.9062811 0.4226755 5.12032e-5 0.9062944 0.4226469 1.83323e-4 0.9063537 0.4225196 1.27996e-5 0.9063053 0.4226236 -6.33113e-5 0.9062421 0.4227594 -3.04097e-5 0.9062572 0.4227271 -3.33187e-6 0.9062965 0.4226424 7.20136e-6 0.9063099 0.422614 9.99238e-6 0.9063934 0.4224348 4.79862e-6 0.9063828 0.4224575 9.99323e-6 0.9063813 0.4224606 9.99555e-6 0.9062896 0.4226576 1.28027e-5 0.9062929 0.4226503 1.92054e-5 0.9062734 0.4226921 7.33069e-5 0.9062451 0.4227529 0 0.9063012 0.4226323 1.9343e-4 0.906243 0.4227572 1.27986e-5 0.9063267 0.4225779 1.33259e-5 0.9063273 0.4225766 -6.5621e-5 0.9063496 0.4225286 -3.73157e-4 0.9063657 0.422494 1.6798e-4 0.9062851 0.422667 0 0.9062778 0.4226825 4.37214e-4 0.906259 0.4227228 0 0.906306 0.4226223 -5.29454e-4 0.9064195 0.4223785 -5.11129e-5 0.9063058 0.4226227 -2.24257e-4 0.906292 0.4226521 -6.49834e-5 0.9063022 0.4226306 5.7135e-4 0.9063476 0.4225327 0 0.9063106 0.4226122 -6.9749e-4 0.9063577 0.422511 4.06147e-5 0.9063016 0.4226315 2.33267e-4 0.9062871 0.4226624 0 0.9063184 0.4225957 -0.9708333 -0.1013224 0.2172938 -0.9926125 -0.05127257 0.1099613 -0.9708427 -0.1012929 0.2172654 -0.8855742 -0.1962991 0.4209811 -0.8855627 -0.1962966 0.4210063 -0.7487905 -0.2801059 0.6007109 -0.568075 -0.347791 0.7458769 -0.7487569 -0.2801353 0.6007391 -0.5680543 -0.347797 0.7458898 -0.3545083 -0.3951596 0.8474507 -0.3544816 -0.3951639 0.8474599 -0.1205193 -0.4195441 0.8996988 -0.1204892 -0.4195456 0.8997021 0.1204892 -0.4195456 0.8997021 0.354455 -0.3951682 0.8474691 0.3544816 -0.3951639 0.8474599 0.5683566 -0.3477038 0.745703 0.568336 -0.3477098 0.7457159 0.748716 -0.2801314 0.6007918 0.7486889 -0.2801327 0.600825 0.8853483 -0.1964795 0.4213721 0.885365 -0.1964527 0.4213495 0.9709672 -0.1010795 0.2168081 0.9709736 -0.1010801 0.216779 0.9709736 0.1010801 -0.216779 0.9709672 0.1010795 -0.2168081 0.8853829 0.1964499 -0.421313 0.885365 0.1964527 -0.4213495 0.7484461 0.2802553 -0.6010702 0.7484663 0.2802323 -0.6010559 0.5681137 0.3477045 -0.7458877 0.3548148 0.3950085 -0.8473929 0.3548774 0.3950102 -0.847366 0.568336 0.3477098 -0.7457159 0.1205808 0.419454 -0.8997325 -0.1205209 0.419519 -0.8997104 0.1209167 0.4194852 -0.899673 -0.1208864 0.4194249 -0.8997051 -0.3549047 0.3950676 -0.8473277 -0.354966 0.3949458 -0.8473588 -0.5678449 0.3477997 -0.746048 -0.5680543 0.347797 -0.7458898 -0.7485069 0.2802246 -0.601009 -0.7485206 0.2802298 -0.6009895 -0.8855794 0.1962698 -0.4209837 -0.8855742 0.1962991 -0.4209811 -0.9708427 0.1012929 -0.2172654 -0.9926125 0.05127257 -0.1099613 0 -0.9063194 -0.4225935 -1.709e-5 -0.9063111 -0.4226114 8.33967e-5 -0.9063004 -0.4226341 -3.42805e-4 -0.906333 -0.422564 0 -0.9063067 -0.4226208 6.49837e-5 -0.9063037 -0.4226271 5.79851e-4 -0.9064111 -0.4223963 -4.41578e-4 -0.9062159 -0.4228152 -1.41027e-5 -0.9062759 -0.4226868 0 -0.906275 -0.4226887 -2.0518e-4 -0.9062844 -0.4226686 -1.33311e-5 -0.9063133 -0.4226068 1.14457e-4 -0.9063203 -0.4225913 2.66442e-4 -0.9063639 -0.4224978 -1.91981e-5 -0.9063146 -0.4226039 -2.1346e-4 -0.9062331 -0.4227785 1.44003e-5 -0.9062939 -0.4226484 1.99904e-5 -0.9062995 -0.4226361 -1.92056e-5 -0.9062801 -0.4226779 8.31842e-5 -0.9063735 -0.4224774 -6.66375e-6 -0.9062969 -0.4226418 8.39007e-5 -0.906346 -0.4225366 0 -0.9063974 -0.4224262 5.44082e-5 -0.9062933 -0.4226493 3.20061e-6 -0.9063124 -0.4226087 3.84121e-5 -0.9062627 -0.422715 1.3329e-5 -0.9063051 -0.4226241 3.99828e-5 -0.9062646 -0.4227112 6.4003e-6 -0.9062901 -0.4226564 -2.13317e-4 -0.906359 -0.4225084 -7.36025e-5 -0.9062865 -0.4226638 1.03301e-4 -0.9062592 -0.4227225 -7.04366e-5 -0.9063104 -0.4226129 4.16604e-6 -0.9063073 -0.4226195 0 -0.9063142 -0.4226046 -3.83903e-5 -0.9063102 -0.4226132 0 -0.9063086 -0.4226166 1.95027e-5 -0.9063133 -0.4226065 5.30002e-4 -0.906201 -0.4228468 -1.99441e-4 -0.9063391 -0.4225511 -4.40617e-6 -0.9063141 -0.4226049 -1.40156e-4 -0.9062957 -0.4226445 -2.97854e-5 -0.9063084 -0.4226171 6.3083e-4 -0.9063539 -0.4225189 0 -0.9063083 -0.4226171 -1.9502e-5 -0.9063138 -0.4226053 1.39943e-4 -0.906295 -0.4226459 2.97857e-5 -0.9063071 -0.4226198 -6.33221e-4 -0.9063577 -0.4225109 1.70854e-5 -0.906311 -0.4226114 3.44108e-4 -0.9063328 -0.4225647 -6.4984e-5 -0.9063053 -0.4226237 0 -0.9063054 -0.4226235 -5.8e-4 -0.9064134 -0.4223911 -8.33935e-5 -0.9063004 -0.4226343 0 -0.90632 -0.4225924 4.41509e-4 -0.9062132 -0.4228208 1.41024e-5 -0.9062756 -0.4226872 2.05261e-4 -0.9062836 -0.4226701 0 -0.9062744 -0.4226898 1.33327e-5 -0.906314 -0.4226052 -2.66415e-4 -0.9063627 -0.4225004 -1.14408e-4 -0.9063212 -0.4225897 1.92031e-5 -0.9063147 -0.4226036 -1.28024e-5 -0.9062935 -0.422649 2.13296e-4 -0.906233 -0.4227786 -1.66614e-5 -0.9062982 -0.4226391 6.66369e-6 -0.9062952 -0.4226454 1.92033e-5 -0.9062806 -0.4226768 -8.31865e-5 -0.9063699 -0.4224851 -5.44098e-5 -0.9062936 -0.4226489 -8.32794e-5 -0.9063528 -0.4225221 0 -0.9063925 -0.4224367 -2.50055e-6 -0.9063094 -0.4226149 -1.3329e-5 -0.9063068 -0.4226204 -3.84075e-5 -0.9062638 -0.4227128 -3.99896e-5 -0.9062633 -0.4227137 -6.40133e-6 -0.906288 -0.4226608 7.04209e-5 -0.9062884 -0.4226599 2.19813e-4 -0.9063585 -0.4225094 -1.0329e-4 -0.9062579 -0.4227253 -4.16653e-6 -0.9063056 -0.422623 7.04066e-5 -0.9063118 -0.4226099 3.84056e-5 -0.9063115 -0.4226105 0 -0.9063124 -0.4226085 4.40612e-6 -0.9063133 -0.4226067 1.99409e-4 -0.9063372 -0.4225554 -5.30139e-4 -0.9061942 -0.4228618 0 0.906318 0.4225963 5.11109e-5 0.9063063 0.4226214 0 0.9063105 0.4226126 -5.7352e-4 0.9063527 0.4225217 2.23916e-4 0.9062916 0.4226532 6.49837e-5 0.9063012 0.4226326 5.29604e-4 0.9064167 0.4223842 0 0.9063098 0.4226142 -4.37209e-4 0.9062578 0.4227252 0 0.9062773 0.4226837 -1.68047e-4 0.9062857 0.4226658 3.73204e-4 0.9063647 0.4224963 6.55928e-5 0.9063506 0.4225266 -1.33245e-5 0.9063258 0.4225798 -1.60024e-5 0.9063262 0.4225789 1.60026e-6 0.9062998 0.4226354 -1.99947e-4 0.9062446 0.4227538 -7.33196e-5 0.9062475 0.4227477 -1.92031e-5 0.9062739 0.4226912 -9.99545e-6 0.9062879 0.4226611 -8.7444e-6 0.9063865 0.4224495 -1.28031e-5 0.906292 0.4226521 -3.19917e-6 0.906383 0.422457 -6.40142e-6 0.9063093 0.4226151 -9.99266e-6 0.9063926 0.4224364 6.66367e-6 0.9062929 0.4226502 2.88058e-5 0.9062583 0.4227247 5.99895e-5 0.9062451 0.4227528 -1.28017e-5 0.9063062 0.4226219 -1.86512e-4 0.9063496 0.4225286 3.16524e-5 0.9062837 0.4226701 -4.80156e-5 0.9062948 0.4226463 -9.60058e-5 0.9063127 0.4226081 4.83311e-5 0.9063052 0.4226238 -3.20034e-5 0.9063183 0.4225958 0 0.9063047 0.4226251 4.70738e-5 0.9063155 0.4226019 0 0.9063183 0.4225959 -5.11079e-5 0.9063217 0.4225886 -7.42476e-5 0.9063221 0.4225875 4.60655e-4 0.9062291 0.422787 -2.32912e-4 0.9062862 0.4226646 -4.06151e-5 0.9063038 0.4226267 7.00137e-4 0.9063608 0.4225043 -0.9709672 -0.1010795 0.2168081 -0.9927475 -0.05081385 0.1089522 -0.9709736 -0.1010801 0.216779 -0.885365 -0.1964527 0.4213495 -0.8853483 -0.1964795 0.4213721 -0.7484797 -0.2802259 0.6010422 -0.7484461 -0.2802553 0.6010702 -0.5680336 -0.3478031 0.7459027 -0.1205509 -0.4195174 0.899707 0.1205209 -0.419519 0.8997104 0.5680879 -0.347799 0.7458634 0.7484934 -0.2802311 0.6010227 0.7484598 -0.2802604 0.6010507 0.8853536 -0.1964502 0.4213746 0.8853763 0.1964552 -0.4213244 0.7482234 0.2803549 -0.6013011 0.7482368 0.2803485 -0.6012874 0.5678717 0.3477668 -0.746043 0.568081 0.3477642 -0.7458848 -0.354878 0.3950719 -0.8473369 -0.3549393 0.3949501 -0.8473681 -0.5678113 0.3477978 -0.7460744 -0.5680336 0.3478031 -0.7459027 -0.7482033 0.2803779 -0.6013154 -0.7482234 0.2803549 -0.6013011 -0.885365 0.1964527 -0.4213495 -0.9709736 0.1010801 -0.216779 -0.9927475 0.05081385 -0.1089522 -0.9927442 0.05081367 -0.1089824 -0.9709672 0.1010795 -0.2168081 5.53222e-5 -0.9063177 -0.4225971 2.02707e-5 -0.9063301 -0.4225705 1.93695e-4 -0.9065 -0.4222059 0 -0.9063488 -0.4225304 -4.05577e-5 -0.9062353 -0.4227737 -4.05627e-5 -0.906293 -0.4226501 -6.94649e-5 -0.9062454 -0.422752 1.48708e-4 -0.9062337 -0.4227771 1.21619e-4 -0.9062393 -0.422765 8.11126e-5 -0.9063455 -0.4225375 2.2715e-4 -0.9062049 -0.4228388 1.5407e-4 -0.9063434 -0.422542 5.99309e-4 -0.9062207 -0.4228047 3.91881e-4 -0.9062172 -0.4228122 4.18851e-4 -0.9062848 -0.4226676 3.9176e-4 -0.9063159 -0.4226007 4.70253e-4 -0.9062995 -0.422636 4.37102e-4 -0.9063386 -0.4225519 -3.57069e-4 -0.9061919 -0.4228668 -6.75115e-6 -0.906369 -0.422487 -2.5029e-4 -0.9062041 -0.4228407 -2.5963e-4 -0.9061893 -0.4228721 -1.7576e-4 -0.9061989 -0.4228518 -1.45936e-4 -0.9061964 -0.4228571 -3.78752e-4 -0.90614 -0.4229778 -4.73195e-5 -0.9062014 -0.4228466 -3.72965e-4 -0.9060545 -0.423161 -4.8655e-5 -0.9061949 -0.4228604 0 -0.9062374 -0.4227695 2.42169e-5 -0.9061992 -0.4228512 -4.39673e-5 -0.9063085 -0.4226167 1.81355e-4 -0.9062888 -0.422659 -9.50008e-5 -0.9063208 -0.4225905 0 -0.9063094 -0.422615 0 -0.9062716 -0.4226958 0 -0.9062753 -0.4226881 0 -0.9063717 -0.4224814 0 -0.9063752 -0.4224738 0 -0.9062954 -0.422645 0 -0.9062981 -0.4226393 0 -0.9063068 -0.4226204 0 -0.9063026 -0.4226294 0 -0.906273 -0.422693 0 -0.906278 -0.4226825 0 -0.9063718 -0.4224812 0 -0.9063723 -0.4224802 -5.08408e-5 -0.9063186 -0.4225955 0 -0.9063091 -0.4226155 -9.31771e-5 -0.9063217 -0.4225884 -1.93896e-4 -0.906454 -0.4223045 -5.5341e-5 -0.9063184 -0.4225957 -2.43186e-5 -0.9063352 -0.4225596 0 -0.9063404 -0.4225485 4.39528e-5 -0.9062299 -0.4227854 4.05567e-5 -0.9062781 -0.4226818 7.30114e-5 -0.9062454 -0.422752 -1.13556e-4 -0.906246 -0.4227509 -1.62253e-4 -0.9062337 -0.4227772 -2.27197e-4 -0.9062013 -0.4228469 -8.10889e-5 -0.9063504 -0.422527 -1.53956e-4 -0.9063462 -0.4225358 -4.05641e-4 -0.9062166 -0.4228136 -6.00491e-4 -0.9062256 -0.4227941 -4.19133e-4 -0.9062809 -0.4226756 -4.70112e-4 -0.9062983 -0.4226385 -4.37959e-4 -0.9063361 -0.4225575 -3.9203e-4 -0.9063124 -0.4226083 6.75534e-6 -0.9063663 -0.4224928 2.50212e-4 -0.9061961 -0.4228579 3.56804e-4 -0.9061933 -0.4228636 2.43456e-4 -0.9061996 -0.4228504 1.45992e-4 -0.9061993 -0.4228508 1.72408e-4 -0.906199 -0.4228516 3.79124e-4 -0.906138 -0.4229821 3.73455e-4 -0.9060488 -0.4231733 4.7336e-5 -0.9061953 -0.4228596 4.8643e-5 -0.9062057 -0.4228373 0 -0.9062396 -0.4227647 -2.42428e-5 -0.9061805 -0.4228913 -1.81349e-4 -0.9062888 -0.4226589 4.10501e-5 -0.9063084 -0.4226169 9.48996e-5 -0.9063219 -0.422588 0 -0.9063094 -0.4226146 0 -0.9063085 -0.4226168 5.08948e-5 -0.9063163 -0.4226002 9.31809e-5 -0.9063227 -0.4225865 0.9208539 0.353381 0.1647728 0.9600484 0.2536161 0.1182626 0.9600617 0.2535811 0.1182299 0.8052914 0.5373289 0.2505663 0.6457499 0.6920166 0.3226765 0.8053022 0.5373157 0.2505602 0.6457814 0.691987 0.322677 0.451133 0.808847 0.3771547 0.2319425 0.8815951 0.4110876 0 0.9063133 0.4226064 0.2318847 0.8816075 0.4110934 -0.2319487 0.8815882 0.4110986 -0.2318847 0.8816075 0.4110934 -0.4511927 0.8088142 0.3771536 -0.6458013 0.6919779 0.3226565 -0.645837 0.6919507 0.3226438 -0.8052241 0.5374163 0.2505949 -0.9208148 0.3534693 0.1648018 -0.8052349 0.5374031 0.2505887 -0.9208055 0.3534775 0.1648361 -0.9600617 0.2535811 0.1182299 -0.9600484 0.2536161 0.1182626 0 -0.4228212 0.9062131 1.79795e-5 -0.4226077 0.9063128 2.16036e-4 -0.4223153 0.906449 6.28835e-5 -0.4226344 0.9063003 -8.16018e-5 -0.4224902 0.9063675 7.61755e-5 -0.4227315 0.9062551 9.92036e-5 -0.4227821 0.9062314 0 -0.4225142 0.9063563 -9.79625e-5 -0.4227849 0.9062301 -7.37985e-5 -0.4227331 0.9062543 8.1616e-5 -0.422488 0.9063685 -5.99343e-5 -0.4226346 0.9063002 -2.16094e-4 -0.4223163 0.9064486 -1.79795e-5 -0.4226072 0.906313 0 -0.4228199 0.9062137 -0.120581 0.4195159 -0.8997037 -0.2392123 0.4103356 -0.8800013 -0.1201536 0.4195762 -0.8997327 -0.4648411 0.374168 -0.8024469 -0.663129 0.3163048 -0.6783888 -0.8228614 0.2401258 -0.5150133 -0.9349868 0.1498799 -0.3214589 -0.9927225 -0.0509057 0.109136 -0.9350316 -0.1498516 0.3213418 -0.9349868 -0.1498799 0.3214589 -0.82292 -0.2401251 0.5149202 -0.8228614 -0.2401258 0.5150133 -0.4646528 -0.3742249 0.8025295 -0.2394236 -0.410362 0.8799315 -0.1206129 -0.419551 0.8996831 -0.1205813 -0.4195777 0.8996749 -1 2.07894e-7 0 -1 -2.07874e-7 0 0.1205512 -0.4195792 0.8996781 0.2392733 -0.410366 0.8799706 0.4646289 -0.3742302 0.8025408 0.4648059 -0.3741641 0.8024692 0.8229905 -0.2400669 0.5148346 0.9350845 -0.1497893 0.3212169 0.8230421 -0.2400336 0.5147676 0.8229776 0.2400631 -0.514857 0.4648059 0.3741641 -0.8024692 0.2392699 0.4103296 -0.8799884 0.1205209 0.419519 -0.8997104 0.1200934 0.4195793 -0.8997394 0.2394807 0.4102942 -0.8799476 0 0.4225782 -0.9063265 -6.62994e-5 0.4226068 -0.9063132 7.96134e-5 0.4223939 -0.9064124 3.53691e-5 0.4226734 -0.9062822 6.6307e-5 0.4227159 -0.9062622 -8.45222e-5 0.4224661 -0.9063788 5.78649e-5 0.4227938 -0.9062259 -5.95185e-5 0.422789 -0.9062282 0 0.4226289 -0.9063028 -6.52751e-5 0.4227151 -0.9062626 8.57091e-5 0.4224669 -0.9063783 6.74231e-5 0.4226071 -0.906313 -3.53701e-5 0.4226748 -0.9062815 -7.95922e-5 0.4223923 -0.9064131 0 0.4225787 -0.9063263 1 0 0 1 0 0 -0.9709547 -0.1011392 0.2168359 -0.9709547 0.1011392 -0.2168359 -0.8855538 0.1961183 -0.4211081 -0.8855139 0.1961773 -0.4211646 -0.7483982 0.2802297 -0.6011418 -0.748332 0.2803499 -0.6011682 -0.5679949 0.3478896 -0.7458919 -0.568081 0.3477642 -0.7458848 -0.3548749 0.3947632 -0.8474822 -0.3548482 0.3947675 -0.8474912 -0.1205191 0.4194823 -0.8997277 -0.1204293 0.4196105 -0.8996798 0.1206414 0.4195746 -0.8996683 0.1205793 0.4194792 -0.899721 0.3545095 0.3948252 -0.8476061 0.5681482 0.347768 -0.7458319 0.3544828 0.3948295 -0.8476153 0.568237 0.3478273 -0.7457366 0.7485413 0.2802566 -0.6009511 0.7484861 0.2801978 -0.6010473 0.8855139 0.1961773 -0.4211646 0.8854732 0.196175 -0.4212514 0.9709766 0.1010499 -0.2167797 0.9709882 0.1010785 -0.2167145 0.9926828 0.05102729 -0.1094402 -0.8855109 -0.1963902 0.4210717 -0.8855223 -0.1963927 0.4210466 -0.7484336 -0.280323 0.6010542 -0.7484534 -0.2802885 0.6010456 -0.5680215 -0.3478567 0.7458869 -0.3545491 -0.3952015 0.8474141 -0.3545356 -0.3952171 0.8474125 -0.1204308 -0.4195854 0.8996914 0.1204308 -0.4195854 0.8996914 0.3544197 -0.3952239 0.8474578 0.5680552 -0.3478586 0.7458605 0.7485413 -0.2802566 0.6009511 0.8855342 -0.1963581 0.4210377 0.8855456 -0.1963606 0.4210126 0.9709642 -0.1011096 0.2168074 0.9926828 -0.05102729 0.1094402 0 -0.9062759 -0.4226869 -1.72341e-4 -0.9062749 -0.422689 0 -0.9063575 -0.4225118 -1.7465e-4 -0.9062969 -0.4226415 -2.02782e-4 -0.9062704 -0.4226983 -1.96521e-4 -0.9062688 -0.4227017 -1.77364e-4 -0.9062988 -0.4226375 3.11923e-5 -0.9061943 -0.4228616 4.05264e-5 -0.9063217 -0.4225888 2.49521e-5 -0.9063361 -0.4225577 5.57519e-5 -0.9062646 -0.4227111 -6.85915e-5 -0.9062866 -0.4226638 -1.69748e-4 -0.9063705 -0.4224839 0 -0.9063625 -0.422501 0 -0.9063632 -0.4224996 2.4945e-5 -0.906363 -0.4224999 4.98765e-5 -0.9062812 -0.4226754 2.0526e-4 -0.90631 -0.4226136 -1.11465e-4 -0.906309 -0.4226158 1.11476e-4 -0.9062566 -0.4227284 -2.18303e-4 -0.9062772 -0.4226838 1.49696e-4 -0.9062857 -0.4226657 2.12898e-4 -0.9062877 -0.4226614 2.21489e-4 -0.9062869 -0.422663 1.62133e-4 -0.9062814 -0.422675 2.11939e-4 -0.9063369 -0.4225559 0 -0.906286 -0.4226654 0 -0.9063308 -0.422569 -1.41848e-4 -0.9062711 -0.4226971 1.01366e-4 -0.9063099 -0.422614 -8.73314e-5 -0.9061768 -0.422899 3.74233e-5 -0.9063674 -0.4224904 6.23343e-5 -0.9063504 -0.422527 3.03955e-5 -0.9063691 -0.4224867 2.49376e-5 -0.9063604 -0.4225054 6.07967e-5 -0.9063551 -0.422517 6.58669e-5 -0.9062905 -0.4226552 5.07058e-5 -0.906229 -0.4227874 -5.6144e-5 -0.9063097 -0.4226143 0 -0.9062287 -0.4227877 9.35503e-5 -0.9062358 -0.4227725 0 -0.9062342 -0.422776 -8.11216e-5 -0.9062914 -0.4226535 3.43235e-5 -0.9063031 -0.4226285 -1.11465e-4 -0.9063373 -0.422555 -7.09039e-5 -0.9063529 -0.4225215 -4.98843e-5 -0.9063537 -0.4225198 -3.74069e-5 -0.906368 -0.4224893 -2.12125e-4 -0.9062252 -0.4227955 -2.78697e-5 -0.9063655 -0.4224945 1.74678e-4 -0.9063186 -0.4225953 1.39411e-4 -0.9062766 -0.4226852 -0.9709642 -0.1011096 0.2168074 -0.7485749 -0.2802273 0.600923 -0.567907 -0.3478918 0.7459578 -0.3544823 -0.3952257 0.8474309 -0.120491 -0.4195823 0.8996848 0.120491 -0.4195823 0.8996848 0.3544823 -0.3952257 0.8474309 0.5679277 -0.3478859 0.7459449 0.567907 -0.3478918 0.7459578 0.7485749 -0.2802273 0.600923 0.7485886 -0.2802324 0.6009035 0.8855289 -0.1963874 0.4210352 0.8855223 -0.1963927 0.4210466 0.9927393 -0.05084395 0.1090124 -0.748533 0.280162 -0.6010055 -0.7484869 0.2802591 -0.6010175 -0.5678803 0.3479247 -0.7459627 -0.5679604 0.3478261 -0.7459477 -0.3548215 0.3947718 -0.8475005 -0.3548124 0.3947616 -0.847509 -0.1205808 0.419454 -0.8997325 0.1207349 0.4195814 -0.8996524 -0.120491 0.4195823 -0.8996848 0.1206443 0.4194625 -0.8997201 0.3545764 0.3948011 -0.8475894 0.5680207 0.3477951 -0.7459163 0.5681095 0.3478545 -0.7458211 0.7485749 0.2802273 -0.600923 0.8854959 0.19618 -0.4212011 0.748533 0.280162 -0.6010055 0.8854613 0.1962096 -0.4212602 0.9927393 0.05084395 -0.1090124 0.9926992 0.05096709 -0.1093199 0.9709067 0.1012016 -0.2170219 0.9709162 0.101172 -0.2169935 0.8854342 0.1963935 -0.4212313 0.7484934 0.2802311 -0.6010227 0.5681146 0.3477661 -0.7458583 0.5679604 0.3478261 -0.7459477 0.3547269 0.3951346 -0.847371 0.1206095 0.4195395 -0.8996889 0.1206111 0.4195143 -0.8997004 -0.1205193 0.4195441 -0.8996988 -0.1205494 0.4195426 -0.8996956 -0.35466 0.3951587 -0.8473877 -0.3546644 0.395133 -0.847398 -0.5679664 0.3477993 -0.7459557 -0.5681215 0.3478008 -0.7458369 -0.7484663 0.2802323 -0.6010559 -0.748419 0.2802565 -0.6011035 -0.8853882 0.1964206 -0.4213155 -0.8854522 0.1963907 -0.4211948 -0.9709162 0.101172 -0.2169935 -0.9709243 0.1011697 -0.2169579 -0.9709243 -0.1011697 0.2169579 -0.9709033 -0.1011707 0.2170516 -0.8853996 -0.1964231 0.4212904 -0.7485611 -0.2802221 0.6009425 -0.5681482 -0.347768 0.7458319 -0.5681818 -0.3477699 0.7458054 -0.354691 -0.3951287 0.8473888 -0.1205494 -0.4195426 0.8996956 0.1206095 -0.4195395 0.8996889 0.1206111 -0.4195143 0.8997004 0.3547803 -0.395126 0.8473526 0.3547536 -0.3951303 0.8473618 0.5681818 -0.3477699 0.7458054 0.5681422 -0.3477948 0.745824 0.7484869 -0.2802591 0.6010175 0.7485542 -0.2802004 0.6009614 0.8853829 -0.1964499 0.421313 0.8854061 -0.1964178 0.421279 0.9708909 -0.1012305 0.2170794 0.9709098 -0.1011714 0.2170225 0.9926992 -0.05096709 0.1093199 0 -0.9063295 -0.4225718 0 -0.9063306 -0.4225696 0 -0.9063341 -0.4225618 0 -0.9063258 -0.4225797 0 -0.9063248 -0.422582 0 -0.9061976 -0.4228547 0 -0.9062036 -0.4228416 0 -0.906347 -0.4225345 1.23893e-4 -0.906259 -0.422723 0 -0.9063339 -0.4225624 0 -0.9063587 -0.4225093 0 -0.9063425 -0.4225438 -1.23893e-4 -0.906259 -0.422723 0 -0.9063272 -0.4225768 0 -0.9063529 -0.4225215 -4.74808e-5 -0.9061848 -0.422882 0.001362383 -0.9065579 -0.4220794 0 -0.9062666 -0.4227069 1.51784e-5 -0.9063146 -0.4226037 0 -0.9063745 -0.4224752 -3.22066e-4 -0.9065238 -0.4221546 1.30037e-5 -0.9063147 -0.4226035 0 -0.9063718 -0.4224811 -2.525e-5 -0.9062294 -0.4227862 0.9709577 -0.101109 0.2168365 0.9709766 -0.1010499 0.2167797 0.8855562 -0.1963019 0.4210177 0.7485675 -0.280194 0.6009477 0.8855215 -0.1963315 0.4210767 0.567994 -0.347828 0.7459213 0.5680543 -0.347797 0.7458898 0.3545976 -0.395157 0.8474146 0.3546377 -0.3951372 0.8474071 -0.9709766 -0.1010499 0.2167797 -0.9709913 -0.1010482 0.2167151 -0.9709976 0.1010489 -0.216686 -0.9709913 0.1010482 -0.2167151 0.3545709 0.3951613 -0.8474239 0.5678191 0.3478941 -0.7460236 0.5679871 0.3477933 -0.7459428 0.7485132 0.2801965 -0.6010141 0.8855794 0.1962698 -0.4209837 0.8855395 0.1963288 -0.4210402 0.9709818 0.1010778 -0.2167435 0.9709801 0.1010808 -0.21675 1.73696e-4 -0.9063152 -0.4226025 0 -0.9063273 -0.4225766 0 -0.9063314 -0.4225676 -5.1876e-6 -0.9063529 -0.4225215 0 -0.9063374 -0.4225548 0 -0.9061744 -0.4229043 0 -0.9061731 -0.4229072 0 -0.9063681 -0.4224889 0 -0.9062643 -0.4227116 0 -0.9063667 -0.4224919 -9.70282e-6 -0.9063028 -0.422629 7.43948e-5 -0.9061951 -0.4228599 0 -0.9063515 -0.4225247 0 -0.9063335 -0.4225631 0 -0.9063257 -0.4225801 -9.1646e-4 -0.906472 -0.4222652 0 -0.9062647 -0.4227108 3.19405e-5 -0.9062093 -0.4228297 -1.23656e-4 -0.9062434 -0.4227563 -4.21107e-6 -0.9063608 -0.4225046 0 -0.9063504 -0.4225271 0 -0.9063454 -0.4225378 0 -0.9063426 -0.4225438 1.2389e-4 -0.9062411 -0.4227614 0.001845657 -0.9063231 -0.4225816 -5.96567e-4 -0.9063128 -0.4226072 -2.8975e-4 -0.9063038 -0.422627 -1.92521e-5 -0.9063147 -0.4226034 -1.95624e-4 -0.9063149 -0.4226031 2.5066e-4 -0.9062922 -0.4226517 1.3258e-4 -0.9062926 -0.4226511 1.13198e-5 -0.9062991 -0.4226371 1.81978e-4 -0.9063077 -0.4226184 4.80441e-4 -0.9068317 -0.4214926 0 -0.9063077 -0.4226185 -1.81978e-4 -0.9063082 -0.4226174 -1.05017e-4 -0.9063079 -0.4226182 -1.91544e-4 -0.9063076 -0.4226185 1.46677e-4 -0.906294 -0.4226478 1.88199e-4 -0.9062903 -0.4226558 -3.0169e-4 -0.9063154 -0.4226019 1.92218e-5 -0.906315 -0.4226028 2.89889e-4 -0.9063034 -0.4226279 5.98068e-4 -0.906315 -0.4226026 -0.001832067 -0.9063108 -0.4226081 -8.76393e-4 -0.906545 -0.4221084 8.82149e-4 -0.9065549 -0.4220871 0.9709783 -0.1012942 0.216658 0.9927408 -0.05081349 0.1090126 0.9923886 -0.05151617 0.1118524 0.9694094 -0.102941 0.2228201 0.8856003 -0.1969696 0.4206129 0.8796437 -0.1997456 0.431658 0.748598 -0.2813537 0.6003677 0.7359693 -0.284469 0.6143505 0.568051 -0.3494431 0.7451226 0.5469077 -0.3517361 0.7597196 0.354759 -0.3971202 0.8464288 0.1206112 -0.4219257 0.898572 0.3249701 -0.3972094 0.8582652 0.08273714 -0.4183857 0.9044932 -0.1202782 -0.4223016 0.8984401 -0.1647745 -0.4136302 0.8954103 -0.3545092 -0.3981515 0.846049 -0.4016686 -0.3834789 0.8316288 -0.5679916 -0.3510922 0.7443922 -0.6141049 -0.3297281 0.7170458 -0.7483388 -0.2838926 0.5994951 -0.7889006 -0.2556625 0.5588135 -0.8854531 -0.2002668 0.419364 -0.9156365 -0.1657191 0.3662607 -0.9708939 -0.1053508 0.2150963 -0.9863545 -0.06515878 0.1511928 -0.9999889 -0.004333674 -0.001892149 -0.9965653 0.03949147 -0.07278764 -0.9709049 0.09671509 -0.2190663 -0.9458392 0.1418514 -0.2920041 -0.8854914 0.1917537 -0.4232438 -0.7484546 0.275589 -0.6032134 -0.8370528 0.2360362 -0.4935885 -0.677319 0.3158462 -0.6644397 -0.5682102 0.342977 -0.748 -0.4760331 0.3766637 -0.7946805 -0.3548799 0.3903129 -0.8495388 -0.245372 0.4148131 -0.8761979 -0.120734 0.4147866 -0.9018732 -0.005462944 0.4272717 -0.9041069 0.1207653 0.4146979 -0.9019099 0.2227891 0.4160358 -0.8816344 0.3549973 0.3904299 -0.849436 0.5680575 0.3434958 -0.7478778 0.4338933 0.3844215 -0.8148356 0.6235644 0.3335728 -0.7070339 0.7486959 0.276473 -0.6025091 0.7819918 0.2659132 -0.563719 0.8855845 0.1934021 -0.4222984 0.9010534 0.1848862 -0.3923263 0.9710125 0.09912461 -0.2175065 0.9750606 0.09436559 -0.2008779 0.9928717 0.04907441 -0.1086168 0.9937433 0.04718303 -0.101233 7.06779e-5 -0.9062943 -0.4226474 5.35529e-5 -0.9062574 -0.4227265 -6.17771e-5 -0.9063712 -0.4224824 1.73804e-5 -0.9064442 -0.4223256 5.73502e-5 -0.9063183 -0.4225959 -1.73977e-5 -0.9062745 -0.4226897 -5.81257e-5 -0.9062256 -0.4227945 -3.80078e-5 -0.906233 -0.422779 8.1408e-5 -0.9064025 -0.4224153 -9.30072e-5 -0.9063671 -0.4224911 -2.15494e-4 -0.9062873 -0.4226623 2.33089e-5 -0.9063124 -0.4226084 4.39317e-6 -0.9063096 -0.4226145 3.00312e-4 -0.9063107 -0.4226118 -3.49214e-4 -0.9062651 -0.4227097 0 -0.906232 -0.4227808 -1.75255e-5 -0.9063155 -0.4226019 2.45008e-4 -0.906312 -0.4226092 4.9803e-5 -0.9063032 -0.4226282 2.64178e-4 -0.9063028 -0.4226292 -2.35712e-4 -0.9063284 -0.4225741 -2.64785e-4 -0.9063358 -0.4225581 1.78776e-4 -0.9062714 -0.4226964 1.71004e-4 -0.9062707 -0.422698 -3.04544e-5 -0.9063251 -0.4225814 -7.08967e-5 -0.9063995 -0.4224217 0 -0.9063704 -0.422484 0 -0.9062449 -0.422753 -6.54801e-5 -0.9062961 -0.4226436 -1.94921e-5 -0.9063484 -0.4225311 -3.23296e-5 -0.9062787 -0.4226808 4.38278e-6 -0.9062976 -0.4226403 -3.51961e-5 -0.9062326 -0.4227795 7.05076e-5 -0.9064086 -0.4224024 -9.34364e-5 -0.9062156 -0.4228159 -4.48873e-5 -0.9063875 -0.4224475 -1.85593e-4 -0.9063011 -0.4226326 -3.84593e-5 -0.9063118 -0.4226096 2.43074e-4 -0.9063026 -0.4226294 -3.09666e-5 -0.9063158 -0.4226011 0 -0.9062628 -0.4227147 -1.6166e-4 -0.9062896 -0.4226574 1.32755e-5 -0.9063003 -0.4226345 1.38501e-4 -0.9062653 -0.4227093 -1.27047e-4 -0.9063926 -0.4224365 1.39418e-4 -0.9062661 -0.4227077 -9.72635e-5 -0.906392 -0.4224376 8.08789e-5 -0.9062365 -0.4227713 6.63392e-5 -0.9062427 -0.4227579 2.02341e-5 -0.906315 -0.4226027 4.41992e-5 -0.9063072 -0.4226197 5.55044e-5 -0.9063111 -0.4226112 0.001845538 -0.9063183 -0.4225916 -5.98082e-4 -0.9063153 -0.422602 -1.92217e-5 -0.906315 -0.4226029 -2.89895e-4 -0.9063012 -0.4226324 8.76335e-4 -0.906558 -0.4220805 2.50923e-4 -0.9062925 -0.4226512 -1.9583e-4 -0.906315 -0.4226029 1.32461e-4 -0.9062927 -0.4226508 1.81996e-4 -0.906308 -0.4226177 1.13153e-5 -0.9062991 -0.422637 0 -0.9063075 -0.4226192 0 -0.9063079 -0.4226182 -1.8183e-4 -0.9063075 -0.4226189 -1.91389e-4 -0.9063079 -0.4226181 -1.05028e-4 -0.9063079 -0.4226181 1.46662e-4 -0.9062948 -0.4226462 1.92217e-5 -0.9063152 -0.4226024 1.88223e-4 -0.9062902 -0.4226559 -3.01654e-4 -0.9063146 -0.4226039 -8.76351e-4 -0.9065542 -0.4220884 2.8989e-4 -0.9063022 -0.4226303 -0.001832067 -0.9063127 -0.4226038 5.98071e-4 -0.9063156 -0.422601 4.80917e-4 -0.9068511 -0.421451 0.9710773 -0.1011393 0.2162866 0.9927371 -0.05081486 0.109046 0.9695025 -0.1027885 0.2224847 0.8856236 -0.1969375 0.4205789 0.8796553 -0.1997482 0.4316332 0.7485373 -0.2813844 0.600429 0.5680839 -0.3493835 0.7451255 0.735762 -0.2845324 0.6145694 0.5468795 -0.3517071 0.7597532 0.3546073 -0.3971211 0.8464918 -0.1201832 -0.4223197 0.8984442 -0.3544515 -0.3981857 0.8460569 -0.5679856 -0.3511189 0.7443844 -0.748325 -0.2838874 0.5995146 -0.7891063 -0.2555074 0.5585942 -0.8854812 -0.2001442 0.419363 -0.9157848 -0.1654437 0.3660148 -0.9708903 -0.1051978 0.2151871 -0.9999896 -0.004181087 -0.001831114 -0.9863486 -0.06503629 0.1512835 -0.9965932 0.03946083 -0.07242125 -0.9709185 0.09677749 -0.2189778 -0.9458321 0.1419465 -0.2919808 -0.8854759 0.1918419 -0.4232364 -0.8370473 0.2361262 -0.4935548 -0.7484558 0.2756505 -0.6031839 -0.6773731 0.3158734 -0.6643719 -0.5681777 0.3430368 -0.7479974 -0.4759398 0.3767234 -0.7947081 -0.354849 0.390343 -0.8495379 -0.2454933 0.4148117 -0.8761646 -0.120642 0.4147546 -0.9019004 -0.005493462 0.4272716 -0.9041066 0.2226381 0.4160387 -0.8816713 0.3548188 0.390435 -0.8495082 0.5681515 0.3434667 -0.7478199 0.4339784 0.3844158 -0.8147929 0.6235322 0.3335719 -0.7070626 0.7485808 0.2765061 -0.6026369 0.7819799 0.2659196 -0.5637324 0.8856485 0.1933722 -0.4221777 0.9012216 0.1847916 -0.3919841 0.9710986 0.0990051 -0.2171764 0.9928684 0.04907423 -0.1086469 0.9937543 0.04715156 -0.1011394 7.06436e-5 -0.9062942 -0.4226473 -6.17436e-5 -0.9063715 -0.4224815 5.35266e-5 -0.906257 -0.4227274 5.55022e-5 -0.9063134 -0.4226065 2.02204e-5 -0.906316 -0.4226006 4.41966e-5 -0.9063066 -0.4226211 6.63088e-5 -0.9062425 -0.4227584 -9.72637e-5 -0.9063938 -0.422434 8.09125e-5 -0.9062354 -0.4227737 -1.26934e-4 -0.9063921 -0.4224376 1.39376e-4 -0.9062641 -0.4227119 1.38604e-4 -0.9062659 -0.422708 1.32692e-5 -0.9063037 -0.4226271 0 -0.9062614 -0.4227179 -1.61671e-4 -0.9062898 -0.4226569 2.4305e-4 -0.9063027 -0.4226294 -3.09484e-5 -0.9063163 -0.4226002 -3.84269e-5 -0.9063106 -0.4226123 -1.85584e-4 -0.9062997 -0.4226356 -4.49138e-5 -0.9063879 -0.4224464 7.05201e-5 -0.9064085 -0.4224023 -9.33998e-5 -0.9062148 -0.4228177 -3.23333e-5 -0.9062772 -0.4226838 -3.51967e-5 -0.9062354 -0.4227737 4.382e-6 -0.9062999 -0.4226353 -1.94914e-5 -0.9063471 -0.4225339 -6.54815e-5 -0.9062941 -0.4226479 0 -0.9063708 -0.4224832 0 -0.9062464 -0.4227501 -7.08928e-5 -0.9063999 -0.4224206 1.71064e-4 -0.9062716 -0.422696 -3.04561e-5 -0.9063246 -0.4225822 1.78738e-4 -0.9062691 -0.4227012 -2.35787e-4 -0.9063279 -0.4225749 -2.64639e-4 -0.906337 -0.4225556 2.64088e-4 -0.9063027 -0.4226294 4.97926e-5 -0.9063032 -0.422628 2.44933e-4 -0.9063128 -0.4226076 -3.49253e-4 -0.9062676 -0.4227044 -1.75144e-5 -0.9063168 -0.422599 0 -0.906234 -0.4227768 4.39122e-6 -0.906311 -0.4226112 3.00288e-4 -0.9063103 -0.4226126 -2.15485e-4 -0.9062892 -0.4226584 2.33092e-5 -0.9063098 -0.4226139 -9.30067e-5 -0.9063681 -0.4224889 8.14081e-5 -0.9064023 -0.4224157 -3.80078e-5 -0.9062327 -0.4227793 5.73208e-5 -0.9063216 -0.422589 -1.73991e-5 -0.9062722 -0.4226949 1.73715e-5 -0.9064425 -0.4223294 5.131e-4 -0.9062622 -0.4227157 -0.00150603 -0.9064725 -0.4222626 -2.28567e-5 -0.9063134 -0.4226064 -5.57321e-4 -0.9063145 -0.4226036 0 -0.9063122 -0.4226091 -7.53463e-4 -0.9058035 -0.4236972 -6.31999e-6 -0.9063094 -0.4226149 -3.32879e-4 -0.9063446 -0.4225394 2.84625e-4 -0.9063127 -0.4226077 1.87571e-4 -0.9063102 -0.4226132 2.3055e-4 -0.9063077 -0.4226185 0 -0.9063069 -0.4226201 -1.86525e-4 -0.9063075 -0.4226189 -2.33918e-4 -0.9063098 -0.422614 2.10053e-4 -0.9063098 -0.422614 3.08245e-4 -0.9063153 -0.4226022 -3.07743e-4 -0.9063139 -0.4226052 -7.29491e-6 -0.9063014 -0.4226319 5.41112e-4 -0.9063158 -0.4226011 5.57308e-4 -0.9063142 -0.4226042 -1.42059e-4 -0.9063142 -0.4226046 -5.44358e-4 -0.9064772 -0.4222547 -0.001582264 -0.9063131 -0.422604 0.9923853 -0.05151599 0.1118825 0.885617 -0.1969428 0.4205903 0.8795713 -0.1997805 0.4317895 0.7485166 -0.2813575 0.6004674 0.7358167 -0.284469 0.6145336 0.5681709 -0.3493196 0.7450891 0.5470917 -0.3516451 0.7596291 0.3545982 -0.3971109 0.8465006 0.3246631 -0.3972072 0.8583825 0.1205509 -0.4218671 0.8986077 0.0827077 -0.4182997 0.9045357 -0.1200928 -0.4222626 0.8984831 -0.1644368 -0.4136557 0.8954606 -0.3544248 -0.39819 0.8460661 -0.4016941 -0.3834742 0.8316186 -0.5680252 -0.351094 0.7443657 -0.7483315 -0.2838594 0.5995197 -0.614266 -0.3296717 0.7169336 -0.7891684 -0.2554467 0.558534 -0.885452 -0.2001445 0.4194246 -0.9157293 -0.1654752 0.3661391 -0.996591 0.03946077 -0.07245159 -0.885458 0.1918447 -0.4232729 -0.7486181 0.2755931 -0.6030086 -0.6774104 0.3159071 -0.6643176 -0.5681451 0.3430966 -0.7479947 -0.3545686 0.3904283 -0.8496158 -0.4758931 0.3767958 -0.7947016 -0.245522 0.4148086 -0.876158 0.2226671 0.4160359 -0.8816653 0.3545427 0.3904944 -0.8495963 0.4339542 0.3844824 -0.8147743 0.5681129 0.3435534 -0.7478093 0.6235786 0.3336414 -0.7069889 0.7487231 0.2764718 -0.602476 0.8856371 0.1933697 -0.4222028 -4.41031e-5 -0.9063838 -0.4224553 4.41516e-5 -0.9062822 -0.4226732 4.62909e-5 -0.9062944 -0.4226471 2.16963e-5 -0.9062963 -0.4226431 2.88864e-5 -0.9062967 -0.422642 2.65199e-5 -0.9063013 -0.4226323 0 -0.9063611 -0.422504 1.59183e-4 -0.90636 -0.4225063 2.13784e-4 -0.9063118 -0.4226098 -1.15394e-4 -0.906391 -0.4224401 0 -0.9063404 -0.4225484 2.07817e-4 -0.9063366 -0.4225564 6.18968e-5 -0.9063801 -0.4224631 -1.03891e-4 -0.9063687 -0.4224876 0 -0.9063556 -0.4225159 1.66233e-4 -0.9063835 -0.4224562 -6.18709e-5 -0.9063925 -0.4224367 -3.53316e-5 -0.9063841 -0.4224546 -1.28036e-4 -0.9063844 -0.422454 -3.84972e-5 -0.9063899 -0.4224421 -2.51127e-4 -0.9062553 -0.4227308 -1.58706e-4 -0.906364 -0.4224977 8.79323e-6 -0.906356 -0.4225149 2.19118e-5 -0.9062923 -0.4226515 6.46697e-6 -0.9062922 -0.4226519 0 -0.9063474 -0.4225333 -4.80186e-5 -0.9062843 -0.4226686 0 -0.9063841 -0.4224546 -4.1354e-5 -0.9063977 -0.4224255 6.52625e-6 -0.906318 -0.4225965 1.59266e-4 -0.9062694 -0.4227009 1.52581e-4 -0.9062725 -0.4226941 6.11348e-5 -0.9063121 -0.4226094 1.35302e-4 -0.9062764 -0.4226858 -2.11246e-4 -0.9063282 -0.4225745 5.85804e-5 -0.9062869 -0.4226633 -7.87363e-5 -0.9062838 -0.4226698 -3.50277e-5 -0.9063119 -0.4226096 0 -0.9063326 -0.4225652 6.28156e-5 -0.9063273 -0.4225768 -8.31356e-5 -0.9063095 -0.4226147 5.82735e-5 -0.9063127 -0.422608 3.51279e-5 -0.9063135 -0.4226059 3.48882e-5 -0.9063049 -0.4226245 3.51768e-5 -0.9063181 -0.4225965 -2.64175e-5 -0.9062958 -0.422644 2.32348e-5 -0.9063542 -0.4225188 -1.91646e-4 -0.9062798 -0.4226784 -8.81836e-6 -0.9063172 -0.422598 -2.14689e-4 -0.906202 -0.422845 -4.05348e-5 -0.9063954 -0.4224303 -0.992488 -0.05011266 0.1116091 -0.9926775 -0.05105912 0.1094734 -0.9712664 -0.1010788 0.2154639 -0.9694453 -0.101263 0.2234317 -0.8862842 -0.1975217 0.4189097 -0.8793745 -0.1976105 0.4331867 -0.7499125 -0.2828499 0.5980194 -0.7352074 -0.2819364 0.6164268 -0.5701302 -0.3513682 0.742625 -0.5460759 -0.3482824 0.7619059 -0.3573516 -0.3999261 0.8440137 -0.3236241 -0.3934213 0.8605156 -0.1234198 -0.4254994 0.8965032 -0.0809676 -0.4138718 0.9067274 0.1664204 -0.4084669 0.8974737 0.1174682 -0.4263527 0.8968972 0.3518252 -0.4027007 0.8450155 0.4034065 -0.3777092 0.8334261 0.5654852 -0.3563389 0.7438073 0.6156334 -0.3236257 0.7185137 0.7464759 -0.2892636 0.59925 0.7901772 -0.2487634 0.5601221 0.8840426 -0.2057893 0.4196661 0.9164178 -0.158484 0.3675071 0.9703153 -0.1109664 0.214883 0.9866084 -0.058016 0.1524409 0.9999476 -0.01001012 -0.002197325 0.9963802 0.04672437 -0.07101738 0.9714444 0.09106814 -0.2190945 0.9453718 0.1491487 -0.2898741 0.8863009 0.1861961 -0.4240303 0.8364437 0.2431171 -0.4911783 0.7492504 0.2704321 -0.6045581 0.676457 0.3231979 -0.6617773 0.5689392 0.3382139 -0.749613 0.4755263 0.3838759 -0.7915265 0.3552116 0.3855475 -0.8515738 0.2451928 0.4217171 -0.8729463 0.003906428 0.4325502 -0.9016015 0.1206421 0.4098721 -0.9041296 -0.1202161 0.4064582 -0.9057261 -0.2236173 0.4196754 -0.8796977 -0.3539929 0.3825285 -0.8534408 -0.436032 0.3875976 -0.8121848 -0.5674758 0.3359869 -0.7517208 -0.6261374 0.3361414 -0.7035347 -0.7842254 0.268021 -0.5596029 -0.7480832 0.2701242 -0.606139 -0.8853988 0.1883048 -0.4249829 -0.9025889 0.1859806 -0.3882582 -0.9710778 0.09524917 -0.2189419 -0.9756 0.09408998 -0.1983733 -0.9931869 0.04522943 -0.1073971 -0.9936773 0.04745745 -0.1017513 4.41726e-5 -0.906281 -0.4226757 -4.41271e-5 -0.9063842 -0.4224542 4.63136e-5 -0.9062948 -0.4226463 2.16971e-5 -0.9062938 -0.4226483 2.89062e-5 -0.9063016 -0.4226316 2.65214e-5 -0.9063004 -0.422634 0 -0.9063602 -0.4225062 1.59182e-4 -0.9063587 -0.4225091 2.13695e-4 -0.9063077 -0.4226186 -1.15497e-4 -0.9063947 -0.4224319 2.07662e-4 -0.9063367 -0.4225562 0 -0.9063402 -0.4225489 6.19267e-5 -0.9063839 -0.422455 0 -0.9063503 -0.4225274 -1.03884e-4 -0.9063714 -0.4224821 1.66249e-4 -0.9063851 -0.4224524 -6.19076e-5 -0.9063952 -0.4224309 -1.28143e-4 -0.9063802 -0.4224629 -3.53333e-5 -0.9063863 -0.4224499 -3.84743e-5 -0.9063873 -0.4224479 -1.58678e-4 -0.9063641 -0.4224977 8.79311e-6 -0.9063568 -0.4225135 -2.51227e-4 -0.9062608 -0.422719 6.46618e-6 -0.9062858 -0.4226654 2.19157e-5 -0.9062935 -0.4226489 0 -0.906346 -0.4225366 -4.80178e-5 -0.9062877 -0.4226613 0 -0.906243 -0.4227575 0 -0.9063804 -0.4224626 -4.13565e-5 -0.9064012 -0.4224181 1.59211e-4 -0.9062689 -0.4227016 6.52589e-6 -0.9063167 -0.4225992 1.52613e-4 -0.9062681 -0.4227035 6.11151e-5 -0.9063108 -0.422612 1.35376e-4 -0.9062777 -0.4226829 -7.87606e-5 -0.9062849 -0.4226675 -2.11318e-4 -0.9063269 -0.4225773 5.85927e-5 -0.9062892 -0.4226581 6.28087e-5 -0.906327 -0.4225771 -3.50501e-5 -0.9063085 -0.4226168 0 -0.9063306 -0.4225693 3.51434e-5 -0.9063085 -0.4226168 -8.3142e-5 -0.9063106 -0.4226124 5.82725e-5 -0.9063175 -0.4225978 3.48883e-5 -0.9063047 -0.4226251 3.51785e-5 -0.9063209 -0.4225903 -1.91646e-4 -0.9062802 -0.4226776 -2.14673e-4 -0.9062063 -0.4228357 -8.82293e-6 -0.9063202 -0.4225919 -4.05552e-5 -0.9063882 -0.422446 -0.9925231 -0.050296 0.1112129 -0.9712963 -0.101506 0.2151281 -0.9694892 -0.1016579 0.2230616 -0.8862111 -0.1977326 0.418965 -0.8792372 -0.197736 0.4334079 -0.5701363 -0.3513414 0.742633 -0.3574358 -0.3998873 0.8439964 -0.3236547 -0.3933297 0.8605461 -0.1234798 -0.4254346 0.8965256 -0.08093708 -0.4138107 0.9067579 0.1175901 -0.4263216 0.896896 0.1663907 -0.408469 0.8974782 0.3517994 -0.4028282 0.8449656 0.4034001 -0.3779473 0.8333212 0.5653331 -0.3567056 0.743747 0.6155678 -0.3238979 0.7184473 0.7465111 -0.289418 0.5991316 0.7903676 -0.2487657 0.5598526 0.9164341 -0.1583037 0.3675441 0.8840886 -0.2057624 0.419582 0.9702861 -0.1105698 0.215219 0.9865696 -0.05762058 0.152841 0.9999497 -0.009857535 -0.001892149 0.9963988 0.04669469 -0.07077455 0.9713944 0.09100812 -0.2193412 0.9452659 0.1491159 -0.2902359 0.8364655 0.2431756 -0.4911122 0.8862189 0.1862286 -0.4241875 0.7493396 0.2704617 -0.6044341 0.6765002 0.3230818 -0.6617897 0.5688462 0.3379689 -0.7497941 0.4755249 0.3836306 -0.7916462 0.3552148 0.3854596 -0.8516123 0.2451609 0.4217453 -0.8729416 0.003967463 0.4325501 -0.9016013 0.1207357 0.4098789 -0.9041141 -0.1202763 0.4064552 -0.9057195 -0.2237071 0.4196416 -0.8796909 -0.3540813 0.3824639 -0.853433 -0.436117 0.3875917 -0.812142 -0.6260222 0.3360841 -0.7036646 -0.7841324 0.2675932 -0.5599377 -0.7479742 0.2698543 -0.6063938 -0.8853919 0.1877234 -0.4252542 -0.9026767 0.1854673 -0.3883002 -0.9711151 0.09500569 -0.2188823 -0.97567 0.09393823 -0.1981005 -0.001500308 -0.9064652 -0.4222781 5.12472e-4 -0.9062643 -0.4227112 -5.55896e-4 -0.9063154 -0.4226017 -2.28927e-5 -0.9063138 -0.4226055 0 -0.9063116 -0.4226103 -7.56271e-4 -0.9057921 -0.4237218 -3.3322e-4 -0.9063429 -0.4225429 -6.32e-6 -0.90631 -0.4226136 2.84327e-4 -0.9063121 -0.4226091 2.30526e-4 -0.9063084 -0.422617 1.87552e-4 -0.9063099 -0.4226139 0 -0.9063069 -0.4226203 -1.86676e-4 -0.9063077 -0.4226184 -2.34108e-4 -0.9063102 -0.4226133 2.10032e-4 -0.9063097 -0.4226142 -7.29507e-6 -0.9063006 -0.4226338 -1.42069e-4 -0.906315 -0.4226028 -3.07781e-4 -0.9063143 -0.4226043 3.08212e-4 -0.9063156 -0.4226015 -5.4452e-4 -0.9064579 -0.422296 5.573e-4 -0.9063169 -0.4225986 -0.001582264 -0.9063112 -0.4226083 5.41108e-4 -0.9063136 -0.4226056 0.8855824 -0.1969724 0.4206494 0.8795597 -0.1997779 0.4318144 0.7485772 -0.2813268 0.6004061 0.7359961 -0.2844065 0.6143475 0.5681174 -0.3493853 0.745099 0.5471199 -0.3516741 0.7595954 0.3547232 -0.3971142 0.8464466 0.1205208 -0.4218686 0.898611 -0.1201846 -0.4222329 0.8984848 -0.3544825 -0.3981557 0.846058 -0.5680459 -0.3510879 0.7443528 -0.6142913 -0.3296383 0.7169275 -0.7483586 -0.2838581 0.5994865 -0.7889494 -0.2555975 0.5587743 -0.8854292 -0.2002378 0.4194282 -0.9155812 -0.1657507 0.3663851 -0.996562 0.03952187 -0.07281792 -0.9458352 0.1418814 -0.2920028 -0.8854801 0.1917513 -0.4232689 -0.8370745 0.2360337 -0.4935529 -0.7486032 0.2755265 -0.6030576 -0.6773428 0.3158735 -0.6644026 -0.5681717 0.3430637 -0.7479895 -0.4759749 0.3767271 -0.7946853 -0.3546262 0.390394 -0.8496075 0.3547211 0.3904893 -0.8495241 0.568025 0.3435556 -0.7478752 0.4338939 0.384483 -0.8148061 0.6235972 0.333635 -0.7069755 0.7488381 0.2764387 -0.6023482 0.885573 0.1933996 -0.4223234 0.9010426 0.184884 -0.3923521 0.9937402 0.04718285 -0.1012631 -1 -6.00838e-7 0 -1 6.03491e-7 0 -1 -5.38177e-7 0 -1 0 0 -1 3.79396e-7 0 -1 0 0 -1 2.69321e-7 0 -1 -1.07889e-6 0 -1 1.81711e-7 0 -1 7.28715e-7 0 -1 -1.23825e-7 0 -1 -1.70971e-6 0 -1 1.85554e-6 0 -1 -2.14467e-7 0 -1 -6.21435e-7 0 -1 -1.65974e-7 0 -1 -3.50838e-7 0 -1 3.02561e-7 0 -1 -4.20465e-7 0 -1 -9.84816e-7 0 -1 5.8027e-7 0 -1 -1.07001e-6 0 -1 3.96151e-7 0 -1 1.14616e-6 0 -1 -1.64477e-6 0 -1 1.57381e-5 0 -1 -3.73426e-7 0 -1 -1.04925e-6 0 -1 3.47204e-6 0 -1 -6.36193e-7 0 -1 -6.95708e-7 0 -1 8.24748e-7 0 -1 -1.31946e-7 0 -1 -1.25175e-7 0 -1 -1.27302e-7 0 -1 8.47673e-6 0 -1 8.01575e-7 0 -1 -2.80458e-6 0 -1 1.40109e-6 0 -1 -1.22821e-6 0 -1 0 0 -1 2.57045e-7 0 -1 -2.99927e-7 0 -1 0 0 -1 -9.50816e-7 0 -1 1.40028e-6 0 5.48928e-4 -0.4231587 0.9060555 0 -0.4219954 0.9065981 0 -0.4219949 0.9065982 -5.4889e-4 -0.4231599 0.9060549 0 -0.4225898 0.9063212 0 -0.42259 0.9063211 1 -1.50897e-7 0 1 3.93623e-7 0 1 -6.32129e-7 0 1 0 0 1 4.33925e-7 0 1 -3.65902e-7 0 1 -4.33177e-7 0 1 3.37183e-7 0 1 3.72934e-7 0 1 3.77505e-7 0 1 -8.58493e-7 0 1 3.47627e-7 0 1 7.64988e-7 0 1 -8.28605e-7 0 1 2.09979e-7 0 1 0 0 1 6.54533e-7 0 1 -6.43203e-7 0 1 9.35685e-7 0 1 0 0 1 0 0 1 6.21871e-7 0 1 4.29522e-7 0 1 -8.7535e-7 0 1 1.99145e-7 0 1 -3.71892e-7 0 1 2.72591e-7 0 1 7.08118e-7 0 1 -2.01875e-6 0 1 0 0 1 -3.58862e-6 0 1 0 0 1 -1.53451e-7 0 1 6.99498e-7 0 1 0 0 1 1.75459e-7 0 1 0 0 1 0 0 1 -2.45413e-7 0 1 0 0 1 0 0 1 1.49778e-7 0 1 -1.49903e-7 0 1 1.0675e-6 0 1 0 0 1 0 0 1 0 0 1 3.05948e-6 0 1 7.0105e-7 0 0.9575256 -0.1218613 0.261332 0.9912275 -0.05584979 0.1197872 0.957566 -0.1218016 0.2612126 0.9912149 -0.05587959 0.1198772 0.8510808 -0.2218725 0.4758508 0.8511794 -0.2218132 0.4757022 0.7940202 -0.2569113 0.5509341 0.7943172 -0.2567256 0.5505927 0 -0.9743701 -0.224951 0 -0.9063111 -0.4226114 0 -0.9063111 -0.4226112 0 -0.9063069 -0.4226202 0 -0.906308 -0.4226179 0 0.9062898 0.4226571 0 0.9063072 0.4226196 0 0.9062886 0.4226593 0 -0.5223953 0.8527036 0 -0.6155979 0.7880605 0 -0.7771632 0.6292992 0 -0.8988206 0.4383166 0 -0.9743696 0.2249531 0 -1 0 0 -0.993573 -0.1131945 -0.7237891 0.6484071 -0.2360035 -0.2520886 0.2077136 0.9451489 -0.2130863 0.2303603 0.9494885 -0.7631072 0.4085022 -0.5007929 -0.7099618 0.6898499 -0.1416383 -0.7022745 0.6643697 -0.2557803 -0.7366032 0.6761758 -0.01422178 -0.7877987 0.3655925 -0.495697 -0.7723291 0.6271779 0.1007757 -0.8026552 0.5676878 0.1829626 -0.7724405 0.6203024 0.1362376 -0.7449669 0.5005714 -0.4409679 -0.7144969 0.6017265 -0.3569585 -0.7042391 -0.2400059 -0.668165 -0.3695558 -0.2955165 0.8809645 -0.4266281 -0.01217716 0.9043453 -0.6383153 -0.4800107 -0.6017835 -0.7475394 -0.4926423 -0.4455205 -0.7743166 -0.4815406 -0.4105517 -0.7281368 -0.5818563 -0.3622983 -0.7813297 -0.3736503 -0.4999094 -0.7561076 -0.1471319 -0.637694 -0.7699659 0.03781312 -0.6369637 -0.759032 0.1251574 -0.6389102 -0.7295006 0.09036737 -0.6779842 -0.706031 0.2331361 -0.668706 -0.6231212 -0.01812869 -0.7819153 -0.7071672 0.2989534 -0.6407352 -0.7071487 0.2989881 -0.6407393 -0.7066363 0.2989085 -0.6413416 -0.7071532 0.2989891 -0.640734 -0.7299596 -0.6194531 -0.2888545 -0.7299389 -0.6194739 -0.2888624 -0.7298955 -0.6195145 -0.2888846 -0.7298048 -0.6196004 -0.2889299 1.31905e-4 -0.9636 0.267348 0 -0.9635867 0.2673964 0 -0.9635869 0.2673957 -1.31822e-4 -0.9636007 0.2673459 0.723772 0.6484802 -0.2358554 0.2130557 0.2303907 0.9494881 0.2519996 0.2077768 0.9451587 0.7725888 0.387683 -0.5028007 0.802867 0.3172159 -0.504756 0.7724707 0.4157931 -0.4800055 0.7633247 0.6345627 0.1211016 0.7881196 0.5982006 0.1449952 0.7452875 0.6665471 0.01617532 0.7147286 0.6901912 -0.1131346 0.7025913 0.6731704 -0.2306669 0.7101913 0.6193039 -0.3348001 0.7367271 0.5271841 -0.4234502 0.8244605 -0.3507024 0.4441539 0 0 1 0.6254807 -0.4876277 -0.6090921 0.7073519 -0.237198 -0.6658758 0.6672199 -0.4716807 -0.576485 0.758735 -0.503626 -0.4131369 0.8022539 0.1376408 -0.5808992 0.7660283 0.1092582 -0.6334535 0.7589594 -0.006714284 -0.6511034 0.73753 -0.1733497 -0.6526862 0.7485497 -0.3279006 -0.5763286 0.7838364 -0.4266343 -0.4512026 0.6231768 -0.01782333 -0.7818779 0.7888079 -0.4825444 -0.3807007 0.6682482 0.001983702 -0.7439358 0.7308496 -0.5863705 -0.3493258 0.7070106 0.2990194 -0.6408771 0.707153 0.298743 -0.6408489 0.707185 0.2987625 -0.6408045 0.7070353 0.2987399 -0.6409802 0.7297872 -0.6196199 -0.2889325 0.7299497 -0.6194623 -0.2888597 0.730109 -0.6192979 -0.2888098 0.7299879 -0.6194231 -0.2888472 0.7297457 -0.6196548 -0.2889622 -0.7077342 0.6227695 0.333572 -0.707035 0.6409612 0.2987815 -0.7073767 0.6547614 0.266281 -0.7070341 0.6409569 0.2987926 -0.7070414 0.640967 0.2987537 -0.7056643 0.6698653 0.230908 -0.707076 -0.2980532 0.6412549 -0.7070979 -0.2987195 0.6409207 -0.7070319 -0.2989689 0.6408771 0.7071312 0.6408703 0.2987488 0.7000226 0.5961957 0.3930894 0.707136 0.6408478 0.2987856 0.7030701 0.605836 0.3723644 0.7071287 0.6408717 0.298752 0.7078042 0.6226553 0.3336372 0.7071371 -0.2986357 0.6409164 0.7071001 -0.2980429 0.6412331 0.7071194 -0.2987098 0.6409015 -0.7237353 0.2360669 0.6484441 -0.7025174 0.27284 0.6572882 -0.6736804 -0.02688735 0.7385336 -0.7724627 -0.1364192 0.6202347 -0.8026165 -0.1829608 0.5677431 -0.7721983 -0.100683 0.6273539 -0.7366947 0.01382499 0.6760843 -0.7099401 0.1418537 0.689828 -0.7021489 0.2560538 0.6643971 -0.7143712 0.356804 0.6019676 -0.7449157 0.4409432 0.5006695 -0.7878215 0.4957532 0.3654669 -0.7631124 0.5008574 0.4084134 -0.1907442 0.1334904 0.9725209 -0.2837992 0.1616913 0.9451529 0.7238061 0.235826 0.6484528 0.6728298 -0.03024464 0.7391789 0.7022145 0.2787616 0.6551235 0.7632768 -0.1211599 0.6346092 0.7880682 -0.145119 0.5982384 0.7453151 -0.01626682 0.6665139 0.7145689 0.1134386 0.6903064 0.7024614 0.230817 0.6732545 0.7099943 0.3347325 0.6195664 0.7366755 0.4234557 0.5272519 0.7723307 0.4800133 0.4160441 0.8028252 0.5047987 0.3172541 0.7726203 0.5028929 0.3875004 0.6880285 0.4312386 0.5836523 -0.5853555 -0.7941974 -0.1631243 -0.5681129 -0.8220927 -0.03756898 -0.3757879 -0.8353523 -0.4012108 -0.4937432 -0.8658359 0.08090698 -0.1925466 -0.2169926 0.9569954 -0.3195074 -0.829883 -0.457394 -0.3781922 -0.8303321 -0.4092912 -0.3607435 -0.82971 -0.4259642 -0.3344014 -0.8257644 -0.4541903 -0.4061553 -0.9011837 0.1513468 -0.2664049 -0.9547423 0.1322716 -0.1540922 -0.9863247 0.05847507 -0.2141848 -0.9650831 0.1507961 -0.07815843 -0.2487887 0.9653992 0.589936 -0.7903251 -0.165414 0.3808548 -0.8342548 -0.3987088 0.5808737 -0.8115385 -0.0631749 0.4909583 -0.8676231 0.07867783 0.1925466 -0.2169926 0.9569954 0.07815843 -0.2487887 0.9653992 0.2209009 -0.9621613 0.159526 0.1812505 -0.9801387 0.08047777 0.3249682 -0.9338561 0.1493608 0.4533668 -0.8809447 0.1356285 0.3599141 -0.8331159 -0.4199761 0.3601927 -0.8289132 -0.4279768 0.3183407 -0.8262942 -0.4646474 -0.7237339 -0.2361581 -0.6484124 -0.2614302 -0.1829645 0.9477227 -0.2845939 0.001739561 0.9586466 -0.7721679 0.1356886 -0.6207619 -0.7451299 -0.4410657 -0.5002427 -0.7879234 -0.4957902 -0.365197 -0.7146014 -0.3569803 -0.6015897 -0.7023361 -0.255689 -0.6643397 -0.7098106 -0.1419438 -0.6899427 -0.7366333 -0.01413017 -0.6761449 -0.7721364 0.1005914 -0.6274448 -0.8023826 0.1823527 -0.5682691 -0.7631961 -0.5008826 -0.4082261 -0.5018029 0.5811538 0.6406669 -0.6253084 0.7801629 -0.0183115 -0.7072809 0.6626314 -0.2463199 -0.6231215 0.6106389 -0.4887125 -0.7375581 0.6113306 -0.2868502 -0.7589069 0.5032218 -0.4133138 -0.7486321 0.6521919 -0.1191463 -0.7837941 0.6199365 0.03668403 -0.7887492 0.6019081 0.1248252 -0.7587074 0.6402319 0.1202762 -0.6679785 0.5690651 -0.4795516 -0.7659261 0.4152975 -0.4908006 -0.6672379 0.7447868 -0.00927776 -0.8022583 0.3566169 -0.4787548 -0.7305459 0.6447556 0.2249289 -0.7070686 0.2987949 -0.6409179 -0.7070999 0.2988234 -0.64087 -0.707268 0.2985472 -0.6408133 -0.7067153 0.2991036 -0.6411635 -0.7299348 0.6194748 0.2888707 -0.7300355 0.6193799 0.2888195 -0.7299121 0.6194952 0.2888842 -0.7299658 0.6194444 0.2888575 -0.7296152 0.6197871 0.2890082 0.7237418 -0.235947 -0.6484804 0.7630664 0.12055 -0.6349782 0.2845576 0.001586973 0.9586578 0.2613986 -0.1828722 0.9477493 0.7726418 -0.502887 -0.3874654 0.802892 -0.5048136 -0.3170611 0.7724661 -0.4800942 -0.4156991 0.7369196 -0.4236388 -0.5267636 0.7102115 -0.3348868 -0.6192339 0.7026457 -0.2307869 -0.6730725 0.7146465 -0.1134107 -0.6902308 0.7453287 0.01626646 -0.6664988 0.7879151 0.1446917 -0.5985432 0.7043355 0.6660637 -0.2455011 0.2683261 0.3433122 0.9000767 0.3353793 0.3452982 0.8765215 0.6384969 0.7693948 -0.01879996 0.7477632 0.657669 0.09122335 0.7744569 0.6238443 0.1050473 0.7284274 0.6512143 0.21287 0.7813478 0.6231067 -0.03512734 0.756225 0.5829088 -0.2972224 0.76996 0.4636423 -0.4384033 0.7591751 0.4089016 -0.5064117 0.729766 0.4609257 -0.5049644 0.7064377 0.3623595 -0.6079814 0.623331 0.6103296 -0.4888314 0.7069122 0.2988603 -0.6410598 0.7071058 0.2990639 -0.6407514 0.7069921 0.2989858 -0.6409131 0.7074001 0.2985761 -0.6406539 0.7298814 0.6195292 0.2888892 0.7299475 0.6194682 0.288853 0.7299733 0.6194419 0.2888436 0.7300477 0.6193687 0.2888126 -0.7057686 -0.612775 -0.3555243 -0.7070443 -0.640878 -0.298938 -0.706944 -0.6262211 -0.3287515 -0.7070406 -0.6408926 -0.2989153 -0.7070368 -0.6409018 -0.2989044 -0.7073751 -0.6508229 -0.2757719 -0.7070416 -0.2980111 0.6413124 -0.7072401 -0.2985877 0.6408251 -0.7072212 -0.299148 0.6405848 1 1.4012e-6 0 0.7071973 -0.6505227 -0.2769337 0.7071369 -0.6408181 -0.298847 0.7031638 -0.6735295 -0.2278568 0.7071412 -0.6408092 -0.298856 0.7071296 -0.640842 -0.2988134 0.7002049 -0.6848842 -0.2016106 0.7072479 -0.2991366 0.6405605 0.7072626 -0.2985786 0.6408046 0.7071486 -0.298254 0.6410815 -0.7237012 -0.6484714 0.2360963 -0.7630849 -0.4085371 0.5007983 -0.6732816 -0.5478176 0.4965761 -0.7022174 -0.6807929 0.2083549 -0.6881783 -0.7240689 0.04620611 -0.7144533 -0.6017461 0.357013 -0.7450409 -0.5004275 0.4410061 -0.7022556 -0.6642587 0.2561203 -0.709907 -0.6898559 0.1418837 -0.736514 -0.6762695 0.01437437 -0.7721953 -0.627382 -0.10053 -0.8025566 -0.5678965 -0.1827474 -0.7878335 -0.3654724 0.4957302 -0.7723611 -0.6204342 -0.1360871 0.7237918 -0.6484705 0.2358213 0.6726445 -0.5466 0.4987763 0.7725979 -0.3876571 0.5028066 0.7021751 -0.6807816 0.2085345 0.6880875 -0.7241919 0.04562628 0.7633156 -0.6345856 -0.1210391 0.7880448 -0.5983354 -0.1448457 0.7451601 -0.6666948 -0.01596158 0.7146688 -0.6902229 0.1133179 0.7025855 -0.6731038 0.2308787 0.7102451 -0.619145 0.3349798 0.7368303 -0.5268872 0.4236401 0.772447 -0.4157969 0.4800403 0.8028407 -0.3172786 0.5047587 -0.5898755 0.6348914 0.4989588 -0.3803629 0.84206 0.3824383 -0.5808472 0.5700433 0.5810914 -0.4910519 0.4974609 0.7151229 -0.1670607 0.1274471 0.9776749 -0.06863707 0.09491384 0.9931165 -0.2209569 0.4963291 0.8395448 -0.1812222 0.5685093 0.8024685 -0.325249 0.4859966 0.8111846 -0.4535733 0.4623017 0.7619373 -0.3598858 0.8572619 0.3682176 -0.3184694 0.8870144 0.3343394 -0.3498987 0.8674681 0.3536525 0.5851583 0.6357297 0.503426 0.5681535 0.5570138 0.6057536 0.3751161 0.8447819 0.3816168 0.493896 0.4945369 0.7151924 0.1670607 0.1274471 0.9776749 0.06863725 0.09488362 0.9931194 0.2143985 0.5047293 0.8362307 0.1543686 0.5890609 0.7932072 0.2664929 0.5122939 0.8164169 0.4061745 0.463214 0.7876898 0.3200861 0.8834108 0.3422431 0.3779823 0.8472785 0.3731602 0.3582084 0.8614153 0.3600701 0.3313127 0.8804691 0.3391255 -0.4016039 -0.8300343 -0.3869851 -0.3791124 -0.8387352 -0.3908929 -0.326649 -0.8568623 -0.3988578 -0.414049 -0.8249852 -0.3846594 -0.343096 -0.8514531 -0.3966266 -0.2148858 -0.8853934 -0.4121927 -0.4317501 -0.8174779 -0.3812109 -0.4314239 -0.8176178 -0.3812803 -0.4264792 -0.8197533 -0.3822565 -0.2066493 -0.8867519 -0.4134818 -0.1497277 -0.896169 -0.4176873 -0.2477571 -0.8780761 -0.4093884 -0.05530077 -0.9049555 -0.4218975 0.01498484 -0.906449 -0.4220492 -0.2965863 -0.8656792 -0.4032817 0.15333 -0.8956866 -0.4174153 0.2441264 -0.8791484 -0.4092682 0.05527037 -0.9049571 -0.4218983 0.3121784 -0.8611229 -0.4012632 0.3546382 -0.8475915 -0.394741 0.2669242 -0.8734395 -0.4072531 0.4605689 -0.8045229 -0.3749923 0.2202587 -0.8840565 -0.412226 0.3878165 -0.8355131 -0.3892509 0.4088625 -0.8271552 -0.385546 0.4244961 -0.8206396 -0.3825623 0.429013 -0.8186863 -0.3817077 0.5314605 -0.7678618 -0.3576844 0.6515802 -0.687501 -0.3206018 0.6230393 -0.7088578 -0.3306701 0.5316451 -0.7676198 -0.3579295 0.781556 -0.5652692 -0.2638961 0.8084746 -0.5335304 -0.2484233 0.9008933 -0.3932386 -0.1837249 0.9220176 -0.3510326 -0.1632781 0.9749006 -0.2016394 -0.09439539 0.9862501 -0.1499395 -0.06949162 1 1.22078e-4 -3.35714e-4 0.9978553 0.05914616 0.02804708 0.9749081 0.2019156 0.09372472 0.9561562 0.2652395 0.1241508 0.900901 0.3935471 0.1830246 0.8633599 0.4571178 0.2136654 0.7815728 0.5655561 0.2632303 0.724565 0.6244303 0.291706 0.6229267 0.7090824 0.3304005 0.5315268 0.7676863 0.3579627 0.5228186 0.772768 0.3598479 0.5465165 0.7587506 0.3544254 0.4281297 0.8187204 0.382625 0.3381528 0.8526458 0.3983062 0.4399007 0.8136058 0.3801751 0.3430949 0.8512978 0.396961 0.2962488 0.8655825 0.403737 0.3786774 0.8387789 0.3912206 0.2478176 0.8778603 0.4098146 0.110998 0.9004666 0.4205229 0.4149708 0.8244481 0.3848177 0.4013516 0.8300176 0.3872825 0.2071332 0.8864581 0.4138696 0.1498818 0.8960559 0.4178746 0.05484247 0.9048857 0.4221071 -0.05487287 0.9048842 0.4221063 -0.1221379 0.8992794 0.419975 -0.2204123 0.8838466 0.412594 -0.3487713 0.8491307 0.3966557 -0.1535119 0.8955574 0.4176256 -0.2671037 0.8732448 0.4075528 -0.3118773 0.8610731 0.4016042 -0.354299 0.847522 0.3951949 -0.3864644 0.8358593 0.389852 -0.4102335 0.8264487 0.3856049 -0.4253531 0.820095 0.3827781 -0.437437 0.8146589 0.3807622 -0.5563325 0.7528755 0.3516715 -0.522706 0.7728127 0.3599154 -0.622959 0.7090538 0.3304014 -0.5314084 0.7677527 0.3579957 -0.7335928 0.6157271 0.287614 -0.7816489 0.5654534 0.2632251 -0.9008478 0.3936116 0.1831483 -0.8710615 0.4449766 0.2079609 -0.9611458 0.2500145 0.1170111 -0.9749086 0.2018852 0.09378582 -0.998947 0.04144471 0.01968473 -1 9.15583e-5 -2.44156e-4 -0.974897 -0.2016996 -0.09430348 -0.9824513 -0.1691692 -0.07855701 -0.900832 -0.3934216 -0.1836333 -0.9125214 -0.3708072 -0.1726466 -0.7928807 -0.5523614 -0.2573658 -0.7816238 -0.5652741 -0.2636847 -0.6302194 -0.7037094 -0.3280498 -0.623109 -0.7088372 -0.3305831 -0.5315268 -0.7676863 -0.3579627 -0.5324063 -0.7672206 -0.3576537 -0.5354304 -0.7654543 -0.3569231 -1 1.86826e-6 0 -1 0 0 1.0943e-4 -0.4228017 0.9062223 0 -0.4214691 0.9068428 -1.05831e-4 -0.4227987 0.9062236 0 -0.4214631 0.9068456 0 0.9063053 0.4226238 5.01271e-4 0.4227617 -0.9062407 0 0.4289568 -0.903325 -5.08012e-4 0.4227698 -0.906237 0 0.4289231 -0.9033411 -1 1.33661e-6 0 -0.1114575 -0.9006632 -0.4199799 -0.05581963 -0.9048951 -0.4219588 -0.05566751 -0.9049027 -0.4219624 -0.1111817 -0.900685 -0.4200063 0.05578923 -0.9048966 -0.4219595 0.05563712 -0.9049043 -0.4219632 0.1113941 -0.9006751 -0.4199712 0.1111214 -0.9006912 -0.4200092 1 1.06578e-6 0 1.48195e-4 -0.4228653 0.9061926 0 -0.4210082 0.9070569 0 -0.4209887 0.9070659 -1.4829e-4 -0.4228627 0.9061939 0 -0.9063066 -0.4226208 0 -0.9063066 -0.4226207 1 -4.47371e-6 0 1 1.22302e-6 0 -1 1.01357e-6 0 0.1113941 0.9006751 0.4199712 0.05575877 0.9048982 0.4219602 0.05578923 0.9048966 0.4219595 -0.05581963 0.9048951 0.4219588 -0.1114876 0.9006602 0.4199784 -0.1114575 0.9006632 0.4199799 -1.41114e-4 0.4227699 -0.9062371 0 0.4210216 -0.9070506 0 0.4209797 -0.9070701 1.41207e-4 0.4227726 -0.9062358 -0.1626349 0.7552194 0.6349751 -0.07489311 0.8695415 0.4881482 -0.06811887 0.8615877 0.5030176 -0.1394742 0.7333536 0.6653867 -0.07831335 0.7183406 0.6912697 -0.04214709 0.85576 0.5156534 -0.01519864 0.8528641 0.5219119 -0.04742699 0.7268481 0.6851588 0 0.8565788 0.5160164 0 0.7986389 0.6018105 0 0.7986392 0.6018102 0 -0.422165 0.9065189 0 -0.4221129 0.9065433 0 -0.4224527 0.9063851 0 -0.4224526 0.9063851 0 0.6428163 0.7660204 0 0.7253148 0.6884173 0 0.4540003 0.8910016 0 0.2418031 0.9703254 0 0.01745712 0.9998477 0 -0.2078635 0.9781579 0 -0.3173354 0.9483134 0 0.414608 0.9100001 0 0.4146088 0.9099999 0 0.4146093 0.9099996 0 0.4146089 0.9099998 1 -1.40144e-6 0 -1 -8.17821e-7 0</float_array>
          <technique_common>
            <accessor source="#Mesh69_608-mesh-normals-array" count="2092" stride="3">
              <param name="X" type="float"/>
              <param name="Y" type="float"/>
              <param name="Z" type="float"/>
            </accessor>
          </technique_common>
        </source>
        <vertices id="Mesh69_608-mesh-vertices">
          <input semantic="POSITION" source="#Mesh69_608-mesh-positions"/>
        </vertices>
        <triangles material="mat_2_003-material" count="2319">
          <input semantic="VERTEX" source="#Mesh69_608-mesh-vertices" offset="0"/>
          <input semantic="NORMAL" source="#Mesh69_608-mesh-normals" offset="1"/>
          <p>7 0 1 1 0 2 2 3 0 2 4 4 7 0 0 2 2 3 3 5 0 2 5 6 4 4 0 2 3 5 5 6 0 2 6 7 7 0 2 3 8 8 9 9 1 1 7 0 9 9 10 10 1 1 11 11 10 10 9 9 11 11 12 12 10 10 13 13 12 12 11 11 13 13 14 14 12 12 15 15 14 14 13 13 16 16 17 17 15 15 15 15 17 17 14 14 16 16 18 18 17 17 19 19 18 18 16 16 19 19 20 20 18 18 22 21 21 22 20 20 22 21 20 20 19 19 23 23 21 22 22 21 24 24 23 23 22 21 25 25 21 22 23 23 26 26 21 22 25 25 26 26 28 27 21 22 27 28 28 27 26 26 30 29 29 30 28 27 30 29 28 27 27 28 32 31 29 30 30 29 32 31 30 29 31 32 32 31 33 33 29 30 34 34 33 33 32 31 36 35 33 33 34 34 35 36 36 35 34 34 36 35 37 37 33 33 38 38 37 37 36 35 38 38 39 39 37 37 40 40 39 39 38 38 41 41 39 39 40 40 42 42 39 39 41 41 44 43 6 7 43 44 5 6 6 7 44 43 44 43 43 44 45 45 46 46 44 43 45 45 45 45 43 44 47 47 47 47 50 48 48 49 47 47 49 50 50 48 47 47 43 44 49 50 50 48 52 51 51 52 50 48 49 50 52 51 54 53 52 51 53 54 51 52 52 51 54 53 54 53 53 54 55 55 55 55 53 54 56 56 56 56 53 54 58 57 57 58 56 56 58 57 58 57 60 59 59 60 58 57 53 54 60 59 59 60 60 59 61 61 62 62 61 61 63 63 59 60 61 61 62 62 64 64 63 63 65 65 62 62 63 63 64 64 67 66 65 65 66 67 64 64 65 65 67 66 67 66 66 67 68 68 68 68 70 69 69 70 68 68 66 67 70 69 69 70 70 69 71 71 72 72 71 71 73 73 69 70 71 71 72 72 72 72 73 73 74 74 72 72 74 74 75 75 77 76 76 76 78 76 79 77 77 77 78 77 79 78 80 78 77 78 81 79 80 79 79 79 83 80 82 80 84 80 83 81 84 81 85 81 84 82 86 82 85 82 83 83 85 83 87 83 89 84 83 84 87 84 88 85 89 85 87 85 90 86 89 86 88 86 91 87 90 87 92 87 92 88 90 88 88 88 93 89 91 89 92 89 94 90 91 90 93 90 95 91 94 91 93 91 95 92 96 92 94 92 97 93 96 93 95 93 98 94 99 94 97 94 97 95 99 95 96 95 98 96 100 96 99 96 101 97 100 97 98 97 101 98 103 98 100 98 103 99 102 99 100 99 104 100 103 100 101 100 105 101 106 101 107 101 106 102 108 102 107 102 107 103 108 103 109 103 110 104 111 104 108 104 106 105 110 105 108 105 111 106 113 106 112 106 110 107 113 107 111 107 113 108 114 108 112 108 114 109 115 109 116 109 112 110 114 110 116 110 116 111 115 111 117 111 115 112 118 112 117 112 117 113 118 113 119 113 119 114 118 114 120 114 119 115 120 115 121 115 121 116 123 116 122 116 121 117 120 117 123 117 122 118 123 118 124 118 122 119 124 119 125 119 125 120 124 120 126 120 122 121 125 121 127 121 129 122 128 122 130 122 130 123 128 123 132 123 132 124 128 124 131 124 132 125 131 125 133 125 133 126 135 126 134 126 133 127 131 127 135 127 134 128 135 128 136 128 138 129 136 129 137 129 138 130 134 130 136 130 139 131 138 131 137 131 139 132 137 132 140 132 141 133 139 133 140 133 141 134 140 134 142 134 143 135 141 135 142 135 143 136 142 136 145 136 144 137 143 137 145 137 144 138 145 138 146 138 148 139 146 139 147 139 148 140 144 140 146 140 149 141 148 141 147 141 150 142 149 142 151 142 151 143 149 143 147 143 152 144 150 144 151 144 153 145 154 145 152 145 154 146 150 146 152 146 155 147 154 147 153 147 156 148 155 148 153 148 156 149 157 149 155 149 158 150 157 150 156 150 158 151 159 151 157 151 161 152 159 152 158 152 161 153 160 153 159 153 162 154 160 154 161 154 162 155 163 155 164 155 162 156 164 156 160 156 163 157 165 157 164 157 167 158 166 158 165 158 163 159 167 159 165 159 167 160 168 160 166 160 168 161 169 161 170 161 168 162 170 162 166 162 169 163 171 163 170 163 172 164 173 164 171 164 169 165 172 165 171 165 174 166 175 166 173 166 172 167 174 167 173 167 174 168 177 168 175 168 175 169 177 169 176 169 177 170 178 170 176 170 178 171 129 171 179 171 176 172 178 172 179 172 179 173 129 173 130 173 180 174 182 174 181 174 181 175 182 175 183 175 186 176 185 176 184 176 187 177 185 177 186 177 190 178 189 178 188 178 191 179 190 179 188 179 192 180 194 180 191 180 191 181 193 181 192 181 191 182 197 182 190 182 194 183 195 183 191 183 195 184 196 184 191 184 196 185 197 185 191 185 193 186 198 186 199 186 193 187 199 187 200 187 193 188 200 188 201 188 193 189 201 189 202 189 193 190 202 190 203 190 193 191 203 191 192 191 198 192 204 192 199 192 205 174 207 174 206 174 206 174 207 174 208 174 209 193 212 193 210 193 209 194 211 194 212 194 212 195 211 195 213 195 213 196 211 196 214 196 211 197 215 197 214 197 211 198 216 198 215 198 211 199 217 199 216 199 211 200 218 200 217 200 217 201 218 201 219 201 219 202 218 202 220 202 220 203 218 203 221 203 222 204 221 204 218 204 223 205 222 205 218 205 223 206 218 206 224 206 225 207 223 207 224 207 229 208 227 208 226 208 229 176 226 176 228 176 231 209 230 210 233 211 230 210 232 212 233 211 234 213 233 211 235 213 234 213 231 209 233 211 234 213 235 213 236 214 237 215 234 213 236 214 237 215 236 214 238 216 241 217 238 216 239 218 240 216 237 215 238 216 241 217 240 216 238 216 242 219 241 217 243 220 241 217 239 218 243 220 245 221 243 220 244 222 245 221 242 219 243 220 245 221 244 222 246 223 247 224 245 221 246 223 248 225 247 224 246 223 249 226 248 225 251 227 248 225 246 223 250 228 248 225 250 228 251 227 252 229 249 226 251 227 252 229 251 227 253 229 252 229 253 229 254 230 257 231 254 230 255 232 256 233 252 229 254 230 257 231 256 233 254 230 259 234 258 235 260 236 259 234 260 236 261 237 263 238 261 237 262 239 263 238 259 234 261 237 264 240 263 238 262 239 265 241 264 240 266 242 264 240 262 239 266 242 265 241 266 242 267 243 265 241 267 243 268 244 269 245 268 244 270 246 269 245 271 247 268 244 271 247 265 241 268 244 269 245 270 246 272 248 273 249 269 245 272 248 274 250 273 249 272 248 274 250 272 248 275 251 277 252 275 251 276 252 277 252 274 250 275 251 278 253 277 252 276 252 279 254 278 253 280 255 278 253 276 252 280 255 279 254 280 255 281 254 283 256 281 254 282 257 283 256 279 254 281 254 284 258 283 256 282 257 284 258 282 257 285 259 287 260 288 261 286 262 290 263 289 264 288 261 290 263 288 261 287 260 291 264 289 264 290 263 291 264 292 265 289 264 293 266 292 265 291 264 293 266 294 267 292 265 295 267 294 267 293 266 296 268 297 268 295 267 295 267 297 268 294 267 296 268 298 269 297 268 300 269 299 270 298 269 300 269 298 269 296 268 301 270 299 270 300 269 302 271 303 271 301 270 301 270 303 271 299 270 302 271 304 272 303 271 306 273 305 274 304 272 306 273 304 272 302 271 307 274 305 274 306 273 307 274 308 275 305 274 309 275 308 275 307 274 309 275 310 276 308 275 311 277 310 276 309 275 313 278 320 278 312 278 314 279 312 279 315 279 315 280 312 280 316 280 312 281 317 281 316 281 312 282 318 282 317 282 312 283 319 283 318 283 312 284 320 284 319 284 313 285 321 285 320 285 322 286 321 286 313 286 322 287 323 287 321 287 324 288 323 288 322 288 324 289 325 289 323 289 324 290 326 290 325 290 326 291 327 291 325 291 326 292 328 292 327 292 328 293 329 293 327 293 328 294 330 294 329 294 330 295 331 295 329 295 330 296 332 296 331 296 332 297 333 297 331 297 334 298 335 298 333 298 332 299 334 299 333 299 334 300 336 300 335 300 336 301 337 301 335 301 336 302 338 302 337 302 337 303 338 303 339 303 338 304 340 304 339 304 339 305 340 305 341 305 341 306 340 306 342 306 341 307 342 307 343 307 343 308 342 308 344 308 343 309 344 309 345 309 345 310 344 310 346 310 346 311 344 311 347 311 347 312 344 312 348 312 348 313 344 313 349 313 350 314 348 314 349 314 351 315 350 315 349 315 352 316 351 316 349 316 315 317 352 317 349 317 315 318 353 318 352 318 315 319 354 319 353 319 315 320 316 320 354 320 344 321 355 321 349 321 357 322 356 323 358 323 357 322 358 323 359 324 361 325 359 324 360 326 361 325 357 322 359 324 362 327 361 325 360 326 363 328 362 327 364 329 362 327 360 326 364 329 363 328 364 329 365 330 366 331 363 328 365 330 366 331 365 330 367 332 368 333 366 331 367 332 368 333 367 332 369 334 370 231 368 333 369 334 370 231 369 334 371 335 370 231 371 335 372 336 373 337 370 231 372 336 374 338 373 337 372 336 374 338 372 336 375 339 377 340 375 339 376 341 377 340 374 338 375 339 377 340 376 341 378 342 379 343 377 340 378 342 380 344 379 343 378 342 381 176 380 344 382 345 380 344 378 342 382 345 381 176 382 345 383 176 384 346 381 176 383 176 384 346 383 176 385 347 386 348 384 346 385 347 386 348 385 347 387 349 388 350 386 348 387 349 388 350 387 349 389 351 388 350 389 351 390 352 393 353 390 352 391 354 392 355 388 350 390 352 393 353 392 355 390 352 394 356 393 353 391 354 395 357 394 356 396 358 394 356 391 354 396 358 395 357 396 358 397 359 398 360 395 357 397 359 398 360 397 359 399 361 398 360 399 361 400 362 401 363 398 360 400 362 402 364 401 363 400 362 402 364 400 362 403 365 404 366 402 364 403 365 404 366 403 365 405 367 406 368 404 366 405 367 406 368 405 367 407 368 406 368 407 368 408 369 409 369 406 368 408 369 413 370 410 370 411 370 410 371 414 371 412 371 417 372 410 372 413 372 414 373 410 373 416 373 415 374 410 374 417 374 416 375 410 375 415 375 417 376 413 376 418 376 418 377 413 377 419 377 419 378 413 378 420 378 420 379 413 379 421 379 421 380 413 380 422 380 421 381 422 381 423 381 423 382 422 382 424 382 423 383 424 383 425 383 425 384 424 384 426 384 425 385 426 385 427 385 427 386 426 386 429 386 428 387 427 387 429 387 428 388 429 388 430 388 432 389 430 389 431 389 432 390 428 390 430 390 433 391 432 391 431 391 434 392 433 392 435 392 433 393 431 393 435 393 434 394 435 394 436 394 438 395 436 395 437 395 438 396 434 396 436 396 439 397 438 397 437 397 440 398 439 398 437 398 441 399 439 399 440 399 442 400 441 400 440 400 442 401 443 401 441 401 444 402 443 402 442 402 444 403 445 403 443 403 447 404 446 404 445 404 447 405 445 405 444 405 412 406 447 406 448 406 412 407 451 407 447 407 447 408 451 408 449 408 447 409 449 409 450 409 447 410 450 410 446 410 412 411 452 411 451 411 412 412 453 412 452 412 412 413 414 413 453 413 454 414 455 414 456 414 456 415 455 415 457 415 456 416 457 416 460 416 456 417 460 417 458 417 456 418 458 418 461 418 456 419 461 419 459 419 461 420 462 420 459 420 462 421 463 421 459 421 463 422 464 422 459 422 465 423 466 423 464 423 464 424 466 424 459 424 466 425 467 425 459 425 468 426 466 426 465 426 470 427 466 427 468 427 471 428 469 428 466 428 471 429 466 429 470 429 472 430 469 430 471 430 473 431 474 431 472 431 472 432 474 432 469 432 475 433 474 433 473 433 476 434 475 434 477 434 477 435 475 435 473 435 476 436 477 436 478 436 480 437 478 437 479 437 480 438 476 438 478 438 481 439 480 439 479 439 482 440 481 440 483 440 481 441 479 441 483 441 482 442 483 442 484 442 485 443 482 443 484 443 485 444 484 444 486 444 488 445 485 445 486 445 488 446 486 446 487 446 489 447 488 447 487 447 489 448 491 448 490 448 489 449 487 449 491 449 490 450 491 450 492 450 493 451 492 451 494 451 490 452 492 452 493 452 493 453 494 453 455 453 455 454 494 454 495 454 455 455 495 455 496 455 455 456 496 456 497 456 455 457 497 457 457 457 499 458 500 458 498 458 504 459 500 459 499 459 500 460 502 460 501 460 502 461 500 461 505 461 503 462 500 462 504 462 505 463 500 463 503 463 504 464 499 464 506 464 506 465 499 465 507 465 507 466 499 466 508 466 508 467 499 467 509 467 509 468 499 468 510 468 509 469 510 469 511 469 511 470 510 470 513 470 511 471 513 471 512 471 512 472 513 472 514 472 516 473 514 473 515 473 512 474 514 474 516 474 517 475 516 475 515 475 517 476 515 476 518 476 519 477 517 477 518 477 520 478 519 478 521 478 519 479 518 479 521 479 520 480 521 480 522 480 524 481 522 481 523 481 524 482 520 482 522 482 525 483 524 483 523 483 525 484 523 484 526 484 527 485 525 485 526 485 528 486 527 486 526 486 529 487 527 487 528 487 531 488 530 488 529 488 531 489 529 489 528 489 532 490 530 490 531 490 532 491 533 491 530 491 534 492 533 492 532 492 501 493 534 493 535 493 501 494 539 494 534 494 534 495 536 495 533 495 534 496 537 496 536 496 534 497 538 497 537 497 534 498 539 498 538 498 501 499 540 499 539 499 501 500 541 500 540 500 501 501 502 501 541 501 543 502 542 503 544 503 543 502 544 503 545 504 546 505 545 504 547 506 546 505 543 502 545 504 548 507 546 505 547 506 548 507 547 506 549 508 550 330 548 507 549 508 550 330 549 508 551 509 552 331 550 330 551 509 552 331 551 509 553 332 554 510 552 331 553 332 554 510 553 332 555 333 556 511 554 510 555 333 556 511 555 333 557 335 556 511 557 335 558 336 561 512 558 336 559 512 560 337 556 511 558 336 561 512 560 337 558 336 562 513 561 512 559 512 562 513 559 512 565 514 562 513 565 514 563 342 564 515 562 513 563 342 566 344 564 515 563 342 566 344 563 342 568 345 567 176 566 344 568 345 567 176 568 345 569 176 570 346 567 176 569 176 570 346 569 176 571 347 572 516 570 346 571 347 572 516 571 347 573 349 575 517 573 349 574 518 575 517 572 516 573 349 575 517 574 518 576 519 577 520 575 517 576 519 578 353 577 520 576 519 579 356 578 353 580 354 578 353 576 519 580 354 579 356 580 354 581 358 582 357 579 356 581 358 582 357 581 358 583 359 584 521 582 357 583 359 584 521 583 359 585 522 584 521 585 522 586 523 587 524 584 521 586 523 588 525 587 524 586 523 588 525 586 523 589 526 591 527 589 526 590 527 591 527 588 525 589 526 592 528 591 527 590 527 593 529 592 528 595 530 592 528 590 527 594 531 592 528 594 531 595 530 597 532 596 532 599 532 596 533 598 533 601 533 599 534 596 534 600 534 600 535 596 535 601 535 601 536 598 536 602 536 602 537 603 537 604 537 598 538 603 538 602 538 604 539 605 539 606 539 603 540 605 540 604 540 606 541 608 541 607 541 605 542 608 542 606 542 608 543 609 543 607 543 609 544 610 544 611 544 607 545 609 545 611 545 611 546 610 546 612 546 612 547 614 547 613 547 610 548 614 548 612 548 614 549 615 549 613 549 617 550 615 550 616 550 613 551 615 551 617 551 617 552 616 552 618 552 618 553 616 553 619 553 620 554 618 554 619 554 620 555 619 555 621 555 622 556 620 556 621 556 623 557 622 557 624 557 624 558 622 558 621 558 625 559 623 559 624 559 626 560 623 560 625 560 628 561 626 561 625 561 628 562 625 562 627 562 629 563 628 563 627 563 630 564 629 564 627 564 631 565 630 565 627 565 631 566 632 566 630 566 633 567 632 567 631 567 633 568 634 568 632 568 635 569 634 569 633 569 635 570 636 570 634 570 637 571 636 571 635 571 637 572 638 572 636 572 639 573 638 573 637 573 640 574 638 574 639 574 640 575 641 575 638 575 643 576 642 576 641 576 643 577 641 577 640 577 644 578 643 578 645 578 644 579 642 579 643 579 644 580 645 580 646 580 648 581 646 581 647 581 644 582 646 582 648 582 649 583 648 583 650 583 650 584 648 584 647 584 651 585 649 585 650 585 653 586 651 586 652 586 653 587 649 587 651 587 654 588 653 588 652 588 654 589 652 589 656 589 654 590 656 590 655 590 655 591 656 591 657 591 655 592 657 592 658 592 658 593 657 593 659 593 658 594 659 594 661 594 659 595 660 595 661 595 661 596 660 596 662 596 662 597 664 597 663 597 660 598 664 598 662 598 664 599 665 599 663 599 665 600 666 600 667 600 663 601 665 601 667 601 667 602 666 602 668 602 668 603 669 603 670 603 666 604 669 604 668 604 669 605 672 605 670 605 670 606 672 606 671 606 672 607 673 607 671 607 671 608 673 608 674 608 673 609 675 609 674 609 674 610 675 610 676 610 676 611 678 611 677 611 674 612 676 612 677 612 678 613 631 613 677 613 631 614 627 614 677 614 644 615 597 615 642 615 597 616 679 616 642 616 597 617 599 617 679 617 683 618 680 619 681 620 683 618 682 618 680 619 684 621 682 618 683 618 685 622 686 623 684 621 684 621 686 623 682 618 685 622 687 624 686 623 689 625 687 624 685 622 689 625 688 625 687 624 690 626 688 625 689 625 691 627 692 628 690 626 690 626 692 628 688 625 691 627 693 627 692 628 694 629 695 630 693 627 694 629 693 627 691 627 697 631 696 631 695 630 697 631 695 630 694 629 698 632 696 631 697 631 698 632 699 633 696 631 700 634 699 633 698 632 701 635 702 636 700 634 700 634 702 636 699 633 701 635 703 637 702 636 704 638 705 639 703 637 704 638 703 637 701 635 709 640 707 640 706 640 708 641 710 641 706 641 710 642 709 642 706 642 711 643 710 643 708 643 712 644 711 644 708 644 713 645 712 645 708 645 714 646 713 646 708 646 715 647 714 647 708 647 715 648 716 648 714 648 715 649 717 649 716 649 715 650 718 650 717 650 715 651 719 651 718 651 721 652 720 652 719 652 715 653 721 653 719 653 721 654 722 654 720 654 725 655 724 656 723 657 725 655 726 257 724 656 726 257 727 658 724 656 727 658 728 253 729 658 727 658 729 658 724 656 728 253 730 659 729 658 728 253 731 660 730 659 732 660 733 661 731 660 728 253 732 660 731 660 732 660 735 661 733 661 736 248 734 248 733 661 735 661 736 248 733 661 736 248 737 662 734 248 737 662 738 663 740 664 737 662 739 662 734 248 737 662 740 664 739 662 742 665 741 666 740 664 738 663 742 665 740 664 742 665 743 242 741 666 743 242 744 667 745 242 743 242 745 242 741 666 744 667 746 239 745 242 748 237 747 668 746 239 744 667 748 237 746 239 748 237 749 669 747 668 749 669 750 670 747 668 754 671 752 671 751 671 754 672 751 672 753 672 757 673 756 233 755 673 757 673 758 674 756 233 758 674 759 675 756 233 759 675 760 227 762 227 759 675 761 676 756 233 759 675 762 227 761 676 760 227 763 677 762 227 766 678 764 224 763 677 760 227 765 679 763 677 765 679 766 678 763 677 766 678 767 221 764 224 766 678 768 221 767 221 768 221 769 220 767 221 768 221 770 220 769 220 770 220 771 218 772 218 770 220 772 218 769 220 771 218 773 680 772 218 775 680 774 215 773 680 771 218 775 680 773 680 775 680 776 215 774 215 776 215 777 681 778 681 776 215 778 681 774 215 777 681 779 682 778 681 782 683 780 684 779 682 781 685 782 683 779 682 777 681 781 685 779 682 783 176 785 176 784 176 784 176 785 176 786 176 787 686 791 686 788 686 787 687 789 687 790 687 787 688 790 688 791 688 790 689 789 689 792 689 789 690 793 690 792 690 789 691 794 691 793 691 789 692 795 692 794 692 795 693 797 693 796 693 789 694 797 694 795 694 798 695 797 695 801 695 796 696 797 696 798 696 800 697 797 697 799 697 800 698 801 698 797 698 802 699 800 699 799 699 803 700 802 700 799 700 804 701 807 701 805 701 804 702 806 702 807 702 811 174 809 174 808 174 811 174 808 174 810 174 812 174 813 703 814 703 812 174 814 703 815 174 816 704 812 174 815 174 816 704 815 174 817 531 818 705 816 704 817 531 818 705 817 531 819 706 820 707 818 705 819 706 820 707 819 706 821 708 822 709 820 707 821 708 822 709 821 708 823 710 824 711 822 709 823 710 824 711 823 710 826 712 825 713 824 711 826 712 825 713 826 712 827 714 829 715 827 714 828 716 829 715 825 713 827 714 830 717 829 715 828 716 831 718 830 717 832 719 830 717 828 716 832 719 831 718 832 719 833 720 835 721 833 720 834 722 835 721 831 718 833 720 836 723 835 721 834 722 836 723 834 722 837 724 838 725 836 723 837 724 838 725 837 724 839 726 840 727 838 725 839 726 840 727 839 726 841 727 813 703 842 728 814 703 844 729 843 730 842 728 813 703 844 729 842 728 844 729 845 731 843 730 845 731 846 732 847 732 845 731 847 732 843 730 846 732 848 733 847 732 846 732 849 734 848 733 849 734 850 735 848 733 852 735 851 736 850 735 849 734 852 735 850 735 852 735 853 736 851 736 853 736 854 737 855 737 853 736 855 737 851 736 854 737 856 738 855 737 854 737 857 738 856 738 857 738 858 739 856 738 860 739 859 740 858 739 857 738 860 739 858 739 860 739 861 741 859 740 861 741 862 742 859 740 861 741 863 742 862 742 863 742 864 743 865 743 863 742 865 743 862 742 867 744 866 744 869 744 870 745 866 745 868 745 869 746 866 746 870 746 870 747 868 747 871 747 871 748 868 748 872 748 871 749 872 749 873 749 873 750 872 750 874 750 875 751 873 751 874 751 875 752 874 752 876 752 877 753 875 753 876 753 877 754 876 754 879 754 878 755 877 755 879 755 878 756 879 756 880 756 882 757 880 757 881 757 882 758 878 758 880 758 883 759 882 759 881 759 884 760 883 760 885 760 883 761 881 761 885 761 884 762 885 762 886 762 887 763 888 763 886 763 888 764 884 764 886 764 889 765 888 765 887 765 890 766 889 766 887 766 891 767 889 767 890 767 892 768 891 768 890 768 893 769 891 769 892 769 895 770 893 770 892 770 895 771 894 771 893 771 896 772 894 772 895 772 897 773 898 773 896 773 896 774 898 774 894 774 897 775 899 775 898 775 900 776 901 776 899 776 900 777 899 777 897 777 903 778 902 778 901 778 900 779 903 779 901 779 903 780 904 780 902 780 904 781 905 781 906 781 904 782 906 782 902 782 905 783 907 783 906 783 908 784 909 784 907 784 905 785 908 785 907 785 908 786 911 786 909 786 911 787 910 787 909 787 911 788 912 788 910 788 912 789 913 789 914 789 912 790 914 790 910 790 914 791 913 791 915 791 915 792 916 792 917 792 913 793 916 793 915 793 917 794 867 794 869 794 916 795 867 795 917 795 918 174 922 796 919 796 918 174 919 796 921 174 920 704 918 174 921 174 922 796 924 729 923 728 922 796 923 728 919 796 924 729 925 797 926 797 924 729 926 797 923 728 925 797 927 798 926 797 925 797 928 798 927 798 928 798 929 799 927 798 928 798 930 799 929 799 930 799 931 800 929 799 933 800 932 801 931 800 930 799 933 800 931 800 933 800 934 801 932 801 934 801 935 802 936 802 934 801 936 802 932 801 935 802 937 803 936 802 935 802 939 804 937 803 939 804 938 805 937 803 939 804 940 806 938 805 940 806 941 807 942 808 940 806 942 808 938 805 941 807 943 742 942 808 941 807 944 742 943 742 944 742 945 809 943 742 944 742 946 809 945 809 920 704 921 174 947 531 948 705 920 704 947 531 948 705 947 531 949 706 951 810 949 706 950 811 951 810 948 705 949 706 952 812 951 810 950 811 952 812 950 811 953 813 954 814 952 812 953 813 954 814 953 813 955 815 956 816 954 814 955 815 957 817 956 816 958 818 956 816 955 815 958 818 957 817 958 818 959 819 961 820 959 819 960 820 961 820 957 817 959 819 962 821 961 820 960 820 962 821 960 820 963 822 964 823 962 821 963 822 965 824 964 823 966 825 964 823 963 822 966 825 965 824 966 825 967 826 968 347 967 826 969 726 968 347 965 824 967 826 970 827 969 726 971 827 970 827 968 347 969 726 974 828 972 828 973 829 975 830 974 828 973 829 976 831 975 830 977 348 975 830 973 829 977 348 976 831 977 348 978 832 980 350 978 832 979 833 980 350 976 831 978 832 981 834 980 350 979 833 981 834 979 833 982 835 983 835 981 834 982 835 983 835 982 835 984 836 985 837 983 835 984 836 985 837 984 836 986 838 987 839 985 837 986 838 987 839 986 838 988 840 989 841 987 839 988 840 990 842 989 841 991 843 989 841 988 840 991 843 990 842 991 843 992 844 994 845 992 844 993 846 994 845 990 842 992 844 995 847 994 845 993 846 995 847 993 846 996 848 997 849 995 847 996 848 997 849 996 848 998 174 999 174 997 849 998 174 999 174 998 174 1000 850 1001 851 999 174 1000 850 1001 851 1000 850 1002 505 1003 852 1001 851 1002 505 1003 852 1002 505 1004 507 1005 853 1003 852 1004 507 1006 854 1005 853 1007 855 1005 853 1004 507 1007 855 1006 854 1007 855 1008 856 1010 856 1008 856 1009 333 1010 856 1006 854 1008 856 1011 857 1010 856 1009 333 1011 857 1009 333 1012 858 1013 859 1011 857 1012 858 1013 859 1012 858 1014 860 1015 861 1013 859 1014 860 1015 861 1014 860 1016 862 1017 863 1015 861 1016 862 1017 863 1016 862 1018 864 1019 865 1017 863 1018 864 1019 865 1018 864 1020 866 1021 867 1019 865 1020 866 1022 868 1021 867 1023 869 1021 867 1020 866 1023 869 1022 868 1023 869 1024 870 1025 870 1022 868 1024 870 1028 871 1027 871 1026 871 1029 872 1028 872 1026 872 1029 873 1026 873 1030 873 1031 874 1029 874 1030 874 1031 875 1030 875 1032 875 1034 876 1032 876 1033 876 1034 877 1031 877 1032 877 1034 878 1033 878 1036 878 1034 879 1036 879 1035 879 1036 880 1038 880 1037 880 1036 881 1039 881 1038 881 1036 882 1033 882 1039 882 1039 883 1033 883 1040 883 1028 884 1041 884 1027 884 1041 885 1042 885 1027 885 1041 886 1045 886 1042 886 1041 887 1044 887 1043 887 1041 888 1043 888 1045 888 1046 889 1047 889 1045 889 1043 890 1046 890 1045 890 1047 891 1048 891 1045 891 1046 892 1049 892 1047 892 1051 893 1050 893 1049 893 1046 894 1051 894 1049 894 1055 895 1053 896 1052 870 1054 870 1055 895 1052 870 1055 895 1056 897 1053 896 1056 897 1057 898 1058 899 1056 897 1058 899 1053 896 1057 898 1059 864 1058 899 1060 900 1061 901 1059 864 1057 898 1060 900 1059 864 1060 900 1063 902 1061 901 1063 902 1062 903 1061 901 1063 902 1064 859 1062 903 1064 859 1065 858 1062 903 1064 859 1066 857 1065 858 1066 857 1067 333 1065 858 1066 857 1068 856 1067 333 1068 856 1069 856 1067 333 1068 856 1070 854 1069 856 1070 854 1071 797 1072 855 1070 854 1072 855 1069 856 1071 797 1073 507 1072 855 1071 797 1075 852 1073 507 1075 852 1074 505 1073 507 1075 852 1076 904 1074 505 1076 904 1077 905 1074 505 1076 904 1078 174 1077 905 1078 174 1079 174 1077 905 1078 174 1080 906 1079 174 1080 906 1081 907 1079 174 1080 906 1082 847 1081 907 1082 847 1083 846 1081 907 1082 847 1084 845 1083 846 1084 845 1085 844 1083 846 1084 845 1086 842 1085 844 1086 842 1087 841 1088 843 1086 842 1088 843 1085 844 1087 841 1089 840 1088 843 1091 839 1090 838 1089 840 1087 841 1091 839 1089 840 1091 839 1092 837 1090 838 1092 837 1093 836 1090 838 1092 837 1094 908 1093 836 1094 908 1095 908 1093 836 1094 908 1096 909 1095 908 1096 909 1097 910 1095 908 1096 909 1098 351 1097 910 1098 351 1099 911 1097 910 1098 351 1100 912 1099 911 1100 912 1101 913 1099 911 1100 912 1102 914 1101 913 1102 914 1103 828 1104 915 1102 914 1104 915 1101 913 1103 828 1105 828 1104 915 1106 916 1112 916 1107 916 1108 917 1109 917 1106 917 1106 918 1109 918 1110 918 1106 919 1110 919 1111 919 1106 920 1111 920 1112 920 1112 921 1114 921 1113 921 1112 922 1111 922 1114 922 1113 923 1114 923 1115 923 1117 924 1115 924 1116 924 1113 925 1115 925 1117 925 1117 926 1116 926 1118 926 1117 927 1118 927 1119 927 1118 928 1116 928 1120 928 1108 929 1121 929 1109 929 1123 930 1121 930 1108 930 1122 931 1125 931 1121 931 1124 932 1122 932 1121 932 1124 933 1121 933 1123 933 1124 934 1126 934 1127 934 1124 935 1127 935 1128 935 1124 936 1128 936 1129 936 1124 937 1129 937 1122 937 1129 938 1130 938 1122 938 1130 939 1131 939 1122 939 1133 940 1134 940 1132 940 1133 941 1135 941 1134 941 1136 942 1135 942 1133 942 1136 943 1137 943 1135 943 1136 944 1138 944 1137 944 1136 945 1139 945 1138 945 1139 946 1140 946 1138 946 1139 947 1142 947 1140 947 1142 948 1141 948 1140 948 1139 949 1143 949 1142 949 1142 950 1144 950 1145 950 1142 950 1145 950 1141 950 1144 951 1146 951 1145 951 1147 952 1148 952 1146 952 1144 953 1147 953 1146 953 1147 954 1149 954 1148 954 1147 955 1150 955 1149 955 1150 956 1151 956 1149 956 1151 957 1152 957 1149 957 1151 958 1153 958 1152 958 1153 959 1154 959 1152 959 1153 960 1155 960 1154 960 1151 961 1156 961 1153 961 1136 962 1133 962 1157 962 1159 963 1158 964 1160 965 1159 963 1160 965 1161 966 1162 967 1159 963 1161 966 1162 967 1161 966 1163 968 1164 969 1162 967 1163 968 1164 969 1163 968 1165 970 1167 971 1165 970 1166 972 1167 971 1164 969 1165 970 1168 973 1167 971 1166 972 1169 974 1168 973 1170 975 1168 973 1166 972 1170 975 1169 974 1170 975 1171 976 1172 977 1169 974 1171 976 1172 977 1171 976 1173 978 1174 979 1172 977 1173 978 1174 979 1173 978 1175 980 1176 981 1174 979 1175 980 1176 981 1175 980 1177 982 1178 983 1176 981 1177 982 1178 983 1177 982 1179 984 1180 985 1178 983 1179 984 1180 985 1179 984 1181 986 1183 987 1181 986 1182 988 1183 987 1180 985 1181 986 1184 989 1183 987 1182 988 1184 989 1182 988 1185 990 1186 991 1184 989 1185 990 1186 991 1185 990 1187 992 1188 993 1186 991 1187 992 1189 994 1188 993 1190 995 1188 993 1187 992 1190 995 1189 994 1190 995 1191 996 1192 997 1189 994 1191 996 1192 997 1191 996 1193 998 1194 999 1192 997 1193 998 1194 999 1193 998 1195 1000 1196 1001 1194 999 1195 1000 1196 1001 1195 1000 1197 1002 1199 1003 1197 1002 1198 1004 1199 1003 1196 1001 1197 1002 1200 1005 1199 1003 1198 1004 1201 1006 1200 1005 1202 1007 1200 1005 1198 1004 1202 1007 1201 1006 1202 1007 1203 1008 1204 1009 1201 1006 1203 1008 1204 1009 1203 1008 1205 1010 1206 1011 1204 1009 1205 1010 1206 1011 1205 1010 1207 1012 1208 1013 1206 1011 1207 1012 1208 1013 1207 1012 1209 1014 1210 1015 1208 1013 1209 1014 1210 1015 1209 1014 1211 1016 1214 1017 1212 1017 1213 1017 1216 1018 1212 1018 1214 1018 1216 1019 1215 1019 1212 1019 1217 1020 1215 1020 1216 1020 1217 1021 1218 1021 1215 1021 1219 1022 1218 1022 1217 1022 1220 1023 1221 1023 1219 1023 1221 1024 1218 1024 1219 1024 1222 1025 1221 1025 1220 1025 1224 1026 1222 1026 1220 1026 1223 1027 1222 1027 1224 1027 1225 1028 1223 1028 1224 1028 1226 1029 1223 1029 1225 1029 1226 1030 1225 1030 1227 1030 1229 1031 1227 1031 1228 1031 1229 1032 1226 1032 1227 1032 1230 1033 1229 1033 1228 1033 1231 1034 1230 1034 1232 1034 1230 1035 1228 1035 1232 1035 1231 1036 1232 1036 1233 1036 1234 1037 1231 1037 1233 1037 1234 1038 1233 1038 1235 1038 1234 1039 1235 1039 1237 1039 1237 1040 1235 1040 1236 1040 1237 1041 1236 1041 1238 1041 1238 1042 1236 1042 1240 1042 1238 1043 1240 1043 1239 1043 1239 1044 1240 1044 1241 1044 1239 1045 1241 1045 1242 1045 1242 1046 1241 1046 1243 1046 1245 1047 1243 1047 1244 1047 1242 1048 1243 1048 1245 1048 1245 1049 1244 1049 1246 1049 1246 1050 1248 1050 1247 1050 1244 1051 1248 1051 1246 1051 1248 1052 1249 1052 1247 1052 1247 1053 1249 1053 1250 1053 1249 1054 1251 1054 1250 1054 1251 1055 1252 1055 1253 1055 1251 1056 1253 1056 1250 1056 1252 1057 1254 1057 1253 1057 1252 1058 1256 1058 1254 1058 1256 1059 1255 1059 1254 1059 1256 1060 1257 1060 1255 1060 1257 1061 1258 1061 1259 1061 1257 1062 1259 1062 1255 1062 1258 1063 1260 1063 1259 1063 1262 1064 1260 1064 1258 1064 1262 1065 1261 1065 1260 1065 1263 1066 1261 1066 1262 1066 1263 1067 1213 1067 1261 1067 1214 1068 1213 1068 1263 1068 1265 1069 1266 1069 1264 1069 1265 1070 1267 1070 1266 1070 1269 1071 1268 1071 1267 1071 1269 1072 1267 1072 1265 1072 1269 1073 1265 1073 1270 1073 1269 1074 1271 1074 1272 1074 1269 1075 1272 1075 1268 1075 1271 1076 1273 1076 1272 1076 1274 1077 1275 1077 1273 1077 1271 1078 1274 1078 1273 1078 1274 1079 1276 1079 1275 1079 1274 1080 1277 1080 1276 1080 1277 1081 1278 1081 1276 1081 1277 1082 1279 1082 1278 1082 1279 1083 1280 1083 1278 1083 1279 1084 1281 1084 1280 1084 1284 1085 1282 1085 1281 1085 1279 1086 1283 1086 1281 1086 1283 1087 1284 1087 1281 1087 1284 1088 1286 1088 1285 1088 1284 1089 1285 1089 1282 1089 1285 1090 1287 1090 1288 1090 1285 1091 1288 1091 1282 1091 1271 1092 1289 1092 1274 1092 1292 1093 1290 1094 1291 965 1292 1093 1291 965 1293 1095 1294 1096 1292 1093 1293 1095 1294 1096 1293 1095 1295 1097 1296 1098 1294 1096 1295 1097 1297 1099 1296 1098 1298 1100 1296 1098 1295 1097 1298 1100 1297 1099 1298 1100 1299 1101 1300 1102 1297 1099 1299 1101 1300 1102 1299 1101 1301 975 1302 974 1300 1102 1301 975 1302 974 1301 975 1303 976 1304 1103 1302 974 1303 976 1304 1103 1303 976 1305 978 1306 1104 1304 1103 1305 978 1306 1104 1305 978 1307 980 1308 1105 1306 1104 1307 980 1308 1105 1307 980 1309 982 1311 1106 1309 982 1310 1107 1311 1106 1308 1105 1309 982 1312 1108 1311 1106 1310 1107 1312 1108 1310 1107 1313 1109 1314 1110 1312 1108 1313 1109 1315 1111 1314 1110 1316 1112 1314 1110 1313 1109 1316 1112 1315 1111 1316 1112 1317 1113 1318 1114 1315 1111 1317 1113 1318 1114 1317 1113 1319 1115 1320 1116 1318 1114 1319 1115 1320 1116 1319 1115 1321 1117 1322 1118 1320 1116 1321 1117 1322 1118 1321 1117 1323 1119 1324 1120 1322 1118 1323 1119 1324 1120 1323 1119 1325 1121 1327 1122 1325 1121 1326 1123 1327 1122 1324 1120 1325 1121 1328 1124 1327 1122 1326 1123 1328 1124 1326 1123 1329 1125 1330 1003 1328 1124 1329 1125 1330 1003 1329 1125 1331 1126 1332 1127 1330 1003 1331 1126 1333 1128 1332 1127 1334 1129 1332 1127 1331 1126 1334 1129 1333 1128 1334 1129 1335 1130 1336 1131 1333 1128 1335 1130 1336 1131 1335 1130 1337 1132 1338 1133 1336 1131 1337 1132 1338 1133 1337 1132 1339 1134 1340 1135 1338 1133 1339 1134 1340 1135 1339 1134 1341 1014 1343 1136 1341 1014 1342 1137 1343 1136 1340 1135 1341 1014 1348 1138 1344 1138 1345 1138 1347 1139 1346 1139 1344 1139 1347 1140 1344 1140 1348 1140 1348 1141 1345 1141 1349 1141 1349 1142 1351 1142 1350 1142 1349 1143 1345 1143 1351 1143 1350 1144 1351 1144 1352 1144 1354 1145 1352 1145 1353 1145 1350 1146 1352 1146 1354 1146 1355 1147 1354 1147 1353 1147 1355 1148 1353 1148 1357 1148 1356 1149 1355 1149 1357 1149 1356 1150 1357 1150 1358 1150 1360 1151 1358 1151 1359 1151 1360 1152 1356 1152 1358 1152 1361 1153 1360 1153 1359 1153 1361 1154 1359 1154 1362 1154 1363 1155 1361 1155 1362 1155 1364 1156 1363 1156 1362 1156 1365 1157 1363 1157 1364 1157 1366 1158 1365 1158 1364 1158 1367 1159 1365 1159 1366 1159 1369 1160 1368 1160 1367 1160 1369 1161 1367 1161 1366 1161 1370 1162 1368 1162 1369 1162 1370 1163 1371 1163 1368 1163 1372 1164 1371 1164 1370 1164 1373 1165 1374 1165 1372 1165 1372 1166 1374 1166 1371 1166 1373 1167 1375 1167 1374 1167 1377 1168 1376 1168 1375 1168 1377 1169 1375 1169 1373 1169 1378 1170 1376 1170 1377 1170 1378 1171 1379 1171 1380 1171 1378 1172 1380 1172 1376 1172 1379 1173 1381 1173 1380 1173 1382 1174 1383 1174 1381 1174 1379 1175 1382 1175 1381 1175 1385 1176 1384 1176 1383 1176 1382 1177 1385 1177 1383 1177 1385 1178 1386 1178 1384 1178 1386 1179 1388 1179 1387 1179 1386 1180 1387 1180 1384 1180 1388 1181 1389 1181 1390 1181 1387 1182 1388 1182 1390 1182 1390 1183 1389 1183 1391 1183 1391 1023 1393 1023 1392 1023 1389 1184 1393 1184 1391 1184 1393 1185 1394 1185 1392 1185 1395 1186 1394 1186 1346 1186 1392 1187 1394 1187 1395 1187 1395 1188 1346 1188 1347 1188 1397 1189 1398 1189 1396 1189 1396 1190 1398 1190 1399 1190 1401 1191 1400 1191 1398 1191 1401 1192 1398 1192 1397 1192 1402 1193 1400 1193 1401 1193 1402 1194 1405 1194 1403 1194 1402 1195 1403 1195 1404 1195 1402 1196 1404 1196 1406 1196 1402 1197 1406 1197 1400 1197 1403 1198 1407 1198 1404 1198 1403 1199 1408 1199 1407 1199 1408 1200 1409 1200 1407 1200 1408 1080 1410 1080 1409 1080 1410 1201 1411 1201 1409 1201 1410 1202 1412 1202 1411 1202 1412 1203 1413 1203 1411 1203 1413 1204 1414 1204 1411 1204 1413 1205 1415 1205 1414 1205 1413 1206 1416 1206 1415 1206 1417 1207 1418 1207 1416 1207 1419 1208 1417 1208 1416 1208 1413 1209 1419 1209 1416 1209 1413 1210 1420 1210 1419 1210 1417 1211 1421 1211 1418 1211 1423 1093 1422 964 1424 1212 1423 1093 1424 1212 1425 1095 1426 1213 1425 1095 1427 1214 1426 1213 1423 1093 1425 1095 1428 1215 1426 1213 1427 1214 1428 1215 1427 1214 1429 1216 1430 1217 1428 1215 1429 1216 1430 1217 1429 1216 1431 1218 1432 1219 1430 1217 1431 1218 1432 1219 1431 1218 1433 1220 1434 1221 1432 1219 1433 1220 1434 1221 1433 1220 1435 1222 1436 1223 1434 1221 1435 1222 1436 1223 1435 1222 1437 1224 1439 1225 1437 1224 1438 1226 1439 1225 1436 1223 1437 1224 1440 1227 1439 1225 1438 1226 1441 1228 1440 1227 1442 1229 1440 1227 1438 1226 1442 1229 1441 1228 1442 1229 1443 1230 1444 1231 1441 1228 1443 1230 1444 1231 1443 1230 1445 1232 1446 1110 1444 1231 1445 1232 1446 1110 1445 1232 1447 1112 1448 1111 1446 1110 1447 1112 1448 1111 1447 1112 1449 1233 1450 1114 1448 1111 1449 1233 1450 1114 1449 1233 1451 1115 1452 1234 1450 1114 1451 1115 1452 1234 1451 1115 1453 1117 1455 1235 1453 1117 1454 1236 1455 1235 1452 1234 1453 1117 1456 1237 1455 1235 1454 1236 1457 1238 1456 1237 1458 1239 1456 1237 1454 1236 1458 1239 1457 1238 1458 1239 1459 1240 1460 1124 1457 1238 1459 1240 1460 1124 1459 1240 1461 1125 1462 1003 1460 1124 1461 1125 1462 1003 1461 1125 1463 1241 1464 1242 1462 1003 1463 1241 1464 1242 1463 1241 1465 1243 1466 1244 1464 1242 1465 1243 1466 1244 1465 1243 1467 1245 1468 1246 1466 1244 1467 1245 1468 1246 1467 1245 1469 1010 1471 1247 1469 1010 1470 1134 1471 1247 1468 1246 1469 1010 1472 1135 1471 1247 1470 1134 1473 1136 1472 1135 1474 1014 1472 1135 1470 1134 1474 1014 1473 1136 1474 1014 1475 1137 1479 1248 1477 1248 1476 1248 1480 1249 1476 1249 1478 1249 1479 1250 1476 1250 1480 1250 1480 1251 1478 1251 1481 1251 1481 1252 1483 1252 1482 1252 1481 1253 1478 1253 1483 1253 1482 1254 1483 1254 1484 1254 1486 1255 1484 1255 1485 1255 1482 1256 1484 1256 1486 1256 1487 1257 1486 1257 1485 1257 1487 1258 1485 1258 1488 1258 1489 1259 1487 1259 1488 1259 1489 1260 1488 1260 1490 1260 1491 1261 1489 1261 1490 1261 1491 1262 1490 1262 1493 1262 1492 1263 1491 1263 1493 1263 1492 1264 1493 1264 1494 1264 1495 1265 1496 1265 1494 1265 1496 1266 1492 1266 1494 1266 1497 1267 1496 1267 1495 1267 1498 1268 1497 1268 1499 1268 1499 1269 1497 1269 1495 1269 1500 1270 1498 1270 1499 1270 1501 1271 1502 1271 1500 1271 1500 1272 1502 1272 1498 1272 1501 1273 1503 1273 1502 1273 1504 1274 1503 1274 1501 1274 1504 1166 1505 1166 1503 1166 1506 1275 1505 1275 1504 1275 1506 1276 1507 1276 1505 1276 1509 1277 1507 1277 1506 1277 1509 1278 1508 1278 1507 1278 1510 1279 1508 1279 1509 1279 1510 1280 1511 1280 1512 1280 1510 1281 1512 1281 1508 1281 1511 1282 1513 1282 1512 1282 1515 1283 1514 1283 1513 1283 1511 1284 1515 1284 1513 1284 1515 1285 1516 1285 1514 1285 1516 1286 1517 1286 1518 1286 1516 1287 1518 1287 1514 1287 1517 1288 1519 1288 1518 1288 1519 1289 1520 1289 1521 1289 1517 1290 1520 1290 1519 1290 1521 1291 1522 1291 1523 1291 1520 1292 1522 1292 1521 1292 1522 1293 1525 1293 1523 1293 1523 1294 1525 1294 1524 1294 1525 1295 1526 1295 1524 1295 1527 1296 1526 1296 1477 1296 1524 1297 1526 1297 1527 1297 1527 1298 1477 1298 1479 1298 1529 1299 1528 1300 1530 1301 1532 1302 1530 1301 1531 1303 1532 1302 1529 1299 1530 1301 1533 1304 1532 1302 1531 1303 1533 1304 1531 1303 1535 1305 1534 1306 1533 1304 1535 1305 1534 1306 1535 1305 1536 1307 1538 1308 1536 1307 1537 1309 1538 1308 1534 1306 1536 1307 1539 1310 1538 1308 1537 1309 1539 1310 1537 1309 1540 1311 1541 1312 1539 1310 1540 1311 1542 1313 1541 1312 1543 1314 1541 1312 1540 1311 1543 1314 1542 1313 1543 1314 1544 1315 1545 1316 1544 1315 1546 1317 1545 1316 1542 1313 1544 1315 1548 1318 1546 1317 1547 1319 1548 1318 1545 1316 1546 1317 1549 1320 1548 1318 1547 1319 1549 1320 1547 1319 1551 1321 1550 1322 1549 1320 1551 1321 1550 1322 1551 1321 1552 1323 1554 1324 1552 1323 1553 1325 1554 1324 1550 1322 1552 1323 1555 1326 1554 1324 1553 1325 1555 1326 1553 1325 1556 1327 1557 1328 1555 1326 1556 1327 1557 1328 1556 1327 1559 1329 1558 1330 1557 1328 1559 1329 1558 1330 1559 1329 1560 1331 1561 1332 1560 1331 1562 1333 1561 1332 1558 1330 1560 1331 1564 1334 1562 1333 1563 1335 1564 1334 1561 1332 1562 1333 1565 1336 1564 1334 1563 1335 1566 1337 1565 1336 1567 1338 1565 1336 1563 1335 1567 1338 1566 1337 1567 1338 1568 1339 1570 1340 1568 1339 1569 1341 1570 1340 1566 1337 1568 1339 1571 1342 1570 1340 1569 1341 1571 1342 1569 1341 1572 1343 1573 1344 1571 1342 1572 1343 1574 1345 1573 1344 1575 1346 1573 1344 1572 1343 1575 1346 1574 1345 1575 1346 1576 1347 1578 1348 1576 1347 1577 1349 1578 1348 1574 1345 1576 1347 1579 1350 1578 1348 1577 1349 1579 1350 1577 1349 1580 1351 1581 1352 1579 1350 1580 1351 1586 1353 1582 1353 1583 1353 1585 1354 1584 1354 1582 1354 1585 1355 1582 1355 1586 1355 1586 1356 1583 1356 1587 1356 1587 1357 1589 1357 1588 1357 1587 1358 1583 1358 1589 1358 1588 1359 1589 1359 1590 1359 1592 1360 1590 1360 1591 1360 1588 1361 1590 1361 1592 1361 1593 1362 1592 1362 1591 1362 1594 1363 1593 1363 1595 1363 1593 1364 1591 1364 1595 1364 1594 1365 1595 1365 1596 1365 1598 1366 1596 1366 1597 1366 1598 1367 1594 1367 1596 1367 1599 1368 1598 1368 1597 1368 1599 1369 1597 1369 1600 1369 1601 1370 1599 1370 1600 1370 1603 1371 1601 1371 1600 1371 1602 1372 1601 1372 1603 1372 1604 1373 1602 1373 1603 1373 1605 1374 1606 1374 1604 1374 1606 1375 1602 1375 1604 1375 1605 1376 1607 1376 1606 1376 1608 1377 1607 1377 1605 1377 1608 1378 1609 1378 1607 1378 1610 1379 1609 1379 1608 1379 1610 1380 1611 1380 1609 1380 1612 1381 1611 1381 1610 1381 1612 1382 1613 1382 1611 1382 1615 1383 1614 1383 1613 1383 1615 1384 1613 1384 1612 1384 1616 1385 1614 1385 1615 1385 1616 1386 1618 1386 1617 1386 1616 1387 1617 1387 1614 1387 1618 1388 1619 1388 1620 1388 1618 1389 1620 1389 1617 1389 1619 1390 1621 1390 1620 1390 1623 1391 1622 1391 1621 1391 1619 1392 1623 1392 1621 1392 1623 1393 1624 1393 1622 1393 1624 1394 1625 1394 1626 1394 1624 1395 1626 1395 1622 1395 1626 1396 1625 1396 1627 1396 1627 1397 1628 1397 1629 1397 1625 1398 1628 1398 1627 1398 1629 1294 1631 1294 1630 1294 1628 1293 1631 1293 1629 1293 1631 1399 1632 1399 1630 1399 1630 1400 1632 1400 1633 1400 1633 1401 1632 1401 1584 1401 1633 1402 1584 1402 1585 1402 1636 1403 1634 1300 1635 1404 1637 1405 1636 1403 1635 1404 1637 1405 1635 1404 1638 1406 1639 1407 1637 1405 1638 1406 1639 1407 1638 1406 1641 1305 1640 1306 1639 1407 1641 1305 1640 1306 1641 1305 1642 1408 1644 1308 1642 1408 1643 1409 1644 1308 1640 1306 1642 1408 1645 1410 1644 1308 1643 1409 1645 1410 1643 1409 1646 1411 1647 1412 1645 1410 1646 1411 1647 1412 1646 1411 1649 1413 1648 1414 1647 1412 1649 1413 1648 1414 1649 1413 1650 1415 1651 1416 1650 1415 1652 1417 1651 1416 1648 1414 1650 1415 1654 1418 1652 1417 1653 1419 1654 1418 1651 1416 1652 1417 1655 1420 1654 1418 1653 1419 1656 1421 1655 1420 1657 1422 1655 1420 1653 1419 1657 1422 1656 1421 1657 1422 1658 1423 1660 1424 1658 1423 1659 1425 1660 1424 1656 1421 1658 1423 1661 1426 1660 1424 1659 1425 1661 1426 1659 1425 1662 1427 1663 1428 1661 1426 1662 1427 1664 1429 1663 1428 1665 1430 1663 1428 1662 1427 1665 1430 1664 1429 1665 1430 1666 1431 1668 1432 1666 1431 1667 1433 1668 1432 1664 1429 1666 1431 1669 1434 1668 1432 1667 1433 1669 1434 1667 1433 1670 1435 1671 1436 1669 1434 1670 1435 1672 1437 1671 1436 1673 1438 1671 1436 1670 1435 1673 1438 1672 1437 1673 1438 1674 1439 1676 1440 1674 1439 1675 1441 1676 1440 1672 1437 1674 1439 1677 1442 1676 1440 1675 1441 1677 1442 1675 1441 1678 1343 1679 1443 1677 1442 1678 1343 1680 1444 1679 1443 1681 1445 1679 1443 1678 1343 1681 1445 1680 1444 1681 1445 1682 1446 1684 1447 1680 1444 1682 1446 1684 1447 1682 1446 1683 1448 1685 1449 1684 1447 1683 1448 1685 1449 1683 1448 1686 1351 1687 1352 1685 1449 1686 1351 1688 1450 1689 1450 1691 1450 1690 1451 1689 1451 1688 1451 1692 1452 1689 1452 1690 1452 1692 1453 1693 1453 1689 1453 1694 1454 1693 1454 1692 1454 1694 1455 1695 1455 1698 1455 1694 1456 1696 1456 1697 1456 1694 1457 1698 1457 1696 1457 1694 1458 1697 1458 1693 1458 1698 1459 1699 1459 1700 1459 1698 1460 1700 1460 1696 1460 1699 1461 1701 1461 1700 1461 1703 1462 1702 1462 1701 1462 1699 950 1703 950 1701 950 1703 1463 1704 1463 1702 1463 1704 1464 1705 1464 1702 1464 1705 1465 1706 1465 1707 1465 1705 1466 1709 1466 1706 1466 1705 1467 1707 1467 1710 1467 1705 1468 1710 1468 1702 1468 1705 1469 1708 1469 1709 1469 1709 1470 1711 1470 1706 1470 1711 1471 1713 1471 1712 1471 1711 1472 1712 1472 1706 1472 1715 963 1714 964 1716 965 1715 963 1716 965 1717 966 1718 1473 1715 963 1717 966 1718 1473 1717 966 1719 1474 1720 1475 1718 1473 1719 1474 1720 1475 1719 1474 1721 1476 1723 1477 1721 1476 1722 1478 1723 1477 1720 1475 1721 1476 1724 1479 1723 1477 1722 1478 1725 1480 1724 1479 1726 1220 1724 1479 1722 1478 1726 1220 1725 1480 1726 1220 1727 1222 1728 1481 1725 1480 1727 1222 1728 1481 1727 1222 1729 1224 1730 1482 1728 1481 1729 1224 1730 1482 1729 1224 1731 1226 1732 1483 1730 1482 1731 1226 1732 1483 1731 1226 1733 1484 1734 1485 1732 1483 1733 1484 1734 1485 1733 1484 1735 1486 1736 1487 1734 1485 1735 1486 1736 1487 1735 1486 1737 1488 1739 987 1737 1488 1738 988 1739 987 1736 1487 1737 1488 1740 989 1739 987 1738 988 1741 991 1740 989 1742 1489 1740 989 1738 988 1742 1489 1741 991 1742 1489 1743 1490 1744 1491 1741 991 1743 1490 1744 1491 1743 1490 1745 1492 1746 1493 1744 1491 1745 1492 1746 1493 1745 1492 1747 1494 1748 1495 1746 1493 1747 1494 1748 1495 1747 1494 1749 1496 1750 1497 1748 1495 1749 1496 1750 1497 1749 1496 1751 1000 1752 1001 1750 1497 1751 1000 1752 1001 1751 1000 1753 1002 1755 1003 1753 1002 1754 1004 1755 1003 1752 1001 1753 1002 1756 1498 1755 1003 1754 1004 1757 1499 1756 1498 1758 1500 1756 1498 1754 1004 1758 1500 1757 1499 1758 1500 1759 1501 1760 1502 1757 1499 1759 1501 1760 1502 1759 1501 1761 1010 1762 1503 1760 1502 1761 1010 1762 1503 1761 1010 1763 1504 1764 1013 1762 1503 1763 1504 1764 1013 1763 1504 1765 1014 1766 1015 1764 1013 1765 1014 1766 1015 1765 1014 1767 1505 1770 1506 1768 1506 1769 1506 1770 1507 1769 1507 1771 1507 1770 1508 1771 1508 1772 1508 1773 1509 1770 1509 1772 1509 1773 1510 1774 1510 1777 1510 1773 1511 1772 1511 1774 1511 1773 1512 1776 1512 1775 1512 1773 1513 1778 1513 1776 1513 1773 1514 1777 1514 1778 1514 1774 174 1780 174 1779 174 1774 1515 1772 1515 1780 1515 1779 1516 1780 1516 1781 1516 1783 1517 1781 1517 1782 1517 1779 174 1781 174 1783 174 1783 1518 1782 1518 1784 1518 1784 1519 1782 1519 1785 1519 1784 174 1785 174 1786 174 1786 174 1788 174 1787 174 1786 1520 1785 1520 1788 1520 1787 1521 1788 1521 1789 1521 1791 174 1789 174 1790 174 1787 174 1789 174 1791 174 1791 174 1792 174 1793 174 1791 1522 1790 1522 1792 1522 1793 174 1792 174 1794 174 1794 174 1796 174 1795 174 1794 1523 1792 1523 1796 1523 1795 1524 1796 1524 1797 1524 1798 1525 1797 1525 1799 1525 1795 174 1797 174 1798 174 1800 1526 1799 1526 1801 1526 1798 174 1799 174 1800 174 1802 1527 1801 1527 1803 1527 1800 174 1801 174 1802 174 1805 1528 1803 1528 1804 1528 1805 174 1802 174 1803 174 1806 174 1805 174 1804 174 1807 174 1806 174 1808 174 1806 1529 1804 1529 1808 1529 1807 1530 1808 1530 1809 1530 1812 174 1807 174 1809 174 1810 1531 1809 1531 1811 1531 1810 1532 1812 1532 1809 1532 1810 1533 1813 1533 1812 1533 1810 1534 1814 1534 1813 1534 1810 1535 1815 1535 1814 1535 1810 1536 1816 1536 1815 1536 1810 1537 1817 1537 1816 1537 1810 1538 1818 1538 1817 1538 1810 1539 1819 1539 1818 1539 1810 1540 1820 1540 1819 1540 1820 174 1822 174 1821 174 1822 174 1820 174 1810 174 1822 1541 1823 1541 1821 1541 1824 174 1823 174 1822 174 1826 1542 1823 1542 1824 1542 1826 1543 1824 1543 1825 1543 1826 174 1827 174 1823 174 1826 1544 1828 1544 1827 1544 1810 1545 1811 1545 1829 1545 1810 1546 1829 1546 1830 1546 1829 174 1831 174 1830 174 1831 174 1832 174 1830 174 1832 174 1833 174 1830 174 1834 174 1830 174 1833 174 1835 1547 1830 1547 1834 1547 1836 1548 1830 1548 1835 1548 1837 174 1830 174 1836 174 1838 174 1839 174 1837 174 1839 1549 1830 1549 1837 1549 1840 174 1842 174 1839 174 1838 174 1840 174 1839 174 1841 174 1843 174 1839 174 1842 174 1841 174 1839 174 1841 1550 1844 1550 1843 1550 1844 1551 1845 1551 1843 1551 1847 1552 1848 1552 1846 1552 1847 1553 1849 1553 1848 1553 1848 1554 1849 1554 1850 1554 1850 1555 1849 1555 1851 1555 1853 1556 1852 1556 1854 1556 1855 1557 1853 1557 1854 1557 1859 1558 1856 1558 1857 1558 1859 1559 1858 1559 1856 1559 1859 176 1861 176 1860 176 1859 1560 1857 1560 1861 1560 1861 176 1862 176 1863 176 1860 1561 1861 1561 1863 1561 1862 1562 1864 1562 1863 1562 1860 1563 1863 1563 1865 1563 1860 1564 1865 1564 1866 1564 1860 1565 1866 1565 1867 1565 1860 1566 1867 1566 1868 1566 1862 176 1870 176 1864 176 1870 1567 1869 1567 1864 1567 1870 176 1871 176 1869 176 1871 1568 1872 1568 1873 1568 1871 1569 1873 1569 1869 1569 1872 1570 1874 1570 1873 1570 1872 1571 1875 1571 1874 1571 1875 1572 1876 1572 1874 1572 1875 176 1878 176 1876 176 1878 1573 1877 1573 1876 1573 1878 1574 1879 1574 1877 1574 1879 1575 1880 1575 1877 1575 1879 1576 1881 1576 1880 1576 1881 176 1882 176 1883 176 1881 1577 1883 1577 1880 1577 1882 1578 1884 1578 1883 1578 1882 176 1885 176 1884 176 1885 1579 1886 1579 1884 1579 1888 1580 1887 1580 1886 1580 1885 1581 1888 1581 1886 1581 1888 176 1889 176 1887 176 1890 176 1891 176 1889 176 1889 1582 1891 1582 1887 1582 1890 1583 1892 1583 1891 1583 1893 176 1892 176 1890 176 1893 1584 1894 1584 1892 1584 1896 1585 1895 1585 1894 1585 1896 176 1894 176 1893 176 1897 176 1895 176 1896 176 1897 1586 1898 1586 1895 1586 1900 1587 1898 1587 1897 1587 1900 1588 1897 1588 1899 1588 1901 1589 1900 1589 1902 1589 1900 1590 1911 1590 1902 1590 1900 1591 1899 1591 1905 1591 1900 1592 1904 1592 1903 1592 1900 1593 1903 1593 1898 1593 1900 1594 1905 1594 1906 1594 1900 1595 1906 1595 1907 1595 1900 1596 1907 1596 1908 1596 1900 1597 1908 1597 1909 1597 1900 1598 1909 1598 1910 1598 1900 1599 1910 1599 1911 1599 1912 176 1913 176 1904 176 1919 176 1912 176 1904 176 1913 176 1914 176 1904 176 1915 1600 1904 1600 1914 1600 1916 176 1904 176 1915 176 1917 176 1904 176 1916 176 1903 1601 1904 1601 1917 1601 1918 1602 1919 1602 1904 1602 1920 176 1919 176 1918 176 1920 176 1918 176 1921 176 1921 176 1918 176 1922 176 1922 1603 1918 1603 1923 1603 1922 176 1923 176 1924 176 1922 176 1924 176 1925 176 1924 176 1923 176 1926 176 1902 1604 1927 1604 1901 1604 1901 1605 1927 1605 1928 1605 1930 176 1901 176 1928 176 1930 1606 1928 1606 1929 1606 1931 176 1901 176 1930 176 1931 176 1932 176 1901 176 1932 176 1933 176 1901 176 1937 1607 1934 1608 1935 1609 1936 1610 1934 1608 1937 1607 1937 1607 1935 1609 1938 1611 1937 1607 1938 1611 1939 1612 1939 1612 1938 1611 1940 1613 1939 1612 1940 1613 1941 1614 1944 1615 1942 1615 1943 1615 1945 1615 1942 1615 1944 1615 1946 1616 1948 1616 1947 1616 1947 1617 1948 1617 1949 1617 1948 1618 1950 1618 1949 1618 1950 1619 1951 1619 1949 1619 1953 1620 1954 1620 1952 1620 1955 1621 1956 1621 1954 1621 1953 1622 1955 1622 1954 1622 1955 1621 1957 1621 1956 1621 1960 1623 1959 1624 1958 1623 1960 1623 1961 1624 1959 1624 1961 1624 1962 1625 1959 1624 1962 1625 1963 1625 1959 1624 1962 1625 1964 1626 1963 1625 1964 1626 1965 1627 1966 1626 1964 1626 1966 1626 1963 1625 1965 1627 1967 1627 1966 1626 1969 1628 1968 1628 1967 1627 1965 1627 1969 1628 1967 1627 1969 1628 1970 1629 1968 1628 1970 1629 1971 1629 1968 1628 1975 1630 1972 1631 1973 1632 1975 1630 1974 1633 1972 1631 1975 1630 1976 1634 1984 1635 1975 1630 1977 1636 1976 1634 1975 1630 1981 1637 1974 1633 1975 1630 1978 1638 1977 1636 1975 1630 1980 1639 1978 1638 1975 1630 1973 1632 1979 1640 1975 1630 1979 1640 1980 1639 1975 1630 1982 1641 1981 1637 1975 1630 1983 1642 1982 1641 1975 1630 1984 1635 1983 1642 1987 1643 1985 1644 1986 1645 1987 1643 1988 1646 1985 1644 1987 1643 1989 1647 1988 1646 1991 1648 1990 1649 1989 1647 1987 1643 1991 1648 1989 1647 1987 1643 1992 1650 1991 1648 1987 1643 1993 1651 1992 1650 1993 1651 1994 174 1992 1650 1987 1643 1995 1652 1993 1651 1987 1643 1996 1653 1995 1652 1987 1643 1998 1654 1996 1653 1996 1653 1998 1654 1997 1655 1987 1643 1999 1656 1998 1654 1987 1643 1986 1645 1999 1656 2000 1657 2002 1657 2001 1657 2000 1658 2003 1658 2002 1658 2003 1659 2004 1659 2005 1659 2003 1660 2005 1660 2002 1660 2008 1661 2006 1661 2007 1661 2008 1662 2007 1662 2009 1662 2009 1663 2007 1663 2010 1663 2009 1664 2010 1664 2011 1664 2016 1665 2013 1665 2012 1665 2015 1666 2012 1666 2014 1666 2015 1667 2016 1667 2012 1667 2017 1668 2015 1668 2014 1668 2021 1669 2019 1670 2018 1671 2021 1669 2018 1671 2020 1672 2021 1669 2022 1673 2030 1674 2021 1669 2020 1672 2022 1673 2021 1669 2023 1675 2019 1670 2021 1669 2024 1676 2023 1675 2021 1669 2025 1677 2024 1676 2021 1669 2026 1678 2025 1677 2021 1669 2027 1679 2026 1678 2021 1669 2028 1680 2027 1679 2021 1669 2029 1681 2028 1680 2021 1669 2030 1674 2029 1681 2032 1682 2031 1683 2033 1684 2035 1685 2033 1684 2034 1686 2035 1685 2032 1682 2033 1684 2035 1685 2034 1686 2045 1687 2035 1685 2036 1688 2044 1689 2035 1685 2037 1690 2036 1688 2035 1685 2038 1691 2037 1690 2035 1685 2039 1692 2038 1691 2035 1685 2040 1693 2039 1692 2035 1685 2041 1694 2032 1682 2035 1685 2042 1695 2040 1693 2035 1685 2043 1696 2041 1694 2035 1685 2045 1687 2042 1695 2035 1685 2044 1689 2043 1696 2042 1695 2045 1687 2046 1697 2047 1698 2049 1698 2048 1698 2048 1699 2049 1699 2051 1699 2049 1700 2050 1700 2051 1700 2050 1701 2052 1701 2051 1701 2054 1702 2053 1702 2056 1702 2055 1703 2053 1703 2057 1703 2056 1704 2053 1704 2055 1704 2059 1705 2057 1705 2058 1705 2055 1706 2057 1706 2059 1706 2060 1707 2062 1708 2061 1709 2061 1710 2062 1710 2063 1710 2063 1711 2064 1712 2061 1709 2067 1713 2066 1713 2065 1713 2068 1714 2066 1714 2067 1714 2068 1715 2069 1715 2066 1715 2070 1716 2071 1716 2074 1716 2072 1717 2071 1718 2070 1719 2070 1719 2074 1720 2073 1721 2076 1722 2077 1722 2075 1722 2078 1723 2077 1723 2079 1723 2079 1724 2077 1724 2076 1724 2082 1725 2081 1726 2080 1727 2082 1725 2080 1727 2083 1728 2082 1725 2083 1728 2084 1729 2082 1725 2084 1729 2085 1730 2082 1725 2085 1730 2086 1731 2082 1725 2086 1731 2087 1732 2082 1725 2087 1732 2088 1733 2082 1725 2088 1733 2089 1734 2082 1725 2089 1734 2090 1735 2082 1725 2090 1735 2091 1736 2082 1725 2091 1736 2092 1737 2082 1725 2092 1737 2093 1738 2082 1725 2093 1738 2094 1739 2082 1725 2094 1739 2081 1726 2097 1740 2095 1741 2096 1742 2097 1740 2098 1743 2095 1741 2097 1740 2099 1744 2098 1743 2097 1740 2100 1745 2099 1744 2097 1740 2101 1746 2100 1745 2097 1740 2102 1747 2101 1746 2097 1740 2103 1748 2102 1747 2097 1740 2104 1749 2103 1748 2097 1740 2105 1750 2104 1749 2097 1740 2106 1751 2105 1750 2097 1740 2107 1752 2106 1751 2097 1740 2108 1753 2107 1752 2097 1740 2096 1742 2108 1753 2109 1754 2110 1755 2113 1756 2112 1757 2110 1755 2109 1754 2112 1757 2109 1754 2111 1758 2113 1756 2115 1759 2114 1760 2113 1756 2110 1755 2115 1759 2114 1760 2115 1759 2116 1761 2116 1761 2115 1759 2117 1762 2112 1757 2118 1763 2110 1755 2112 1757 2119 1764 2118 1763 2112 1757 2120 1765 2119 1764 2112 1757 2121 1766 2120 1765 2112 1757 2122 1767 2121 1766 2112 1757 2111 1758 2122 1767 2123 1768 2125 1769 2124 1770 2127 1771 2123 1768 2124 1770 2127 1771 2126 1772 2123 1768 2127 1771 2128 1773 2126 1772 2127 1771 2129 1774 2128 1773 2127 1771 2130 1775 2129 1774 2127 1771 2131 1776 2130 1775 2127 1771 2132 1777 2131 1776 2127 1771 2124 1770 2132 1777 2125 1769 2133 1778 2124 1770 2133 1778 2134 1779 2135 1780 2133 1778 2135 1780 2124 1770 2139 1781 2137 1782 2136 1783 2139 1781 2136 1783 2138 1784 2139 1781 2140 1785 2148 1786 2139 1781 2141 1787 2140 1785 2139 1781 2142 1788 2141 1787 2139 1781 2143 1789 2142 1788 2139 1781 2144 1790 2143 1789 2139 1781 2145 1791 2144 1790 2139 1781 2147 1792 2145 1791 2139 1781 2146 1793 2137 1782 2139 1781 2148 1786 2146 1793 2139 1781 2138 1784 2147 1792 2151 1794 2149 1683 2150 1795 2153 1796 2152 1797 2151 1794 2153 1796 2151 1794 2150 1795 2153 1796 2154 1798 2163 1799 2153 1796 2155 1800 2154 1798 2153 1796 2156 1801 2155 1800 2153 1796 2157 1802 2156 1801 2153 1796 2159 1803 2157 1802 2153 1796 2158 1804 2152 1797 2153 1796 2160 1805 2158 1804 2153 1796 2161 1806 2159 1803 2153 1796 2162 1807 2160 1805 2153 1796 2150 1795 2161 1806 2153 1796 2163 1799 2162 1807 2157 1802 2159 1803 2164 1808 2165 1809 2167 1809 2166 1809 2166 1810 2167 1810 2169 1810 2167 1811 2168 1811 2169 1811 2168 1812 2170 1812 2169 1812 2174 1813 2171 1813 2172 1813 2173 1814 2171 1814 2175 1814 2175 1815 2171 1815 2174 1815 2174 1816 2172 1816 2176 1816 2176 1817 2172 1817 2177 1817 2179 1818 2180 1819 2178 1820 2179 1818 2178 1820 2181 1821 2179 1818 2181 1821 2182 1822 2179 1818 2182 1822 2183 1823 2179 1818 2183 1823 2184 1824 2179 1818 2184 1824 2185 1825 2179 1818 2185 1825 2186 1826 2179 1818 2186 1826 2187 1827 2179 1818 2187 1827 2188 1828 2179 1818 2188 1828 2189 1829 2179 1818 2189 1829 2190 1830 2179 1818 2190 1830 2180 1819 2193 1831 2191 1832 2192 1833 2193 1831 2194 1834 2191 1832 2193 1831 2195 1835 2194 1834 2197 1836 2196 1837 2195 1835 2193 1831 2197 1836 2195 1835 2193 1831 2198 1838 2197 1836 2200 1839 2199 176 2198 1838 2193 1831 2200 1839 2198 1838 2193 1831 2201 1840 2200 1839 2193 1831 2202 1841 2201 1840 2193 1831 2204 1842 2202 1841 2202 1841 2204 1842 2203 1843 2193 1831 2205 1844 2204 1842 2193 1831 2192 1833 2205 1844 2208 1845 2207 1845 2206 1845 2208 1846 2209 1846 2207 1846 2209 1847 2210 1847 2211 1847 2209 1848 2211 1848 2207 1848 2213 1849 2212 1849 2214 1849 2213 1850 2214 1850 2216 1850 2216 1851 2214 1851 2215 1851 2216 1852 2215 1852 2217 1852 2219 1853 2220 1854 2218 1855 2218 1856 2220 1856 2221 1856 2218 1855 2221 1857 2222 1858 2225 1859 2224 1859 2223 1859 2226 1860 2224 1860 2225 1860 2227 1861 2224 1861 2226 1861 2230 1862 2229 1862 2228 1862 2230 176 2228 176 2231 176 2232 1863 2233 1864 2234 1865 2234 1866 2233 1866 2235 1866 2235 1867 2236 1868 2234 1865 2239 1869 2238 1869 2237 1869 2240 1870 2238 1870 2239 1870 2240 1871 2241 1871 2238 1871 2245 1872 2243 1873 2242 1874 2245 1872 2242 1874 2244 1875 2245 1872 2244 1875 2254 1876 2245 1872 2246 1877 2255 1878 2245 1872 2247 1879 2246 1877 2245 1872 2248 1880 2247 1879 2245 1872 2249 1881 2248 1880 2245 1872 2250 1882 2249 1881 2245 1872 2251 1883 2250 1882 2245 1872 2253 1884 2243 1873 2245 1872 2252 1885 2251 1883 2245 1872 2254 1876 2252 1885 2245 1872 2255 1878 2253 1884 2258 1886 2256 1887 2257 1888 2258 1886 2259 1889 2256 1887 2258 1886 2260 1890 2259 1889 2258 1886 2261 1891 2260 1890 2258 1886 2262 1892 2261 1891 2258 1886 2263 1893 2262 1892 2258 1886 2264 1894 2263 1893 2258 1886 2265 1895 2264 1894 2258 1886 2266 1896 2265 1895 2258 1886 2267 1897 2266 1896 2258 1886 2268 1898 2267 1897 2258 1886 2269 1899 2268 1898 2258 1886 2257 1888 2269 1899 2270 1900 2272 1901 2271 1902 2273 1903 2270 1900 2271 1902 2273 1903 2274 1904 2270 1900 2273 1903 2275 1905 2274 1904 2273 1903 2276 1906 2275 1905 2273 1903 2277 1907 2276 1906 2273 1903 2278 1908 2277 1907 2273 1903 2279 1909 2278 1908 2273 1903 2271 1902 2279 1909 2272 1901 2280 1910 2271 1902 2280 1910 2281 1911 2271 1902 2280 1910 2282 1912 2281 1911 2283 1913 2284 1914 2286 1915 2285 1916 2284 1914 2283 1913 2285 1916 2283 1913 2287 1917 2285 1916 2287 1917 2288 1918 2285 1916 2288 1918 2289 1919 2285 1916 2289 1919 2290 1920 2285 1916 2290 1920 2291 1921 2285 1916 2291 1921 2292 1922 2285 1916 2292 1922 2284 1914 2286 1915 2284 1914 2293 1923 2286 1915 2293 1923 2294 1924 2294 1924 2293 1923 2295 1925 2295 1925 2293 1923 2296 1926 2298 1927 2299 1928 2297 1929 2305 1930 2298 1927 2297 1929 2299 1928 2300 1931 2297 1929 2300 1931 2301 1932 2297 1929 2302 1933 2303 1934 2297 1929 2303 1934 2304 1935 2297 1929 2304 1935 2305 1930 2297 1929 2306 1936 2310 1937 2301 1932 2309 1938 2306 1936 2301 1932 2307 1939 2311 1940 2301 1932 2310 1937 2307 1939 2301 1932 2300 1931 2308 1941 2301 1932 2308 1941 2309 1938 2301 1932 2312 1942 2314 1943 2311 1940 2313 1944 2312 1942 2311 1940 2307 1939 2313 1944 2311 1940 2315 1945 2318 1946 2314 1943 2317 1947 2315 1945 2314 1943 2318 1946 2316 1948 2314 1943 2312 1942 2319 1949 2314 1943 2319 1949 2317 1947 2314 1943 2318 1946 2320 1950 2316 1948 2320 1950 2321 1951 2316 1948 2321 1951 2322 1952 2316 1948 2322 1952 2323 1953 2316 1948 2323 1953 2324 1954 2316 1948 2324 1954 2327 1955 2316 1948 2324 1954 2325 1956 2327 1955 2326 1957 2325 1956 2324 1954 2329 1958 2328 1959 2327 1955 2325 1956 2329 1958 2327 1955 2329 1958 2330 1960 2328 1959 2330 1960 2331 1961 2328 1959 2330 1960 2332 1962 2331 1961 2332 1962 2333 1963 2331 1961 2332 1962 2334 1964 2333 1963 2334 1964 2335 1965 2333 1963 2334 1964 2336 1966 2335 1965 2336 1966 2337 1967 2335 1965 2336 1966 2338 1968 2337 1967 2338 1968 2339 1969 2337 1967 2338 1968 2340 1970 2339 1969 2340 1970 2341 1971 2339 1969 2340 1970 2342 1972 2341 1971 2342 1972 2343 1973 2344 1974 2342 1972 2344 1974 2345 1975 2342 1972 2345 1975 2341 1971 2346 1976 2348 1977 2345 1975 2347 1978 2346 1976 2345 1975 2344 1974 2347 1978 2345 1975 2349 1979 2350 1980 2348 1977 2355 1981 2349 1979 2348 1977 2350 1980 2351 1982 2348 1977 2351 1982 2354 1983 2348 1977 2346 1976 2352 1984 2348 1977 2352 1984 2353 1985 2348 1977 2353 1985 2355 1981 2348 1977 2351 1982 2356 1986 2354 1983 2356 1986 2357 1987 2354 1983 2357 1987 2359 1988 2354 1983 2358 1989 2360 1990 2354 1983 2359 1988 2358 1989 2354 1983 2362 1991 2361 1992 2360 1990 2363 1993 2362 1991 2360 1990 2358 1989 2363 1993 2360 1990 2362 1991 2364 1994 2361 1992 2364 1994 2365 1995 2361 1992 2365 1995 2366 1996 2361 1992 2366 1996 2367 1997 2361 1992 2367 1997 2368 1998 2361 1992 2368 1998 2369 1999 2361 1992 2369 1999 2370 2000 2361 1992 2370 2000 2371 2001 2361 1992 2370 2000 2372 2002 2371 2001 2372 2002 2373 2003 2371 2001 2374 2004 2373 2003 2372 2002 2373 2003 2375 2005 2371 2001 2373 2003 2376 2006 2375 2005 2376 2006 2377 2007 2378 2008 2376 2006 2378 2008 2375 2005 2377 2007 2379 2009 2378 2008 2377 2007 2381 2010 2379 2009 2381 2010 2380 2011 2379 2009 2381 2010 2382 2012 2380 2011 2382 2012 2384 2013 2383 2014 2382 2012 2383 2014 2380 2011 2384 2013 2385 2015 2386 2016 2384 2013 2386 2016 2383 2014 2385 2015 2387 2017 2386 2016 2385 2015 2389 2018 2387 2017 2389 2018 2388 2019 2387 2017 2389 2018 2390 2020 2388 2019 2390 2020 2391 2021 2392 2022 2390 2020 2392 2022 2388 2019 2392 2022 2393 2023 2388 2019 2394 2024 2396 2024 2395 2024 2395 2025 2396 2025 2397 2025 2399 2026 2400 2026 2398 2026 2399 2027 2401 2027 2400 2027 2401 2028 2402 2028 2403 2028 2399 2029 2402 2029 2401 2029 2405 2030 2406 2030 2404 2030 2404 2030 2406 2030 2407 2030 2409 2031 2408 2031 2410 2031 2409 2032 2410 2032 2411 2032 2411 2033 2412 2033 2413 2033 2409 2034 2411 2034 2413 2034 2416 2035 2415 2035 2414 2035 2416 174 2414 174 2417 174 2418 2036 2419 2037 2421 2038 2418 2036 2421 2038 2420 2039 2423 2040 2422 2041 2421 2038 2419 2037 2423 2040 2421 2038 2423 2040 2424 2042 2422 2041 2424 2042 2425 2043 2422 2041 2426 176 2427 176 2428 176 2428 2044 2427 2044 2429 2044 2432 2045 2430 2045 2431 2045 2433 2046 2432 2046 2431 2046 2434 2047 2433 2047 2431 2047 2435 2048 2433 2048 2434 2048 2436 2049 2438 2049 2437 2049 2437 2050 2438 2050 2439 2050 2440 2051 2442 2051 2441 2051 2441 2052 2442 2052 2443 2052 2447 174 2444 174 2445 174 2447 2053 2446 2053 2444 2053 2448 2054 2450 2055 2449 2054 2450 2055 2452 2056 2449 2054 2450 2055 2451 2057 2452 2056 2451 2057 2453 2057 2452 2056 2451 2057 2454 2058 2453 2057 2451 2057 2455 2059 2454 2058 2458 2060 2457 2060 2456 2060 2459 2061 2457 2061 2458 2061 2460 2062 2457 2062 2459 2062 2461 2063 2460 2063 2459 2063 2464 2064 2462 2065 2463 2066 2465 2067 2464 2064 2463 2066 2466 2068 2465 2067 2467 2069 2465 2067 2463 2066 2467 2069 2466 2068 2467 2069 2468 2070 2469 2071 2466 2068 2468 2070 2469 2071 2468 2070 2470 2072 2471 2073 2474 2073 2472 2073 2471 2074 2473 2074 2474 2074 2476 2075 2475 2075 2477 2075 2476 2076 2477 2076 2478 2076 2480 2077 2482 2077 2479 2077 2479 2078 2482 2078 2481 2078 2485 2079 2483 2080 2484 2080 2486 2081 2485 2079 2487 2079 2485 2079 2484 2080 2487 2079 2486 2081 2487 2079 2488 2081 2490 2082 2486 2081 2488 2081 2490 2082 2488 2081 2489 2082 2491 2083 2490 2082 2489 2082 2492 2084 2491 2083 2493 2083 2491 2083 2489 2082 2493 2083 2492 2084 2493 2083 2494 2084 2492 2084 2494 2084 2495 2085 2496 2085 2492 2084 2495 2085 2500 2086 2497 2086 2498 2086 2500 2087 2499 2087 2497 2087 2501 2088 2500 2088 2498 2088 2502 2089 2501 2089 2498 2089 2504 2090 2505 2090 2503 2090 2506 176 2505 176 2504 176 2507 2091 2508 2091 2510 2091 2507 174 2510 174 2509 174</p>
        </triangles>
      </mesh>
    </geometry>
    <geometry id="Mesh69_647-mesh" name="Mesh69.647">
      <mesh>
        <source id="Mesh69_647-mesh-positions">
          <float_array id="Mesh69_647-mesh-positions-array" count="17997">0.03920906 -0.01929903 0.2448573 0.03920906 -0.01526916 0.2475323 0.03920906 -0.02073854 0.2479443 0.03920906 -0.00261265 0.2563964 0.03920906 -0.01087224 0.2495473 0.03920906 -0.006215274 0.2508544 0.03920906 -0.001133382 0.2532244 0.05326598 -0.01929336 0.2448453 0.05326402 -0.02463078 0.2394983 0.05326598 -0.006993055 0.2506774 0.05326402 -1.86796e-4 0.2514334 0.05326002 -0.02851641 0.2330203 0.05326712 -0.01346737 0.2484443 0.05322104 -0.01567119 0.1935783 0.05325508 -0.03071939 0.2257933 0.05322802 -0.02170729 0.1981213 0.0532341 -0.02646511 0.2039893 0.05324798 -0.03110927 0.2182493 0.05324202 -0.02966243 0.2108343 0.05324912 0.02055335 0.2434734 0.05321198 -0.001253247 0.1894524 0.05321604 -0.00871551 0.1906303 0.05321002 0.006272256 0.1901143 0.053209 0.0134142 0.1925773 0.05321305 0.02489852 0.2022213 0.05321002 0.01974833 0.1966943 0.05322206 0.03051227 0.2161273 0.05321705 0.0285589 0.2088302 0.05324304 0.02551037 0.2377723 0.05323505 0.02894127 0.2310423 0.05322909 0.03064221 0.2236813 0.05325603 0.01436454 0.2478063 0.05326104 0.007311463 0.2505133 2.39015e-4 -0.07455253 0.2497723 2.39015e-4 -0.01824069 0.2760314 2.39015e-4 -0.02552944 0.1446423 2.39015e-4 -0.04479199 0.1989743 2.39015e-4 -0.04845303 0.2094364 2.39015e-4 -0.04969406 0.2204502 2.39015e-4 -0.04845303 0.2314653 2.39015e-4 -0.04479199 0.2419283 2.39015e-4 -0.03889489 0.2513133 2.39015e-4 -0.031057 0.2591513 2.39015e-4 -0.02167165 0.2650484 2.39015e-4 -0.01120924 0.2687094 2.39015e-4 -0.01483488 0.2771463 2.39015e-4 -1.94728e-4 0.2699503 2.39015e-4 -0.01126146 0.2774223 2.39015e-4 -0.007724583 0.2768433 2.39015e-4 -0.004426181 0.2754414 2.39015e-4 -0.001554608 0.2732964 2.39015e-4 7.2621e-4 0.2705314 2.39015e-4 0.01132625 0.2697954 2.39015e-4 0.01081991 0.2687094 2.39015e-4 0.02128219 0.2650484 2.39015e-4 0.02145797 0.2665933 2.39015e-4 0.03055644 0.2611054 2.39015e-4 0.03811448 0.2536364 2.39015e-4 0.0306676 0.2591513 2.39015e-4 0.03850543 0.2513133 2.39015e-4 0.04371064 0.2446033 2.39015e-4 0.04440253 0.2419283 2.39015e-4 0.04564857 0.2404482 2.39015e-4 0.04806345 0.2314653 2.39015e-4 0.04913955 0.2300633 2.39015e-4 0.0493046 0.2204502 2.39015e-4 0.05023592 0.2191623 2.39015e-4 0.04806345 0.2094364 2.39015e-4 0.04440253 0.1989743 2.39015e-4 0.0488829 0.2082903 2.39015e-4 0.04514771 0.1979902 2.39015e-4 0.03921765 0.1887784 2.39015e-4 0.03850543 0.1895883 2.39015e-4 0.0313887 0.1811133 2.39015e-4 0.0306676 0.1817502 2.39015e-4 0.03107309 0.1776583 2.39015e-4 0.02128219 0.1758533 2.39015e-4 0.02997165 0.1743673 2.39015e-4 0.01081991 0.1721923 2.39015e-4 0.02814382 0.1714183 2.39015e-4 0.02568686 0.1689673 2.39015e-4 0.02273285 0.1671473 2.39015e-4 -1.94728e-4 0.1709513 2.39015e-4 -0.01120924 0.1721923 2.39015e-4 -0.02167165 0.1758533 2.39015e-4 -0.031057 0.1817502 2.39015e-4 -0.03889489 0.1895883 2.39015e-4 0.04371064 0.2446033 0.03323805 0.04564857 0.2404482 2.39015e-4 0.04564857 0.2404482 0.03323805 0.04371064 0.2446033 2.39015e-4 -0.02552944 0.1446423 2.39015e-4 0.02273285 0.1671473 0.03323805 -0.02552944 0.1446423 0.03323805 0.02273285 0.1671473 0.03323805 0.04371064 0.2446033 0.03323805 0.03811448 0.2536364 0.03323805 0.04564857 0.2404482 0.03323805 0.02550625 0.2411494 0.03323805 0.02971303 0.2343974 0.03323805 0.0321815 0.2268344 0.03323805 0.05023592 0.2191623 0.03323805 0.03276824 0.2189003 0.03323805 0.04913955 0.2300633 0.03323805 0.0488829 0.2082903 0.03323805 0.0314396 0.2110574 0.03323805 0.04514771 0.1979902 0.03323805 0.02827233 0.2037593 0.03323805 0.03921765 0.1887784 0.03323805 0.02345061 0.1974323 0.03323805 0.01725471 0.1924424 0.03323805 0.0313887 0.1811133 0.03323805 0.03107309 0.1776583 0.03323805 0.02997165 0.1743673 0.03323805 0.02814382 0.1714183 0.03323805 0.01004481 0.1890802 0.03323805 0.002239704 0.1875413 0.03323805 0.02273285 0.1671473 0.03323805 0.02568686 0.1689673 0.03323805 -0.02552944 0.1446423 0.03323805 -0.005706727 0.1879153 0.03323805 -0.01333296 0.1901793 0.03323805 -0.0201956 0.1942033 0.03323805 -0.02589583 0.1997523 0.03323805 -0.03010249 0.2065043 0.03323805 -0.07455253 0.2497723 0.03323805 -0.03257083 0.2140673 0.03323805 -0.03315788 0.2220013 0.03323805 -0.03182893 0.2298443 0.03323805 -0.02866166 0.2371423 0.03323805 -0.02384001 0.2434692 0.03323805 -0.0176441 0.2484593 0.03323805 -0.01824069 0.2760314 0.03323805 -0.01483488 0.2771463 0.03323805 -0.01043421 0.2518214 0.03323805 7.2621e-4 0.2705314 0.03323805 -0.001554608 0.2732964 0.03323805 -0.004426181 0.2754414 0.03323805 -0.007724583 0.2768433 0.03323805 -0.01126146 0.2774223 0.03323805 -0.00262922 0.2533603 0.03323805 0.005317211 0.2529874 0.03323805 0.01132625 0.2697954 0.03323805 0.01294338 0.2507224 0.03323805 0.01980602 0.2466983 0.03323805 0.02145797 0.2665933 0.03323805 0.03055644 0.2611054 0.03323805 -0.07455253 0.2497723 0.03323805 -0.01824069 0.2760314 2.39015e-4 -0.07455253 0.2497723 0.029738 -0.06820845 0.2527304 0.003739058 -0.06820845 0.2527304 0.029738 -0.01836216 0.2759744 0.003739058 -0.01836216 0.2759744 2.39015e-4 -0.01824069 0.2760314 2.39015e-4 -0.02552944 0.1446423 2.39015e-4 -0.07455253 0.2497723 0.03323805 -0.02552944 0.1446423 0.01223796 -0.0437017 0.1836123 0.01619601 -0.04181391 0.1795642 0.01514297 -0.04192364 0.1797993 0.01418209 -0.04213654 0.1802563 0.01336997 -0.04244071 0.1809083 0.01275408 -0.04281795 0.1817173 0.01236897 -0.04324656 0.1826363 0.01728105 -0.04181391 0.1795642 0.01833403 -0.04192364 0.1797993 0.01929509 -0.04213654 0.1802563 0.02010703 -0.04244071 0.1809083 0.0207231 -0.04281795 0.1817173 0.02110803 -0.04324656 0.1826363 0.02123802 -0.0437017 0.1836123 0.02110803 -0.04415678 0.1845883 0.0207231 -0.04458546 0.1855083 0.02110803 -0.05592507 0.2098253 0.0207231 -0.05549639 0.2089064 0.02010703 -0.05511897 0.2080973 0.01929509 -0.05481505 0.2074453 0.01929509 -0.0452668 0.1869693 0.02010703 -0.04496288 0.1863173 0.01833403 -0.04547995 0.1874263 0.01833403 -0.0546019 0.2069883 0.01728105 -0.05449229 0.2067533 0.01728105 -0.04558956 0.1876614 0.01619601 -0.05449229 0.2067533 0.01619601 -0.04558956 0.1876614 0.01514297 -0.04547995 0.1874263 0.01514297 -0.0546019 0.2069883 0.01418209 -0.0452668 0.1869693 0.01336997 -0.04496288 0.1863173 0.01418209 -0.05481505 0.2074453 0.01336997 -0.05511897 0.2080973 0.01275408 -0.05549639 0.2089064 0.01236897 -0.05592507 0.2098253 0.01236897 -0.04415678 0.1845883 0.01275408 -0.04458546 0.1855083 0.01223796 -0.05638021 0.2108013 0.01236897 -0.05683529 0.2117773 0.01275408 -0.05726397 0.2126973 0.01336997 -0.05764114 0.2135063 0.01418209 -0.05794531 0.2141584 0.01514297 -0.05815821 0.2146153 0.01619601 -0.05826807 0.2148503 0.01728105 -0.05826807 0.2148503 0.03323805 -0.07455253 0.2497723 0.01929509 -0.05794531 0.2141584 0.01833403 -0.05815821 0.2146153 0.02010703 -0.05764114 0.2135063 0.0207231 -0.05726397 0.2126973 0.02110803 -0.05683529 0.2117773 0.02123802 -0.05638021 0.2108013 0.0141381 -0.03010249 0.2065043 0.0141381 -0.03244632 0.2134643 0.03323805 -0.03010249 0.2065043 0.03323805 -0.03257083 0.2140673 0.0141381 -0.03319275 0.2207713 0.03323805 -0.03315788 0.2220013 0.0141381 -0.03230476 0.2280613 0.03323805 -0.03182893 0.2298443 0.0141381 -0.0298264 0.2349743 0.03323805 -0.02866166 0.2371423 0.0141381 -0.02588027 0.2411683 0.03323805 -0.02384001 0.2434692 0.0141381 -0.02066206 0.2463363 0.03323805 -0.0176441 0.2484593 0.03323805 -0.01043421 0.2518214 0.0141381 -0.01443028 0.2502223 0.0141381 -0.007493138 0.2526333 0.0141381 -1.94728e-4 0.2534503 0.03323805 -0.00262922 0.2533603 0.03323805 0.005317211 0.2529874 0.03323805 0.01294338 0.2507224 0.0141381 0.007702529 0.2524914 0.0141381 0.01514089 0.2496703 0.0141381 0.02168804 0.2451514 0.03323805 0.01980602 0.2466983 0.03323805 0.02550625 0.2411494 0.03323805 0.02971303 0.2343974 0.0141381 0.02696335 0.2391973 0.0141381 0.03066039 0.2321523 0.03323805 0.0321815 0.2268344 0.0141381 0.03256422 0.2244284 0.0141381 0.03256422 0.2164733 0.03323805 0.03276824 0.2189003 0.03323805 0.0314396 0.2110574 0.03323805 0.02827233 0.2037593 0.0141381 0.03066039 0.2087494 0.0141381 0.02696335 0.2017053 0.0141381 0.02168804 0.1957502 0.03323805 0.02345061 0.1974323 0.03323805 0.01725471 0.1924424 0.03323805 0.01004481 0.1890802 0.0141381 0.01514089 0.1912313 0.0141381 0.007702529 0.1884102 0.0141381 -1.94728e-4 0.1874513 0.03323805 0.002239704 0.1875413 0.03323805 -0.005706727 0.1879153 0.03323805 -0.01333296 0.1901793 0.0141381 -0.00761801 0.1882973 0.0141381 -0.01466065 0.1907913 0.0141381 -0.02096194 0.1948053 0.03323805 -0.0201956 0.1942033 0.03323805 -0.02589583 0.1997523 0.03323805 -0.03010249 0.2065043 0.0141381 -0.02619874 0.2001343 0.0141381 -0.03010249 0.2065043 0.029738 -0.06820845 0.2527304 0.003739058 -0.06820845 0.2527304 0.029738 -0.07074415 0.2581683 0.003739058 -0.07074415 0.2581683 0.003739058 -0.07074415 0.2581683 0.003739058 -0.03449231 0.2750734 0.003739058 -0.06820845 0.2527304 0.003739058 -0.01836216 0.2759744 0.029738 -0.06820845 0.2527304 0.029738 -0.01836216 0.2759744 0.029738 -0.03449231 0.2750734 0.029738 -0.07074415 0.2581683 0.029738 -0.07074415 0.2581683 0.029738 -0.03449231 0.2750734 0.003739058 -0.07074415 0.2581683 0.003739058 -0.03449231 0.2750734 0.029738 -0.03449231 0.2750734 0.003739058 -0.03449231 0.2750734 0.029738 -0.01836216 0.2759744 0.003739058 -0.01836216 0.2759744 0.01223796 -0.03735762 0.1865713 0.01236897 -0.0378127 0.1875473 0.01236897 -0.03690248 0.1855953 0.01275408 -0.03647387 0.1846753 0.01275408 -0.0382415 0.1884663 0.01336997 -0.0386188 0.1892753 0.01418209 -0.03892272 0.1899273 0.01336997 -0.03609663 0.1838663 0.01514297 -0.03557956 0.1827573 0.01418209 -0.03579246 0.1832144 0.01619601 -0.03546983 0.1825224 0.01833403 -0.03557956 0.1827573 0.01728105 -0.03546983 0.1825224 0.01514297 -0.03913587 0.1903843 0.01728105 -0.0392456 0.1906193 0.01833403 -0.03913587 0.1903843 0.01929509 -0.03579246 0.1832144 0.02110803 -0.0378127 0.1875473 0.01929509 -0.03892272 0.1899273 0.0207231 -0.0382415 0.1884663 0.02123802 -0.03735762 0.1865713 0.0207231 -0.03647387 0.1846753 0.02010703 -0.03609663 0.1838663 0.02110803 -0.03690248 0.1855953 0.02010703 -0.0386188 0.1892753 0.01619601 -0.0392456 0.1906193 0.01223796 -0.03735762 0.1865713 0.01236897 -0.0378127 0.1875473 0.01223796 -0.0437017 0.1836123 0.01236897 -0.04415678 0.1845883 0.01275408 -0.04458546 0.1855083 0.01275408 -0.0382415 0.1884663 0.01336997 -0.04496288 0.1863173 0.01336997 -0.0386188 0.1892753 0.01418209 -0.03892272 0.1899273 0.01514297 -0.03913587 0.1903843 0.01418209 -0.0452668 0.1869693 0.01514297 -0.04547995 0.1874263 0.01619601 -0.0392456 0.1906193 0.01619601 -0.04558956 0.1876614 0.01728105 -0.04558956 0.1876614 0.01728105 -0.0392456 0.1906193 0.01833403 -0.03913587 0.1903843 0.01833403 -0.04547995 0.1874263 0.01929509 -0.0452668 0.1869693 0.02010703 -0.04496288 0.1863173 0.01929509 -0.03892272 0.1899273 0.02010703 -0.0386188 0.1892753 0.0207231 -0.0382415 0.1884663 0.0207231 -0.04458546 0.1855083 0.02110803 -0.0378127 0.1875473 0.02110803 -0.04415678 0.1845883 0.02123802 -0.03735762 0.1865713 0.02123802 -0.0437017 0.1836123 0.02110803 -0.04324656 0.1826363 0.02110803 -0.03690248 0.1855953 0.0207231 -0.03647387 0.1846753 0.0207231 -0.04281795 0.1817173 0.02010703 -0.03609663 0.1838663 0.02010703 -0.04244071 0.1809083 0.01929509 -0.04213654 0.1802563 0.01833403 -0.04192364 0.1797993 0.01929509 -0.03579246 0.1832144 0.01833403 -0.03557956 0.1827573 0.01728105 -0.03546983 0.1825224 0.01619601 -0.03546983 0.1825224 0.01728105 -0.04181391 0.1795642 0.01619601 -0.04181391 0.1795642 0.01514297 -0.03557956 0.1827573 0.01514297 -0.04192364 0.1797993 0.01418209 -0.03579246 0.1832144 0.01418209 -0.04213654 0.1802563 0.01336997 -0.04244071 0.1809083 0.01336997 -0.03609663 0.1838663 0.01275408 -0.03647387 0.1846753 0.01275408 -0.04281795 0.1817173 0.01236897 -0.04324656 0.1826363 0.01236897 -0.03690248 0.1855953 0.01223796 -0.03735762 0.1865713 0.01223796 -0.0437017 0.1836123 0.01223796 -0.05003613 0.2137603 0.01236897 -0.05049121 0.2147363 0.01236897 -0.04958099 0.2127844 0.01275408 -0.04915231 0.2118643 0.01275408 -0.05091989 0.2156553 0.01336997 -0.05129706 0.2164644 0.01336997 -0.04877489 0.2110553 0.01418209 -0.05160123 0.2171162 0.01833403 -0.04825782 0.2099463 0.01619601 -0.04814821 0.2097113 0.01514297 -0.04825782 0.2099463 0.01514297 -0.05181413 0.2175734 0.01619601 -0.05192399 0.2178083 0.01728105 -0.05192399 0.2178083 0.01833403 -0.05181413 0.2175734 0.01929509 -0.05160123 0.2171162 0.02110803 -0.05049121 0.2147363 0.0207231 -0.05091989 0.2156553 0.02123802 -0.05003613 0.2137603 0.0207231 -0.04915231 0.2118643 0.02010703 -0.04877489 0.2110553 0.01929509 -0.04847097 0.2104033 0.02110803 -0.04958099 0.2127844 0.02010703 -0.05129706 0.2164644 0.01418209 -0.04847097 0.2104033 0.01728105 -0.04814821 0.2097113 0.01223796 -0.05003613 0.2137603 0.01236897 -0.05049121 0.2147363 0.01223796 -0.05638021 0.2108013 0.01236897 -0.05683529 0.2117773 0.01275408 -0.05726397 0.2126973 0.01275408 -0.05091989 0.2156553 0.01336997 -0.05129706 0.2164644 0.01336997 -0.05764114 0.2135063 0.01418209 -0.05160123 0.2171162 0.01418209 -0.05794531 0.2141584 0.01514297 -0.05181413 0.2175734 0.01514297 -0.05815821 0.2146153 0.01619601 -0.05192399 0.2178083 0.01619601 -0.05826807 0.2148503 0.01728105 -0.05192399 0.2178083 0.01728105 -0.05826807 0.2148503 0.01833403 -0.05181413 0.2175734 0.01833403 -0.05815821 0.2146153 0.01929509 -0.05794531 0.2141584 0.02010703 -0.05764114 0.2135063 0.01929509 -0.05160123 0.2171162 0.02010703 -0.05129706 0.2164644 0.0207231 -0.05091989 0.2156553 0.0207231 -0.05726397 0.2126973 0.02110803 -0.05683529 0.2117773 0.02110803 -0.05049121 0.2147363 0.02123802 -0.05003613 0.2137603 0.02123802 -0.05638021 0.2108013 0.02110803 -0.04958099 0.2127844 0.02110803 -0.05592507 0.2098253 0.0207231 -0.04915231 0.2118643 0.0207231 -0.05549639 0.2089064 0.02010703 -0.04877489 0.2110553 0.02010703 -0.05511897 0.2080973 0.01929509 -0.05481505 0.2074453 0.01929509 -0.04847097 0.2104033 0.01833403 -0.04825782 0.2099463 0.01728105 -0.05449229 0.2067533 0.01728105 -0.04814821 0.2097113 0.01833403 -0.0546019 0.2069883 0.01619601 -0.04814821 0.2097113 0.01514297 -0.04825782 0.2099463 0.01619601 -0.05449229 0.2067533 0.01514297 -0.0546019 0.2069883 0.01418209 -0.04847097 0.2104033 0.01418209 -0.05481505 0.2074453 0.01336997 -0.05511897 0.2080973 0.01336997 -0.04877489 0.2110553 0.01275408 -0.04915231 0.2118643 0.01275408 -0.05549639 0.2089064 0.01236897 -0.05592507 0.2098253 0.01236897 -0.04958099 0.2127844 0.01223796 -0.05003613 0.2137603 0.01223796 -0.05638021 0.2108013 2.39015e-4 0.04564857 0.2404482 2.39015e-4 0.04913955 0.2300633 0.03323805 0.04564857 0.2404482 0.03323805 0.04913955 0.2300633 2.39015e-4 0.05023592 0.2191623 0.03323805 0.05023592 0.2191623 0.03323805 0.0488829 0.2082903 0.03323805 0.04514771 0.1979902 2.39015e-4 0.0488829 0.2082903 2.39015e-4 0.04514771 0.1979902 2.39015e-4 0.03921765 0.1887784 0.03323805 0.03921765 0.1887784 0.03323805 0.0313887 0.1811133 2.39015e-4 0.0313887 0.1811133 2.39015e-4 7.2621e-4 0.2705314 2.39015e-4 0.01132625 0.2697954 0.03323805 7.2621e-4 0.2705314 0.03323805 0.01132625 0.2697954 0.03323805 0.02145797 0.2665933 2.39015e-4 0.02145797 0.2665933 2.39015e-4 0.03055644 0.2611054 2.39015e-4 0.03811448 0.2536364 0.03323805 0.03055644 0.2611054 0.03323805 0.03811448 0.2536364 0.03323805 0.04371064 0.2446033 2.39015e-4 0.04371064 0.2446033 2.39015e-4 -0.01824069 0.2760314 2.39015e-4 -0.01483488 0.2771463 0.03323805 -0.01824069 0.2760314 0.03323805 -0.01483488 0.2771463 0.03323805 -0.01126146 0.2774223 2.39015e-4 -0.01126146 0.2774223 2.39015e-4 -0.007724583 0.2768433 2.39015e-4 -0.004426181 0.2754414 0.03323805 -0.007724583 0.2768433 0.03323805 -0.004426181 0.2754414 2.39015e-4 -0.001554608 0.2732964 0.03323805 -0.001554608 0.2732964 2.39015e-4 7.2621e-4 0.2705314 0.03323805 7.2621e-4 0.2705314 2.39015e-4 0.0313887 0.1811133 2.39015e-4 0.03107309 0.1776583 0.03323805 0.0313887 0.1811133 0.03323805 0.03107309 0.1776583 0.03323805 0.02997165 0.1743673 0.03323805 0.02814382 0.1714183 2.39015e-4 0.02997165 0.1743673 2.39015e-4 0.02814382 0.1714183 2.39015e-4 0.02568686 0.1689673 0.03323805 0.02568686 0.1689673 0.03323805 0.02273285 0.1671473 2.39015e-4 0.02273285 0.1671473 0.009239077 -1.94728e-4 0.1914513 0.009239077 0.006745219 0.1922942 0.01036995 -1.94728e-4 0.1913213 0.01036995 0.006776273 0.1921682 0.0124011 0.00701493 0.1911994 0.01036995 0.01334232 0.1946583 0.011442 -1.94728e-4 0.1909394 0.0124011 -1.94728e-4 0.1903244 0.01319497 -1.94728e-4 0.1895083 0.01378405 -1.94728e-4 0.1885343 0.01378405 0.007443428 0.1894613 0.01378405 0.0146377 0.1921893 0.0141381 -1.94728e-4 0.1874513 0.0141381 0.007702529 0.1884102 0.0141381 0.01514089 0.1912313 0.0141381 0.02168804 0.1957502 0.01378405 0.02097016 0.1965603 0.0124011 0.0197829 0.1979013 0.01378405 0.0260725 0.2023203 0.0124011 0.02459895 0.2033373 0.01036995 0.0191214 0.1986473 0.01036995 0.0237782 0.2039033 0.0124011 0.027974 0.2097684 0.01036995 0.02704161 0.2101213 0.009239077 0.02367132 0.2039773 0.009239077 0.02692025 0.2101674 0.0124011 0.0297122 0.2168194 0.01036995 0.02872204 0.2169393 0.01036995 0.02872204 0.2239624 0.009239077 0.02859342 0.2169554 0.009239077 0.02859342 0.2239463 0.009239077 0.02692025 0.2307343 0.01036995 0.02704161 0.2307803 0.009239077 0.02367132 0.2369244 0.0124011 0.0297122 0.2240823 0.0124011 0.027974 0.2311344 0.01036995 0.0237782 0.2369983 0.0124011 0.02459895 0.2375643 0.01036995 0.0191214 0.2422543 0.009239077 0.01903545 0.2421573 0.0124011 0.0197829 0.2430013 0.01036995 0.01334232 0.2462432 0.01036995 0.006776273 0.2487334 0.009239077 0.01328206 0.2461293 0.0124011 0.01380568 0.2471263 0.01378405 0.02097016 0.2443413 0.01378405 0.0146377 0.2487124 0.0124011 0.00701493 0.2497023 0.01378405 0.007443428 0.2514403 0.0124011 -1.94728e-4 0.2505773 0.01036995 -1.94728e-4 0.2495803 0.009239077 0.006745219 0.2486073 0.009239077 -1.94728e-4 0.2494503 0.01036995 -0.006637156 0.2488583 0.0124011 -0.006857812 0.2498313 0.01036995 -0.01276057 0.2467303 0.009239077 -0.007134616 0.2486073 0.009239077 -0.01367139 0.2461293 0.009239077 -0.01942503 0.2421573 0.0124011 -0.0131908 0.2476302 0.0124011 -0.01888018 0.2440823 0.01036995 -0.01826173 0.2433003 0.01378405 -0.01396328 0.2492454 0.01378405 -0.0199908 0.2454873 0.0124011 -0.02364408 0.2393643 0.009239077 -0.0240609 0.2369244 0.01378405 -0.02503782 0.2404884 0.01378405 -0.02885437 0.2344983 0.0124011 -0.02724665 0.2337102 0.009239077 -0.02730983 0.2307343 0.0124011 -0.02836358 0.2311344 0.01036995 -0.02743107 0.2307803 0.0124011 -0.02950912 0.2273983 0.0124011 -0.03010153 0.2240823 0.01036995 -0.02911162 0.2239624 0.009239077 -0.02898275 0.2239463 0.01378405 -0.0300377 0.2317683 0.01378405 -0.03125143 0.2278113 0.0141381 -0.03230476 0.2280613 0.01378405 -0.03187894 0.2242982 0.01378405 -0.03211027 0.2207603 0.0124011 -0.0303198 0.2207434 0.0141381 -0.03319275 0.2207713 0.0141381 -0.03244632 0.2134643 0.01378405 -0.03187894 0.2166033 0.0124011 -0.03010153 0.2168194 0.01378405 -0.03138834 0.2136943 0.0124011 -0.02963835 0.2140734 0.01036995 -0.02911162 0.2169393 0.0124011 -0.02836358 0.2097684 0.01036995 -0.02743107 0.2101213 0.009239077 -0.02898275 0.2169554 0.009239077 -0.02730983 0.2101674 0.009239077 -0.0240609 0.2039773 0.01036995 -0.02416753 0.2039033 0.009239077 -0.01942503 0.1987444 0.0124011 -0.02498841 0.2033373 0.01036995 -0.01951098 0.1986473 0.0124011 -0.02017223 0.1979013 0.01036995 -0.01373165 0.1946583 0.009239077 -0.01367139 0.1947733 0.009239077 -0.007134616 0.1922942 0.009239077 -1.94728e-4 0.1914513 0.01036995 -1.94728e-4 0.1913213 0.01036995 -0.00716567 0.1921682 0.0124011 -0.01419526 0.1937754 0.011442 -1.94728e-4 0.1909394 0.0124011 -0.007404327 0.1911994 0.0141381 -0.01466065 0.1907913 0.01319497 -1.94728e-4 0.1895083 0.0124011 -1.94728e-4 0.1903244 0.01378405 -0.007832944 0.1894613 0.0141381 -0.00761801 0.1882973 0.0141381 -1.94728e-4 0.1874513 0.01378405 -1.94728e-4 0.1885343 0.0141381 -0.02096194 0.1948053 0.01378405 -0.01502728 0.1921893 0.01378405 -0.02135962 0.1965603 0.0141381 -0.02619874 0.2001343 0.0141381 -0.03010249 0.2065043 0.01378405 -0.0300377 0.2091333 0.0141381 -0.0298264 0.2349743 0.0141381 -0.02588027 0.2411683 0.0141381 -0.02066206 0.2463363 0.0141381 -0.01443028 0.2502223 0.0141381 -0.007493138 0.2526333 0.0141381 -1.94728e-4 0.2534503 0.01378405 -0.007253766 0.2515774 0.01378405 -1.94728e-4 0.2523683 0.0141381 0.007702529 0.2524914 0.0141381 0.01514089 0.2496703 0.0141381 0.02168804 0.2451514 0.0141381 0.02696335 0.2391973 0.0141381 0.03066039 0.2321523 0.01378405 0.0260725 0.2385823 0.01378405 0.02964824 0.2317683 0.01378405 0.03148961 0.2242982 0.0141381 0.03256422 0.2244284 0.01378405 0.03148961 0.2166033 0.0141381 0.03256422 0.2164733 0.0141381 0.03066039 0.2087494 0.01378405 0.02964824 0.2091333 0.0141381 0.02696335 0.2017053 0.009239077 0.01903545 0.1987444 0.009239077 0.01328206 0.1947733 0.0124011 0.01380568 0.1937754 -0.04536092 -1.94728e-4 0.2739503 -0.04536092 0.01130592 0.2726994 -0.04536092 -0.01169544 0.2726994 -0.04536092 -1.94728e-4 0.2648574 -0.04536092 -0.01082175 0.2635673 -0.04536092 0.01043242 0.2635673 -0.04536092 0.02226901 0.2690054 -0.04536092 0.02044194 0.2597714 -0.04536092 0.03218162 0.2630414 -0.04536092 0.02925229 0.2536894 -0.04536092 0.0363512 0.2456763 -0.04536092 0.04058039 0.2550854 -0.04536092 0.04707247 0.2455103 -0.04536092 0.0513544 0.2347633 -0.04536092 0.04132616 0.2361973 -0.04536092 0.04388809 0.2258033 -0.04536092 0.05322611 0.2233474 -0.04536092 0.04388809 0.2150983 -0.04536092 0.04132616 0.2047044 -0.04536092 0.05259966 0.2117953 -0.04536092 0.04950475 0.2006484 -0.04536092 0.04408591 0.1904274 -0.04536092 0.0363512 0.1952252 -0.04536092 0.03659659 0.1816103 -0.04536092 0.02925229 0.1872123 -0.04536092 0.02044194 0.1811302 -0.04536092 0.02738702 0.1746094 -0.04536092 0.01688766 0.1697522 -0.04536092 0.005589485 0.1672654 -0.04536092 0.01043242 0.1773343 -0.04536092 -1.94728e-4 0.1760443 -0.04536092 -0.005979001 0.1672654 -0.04536092 -0.01082175 0.1773343 -0.04536092 -0.01727712 0.1697522 -0.04536092 -0.02083152 0.1811302 -0.04536092 -0.02964162 0.1872123 -0.04536092 -0.02777642 0.1746094 -0.04536092 -0.03698617 0.1816103 -0.04536092 -0.04447537 0.1904274 -0.04536092 -0.03674066 0.1952252 -0.04536092 -0.04989433 0.2006484 -0.04536092 -0.04171562 0.2047044 -0.04536092 -0.04427742 0.2150983 -0.04536092 -0.05298924 0.2117953 -0.04536092 -0.05361557 0.2233474 -0.04536092 -0.05174398 0.2347633 -0.04536092 -0.04427742 0.2258033 -0.04536092 -0.04171562 0.2361973 -0.04536092 -0.04746186 0.2455103 -0.04536092 -0.03674066 0.2456763 -0.04536092 -0.02964162 0.2536894 -0.04536092 -0.04096972 0.2550854 -0.04536092 -0.03257101 0.2630414 -0.04536092 -0.02265834 0.2690054 -0.04536092 -0.02083152 0.2597714 -0.0348609 -1.94728e-4 0.2754504 -0.0348609 0.01162832 0.2741643 -0.04386091 0.01162832 0.2741643 -0.04386091 -1.94728e-4 0.2754504 -0.04386091 0.02289885 0.2703674 -0.04386091 0.03308928 0.2642354 -0.0348609 0.02289885 0.2703674 -0.0348609 0.03308928 0.2642354 -0.0348609 0.04172348 0.2560563 -0.04386091 0.04172348 0.2560563 -0.04386091 0.04839766 0.2462133 -0.0348609 0.04839766 0.2462133 -0.04386091 0.05279982 0.2351644 -0.04386091 0.05472373 0.2234283 -0.0348609 0.05279982 0.2351644 -0.0348609 0.05472373 0.2234283 -0.0348609 0.05407989 0.2115533 -0.04386091 0.05407989 0.2115533 -0.04386091 0.05089831 0.2000933 -0.0348609 0.05089831 0.2000933 -0.04386091 0.04532754 0.1895864 -0.04386091 0.03762823 0.1805213 -0.0348609 0.04532754 0.1895864 -0.0348609 0.03762823 0.1805213 -0.0348609 0.02816033 0.1733243 -0.04386091 0.02816033 0.1733243 -0.04386091 0.01736646 0.1683303 -0.0348609 0.01736646 0.1683303 -0.04386091 0.005751729 0.1657743 -0.04386091 -0.006141126 0.1657743 -0.0348609 0.005751729 0.1657743 -0.0348609 -0.006141126 0.1657743 -0.0348609 -0.01775604 0.1683303 -0.04386091 -0.01775604 0.1683303 -0.04386091 -0.02854979 0.1733243 -0.04386091 -0.03801769 0.1805213 -0.0348609 -0.02854979 0.1733243 -0.0348609 -0.03801769 0.1805213 -0.0348609 -0.045717 0.1895864 -0.04386091 -0.045717 0.1895864 -0.04386091 -0.05128777 0.2000933 -0.0348609 -0.05128777 0.2000933 -0.04386091 -0.05446934 0.2115533 -0.04386091 -0.05511319 0.2234283 -0.0348609 -0.05446934 0.2115533 -0.0348609 -0.05511319 0.2234283 -0.0348609 -0.05318915 0.2351644 -0.04386091 -0.05318915 0.2351644 -0.04386091 -0.04878711 0.2462133 -0.0348609 -0.04878711 0.2462133 -0.04386091 -0.04211294 0.2560563 -0.04386091 -0.03347873 0.2642354 -0.0348609 -0.04211294 0.2560563 -0.0348609 -0.03347873 0.2642354 -0.0348609 -0.02328819 0.2703674 -0.0348609 -0.01201778 0.2741643 -0.04386091 -0.01201778 0.2741643 -0.04386091 -0.02328819 0.2703674 -0.04386091 -1.94728e-4 0.2754504 -0.0348609 -1.94728e-4 0.2754504 2.39015e-4 -1.94728e-4 0.2699503 2.39015e-4 0.01081991 0.2687094 -0.03186088 0.01081991 0.2687094 -0.03186088 -1.94728e-4 0.2699503 -0.03186088 0.02128219 0.2650484 -0.03186088 0.0306676 0.2591513 2.39015e-4 0.02128219 0.2650484 2.39015e-4 0.0306676 0.2591513 2.39015e-4 0.03850543 0.2513133 2.39015e-4 0.04440253 0.2419283 -0.03186088 0.04440253 0.2419283 -0.03186088 0.03850543 0.2513133 -0.03186088 0.04806345 0.2314653 2.39015e-4 0.04806345 0.2314653 2.39015e-4 0.0493046 0.2204502 -0.03186088 0.0493046 0.2204502 -0.03186088 0.04806345 0.2094364 -0.03186088 0.04440253 0.1989743 2.39015e-4 0.04806345 0.2094364 2.39015e-4 0.04440253 0.1989743 2.39015e-4 0.03850543 0.1895883 2.39015e-4 0.0306676 0.1817502 -0.03186088 0.0306676 0.1817502 -0.03186088 0.03850543 0.1895883 2.39015e-4 0.02128219 0.1758533 -0.03186088 0.02128219 0.1758533 -0.03186088 0.01081991 0.1721923 2.39015e-4 0.01081991 0.1721923 2.39015e-4 -1.94728e-4 0.1709513 -0.03186088 -1.94728e-4 0.1709513 -0.03186088 -0.01120924 0.1721923 2.39015e-4 -0.01120924 0.1721923 -0.03186088 -0.02167165 0.1758533 2.39015e-4 -0.02167165 0.1758533 -0.03186088 -0.031057 0.1817502 -0.03186088 -0.03889489 0.1895883 2.39015e-4 -0.031057 0.1817502 2.39015e-4 -0.03889489 0.1895883 2.39015e-4 -0.04479199 0.1989743 -0.03186088 -0.04479199 0.1989743 -0.03186088 -0.04845303 0.2094364 -0.03186088 -0.04969406 0.2204502 2.39015e-4 -0.04845303 0.2094364 2.39015e-4 -0.04969406 0.2204502 2.39015e-4 -0.04845303 0.2314653 2.39015e-4 -0.04479199 0.2419283 -0.03186088 -0.04845303 0.2314653 -0.03186088 -0.04479199 0.2419283 -0.03186088 -0.03889489 0.2513133 -0.03186088 -0.031057 0.2591513 2.39015e-4 -0.03889489 0.2513133 2.39015e-4 -0.031057 0.2591513 2.39015e-4 -0.02167165 0.2650484 -0.03186088 -0.02167165 0.2650484 -0.03186088 -0.01120924 0.2687094 -0.03186088 -1.94728e-4 0.2699503 2.39015e-4 -0.01120924 0.2687094 2.39015e-4 -1.94728e-4 0.2699503 -0.03336089 -1.94728e-4 0.2739503 -0.03336089 -0.01169544 0.2726994 -0.03336089 0.01130592 0.2726994 -0.03336089 -1.94728e-4 0.2714503 -0.03336089 0.01115357 0.2701714 -0.03336089 -0.01154297 0.2701714 -0.03336089 -0.02265834 0.2690054 -0.03336089 -0.02232247 0.2663994 -0.03336089 -0.03257101 0.2630414 -0.03336089 -0.03199213 0.2603234 -0.03336089 -0.04096972 0.2550854 -0.03336089 -0.04006761 0.2522484 -0.03336089 -0.04614353 0.2425783 -0.03336089 -0.04746186 0.2455103 -0.03336089 -0.05174398 0.2347633 -0.03336089 -0.05361557 0.2233474 -0.03336089 -0.04991537 0.2317993 -0.03336089 -0.05119407 0.2204502 -0.03336089 -0.05298924 0.2117953 -0.03336089 -0.04991537 0.2091023 -0.03336089 -0.04614353 0.1983233 -0.03336089 -0.04989433 0.2006484 -0.03336089 -0.04447537 0.1904274 -0.03336089 -0.03698617 0.1816103 -0.03336089 -0.04006761 0.1886533 -0.03336089 -0.03199213 0.1805783 -0.03336089 -0.02777642 0.1746094 -0.03336089 -0.02232247 0.1745023 -0.03336089 -0.01154297 0.1707303 -0.03336089 -0.01727712 0.1697522 -0.03336089 -0.005979001 0.1672654 -0.03336089 0.005589485 0.1672654 -0.03336089 -1.94728e-4 0.1694512 -0.03336089 0.01115357 0.1707303 -0.03336089 0.01688766 0.1697522 -0.03336089 0.02193289 0.1745023 -0.03336089 0.03160274 0.1805783 -0.03336089 0.02738702 0.1746094 -0.03336089 0.03659659 0.1816103 -0.03336089 0.04408591 0.1904274 -0.03336089 0.03967803 0.1886533 -0.03336089 0.04575407 0.1983233 -0.03336089 0.04950475 0.2006484 -0.03336089 0.04952579 0.2091023 -0.03336089 0.05080461 0.2204502 -0.03336089 0.05259966 0.2117953 -0.03336089 0.05322611 0.2233474 -0.03336089 0.0513544 0.2347633 -0.03336089 0.04952579 0.2317993 -0.03336089 0.04575407 0.2425783 -0.03336089 0.04707247 0.2455103 -0.03336089 0.03967803 0.2522484 -0.03336089 0.03160274 0.2603234 -0.03336089 0.04058039 0.2550854 -0.03336089 0.03218162 0.2630414 -0.03336089 0.02226901 0.2690054 -0.03336089 0.02193289 0.2663994 0.009239077 -1.94728e-4 0.1914513 0.002239108 -1.94728e-4 0.1914513 0.009239077 0.006745219 0.1922942 0.009239077 0.01328206 0.1947733 0.002239108 0.006745219 0.1922942 0.002239108 0.01328206 0.1947733 0.002239108 0.01903545 0.1987444 0.009239077 0.01903545 0.1987444 0.009239077 0.02367132 0.2039773 0.002239108 0.02367132 0.2039773 0.009239077 0.02692025 0.2101674 0.009239077 0.02859342 0.2169554 0.002239108 0.02692025 0.2101674 0.002239108 0.02859342 0.2169554 0.002239108 0.02859342 0.2239463 0.009239077 0.02859342 0.2239463 0.009239077 0.02692025 0.2307343 0.002239108 0.02692025 0.2307343 0.009239077 0.02367132 0.2369244 0.009239077 0.01903545 0.2421573 0.002239108 0.02367132 0.2369244 0.002239108 0.01903545 0.2421573 0.002239108 0.01328206 0.2461293 0.002239108 0.006745219 0.2486073 0.009239077 0.01328206 0.2461293 0.009239077 0.006745219 0.2486073 0.009239077 -1.94728e-4 0.2494503 0.009239077 -0.007134616 0.2486073 0.002239108 -1.94728e-4 0.2494503 0.002239108 -0.007134616 0.2486073 0.009239077 -0.01367139 0.2461293 0.002239108 -0.01367139 0.2461293 0.002239108 -0.01942503 0.2421573 0.009239077 -0.01942503 0.2421573 0.009239077 -0.0240609 0.2369244 0.009239077 -0.02730983 0.2307343 0.002239108 -0.0240609 0.2369244 0.002239108 -0.02730983 0.2307343 0.009239077 -0.02898275 0.2239463 0.002239108 -0.02898275 0.2239463 0.002239108 -0.02898275 0.2169554 0.009239077 -0.02898275 0.2169554 0.009239077 -0.02730983 0.2101674 0.009239077 -0.0240609 0.2039773 0.002239108 -0.02730983 0.2101674 0.002239108 -0.0240609 0.2039773 0.002239108 -0.01942503 0.1987444 0.009239077 -0.01942503 0.1987444 0.009239077 -0.01367139 0.1947733 0.009239077 -0.007134616 0.1922942 0.002239108 -0.01367139 0.1947733 0.002239108 -0.007134616 0.1922942 0.009239077 -1.94728e-4 0.1914513 0.002239108 -1.94728e-4 0.1914513 -0.03226089 -1.94728e-4 0.2669504 -0.03226089 -0.0109182 0.2656974 -0.03226089 0.01052874 0.2656974 -0.03226089 0.006633162 0.2650094 -0.03226089 -0.003947556 0.2653834 -0.03226089 -0.01432293 0.2632754 -0.03226089 -0.02391839 0.2588003 -0.03226089 -0.02106362 0.2620044 -0.03226089 -0.03008395 0.2560713 -0.03226089 -0.03749293 0.2482184 -0.03226089 -0.03220278 0.2522084 -0.03226089 -0.03871726 0.2438623 -0.03226089 -0.04310131 0.2342253 -0.03226089 -0.0428912 0.2388682 -0.03226089 -0.0459876 0.2285254 -0.03226089 -0.04661542 0.2177473 -0.03226089 -0.04511207 0.2238303 -0.03226089 -0.04463809 0.2132533 -0.03226089 -0.04170584 0.2030802 -0.03226089 -0.04474049 0.2071143 -0.03226089 -0.04046434 0.1972013 -0.03226089 -0.03401702 0.1885414 -0.03226089 -0.03664964 0.1940693 -0.03226089 -0.02967137 0.1864503 -0.03226089 -0.02574652 0.1816014 -0.03226089 -0.02113908 0.1806234 -0.03226089 -0.01150262 0.1768953 -0.03226089 -0.01609838 0.1767553 -0.03226089 -0.005592942 0.1742663 -0.03226089 0.005203485 0.1742663 -0.03226089 -0.001269996 0.1754643 -0.03226089 0.009019255 0.1764053 -0.03226089 0.01882266 0.1796673 -0.03226089 0.01570898 0.1767553 -0.03226089 0.02535694 0.1816014 -0.03226089 0.03362756 0.1885414 -0.03226089 0.02762371 0.1850802 -0.03226089 0.03495806 0.1923583 -0.03226089 0.04043906 0.2011163 -0.03226089 0.04007488 0.1972013 -0.03226089 0.04435116 0.2071143 -0.03226089 0.04622596 0.2177473 -0.03226089 0.04377806 0.2108943 -0.03226089 0.04479873 0.2211763 -0.03226089 0.04344719 0.2314193 -0.03226089 0.04559808 0.2285254 -0.03226089 0.04250162 0.2388682 -0.03226089 0.03710347 0.2482184 -0.03226089 0.0397951 0.2410843 -0.03226089 0.03388667 0.2498703 -0.03226089 0.02608895 0.2570313 -0.03226089 0.02969437 0.2560713 -0.03226089 0.02067404 0.2620044 -0.03226089 0.0168336 0.2621734 -0.002760887 -1.94728e-4 0.1839513 -0.002760887 -0.00892961 0.1850123 -0.002760887 0.008540153 0.1850123 -0.002760887 0.007941842 0.1874393 -0.002760887 -1.94728e-4 0.1864513 -0.002760887 -0.008331298 0.1874393 -0.002760887 -0.01599508 0.1903454 -0.002760887 -0.01715677 0.1881324 -0.002760887 -0.02439826 0.1931303 -0.002760887 -0.0302332 0.1997174 -0.002760887 -0.0227406 0.1950023 -0.002760887 -0.02817577 0.2011374 -0.002760887 -0.03432238 0.2075083 -0.002760887 -0.03198474 0.2083944 -0.002760887 -0.03394639 0.2163523 -0.002760887 -0.03642809 0.2160513 -0.002760887 -0.03642809 0.2248502 -0.002760887 -0.03432238 0.2333943 -0.002760887 -0.03394639 0.2245494 -0.002760887 -0.03198474 0.2325073 -0.002760887 -0.0302332 0.2411854 -0.002760887 -0.02817577 0.2397643 -0.002760887 -0.02439826 0.2477713 -0.002760887 -0.0227406 0.2459002 -0.002760887 -0.01599508 0.2505564 -0.002760887 -0.01715677 0.2527694 -0.002760887 -0.00892961 0.2558894 -0.002760887 -0.008331298 0.2534623 -0.002760887 -1.94728e-4 0.2569504 -0.002760887 -1.94728e-4 0.2544503 -0.002760887 0.008540153 0.2558894 -0.002760887 0.007941842 0.2534623 -0.002760887 0.0156055 0.2505564 -0.002760887 0.01676744 0.2527694 -0.002760887 0.02400887 0.2477713 -0.002760887 0.02235114 0.2459002 -0.002760887 0.02778631 0.2397643 -0.002760887 0.02984362 0.2411854 -0.002760887 0.03393292 0.2333943 -0.002760887 0.03159528 0.2325073 -0.002760887 0.03355681 0.2245494 -0.002760887 0.03603851 0.2248502 -0.002760887 0.03603851 0.2160513 -0.002760887 0.03393292 0.2075083 -0.002760887 0.03355681 0.2163523 -0.002760887 0.03159528 0.2083944 -0.002760887 0.02778631 0.2011374 -0.002760887 0.02984362 0.1997174 -0.002760887 0.02400887 0.1931303 -0.002760887 0.01676744 0.1881324 -0.002760887 0.02235114 0.1950023 -0.002760887 0.0156055 0.1903454 -0.01276081 -1.94728e-4 0.2669504 -0.01276081 -0.01054167 0.2657844 -0.03226089 -1.94728e-4 0.2669504 -0.03226089 -0.0109182 0.2656974 -0.01276081 -0.02037006 0.2623453 -0.03226089 -0.02106362 0.2620044 -0.03226089 -0.03008395 0.2560713 -0.01276081 -0.0291866 0.2568054 -0.01276081 -0.03654927 0.2494423 -0.01276081 -0.04208922 0.2406263 -0.03226089 -0.03749293 0.2482184 -0.03226089 -0.0428912 0.2388682 -0.03226089 -0.0459876 0.2285254 -0.01276081 -0.04552829 0.2307983 -0.01276081 -0.04669404 0.2204502 -0.01276081 -0.04552829 0.2101033 -0.03226089 -0.04661542 0.2177473 -0.03226089 -0.04474049 0.2071143 -0.01276081 -0.04208922 0.2002754 -0.03226089 -0.04046434 0.1972013 -0.01276081 -0.03654927 0.1914594 -0.03226089 -0.03401702 0.1885414 -0.03226089 -0.02574652 0.1816014 -0.01276081 -0.0291866 0.1840963 -0.01276081 -0.02037006 0.1785563 -0.01276081 -0.01054167 0.1751173 -0.03226089 -0.01609838 0.1767553 -0.03226089 -0.005592942 0.1742663 -0.03226089 0.005203485 0.1742663 -0.01276081 -1.94728e-4 0.1739513 -0.01276081 0.01015228 0.1751173 -0.01276081 0.01998049 0.1785563 -0.03226089 0.01570898 0.1767553 -0.03226089 0.02535694 0.1816014 -0.03226089 0.03362756 0.1885414 -0.01276081 0.02879709 0.1840963 -0.01276081 0.03615993 0.1914594 -0.03226089 0.04007488 0.1972013 -0.01276081 0.04169964 0.2002754 -0.03226089 0.04435116 0.2071143 -0.01276081 0.04513871 0.2101033 -0.01276081 0.04630464 0.2204502 -0.03226089 0.04622596 0.2177473 -0.03226089 0.04559808 0.2285254 -0.03226089 0.04250162 0.2388682 -0.01276081 0.04513871 0.2307983 -0.01276081 0.04169964 0.2406263 -0.01276081 0.03615993 0.2494423 -0.03226089 0.03710347 0.2482184 -0.03226089 0.02969437 0.2560713 -0.03226089 0.02067404 0.2620044 -0.01276081 0.02879709 0.2568054 -0.01276081 0.01998049 0.2623453 -0.03226089 0.01052874 0.2656974 -0.01276081 0.01015228 0.2657844 -0.03226089 -1.94728e-4 0.2669504 -0.01276081 -1.94728e-4 0.2669504 -0.002760887 -1.94728e-4 0.1839513 -0.002760887 -0.00892961 0.1850123 -0.002975881 -1.94728e-4 0.1818913 -0.002975881 -0.0094226 0.1830114 -0.002975881 -0.01811414 0.1863083 -0.002760887 -0.01715677 0.1881324 -0.003609955 -1.94728e-4 0.1799193 -0.003609955 -0.00989449 0.1810973 -0.003609955 -0.01903051 0.1845623 -0.003609955 -0.02707195 0.1901123 -0.002975881 -0.02576446 0.1915884 -0.004776895 -0.01995491 0.1828002 -0.004776895 -0.01037055 0.1791653 -0.004776895 -0.02839112 0.1886233 -0.004776895 -0.03343868 0.1939393 -0.006368875 -0.02949786 0.1873743 -0.006368875 -0.03474348 0.1928993 -0.006368875 -0.02073067 0.1813234 -0.0083009 -0.02131617 0.1802073 -0.006368875 -0.01076996 0.1775453 -0.006368875 -1.94728e-4 0.1762614 -0.0083009 -0.0110715 0.1763223 -0.01276081 -0.02037006 0.1785563 -0.01046991 -1.94728e-4 0.1742173 -0.01046991 -0.01125895 0.1755613 -0.0083009 -1.94728e-4 0.1750013 -0.01276081 -0.01054167 0.1751173 -0.01276081 -1.94728e-4 0.1739513 -0.01276081 -0.0291866 0.1840963 -0.01046991 -0.02168041 0.1795133 -0.01276081 -0.03654927 0.1914594 -0.01046991 -0.03085315 0.1858444 -0.0083009 -0.03033334 0.1864314 -0.01046991 -0.0363413 0.1916244 -0.0083009 -0.03572863 0.1921133 -0.006368875 -0.03656208 0.1953483 -0.01046991 -0.03824394 0.1941874 -0.0083009 -0.0375989 0.1946324 -0.0083009 -0.04114323 0.2007313 -0.006368875 -0.04000812 0.2012773 -0.01046991 -0.04184955 0.2003914 -0.01046991 -0.04342371 0.2040563 -0.01276081 -0.04208922 0.2002754 -0.0083009 -0.04269081 0.2043343 -0.01046991 -0.04526895 0.2101632 -0.006368875 -0.04151266 0.2047814 -0.0083009 -0.04450482 0.2103374 -0.006368875 -0.0432763 0.2106174 -0.01046991 -0.04609102 0.2148783 -0.0083009 -0.04531294 0.2149723 -0.0083009 -0.04564428 0.2204502 -0.006368875 -0.04438436 0.2204502 -0.01046991 -0.04642814 0.2204502 -0.006368875 -0.04406207 0.2151243 -0.004776895 -0.04240518 0.2153252 -0.004776895 -0.04164928 0.2109892 -0.003609955 -0.03970968 0.2114313 -0.004776895 -0.03995209 0.2053734 -0.003609955 -0.03809201 0.2060784 -0.004776895 -0.03850448 0.2020024 -0.003609955 -0.03671211 0.2028653 -0.002975881 -0.03493571 0.2037203 -0.004776895 -0.03518837 0.1962963 -0.003609955 -0.03355133 0.1974263 -0.002975881 -0.03192853 0.1985464 -0.003609955 -0.03188323 0.1951802 -0.002975881 -0.0303418 0.1964093 -0.002760887 -0.0302332 0.1997174 -0.002760887 -0.02439826 0.1931303 -0.002760887 -0.03432238 0.2075083 -0.002975881 -0.03778743 0.2118703 -0.002975881 -0.03624856 0.2067773 -0.002760887 -0.03642809 0.2160513 -0.002760887 -0.03642809 0.2248502 -0.002975881 -0.03875428 0.2204502 -0.002975881 -0.03847306 0.2158033 -0.003609955 -0.04072588 0.2204502 -0.003609955 -0.04043036 0.2155653 -0.004776895 -0.04271537 0.2204502 -0.006368875 -0.04406207 0.2257773 -0.004776895 -0.04240518 0.2255764 -0.006368875 -0.0432763 0.2302843 -0.004776895 -0.04164928 0.2299124 -0.003609955 -0.04043036 0.2253363 -0.002975881 -0.03847306 0.2250983 -0.003609955 -0.03970968 0.2294703 -0.002975881 -0.03624856 0.2341244 -0.002975881 -0.03778743 0.2290313 -0.003609955 -0.03809201 0.2348233 -0.003609955 -0.03671211 0.2380363 -0.004776895 -0.03995209 0.2355294 -0.006368875 -0.04151266 0.2361203 -0.006368875 -0.04000812 0.2396243 -0.004776895 -0.03850448 0.2389003 -0.006368875 -0.03656208 0.2455533 -0.004776895 -0.03518837 0.2446054 -0.006368875 -0.03474348 0.2480024 -0.004776895 -0.03343868 0.2469623 -0.003609955 -0.03355133 0.2434753 -0.002975881 -0.03493571 0.2371814 -0.002975881 -0.03192853 0.2423553 -0.003609955 -0.03188323 0.2457213 -0.002760887 -0.02439826 0.2477713 -0.004776895 -0.02670592 0.2536954 -0.003609955 -0.02546542 0.2521393 -0.002975881 -0.0303418 0.2444924 -0.002760887 -0.0302332 0.2411854 -0.002760887 -0.03432238 0.2333943 -0.002760887 -0.01715677 0.2527694 -0.002975881 -0.0242362 0.2505983 -0.004776895 -0.01864361 0.2587603 -0.003609955 -0.0177806 0.2569684 -0.003609955 -0.009213745 0.2599664 -0.002975881 -0.01692497 0.2551913 -0.002975881 -0.008774995 0.2580434 -0.002760887 -0.00892961 0.2558894 -0.002760887 -1.94728e-4 0.2569504 -0.002975881 0.009033143 0.2578904 -0.002975881 -1.94728e-4 0.2590103 -0.002760887 0.008540153 0.2558894 -0.002760887 0.01676744 0.2527694 -0.002975881 0.01772481 0.2545934 -0.002760887 0.02400887 0.2477713 -0.003609955 0.02668249 0.2507894 -0.002975881 0.02537488 0.2493133 -0.003609955 0.01864111 0.2563393 -0.004776895 0.01956558 0.2581014 -0.003609955 0.009505033 0.2598044 -0.004776895 0.009981095 0.2617364 -0.004776895 -1.94728e-4 0.2629714 -0.003609955 -1.94728e-4 0.2609824 -0.006368875 -1.94728e-4 0.2646403 -0.006368875 -0.0100277 0.2635324 -0.004776895 -0.009656429 0.2619053 -0.0083009 -0.01030808 0.2647613 -0.006368875 -0.01936787 0.2602644 -0.0083009 -1.94728e-4 0.2659004 -0.0083009 0.01068192 0.2645794 -0.01046991 -1.94728e-4 0.2666844 -0.01276081 -0.01054167 0.2657844 -0.01046991 -0.01048249 0.2655254 -0.01276081 0.01015228 0.2657844 -0.01276081 -1.94728e-4 0.2669504 -0.01046991 0.01086962 0.2653414 -0.01276081 0.01998049 0.2623453 -0.01276081 0.02879709 0.2568054 -0.01046991 0.02129089 0.2613884 -0.0083009 0.02092671 0.2606944 -0.006368875 0.02034109 0.2595794 -0.006368875 0.01038038 0.2633563 -0.0083009 0.02994394 0.2544704 -0.01046991 0.03046369 0.2550573 -0.01046991 0.03595197 0.2492773 -0.006368875 0.0291084 0.2535274 -0.0083009 0.03533905 0.2487882 -0.006368875 0.03435415 0.2480024 -0.0083009 0.03720957 0.2462693 -0.0083009 0.0407539 0.2401703 -0.01046991 0.03785461 0.2467143 -0.01046991 0.04145997 0.2405114 -0.006368875 0.0361725 0.2455533 -0.004776895 0.03479892 0.2446054 -0.006368875 0.03961879 0.2396243 -0.004776895 0.03811502 0.2389003 -0.0083009 0.04230123 0.2365673 -0.006368875 0.04112333 0.2361203 -0.006368875 0.04288697 0.2302843 -0.004776895 0.03956276 0.2355294 -0.003609955 0.03770262 0.2348233 -0.004776895 0.04125982 0.2299124 -0.003609955 0.03932029 0.2294703 -0.002975881 0.03585898 0.2341244 -0.002975881 0.03739804 0.2290313 -0.003609955 0.04004091 0.2253363 -0.003609955 0.04033643 0.2204502 -0.004776895 0.04201585 0.2255764 -0.004776895 0.04232591 0.2204502 -0.002975881 0.03808373 0.2250983 -0.002975881 0.0383647 0.2204502 -0.002760887 0.03603851 0.2248502 -0.002760887 0.03393292 0.2333943 -0.002760887 0.03603851 0.2160513 -0.002760887 0.03393292 0.2075083 -0.002975881 0.03739804 0.2118703 -0.002975881 0.03808373 0.2158033 -0.003609955 0.04004091 0.2155653 -0.003609955 0.03932029 0.2114313 -0.004776895 0.03956276 0.2053734 -0.004776895 0.04125982 0.2109892 -0.003609955 0.03770262 0.2060784 -0.003609955 0.03632271 0.2028653 -0.002975881 0.03585898 0.2067773 -0.004776895 0.03811502 0.2020024 -0.003609955 0.03316175 0.1974263 -0.006368875 0.03961879 0.2012773 -0.006368875 0.0361725 0.1953483 -0.004776895 0.03479892 0.1962963 -0.006368875 0.03435415 0.1928993 -0.004776895 0.0330491 0.1939393 -0.006368875 0.02735704 0.1859022 -0.003609955 0.0314939 0.1951802 -0.004776895 0.02631646 0.1872073 -0.003609955 0.02507609 0.1887624 -0.004776895 0.01825428 0.1821414 -0.003609955 0.008824288 0.1809353 -0.006368875 0.01897829 0.1806373 -0.003609955 0.01739114 0.1839333 -0.006368875 0.009638369 0.1773692 -0.004776895 0.009266972 0.1789963 -0.003609955 -1.94728e-4 0.1799193 -0.006368875 -1.94728e-4 0.1762614 -0.004776895 -1.94728e-4 0.1779302 -0.0083009 -1.94728e-4 0.1750013 -0.01046991 -1.94728e-4 0.1742173 -0.0083009 0.009918749 0.1761413 -0.01046991 0.01009315 0.1753764 -0.0083009 0.01952511 0.1795023 -0.01046991 0.01986515 0.1787964 -0.0083009 0.02814263 0.1849173 -0.0083009 0.03533905 0.1921133 -0.01046991 0.02863121 0.1843042 -0.01276081 0.02879709 0.1840963 -0.01046991 0.03595197 0.1916244 -0.01276081 0.03615993 0.1914594 -0.01046991 0.03785461 0.1941874 -0.0083009 0.03720957 0.1946324 -0.0083009 0.0407539 0.2007313 -0.0083009 0.04230123 0.2043343 -0.006368875 0.04112333 0.2047814 -0.01046991 0.04145997 0.2003914 -0.01276081 0.04169964 0.2002754 -0.01046991 0.04303413 0.2040563 -0.01046991 0.04487937 0.2101632 -0.0083009 0.0441153 0.2103374 -0.01276081 0.04513871 0.2101033 -0.01046991 0.04570156 0.2148783 -0.01276081 0.04630464 0.2204502 -0.01276081 0.04513871 0.2307983 -0.01046991 0.04603856 0.2204502 -0.01046991 0.04570156 0.2260243 -0.0083009 0.04492348 0.2259293 -0.01046991 0.04487937 0.2307384 -0.0083009 0.0441153 0.2305642 -0.01046991 0.04303413 0.2368453 -0.01276081 0.04169964 0.2406263 -0.01276081 0.03615993 0.2494423 -0.0083009 0.04525476 0.2204502 -0.006368875 0.0439949 0.2204502 -0.006368875 0.04367274 0.2257773 -0.0083009 0.04492348 0.2149723 -0.006368875 0.04367274 0.2151243 -0.006368875 0.04288697 0.2106174 -0.004776895 0.04201585 0.2153252 -0.01276081 0.01998049 0.1785563 -0.01276081 0.01015228 0.1751173 -0.01276081 -1.94728e-4 0.1739513 -0.002975881 -1.94728e-4 0.1818913 -0.002975881 0.008385539 0.1828583 -0.002760887 0.008540153 0.1850123 -0.002760887 -1.94728e-4 0.1839513 -0.002975881 0.01653558 0.1857103 -0.002760887 0.01676744 0.1881324 -0.002975881 0.02384674 0.1903033 -0.002760887 0.02400887 0.1931303 -0.002760887 0.02984362 0.1997174 -0.002975881 0.02995222 0.1964093 -0.002975881 0.0315392 0.1985464 -0.002975881 0.03454613 0.2037203 -0.002760887 0.02984362 0.2411854 -0.002975881 0.03454613 0.2371814 -0.003609955 0.03632271 0.2380363 -0.002975881 0.0315392 0.2423553 -0.003609955 0.0314939 0.2457213 -0.002975881 0.02995222 0.2444924 -0.003609955 0.03316175 0.2434753 -0.004776895 0.0330491 0.2469623 -0.004776895 0.02800166 0.2522783 -0.01276081 -0.02037006 0.2623453 -0.01046991 -0.02025461 0.2621064 -0.0083009 -0.01991444 0.2613994 -0.01046991 -0.02902078 0.2565974 -0.0083009 -0.02853196 0.2559844 -0.006368875 -0.02774637 0.2549994 -0.01046991 -0.0363413 0.2492773 -0.0083009 -0.03572863 0.2487882 -0.01046991 -0.03824394 0.2467143 -0.0083009 -0.0375989 0.2462693 -0.0083009 -0.04114323 0.2401703 -0.0083009 -0.04269081 0.2365673 -0.01046991 -0.04184955 0.2405114 -0.01276081 -0.04208922 0.2406263 -0.01046991 -0.04342371 0.2368453 -0.01046991 -0.04526895 0.2307384 -0.01276081 -0.04552829 0.2307983 -0.01046991 -0.04609102 0.2260243 -0.01276081 -0.04669404 0.2204502 -0.01276081 -0.04552829 0.2101033 -0.0083009 -0.04531294 0.2259293 -0.0083009 -0.04450482 0.2305642 -0.01276081 -0.03654927 0.2494423 -0.01276081 -0.0291866 0.2568054 -0.004776895 -1.94728e-4 0.1779302 -0.03226089 0.0397951 0.2410843 -0.03427881 0.04335653 0.2316102 -0.03226089 0.04344719 0.2314193 -0.03620994 0.04462611 0.2215523 -0.03226089 0.04479873 0.2211763 -0.03226089 0.04377806 0.2108943 -0.03795087 0.04353702 0.2114384 -0.03941088 0.04014629 0.2018003 -0.03226089 0.04043906 0.2011163 -0.04051387 0.0346325 0.1931463 -0.03226089 0.03495806 0.1923583 -0.04120081 0.02728557 0.1859303 -0.03226089 0.02762371 0.1850802 -0.04143589 0.01849204 0.1805334 -0.03226089 0.01882266 0.1796673 -0.04120689 0.008714377 0.1772383 -0.03226089 0.009019255 0.1764053 -0.04052489 -0.001532912 0.1762183 -0.03942781 -0.011711 0.1775283 -0.03226089 -0.001269996 0.1754643 -0.03226089 -0.01150262 0.1768953 -0.03226089 -0.02113908 0.1806234 -0.03797197 -0.0212844 0.1810973 -0.0362339 -0.02974957 0.1867393 -0.03430491 -0.03666108 0.1941573 -0.03226089 -0.02967137 0.1864503 -0.03226089 -0.03664964 0.1940693 -0.03228688 -0.04165565 0.2029603 -0.03226089 -0.04170584 0.2030802 -0.03227794 -0.04167246 0.2030004 -0.03226995 -0.04168915 0.2030403 -0.04475796 -1.94728e-4 0.2639394 -0.04473882 0.01039141 0.2626244 -0.04492688 -1.94728e-4 0.2640333 -0.04492688 0.01023519 0.2627673 -0.04507488 -1.94728e-4 0.2641574 -0.04507488 0.01026499 0.2628874 -0.04519689 -1.94728e-4 0.2643083 -0.04519689 0.01030105 0.2630344 -0.04528689 -1.94728e-4 0.2644794 -0.04528689 0.010342 0.2632003 -0.0453419 -1.94728e-4 0.2646654 -0.0453419 0.01038622 0.2633803 -0.04536092 0.01043242 0.2635673 -0.04536092 -1.94728e-4 0.2648574 -0.04528689 0.01971471 0.2597214 -0.04536092 0.02044194 0.2597714 -0.04468894 0.0268014 0.2545114 -0.04536092 0.02925229 0.2536894 -0.04471486 0.01946163 0.2592213 -0.04519689 0.01963716 0.2595683 -0.04507488 0.01956903 0.2594344 -0.04492688 0.01951289 0.2593234 -0.04477 0.01947313 0.2592443 -0.04507488 0.02695351 0.2547034 -0.04492688 0.02687633 0.2546064 -0.04477 0.02682173 0.2545374 -0.04465687 0.03304868 0.2484263 -0.04536092 0.0363512 0.2456763 -0.04507488 0.03324633 0.2485933 -0.04492688 0.03315109 0.2485123 -0.04477 0.03308397 0.2484562 -0.04492688 0.03567278 0.2452083 -0.04462194 0.03796041 0.2412194 -0.04507488 0.03577524 0.2452793 -0.04492688 0.03808426 0.2412863 -0.04477 0.03800714 0.2412443 -0.04477 0.04047322 0.2358744 -0.04477 0.04138982 0.2331984 -0.04458683 0.04133051 0.2331802 -0.04458296 0.04132729 0.2331793 -0.04492688 0.04055529 0.2359054 -0.04507488 0.0406717 0.2359493 -0.04492688 0.0414738 0.2332233 -0.04507488 0.04159271 0.2332602 -0.04492688 0.04306972 0.2257043 -0.04477 0.04298245 0.2256933 -0.04454284 0.04302722 0.2246273 -0.04449999 0.04297852 0.2158943 -0.04536092 0.04388809 0.2258033 -0.0453419 0.04369688 0.2257803 -0.04528689 0.04351288 0.2257583 -0.04519689 0.04334282 0.2257373 -0.04507488 0.04319334 0.2257193 -0.0453419 0.04377514 0.2158102 -0.04528689 0.04359078 0.2158303 -0.04519689 0.04342049 0.2158483 -0.04492688 0.04314678 0.2158774 -0.04458683 0.04299777 0.2158923 -0.04507488 0.04327052 0.2158644 -0.04477 0.04305934 0.2158863 -0.04536092 0.04388809 0.2150983 -0.04536092 0.04132616 0.2047044 -0.04507488 0.04147034 0.2072494 -0.04492688 0.04135185 0.2072862 -0.04477 0.04126805 0.2073134 -0.04458683 0.04120904 0.2073323 -0.04445892 0.04118877 0.2073383 -0.04442 0.0377177 0.1993153 -0.04477 0.04047322 0.2050273 -0.04492688 0.04055529 0.2049963 -0.04477 0.03779512 0.1992723 -0.04458683 0.03774118 0.1993023 -0.04477 0.03560048 0.1957433 -0.04438698 0.0327146 0.1921464 -0.04492688 0.03567278 0.1956933 -0.04492688 0.03787189 0.1992293 -0.04477 0.032781 0.1920893 -0.04458683 0.03273397 0.1921303 -0.04441183 0.03271538 0.1921464 -0.04458683 0.02860635 0.1879413 -0.04477 0.02864736 0.1878954 -0.04436486 0.02637535 0.1861293 -0.04458683 0.02639263 0.1861073 -0.04441183 0.02637761 0.1861263 -0.04458683 0.01998937 0.1819933 -0.04435485 0.01896256 0.1815003 -0.04477 0.0200181 0.1819384 -0.04477 0.02643054 0.1860584 -0.04492688 0.02648437 0.1859893 -0.04492688 0.02870553 0.1878293 -0.04507488 0.02878808 0.1877363 -0.04492688 0.03284764 0.1920323 -0.04507488 0.02656066 0.1858903 -0.04492688 0.02005887 0.1818603 -0.0453419 0.02035254 0.1813012 -0.04528689 0.02026641 0.1814653 -0.04519689 0.02018684 0.1816173 -0.04507488 0.0201168 0.1817502 -0.0453419 0.02912443 0.1873563 -0.04528689 0.02900165 0.1874953 -0.04519689 0.0288881 0.1876233 -0.04536092 0.02044194 0.1811302 -0.04536092 0.02925229 0.1872123 -0.04536092 0.0363512 0.1952252 -0.04507488 0.03294187 0.1919513 -0.0453419 0.03619271 0.1953343 -0.04528689 0.03604 0.1954402 -0.04519689 0.03589922 0.1955373 -0.04507488 0.03577524 0.1956223 -0.04507488 0.03798073 0.1991693 -0.04519689 0.04081267 0.2048982 -0.04507488 0.0406717 0.2049522 -0.0453419 0.04114598 0.2047723 -0.04528689 0.04097265 0.2048383 -0.04536092 0.01043242 0.1773343 -0.0453419 0.0109772 0.1776713 -0.04528689 0.01093035 0.1778513 -0.04519689 0.01088708 0.1780164 -0.04507488 0.01084899 0.1781623 -0.04492688 0.01081758 0.1782833 -0.04477 0.01079547 0.1783683 -0.04458683 0.01077967 0.1784284 -0.04441183 0.01077347 0.1784514 -0.04436188 0.0107724 0.1784553 -0.04438191 0.002152264 0.1771084 -0.04441297 -0.00656116 0.1775153 -0.04536092 -1.94728e-4 0.1760443 -0.04441183 0.002152264 0.1771063 -0.04458683 0.002153575 0.1770824 -0.04477 0.002156913 0.1770203 -0.04492688 0.002161622 0.1769323 -0.04507488 0.002168357 0.1768082 -0.04536092 -0.01082175 0.1773343 -0.04458683 -0.006565034 0.1774883 -0.04507488 -0.006605327 0.1772164 -0.04492688 -0.006587088 0.1773403 -0.04477 -0.006574213 0.1774274 -0.04477 -0.01060348 0.1782202 -0.04492688 -0.01062452 0.1781353 -0.04507488 -0.01065433 0.1780143 -0.04492688 -0.01507377 0.1794873 -0.04477 -0.01504385 0.1795693 -0.04458683 -0.01502275 0.1796283 -0.04477 -0.02040743 0.1819384 -0.04492688 -0.02044844 0.1818603 -0.04444986 -0.015015 0.1796483 -0.04448586 -0.02183967 0.1828193 -0.04452186 -0.0280264 0.1871243 -0.04536092 -0.02083152 0.1811302 -0.0453419 -0.02074187 0.1813012 -0.04528689 -0.02065587 0.1814653 -0.04519689 -0.02057617 0.1816173 -0.04507488 -0.02050626 0.1817502 -0.0453419 -0.0285356 0.1865143 -0.04528689 -0.02841675 0.1866573 -0.04507488 -0.0282104 0.1869043 -0.04477 -0.02807432 0.1870673 -0.04458683 -0.0280345 0.1871142 -0.04519689 -0.02830702 0.1867883 -0.04492688 -0.02813065 0.1869993 -0.04536092 -0.02964162 0.1872123 -0.04536092 -0.03674066 0.1952252 -0.04455488 -0.03294628 0.1919373 -0.04507488 -0.03315889 0.1917523 -0.04492688 -0.03306514 0.1918333 -0.04477 -0.0329988 0.1918913 -0.04458683 -0.03295207 0.1919323 -0.04477 -0.03598994 0.1957433 -0.04458683 -0.03704184 0.1974583 -0.04492688 -0.03606224 0.1956933 -0.04507488 -0.0361647 0.1956223 -0.04519689 -0.03628855 0.1955373 -0.04528689 -0.03642958 0.1954402 -0.0453419 -0.03658217 0.1953343 -0.0453419 -0.04093348 0.2032684 -0.04528689 -0.04076278 0.2033402 -0.04519689 -0.04060488 0.2034074 -0.04507488 -0.04046607 0.2034664 -0.04477 -0.04027038 0.2035483 -0.04492688 -0.04035151 0.2035143 -0.04461789 -0.04022032 0.2035694 -0.04536092 -0.04171562 0.2047044 -0.04466086 -0.04313963 0.2138333 -0.04469388 -0.04355049 0.2234354 -0.04477 -0.04318153 0.2138264 -0.04536092 -0.04427742 0.2150983 -0.04536092 -0.04427742 0.2258033 -0.04519689 -0.04394865 0.2234623 -0.04519689 -0.04354035 0.2137713 -0.04507488 -0.04339146 0.2137943 -0.04507488 -0.0437982 0.2234523 -0.04492688 -0.04367417 0.2234433 -0.04477 -0.04358643 0.2234373 -0.04492688 -0.04326856 0.2138134 -0.04536092 -0.04171562 0.2361973 -0.04471993 -0.04211944 0.2319483 -0.04507488 -0.04234516 0.2320103 -0.04477 -0.04214048 0.2319543 -0.04492688 -0.04222524 0.2319773 -0.04492688 -0.04094487 0.2359054 -0.04473996 -0.03904742 0.2399613 -0.04507488 -0.04106128 0.2359493 -0.04477 -0.03906363 0.2399693 -0.04492688 -0.03914219 0.2400094 -0.04507488 -0.03925341 0.2400643 -0.04507488 -0.0361647 0.2452793 -0.04492688 -0.03606224 0.2452083 -0.04475587 -0.0344637 0.2472243 -0.04492688 -0.0345388 0.2472823 -0.04477 -0.03446954 0.2472273 -0.04492688 -0.02909511 0.2530724 -0.04476588 -0.0285443 0.2534274 -0.04507488 -0.02917766 0.2531663 -0.04507488 -0.03463691 0.2473583 -0.04519689 -0.03475552 0.2474514 -0.0453419 -0.03658217 0.2455673 -0.04536092 -0.02964162 0.2536894 -0.04528689 -0.03642958 0.2454624 -0.04536092 -0.03674066 0.2456763 -0.04519689 -0.03628855 0.2453643 -0.0453419 -0.02951407 0.2535454 -0.04528689 -0.02939105 0.2534074 -0.04519689 -0.02927756 0.2532784 -0.04536092 -0.02083152 0.2597714 -0.04519689 -0.0216903 0.2586794 -0.04507488 -0.02161645 0.2585484 -0.04492688 -0.02155554 0.2584394 -0.04477089 -0.02151221 0.2583624 -0.04477 -0.0136274 0.2618184 -0.04477 -0.01362746 0.2618194 -0.04507488 -0.01065433 0.2628874 -0.04476588 -0.007010877 0.2634064 -0.04477 -0.007010996 0.2634084 -0.04475796 -1.94728e-4 0.2639394 -0.04492688 -1.94728e-4 0.2640333 -0.04507488 -1.94728e-4 0.2641574 -0.04492688 -0.007024884 0.2634944 -0.04507488 -0.007044315 0.2636174 -0.04519689 -0.01069045 0.2630344 -0.04519689 -0.007067978 0.2637664 -0.04519689 -1.94728e-4 0.2643083 -0.04528689 -1.94728e-4 0.2644794 -0.0453419 -1.94728e-4 0.2646654 -0.04536092 -1.94728e-4 0.2648574 -0.04536092 -0.01082175 0.2635673 -0.04519689 -0.0137397 0.2621644 -0.0453419 -0.0107758 0.2633803 -0.04528689 -0.01073133 0.2632003 -0.04507488 -0.01369321 0.2620214 -0.04492688 -0.01365464 0.2619023 -0.0453419 -0.04153543 0.2361294 -0.04528689 -0.0413621 0.2360633 -0.04519689 -0.041202 0.2360033 -0.04507488 -0.01511633 0.1793702 -0.04528689 -0.01073133 0.1777013 -0.04519689 -0.01069045 0.1778683 -0.0453419 -0.0107758 0.1775213 -0.04536092 0.04132616 0.2361973 -0.04507488 0.03819364 0.2413462 -0.0453419 0.04114598 0.2361294 -0.04528689 0.04097265 0.2360633 -0.04519689 0.04081267 0.2360033 -0.0453419 0.03619271 0.2455673 -0.04528689 0.03604 0.2454624 -0.04519689 0.03589922 0.2453643 -0.03336089 -1.94728e-4 0.2714503 -0.03336089 0.01115357 0.2701714 -0.03331881 -1.94728e-4 0.2711003 -0.03319782 -1.94728e-4 0.2707694 -0.03331881 0.01107561 0.2698304 -0.03319782 0.01100212 0.2695074 -0.03300184 0.01093679 0.2692224 -0.03319782 0.02163743 0.2657864 -0.03300184 0.02151036 0.2655224 -0.03274291 0.02140653 0.2653064 -0.03300184 0.0309953 0.2595624 -0.03274291 0.03084605 0.2593753 -0.03243494 0.03073877 0.2592403 -0.03274291 0.03872931 0.2514924 -0.03300184 0.0389164 0.2516414 -0.03243494 0.03859466 0.2513844 -0.03300184 0.04487627 0.2421563 -0.03274291 0.04466062 0.2420523 -0.03243494 0.04450535 0.2419773 -0.03215289 0.04442846 0.2419403 -0.03243494 0.04817473 0.2314913 -0.03215289 0.04809165 0.2314723 -0.03186088 0.04806345 0.2314653 -0.03243494 0.04941868 0.2204502 -0.03215289 0.04933345 0.2204502 -0.03243494 0.04817473 0.2094113 -0.03215289 0.04809165 0.2094293 -0.03186088 0.0493046 0.2204502 -0.03186088 0.04806345 0.2094364 -0.03186088 0.04440253 0.1989743 -0.03215289 0.04442846 0.1989613 -0.03243494 0.04450535 0.1989244 -0.03243494 0.03859466 0.1895173 -0.03215289 0.0385279 0.1895703 -0.03186088 0.03850543 0.1895883 -0.03215289 0.03068554 0.1817283 -0.03186088 0.02128219 0.1758533 -0.03186088 0.0306676 0.1817502 -0.03243494 0.03073877 0.1816613 -0.03215289 0.02129471 0.1758273 -0.03243494 0.0213316 0.1757503 -0.03215289 0.01082623 0.1721643 -0.03243494 0.0108453 0.1720813 -0.03186088 0.01081991 0.1721923 -0.03215289 -1.94728e-4 0.1709223 -0.03243494 -1.94728e-4 0.1708374 -0.03215289 -0.01121562 0.1721643 -0.03186088 -1.94728e-4 0.1709513 -0.03186088 -0.01120924 0.1721923 -0.03186088 -0.02167165 0.1758533 -0.03215289 -0.02168411 0.1758273 -0.03243494 -0.02172118 0.1757503 -0.03215289 -0.031075 0.1817283 -0.03243494 -0.01123476 0.1720813 -0.03274291 -0.01127296 0.1719133 -0.03274291 -1.94728e-4 0.1706653 -0.03300184 -1.94728e-4 0.1704254 -0.03300184 -0.01132637 0.1716803 -0.03300184 0.01093679 0.1716803 -0.03274291 0.01088351 0.1719133 -0.03300184 0.02151036 0.1753793 -0.03274291 0.02140653 0.1755954 -0.03300184 0.0309953 0.1813393 -0.03274291 0.03084605 0.1815264 -0.03274291 0.03872931 0.1894103 -0.03300184 0.0389164 0.1892603 -0.03300184 0.04487627 0.1987453 -0.03274291 0.04466062 0.1988493 -0.03274291 0.04834282 0.2093724 -0.03300184 0.04857605 0.2093193 -0.03300184 0.04983031 0.2204502 -0.03274291 0.04959106 0.2204502 -0.03274291 0.04834282 0.2315292 -0.03300184 0.04857605 0.2315824 -0.03319782 0.04886204 0.2316483 -0.03319782 0.05012363 0.2204502 -0.03319782 0.0451405 0.2422833 -0.03331881 0.04543846 0.2424263 -0.03319782 0.03914558 0.2518244 -0.03319782 0.03117823 0.2597914 -0.03331881 0.03940439 0.2520304 -0.03331881 0.03138434 0.2600503 -0.03336089 0.03160274 0.2603234 -0.03336089 0.03967803 0.2522484 -0.03336089 0.04575407 0.2425783 -0.03336089 0.04952579 0.2317993 -0.03331881 0.04918456 0.2317214 -0.03331881 0.05045431 0.2204502 -0.03336089 0.05080461 0.2204502 -0.03336089 0.04952579 0.2091023 -0.03331881 0.04918456 0.2091802 -0.03319782 0.04886204 0.2092543 -0.03331881 0.04543846 0.1984753 -0.03319782 0.0451405 0.1986184 -0.03319782 0.03914558 0.1890783 -0.03331881 0.03940439 0.1888713 -0.03319782 0.03117823 0.1811103 -0.03331881 0.03138434 0.1808513 -0.03331881 0.02178096 0.1748173 -0.03319782 0.02163743 0.1751153 -0.03319782 0.01100212 0.1713943 -0.03331881 0.01107561 0.1710714 -0.03319782 -1.94728e-4 0.1701323 -0.03331881 -1.94728e-4 0.1698012 -0.03319782 -0.01139158 0.1713943 -0.03331881 -0.01146519 0.1710714 -0.03319782 -0.02202701 0.1751153 -0.03300184 -0.0218997 0.1753793 -0.03274291 -0.02179586 0.1755954 -0.03319782 -0.03156769 0.1811103 -0.03300184 -0.03138488 0.1813393 -0.03274291 -0.03123563 0.1815264 -0.03300184 -0.03930598 0.1892603 -0.03274291 -0.0391187 0.1894103 -0.03243494 -0.03898406 0.1895173 -0.03274291 -0.0450502 0.1988493 -0.03243494 -0.04489493 0.1989244 -0.03215289 -0.04481804 0.1989613 -0.03243494 -0.04856431 0.2094113 -0.03215289 -0.04848098 0.2094293 -0.03215289 -0.03891742 0.1895703 -0.03243494 -0.0311281 0.1816613 -0.03186088 -0.03889489 0.1895883 -0.03186088 -0.031057 0.1817502 -0.03186088 -0.04479199 0.1989743 -0.03186088 -0.04845303 0.2094364 -0.03186088 -0.04969406 0.2204502 -0.03215289 -0.04972285 0.2204502 -0.03215289 -0.04848098 0.2314723 -0.03186088 -0.04845303 0.2314653 -0.03186088 -0.04479199 0.2419283 -0.03215289 -0.04481804 0.2419403 -0.03243494 -0.04489493 0.2419773 -0.03215289 -0.03891742 0.2513313 -0.03243494 -0.04856431 0.2314913 -0.03243494 -0.04980826 0.2204502 -0.03274291 -0.04873228 0.2315292 -0.03300184 -0.04896563 0.2315824 -0.03274291 -0.0450502 0.2420523 -0.03300184 -0.05021989 0.2204502 -0.03274291 -0.04998052 0.2204502 -0.03300184 -0.04896563 0.2093193 -0.03274291 -0.04873228 0.2093724 -0.03300184 -0.04526585 0.1987453 -0.03319782 -0.04552996 0.1986184 -0.03319782 -0.03953516 0.1890783 -0.03331881 -0.03979372 0.1888713 -0.03331881 -0.03177392 0.1808513 -0.03331881 -0.02217054 0.1748173 -0.03336089 -0.02232247 0.1745023 -0.03336089 -0.03199213 0.1805783 -0.03336089 -0.04006761 0.1886533 -0.03336089 -0.04614353 0.1983233 -0.03331881 -0.04582804 0.1984753 -0.03331881 -0.04957389 0.2091802 -0.03319782 -0.04925137 0.2092543 -0.03319782 -0.05051296 0.2204502 -0.03331881 -0.05084389 0.2204502 -0.03331881 -0.04957389 0.2317214 -0.03319782 -0.04925137 0.2316483 -0.03331881 -0.04582804 0.2424263 -0.03319782 -0.04552996 0.2422833 -0.03300184 -0.04526585 0.2421563 -0.03319782 -0.03953516 0.2518244 -0.03300184 -0.03930598 0.2516414 -0.03274291 -0.0391187 0.2514924 -0.03300184 -0.03138488 0.2595624 -0.03274291 -0.03123563 0.2593753 -0.03243494 -0.03898406 0.2513844 -0.03243494 -0.0311281 0.2592403 -0.03274291 -0.02179586 0.2653064 -0.03300184 -0.0218997 0.2655224 -0.03243494 -0.02172118 0.2651514 -0.03243494 -0.01123476 0.2688203 -0.03274291 -0.01127296 0.2689884 -0.03300184 -0.01132637 0.2692224 -0.03300184 -1.94728e-4 0.2704764 -0.03274291 -1.94728e-4 0.2702364 -0.03243494 -1.94728e-4 0.2700644 -0.03215289 -0.01121562 0.2687373 -0.03215289 -1.94728e-4 0.2699794 -0.03186088 -1.94728e-4 0.2699503 -0.03186088 -0.01120924 0.2687094 -0.03186088 -0.02167165 0.2650484 -0.03186088 -0.031057 0.2591513 -0.03215289 -0.031075 0.2591734 -0.03215289 -0.02168411 0.2650744 -0.03186088 -0.03889489 0.2513133 -0.03319782 -1.94728e-4 0.2707694 -0.03331881 -1.94728e-4 0.2711003 -0.03319782 -0.01139158 0.2695074 -0.03331881 -0.01146519 0.2698304 -0.03319782 -0.02202701 0.2657864 -0.03331881 -0.02217054 0.2660843 -0.03331881 -0.03177392 0.2600503 -0.03319782 -0.03156769 0.2597914 -0.03336089 -0.04006761 0.2522484 -0.03331881 -0.03979372 0.2520304 -0.03336089 -0.03199213 0.2603234 -0.03336089 -0.02232247 0.2663994 -0.03336089 -0.01154297 0.2701714 -0.03336089 -1.94728e-4 0.2714503 -0.03336089 -0.04614353 0.2425783 -0.03336089 -0.04991537 0.2317993 -0.03336089 -0.05119407 0.2204502 -0.03336089 -0.04991537 0.2091023 -0.03336089 -0.01154297 0.1707303 -0.03336089 -1.94728e-4 0.1694512 -0.03336089 0.01115357 0.1707303 -0.03336089 0.02193289 0.1745023 -0.03336089 0.03160274 0.1805783 -0.03336089 0.03967803 0.1886533 -0.03336089 0.04575407 0.1983233 -0.03336089 0.02193289 0.2663994 -0.03331881 0.02178096 0.2660843 -0.03186088 0.04440253 0.2419283 -0.03186088 0.03850543 0.2513133 -0.03186088 0.0306676 0.2591513 -0.03215289 0.0385279 0.2513313 -0.03215289 0.03068554 0.2591734 -0.03186088 0.02128219 0.2650484 -0.03243494 0.0213316 0.2651514 -0.03215289 0.02129471 0.2650744 -0.03243494 0.0108453 0.2688203 -0.03215289 0.01082623 0.2687373 -0.03186088 0.01081991 0.2687094 -0.03186088 -1.94728e-4 0.2699503 -0.03215289 -1.94728e-4 0.2699794 -0.03243494 -1.94728e-4 0.2700644 -0.03274291 -1.94728e-4 0.2702364 -0.03300184 -1.94728e-4 0.2704764 -0.03274291 0.01088351 0.2689884 0.002239108 -1.94728e-4 0.1914513 0.002239108 -0.007134616 0.1922942 0.001071095 -1.94728e-4 0.1913133 0.001071095 -0.007167816 0.1921594 -3.08752e-5 -0.00726521 0.1917642 0.002239108 -0.01367139 0.1947733 0.001071095 -0.01373571 0.1946502 -3.08752e-5 -0.01392465 0.1942902 0.001071095 -0.01951652 0.1986414 0.002239108 -0.01942503 0.1987444 0.002239108 -0.0240609 0.2039773 -3.08752e-5 -0.01978629 0.1983363 0.001071095 -0.02417463 0.2038993 -3.08752e-5 -0.02450937 0.2036674 0.001071095 -0.02743887 0.2101184 -3.08752e-5 -0.02781939 0.2099744 -0.001008987 -0.02021938 0.1978473 -0.001008987 -0.02504682 0.2032973 -0.001805841 -0.02575713 0.2028063 -0.001805841 -0.02079164 0.1972013 -0.001008987 -0.02842992 0.2097424 -0.001805841 -0.02923691 0.2094364 -3.08752e-5 -0.02952373 0.2168893 -0.001008987 -0.03017199 0.2168114 -0.001805841 -0.0310288 0.2167073 -3.08752e-5 -0.02952373 0.2240123 -0.001008987 -0.03017199 0.2240914 -0.001008987 -0.02842992 0.2311593 -0.001805841 -0.02923691 0.2314653 -0.001805841 -0.0310288 0.2241944 -3.08752e-5 -0.02781939 0.2309273 0.001071095 -0.02417463 0.2370033 -3.08752e-5 -0.02450937 0.2372343 0.001071095 -0.02743887 0.2307833 0.001071095 -0.0291199 0.2239633 0.001071095 -0.0291199 0.2169383 0.002239108 -0.02898275 0.2239463 0.002239108 -0.02730983 0.2307343 0.002239108 -0.0240609 0.2369244 0.002239108 -0.01942503 0.2421573 0.002239108 -0.01367139 0.2461293 0.001071095 -0.01951652 0.2422614 -3.08752e-5 -0.01978629 0.2425653 0.001071095 -0.01373571 0.2462513 0.002239108 -0.007134616 0.2486073 -3.08752e-5 -0.01392465 0.2466112 0.001071095 -0.007167816 0.2487423 0.001071095 -1.94728e-4 0.2495883 0.002239108 -1.94728e-4 0.2494503 -3.08752e-5 -0.00726521 0.2491374 -3.08752e-5 -1.94728e-4 0.2499953 -0.001008987 -0.007421374 0.2497712 -0.001008987 -0.01422822 0.2471894 -0.001805841 -0.007627964 0.2506094 -0.001805841 -0.0146293 0.2479534 -0.001008987 -0.02021938 0.2430543 -0.001805841 -0.02079164 0.2437003 -0.002380967 -0.0151059 0.2488623 -0.002380967 -0.02147167 0.2444673 -0.001805841 -0.02575713 0.2380954 -0.002380967 -0.02660107 0.2386783 -0.002664864 -0.02737301 0.2392103 -0.002380967 -0.03019577 0.2318294 -0.002664864 -0.03107279 0.2321614 -0.002380967 -0.03204691 0.2243183 -0.002664864 -0.03297793 0.2244313 -0.002664864 -0.03297793 0.2164703 -0.002760887 -0.03198474 0.2325073 -0.002760887 -0.03394639 0.2245494 -0.002760887 -0.03394639 0.2163523 -0.002760887 -0.03198474 0.2083944 -0.002760887 -0.02817577 0.2011374 -0.002664864 -0.03107279 0.2087403 -0.002664864 -0.02737301 0.2016913 -0.002380967 -0.02660107 0.2022243 -0.002664864 -0.02209377 0.1957322 -0.002380967 -0.03019577 0.2090734 -0.002760887 -0.0227406 0.1950023 -0.002760887 -0.01599508 0.1903454 -0.002664864 -0.01554179 0.1912093 -0.002380967 -0.02147167 0.1964343 -0.002380967 -0.0151059 0.1920403 -0.002664864 -0.008097887 0.1883863 -0.002760887 -0.008331298 0.1874393 -0.002380967 -0.007873415 0.1892973 -0.002380967 -1.94728e-4 0.1883643 -0.002664864 -1.94728e-4 0.1874263 -0.002760887 -1.94728e-4 0.1864513 -0.001805841 -1.94728e-4 0.1893903 -0.001008987 -1.94728e-4 0.1902533 -0.001805841 -0.007627964 0.1902922 -0.001008987 -0.007421374 0.1911302 -0.001805841 -0.0146293 0.1929483 -0.001008987 -0.01422822 0.1937123 -3.08752e-5 -1.94728e-4 0.1909064 -0.002380967 -0.03204691 0.2165833 -0.002760887 -0.02817577 0.2397643 -0.002760887 -0.0227406 0.2459002 -0.002664864 -0.02209377 0.2451694 -0.002760887 -0.01599508 0.2505564 -0.002760887 -0.008331298 0.2534623 -0.002664864 -0.008097887 0.2525153 -0.002664864 -0.01554179 0.2496923 -0.002380967 -0.007873415 0.2516043 -0.002380967 -1.94728e-4 0.2525374 -0.002760887 -1.94728e-4 0.2544503 -0.002664864 -1.94728e-4 0.2534753 -0.002760887 0.007941842 0.2534623 -0.002664864 0.00770843 0.2525153 -0.002380967 0.01471632 0.2488623 -0.002664864 0.01515221 0.2496923 -0.002760887 0.0156055 0.2505564 -0.002380967 0.007483959 0.2516043 -0.001805841 0.007238507 0.2506094 -0.001805841 0.01423972 0.2479534 -0.001805841 0.02040231 0.2437003 -0.001008987 0.01383864 0.2471894 -0.001008987 0.0198298 0.2430543 -3.08752e-5 0.01353532 0.2466112 -0.001008987 0.007031977 0.2497712 -3.08752e-5 0.01939696 0.2425653 0.001071095 0.02378517 0.2370033 -3.08752e-5 0.02411997 0.2372343 0.001071095 0.01912719 0.2422614 0.002239108 0.01903545 0.2421573 0.001071095 0.01334625 0.2462513 0.001071095 0.006778359 0.2487423 -3.08752e-5 0.006875753 0.2491374 0.002239108 0.01328206 0.2461293 0.002239108 0.006745219 0.2486073 -0.001008987 -1.94728e-4 0.2506484 -0.001805841 -1.94728e-4 0.2515113 0.002239108 0.02367132 0.2369244 0.002239108 0.02692025 0.2307343 0.002239108 0.02859342 0.2239463 0.001071095 0.02704954 0.2307833 -3.08752e-5 0.02742981 0.2309273 0.001071095 0.02873057 0.2239633 0.002239108 0.02859342 0.2169554 -3.08752e-5 0.02913439 0.2240123 0.001071095 0.02873057 0.2169383 0.001071095 0.02704954 0.2101184 0.002239108 0.02692025 0.2101674 -3.08752e-5 0.02913439 0.2168893 -3.08752e-5 0.02742981 0.2099744 -0.001008987 0.02804034 0.2097424 -0.001008987 0.02978265 0.2240914 -0.001008987 0.02978265 0.2168114 -0.001805841 0.03063941 0.2167073 -0.001805841 0.03063941 0.2241944 -0.002380967 0.03165733 0.2243183 -0.001805841 0.02884745 0.2314653 -0.002380967 0.02980631 0.2318294 -0.002664864 0.03068321 0.2321614 -0.002380967 0.0262115 0.2386783 -0.002664864 0.02698343 0.2392103 -0.002760887 0.03159528 0.2325073 -0.002760887 0.02778631 0.2397643 -0.002664864 0.02170431 0.2451694 -0.002760887 0.02235114 0.2459002 -0.002380967 0.02108234 0.2444673 -0.001805841 0.02536755 0.2380954 -0.001008987 0.02465724 0.2376053 -0.001008987 0.02804034 0.2311593 -0.002760887 0.03355681 0.2245494 -0.002760887 0.03355681 0.2163523 -0.002664864 0.0325886 0.2244313 -0.002380967 0.03165733 0.2165833 -0.002664864 0.0325886 0.2164703 -0.002664864 0.03068321 0.2087403 -0.002760887 0.03159528 0.2083944 -0.002760887 0.02778631 0.2011374 -0.002664864 0.02698343 0.2016913 -0.002380967 0.02108234 0.1964343 -0.002664864 0.02170431 0.1957322 -0.002760887 0.02235114 0.1950023 -0.002380967 0.0262115 0.2022243 -0.001805841 0.02536755 0.2028063 -0.002380967 0.02980631 0.2090734 -0.001805841 0.02040231 0.1972013 -0.001008987 0.01383864 0.1937123 -0.001805841 0.01423972 0.1929483 -0.001008987 0.0198298 0.1978473 -3.08752e-5 0.01939696 0.1983363 -0.001008987 0.02465724 0.2032973 -3.08752e-5 0.01353532 0.1942902 0.001071095 0.006778359 0.1921594 -3.08752e-5 0.006875753 0.1917642 0.001071095 0.01334625 0.1946502 0.002239108 0.01328206 0.1947733 0.001071095 0.01912719 0.1986414 0.002239108 0.006745219 0.1922942 0.002239108 -1.94728e-4 0.1914513 0.001071095 -1.94728e-4 0.1913133 -3.08752e-5 -1.94728e-4 0.1909064 -0.001008987 -1.94728e-4 0.1902533 -0.001008987 0.007031977 0.1911302 -0.001805841 0.007238507 0.1902922 -0.002380967 0.01471632 0.1920403 -0.002380967 0.007483959 0.1892973 -0.001805841 -1.94728e-4 0.1893903 -0.002380967 -1.94728e-4 0.1883643 -0.002664864 -1.94728e-4 0.1874263 -0.002760887 -1.94728e-4 0.1864513 -0.002664864 0.00770843 0.1883863 -0.002760887 0.007941842 0.1874393 -0.002664864 0.01515221 0.1912093 -0.002760887 0.0156055 0.1903454 0.001071095 0.02378517 0.2038993 -3.08752e-5 0.02411997 0.2036674 0.002239108 0.01903545 0.1987444 0.002239108 0.02367132 0.2039773 -0.001805841 0.02884745 0.2094364 -0.001008987 -0.02504682 0.2376053 0.002239108 -0.02898275 0.2169554 0.002239108 -0.02730983 0.2101674 -0.0348609 -1.94728e-4 0.2754504 -0.0348609 0.01162832 0.2741643 -0.03456795 -1.94728e-4 0.2754214 -0.03456795 0.01162225 0.2741364 -0.03428691 -1.94728e-4 0.2753364 -0.03428691 0.01160395 0.2740524 -0.03456795 0.02288675 0.2703403 -0.03428691 0.02285093 0.2702633 -0.0348609 0.02289885 0.2703674 -0.03456795 0.03307193 0.2642124 -0.0348609 0.03308928 0.2642354 -0.03428691 0.03302019 0.2641444 -0.03456795 0.04170167 0.2560383 -0.0348609 0.04172348 0.2560563 -0.03428691 0.04163646 0.2559824 -0.03456795 0.0483722 0.2461993 -0.03428691 0.0482968 0.2461593 -0.03456795 0.05277204 0.2351573 -0.0348609 0.04839766 0.2462133 -0.0348609 0.05279982 0.2351644 -0.0348609 0.05472373 0.2234283 -0.03456795 0.05469501 0.2234274 -0.03428691 0.05460983 0.2234224 -0.03428691 0.05396723 0.2115713 -0.03456795 0.05405145 0.2115573 -0.03456795 0.05087155 0.2001042 -0.0348609 0.05407989 0.2115533 -0.0348609 0.05089831 0.2000933 -0.0348609 0.04532754 0.1895864 -0.0348609 0.03762823 0.1805213 -0.03456795 0.0453037 0.1896023 -0.03456795 0.03760838 0.1805423 -0.03428691 0.04523307 0.1896502 -0.03428691 0.03754973 0.1806043 -0.03456795 0.02814549 0.1733493 -0.0348609 0.02816033 0.1733243 -0.03428691 0.0281015 0.1734223 -0.03456795 0.01735728 0.1683583 -0.03428691 0.01733011 0.1684393 -0.03456795 0.00574851 0.1658022 -0.0348609 0.01736646 0.1683303 -0.0348609 0.005751729 0.1657743 -0.0348609 -0.006141126 0.1657743 -0.03456795 -0.006137967 0.1658022 -0.03428691 -0.006128728 0.1658872 -0.03456795 -0.01774686 0.1683583 -0.03428691 -0.0177195 0.1684393 -0.03456795 -0.02853482 0.1733493 -0.0348609 -0.01775604 0.1683303 -0.0348609 -0.02854979 0.1733243 -0.03456795 -0.03799784 0.1805423 -0.0348609 -0.03801769 0.1805213 -0.0348609 -0.045717 0.1895864 -0.03456795 -0.04569303 0.1896023 -0.03428691 -0.03793919 0.1806043 -0.03428691 -0.0456224 0.1896502 -0.03456795 -0.05126088 0.2001042 -0.0348609 -0.05128777 0.2000933 -0.03428691 -0.05118167 0.2001353 -0.03428691 -0.05435681 0.2115713 -0.03456795 -0.05444103 0.2115573 -0.0348609 -0.05446934 0.2115533 -0.03428691 -0.05499935 0.2234224 -0.03456795 -0.0550844 0.2234274 -0.03428691 -0.05307912 0.2351343 -0.03456795 -0.0531615 0.2351573 -0.0348609 -0.05511319 0.2234283 -0.0348609 -0.05318915 0.2351644 -0.0348609 -0.04878711 0.2462133 -0.0348609 -0.04211294 0.2560563 -0.03456795 -0.04876178 0.2461993 -0.03428691 -0.04868638 0.2461593 -0.03428691 -0.04202604 0.2559824 -0.03456795 -0.04209113 0.2560383 -0.03456795 -0.03346139 0.2642124 -0.0348609 -0.03347873 0.2642354 -0.03428691 -0.03340977 0.2641444 -0.03428691 -0.02324026 0.2702633 -0.03456795 -0.02327615 0.2703403 -0.0348609 -0.02328819 0.2703674 -0.0348609 -0.01201778 0.2741643 -0.03428691 -0.01199328 0.2740524 -0.03456795 -0.01201158 0.2741364 -0.0348609 -1.94728e-4 0.2754504 -0.03456795 -1.94728e-4 0.2754214 -0.03428691 -1.94728e-4 0.2753364 -0.03397887 -1.94728e-4 0.2751634 -0.03371995 -1.94728e-4 0.2749244 -0.03397887 -0.01195633 0.2738844 -0.03371995 -0.01190477 0.2736503 -0.03397887 -0.0231679 0.2701074 -0.03371995 -0.02306753 0.2698894 -0.03371995 -0.0331605 0.2638173 -0.03397887 -0.03330534 0.2640073 -0.03371995 -0.04171234 0.2557163 -0.03397887 -0.04189473 0.2558714 -0.03371995 -0.04832255 0.2459663 -0.03397887 -0.04853415 0.2460783 -0.03397887 -0.05291312 0.2350883 -0.03371995 -0.05268251 0.2350243 -0.03397887 -0.05482727 0.2234133 -0.03371995 -0.05395042 0.2116383 -0.03397887 -0.05418676 0.2115993 -0.03371995 -0.05458813 0.2234003 -0.03352385 -0.05429548 0.2233843 -0.0334019 -0.05396521 0.2233663 -0.03352385 -0.05240011 0.2349454 -0.0334019 -0.05333477 0.2117394 -0.03352385 -0.0536611 0.2116854 -0.0334019 -0.05021947 0.2005193 -0.03352385 -0.05052679 0.2003964 -0.03371995 -0.05079931 0.2002884 -0.0334019 -0.04476529 0.1902313 -0.03352385 -0.04503899 0.1900452 -0.03371995 -0.04528164 0.1898813 -0.0334019 -0.03722697 0.1813563 -0.03352385 -0.03745436 0.1811163 -0.03371995 -0.02827858 0.1737753 -0.03371995 -0.03765594 0.1809033 -0.03352385 -0.02812755 0.1740263 -0.0334019 -0.01738888 0.1694203 -0.03352385 -0.01749444 0.1691063 -0.0334019 -0.02795702 0.1743093 -0.03336089 -0.01727712 0.1697522 -0.03336089 -0.02777642 0.1746094 -0.03336089 -0.03698617 0.1816103 -0.03336089 -0.04447537 0.1904274 -0.03336089 -0.04989433 0.2006484 -0.03336089 -0.05298924 0.2117953 -0.03336089 -0.05361557 0.2233474 -0.03336089 -0.05174398 0.2347633 -0.0334019 -0.05208122 0.2348573 -0.0334019 -0.04777133 0.2456743 -0.03352385 -0.04806351 0.2458293 -0.0334019 -0.04123663 0.2553123 -0.03352385 -0.04148876 0.2555264 -0.03336089 -0.04746186 0.2455103 -0.03336089 -0.04096972 0.2550854 -0.03336089 -0.03257101 0.2630414 -0.0334019 -0.03278303 0.2633203 -0.03352385 -0.03298324 0.2635834 -0.0334019 -0.02280551 0.2693234 -0.03352385 -0.02294439 0.2696234 -0.0334019 -0.0117706 0.2730414 -0.03336089 -0.02265834 0.2690054 -0.03336089 -0.01169544 0.2726994 -0.03336089 -1.94728e-4 0.2739503 -0.0334019 -1.94728e-4 0.2743003 -0.03352385 -1.94728e-4 0.2746314 -0.03352385 -0.01184183 0.2733644 -0.03336089 -0.005979001 0.1672654 -0.03336089 0.005589485 0.1672654 -0.0334019 0.005627334 0.1669173 -0.0334019 -0.00601685 0.1669173 -0.03352385 -0.006052613 0.1665884 -0.03371995 -0.006084263 0.1662963 -0.03371995 -0.01758801 0.1688293 -0.03352385 0.005663156 0.1665884 -0.03371995 0.01719868 0.1688293 -0.03371995 0.005694866 0.1662963 -0.0334019 0.01699948 0.1694203 -0.03352385 0.0171051 0.1691063 -0.0334019 0.02756756 0.1743093 -0.03352385 0.02773809 0.1740263 -0.03371995 0.02788925 0.1737753 -0.03397887 0.02801263 0.1735702 -0.03397887 0.01727515 0.1686023 -0.03371995 0.03726661 0.1809033 -0.03352385 0.03706485 0.1811163 -0.03397887 0.03743124 0.1807293 -0.03352385 0.04464966 0.1900452 -0.03371995 0.04489231 0.1898813 -0.03371995 0.05040985 0.2002884 -0.03397887 0.04509031 0.1897463 -0.03352385 0.05013746 0.2003964 -0.0334019 0.05294519 0.2117394 -0.03352385 0.05327177 0.2116854 -0.03371995 0.05356109 0.2116383 -0.0334019 0.04983001 0.2005193 -0.0334019 0.04437577 0.1902313 -0.0334019 0.03683739 0.1813563 -0.03336089 0.04408591 0.1904274 -0.03336089 0.03659659 0.1816103 -0.03336089 0.04950475 0.2006484 -0.03336089 0.05259966 0.2117953 -0.03336089 0.05322611 0.2233474 -0.03336089 0.0513544 0.2347633 -0.0334019 0.05357575 0.2233663 -0.03352385 0.05390608 0.2233843 -0.0334019 0.05169183 0.2348573 -0.03352385 0.05201053 0.2349454 -0.03371995 0.05229318 0.2350243 -0.03371995 0.0541988 0.2234003 -0.0334019 0.04738175 0.2456743 -0.03352385 0.04767405 0.2458293 -0.0334019 0.0408473 0.2553123 -0.03352385 0.0410993 0.2555264 -0.03371995 0.04793322 0.2459663 -0.03397887 0.04814457 0.2460783 -0.03397887 0.05252379 0.2350883 -0.03371995 0.04132276 0.2557163 -0.03397887 0.04150515 0.2558714 -0.03352385 0.03259366 0.2635834 -0.03371995 0.03277117 0.2638173 -0.03397887 0.03291589 0.2640073 -0.03352385 0.02255493 0.2696234 -0.03371995 0.02267795 0.2698894 -0.03397887 0.02277857 0.2701074 -0.03371995 0.01151531 0.2736503 -0.03397887 0.01156675 0.2738844 -0.03397887 -1.94728e-4 0.2751634 -0.03371995 -1.94728e-4 0.2749244 -0.03352385 -1.94728e-4 0.2746314 -0.0334019 -1.94728e-4 0.2743003 -0.03352385 0.01145231 0.2733644 -0.0334019 0.01138114 0.2730414 -0.03336089 -1.94728e-4 0.2739503 -0.03336089 0.02226901 0.2690054 -0.0334019 0.02241605 0.2693234 -0.03336089 0.01130592 0.2726994 -0.0334019 0.03239357 0.2633203 -0.03336089 0.03218162 0.2630414 -0.03336089 0.04058039 0.2550854 -0.03336089 0.04707247 0.2455103 -0.03428691 0.05268979 0.2351343 -0.03397887 0.05443769 0.2234133 -0.03397887 0.0537973 0.2115993 -0.03397887 0.05063205 0.2001993 -0.03428691 0.05079209 0.2001353 -0.03336089 0.02738702 0.1746094 -0.03336089 0.01688766 0.1697522 -0.03397887 0.005720615 0.1660593 -0.03428691 0.005739331 0.1658872 -0.03397887 -0.006110191 0.1660593 -0.03397887 -0.01766461 0.1686023 -0.03397887 -0.02840209 0.1735702 -0.03428691 -0.02849096 0.1734223 -0.03397887 -0.03782057 0.1807293 -0.03397887 -0.04547989 0.1897463 -0.03397887 -0.05102151 0.2001993 -0.04536092 -1.94728e-4 0.2739503 -0.04533195 -1.94728e-4 0.2742424 -0.04533195 0.01136893 0.2729853 -0.04536092 0.01130592 0.2726994 -0.04533195 0.02239191 0.2692714 -0.04536092 0.02226901 0.2690054 -0.04536092 0.03218162 0.2630414 -0.04533195 0.03235864 0.2632743 -0.04524689 0.02251005 0.2695264 -0.04524689 0.03252893 0.2634984 -0.04533195 0.04080343 0.2552754 -0.04536092 0.04058039 0.2550854 -0.04524689 0.04101783 0.2554574 -0.04524689 0.0475797 0.2457793 -0.04533195 0.04733109 0.2456473 -0.04533195 0.05163633 0.2348424 -0.04536092 0.04707247 0.2455103 -0.04536092 0.0513544 0.2347633 -0.04533195 0.05351817 0.2233633 -0.04536092 0.05322611 0.2233474 -0.04533195 0.05288857 0.2117483 -0.04536092 0.05259966 0.2117953 -0.04533195 0.04977673 0.2005403 -0.04536092 0.04950475 0.2006484 -0.04533195 0.04432827 0.1902633 -0.04536092 0.04408591 0.1904274 -0.04536092 0.03659659 0.1816103 -0.04533195 0.03679794 0.1813983 -0.04524689 0.04456102 0.1901053 -0.04524689 0.03699135 0.1811944 -0.04533195 0.02753788 0.1743593 -0.04536092 0.02738702 0.1746094 -0.04524689 0.02768296 0.1741183 -0.04533195 0.01698112 0.1694753 -0.04524689 0.01707082 0.1692084 -0.04536092 0.01688766 0.1697522 -0.04524689 0.005651593 0.1666944 -0.04533195 0.005621135 0.1669744 -0.04533195 -0.006010532 0.1669744 -0.04536092 0.005589485 0.1672654 -0.04536092 -0.005979001 0.1672654 -0.04533195 -0.01737058 0.1694753 -0.04536092 -0.01727712 0.1697522 -0.04533195 -0.02792721 0.1743593 -0.04536092 -0.02777642 0.1746094 -0.04533195 -0.03718727 0.1813983 -0.04536092 -0.03698617 0.1816103 -0.04536092 -0.04447537 0.1904274 -0.04533195 -0.0447176 0.1902633 -0.04524689 -0.0449506 0.1901053 -0.04524689 -0.05042743 0.2004363 -0.04533195 -0.05016613 0.2005403 -0.04536092 -0.04989433 0.2006484 -0.04533195 -0.0532779 0.2117483 -0.04524689 -0.0535556 0.2117023 -0.04524689 -0.0541886 0.2233784 -0.04533195 -0.05390775 0.2233633 -0.04536092 -0.05298924 0.2117953 -0.04536092 -0.05361557 0.2233474 -0.04533195 -0.05202591 0.2348424 -0.04536092 -0.05174398 0.2347633 -0.04536092 -0.04746186 0.2455103 -0.04533195 -0.04772055 0.2456473 -0.04533195 -0.04119277 0.2552754 -0.04536092 -0.04096972 0.2550854 -0.04533195 -0.03274822 0.2632743 -0.04536092 -0.03257101 0.2630414 -0.04533195 -0.02278137 0.2692714 -0.04536092 -0.02265834 0.2690054 -0.04533195 -0.01175826 0.2729853 -0.04536092 -0.01169544 0.2726994 -0.04536092 -1.94728e-4 0.2739503 -0.04533195 -1.94728e-4 0.2742424 -0.04524689 -1.94728e-4 0.2745243 -0.04524689 -0.01181876 0.2732604 -0.04507392 -0.01188486 0.2735603 -0.04524689 -0.02289938 0.2695264 -0.04524689 -0.03291851 0.2634984 -0.04507392 -0.02302867 0.2698064 -0.04507392 -0.03310453 0.2637434 -0.04483497 -0.04183918 0.2558243 -0.04507392 -0.04164183 0.2556564 -0.04483497 -0.03326123 0.2639494 -0.04454195 -0.03337991 0.2641053 -0.04483497 -0.02313739 0.2700403 -0.04454195 -0.04198849 0.2559514 -0.04454195 -0.04864281 0.2461364 -0.04421091 -0.04208147 0.2560294 -0.04386091 -0.04878711 0.2462133 -0.04421091 -0.04875051 0.2461934 -0.04421091 -0.03345376 0.2642024 -0.04386091 -0.04211294 0.2560563 -0.04386091 -0.03347873 0.2642354 -0.04386091 -0.02328819 0.2703674 -0.04421091 -0.0232709 0.2703294 -0.04454195 -0.02321964 0.2702184 -0.04421091 -0.01200902 0.2741244 -0.04421091 -1.94728e-4 0.2754084 -0.04454195 -0.01198267 0.2740043 -0.04386091 -1.94728e-4 0.2754504 -0.04386091 -0.01201778 0.2741643 -0.04454195 -1.94728e-4 0.2752863 -0.04483497 -0.01194053 0.2738134 -0.04483497 -1.94728e-4 0.2750903 -0.04507392 -1.94728e-4 0.2748314 -0.04386091 -0.05318915 0.2351644 -0.04421091 -0.05314934 0.2351533 -0.04454195 -0.05303174 0.2351213 -0.04483497 -0.05284297 0.2350683 -0.04483497 -0.04846972 0.2460443 -0.04421091 -0.05507189 0.2234263 -0.04454195 -0.05494999 0.2234193 -0.04483497 -0.05411469 0.2116113 -0.04483497 -0.05475437 0.2234094 -0.04421091 -0.05442845 0.2115594 -0.04454195 -0.05430799 0.2115793 -0.04421091 -0.0512492 0.2001093 -0.04454195 -0.05113577 0.2001544 -0.04483497 -0.05095392 0.2002264 -0.04421091 -0.0456826 0.1896094 -0.04454195 -0.04558157 0.1896772 -0.04483497 -0.04541957 0.1897873 -0.04454195 -0.03790515 0.1806403 -0.04483497 -0.02836441 0.1736323 -0.04421091 -0.03798907 0.1805514 -0.04483497 -0.03777045 0.1807823 -0.04454195 -0.02846539 0.1734644 -0.04421091 -0.01774281 0.1683703 -0.04454195 -0.01770383 0.1684854 -0.04421091 -0.02852845 0.1733603 -0.04386091 -0.01775604 0.1683303 -0.04386091 -0.02854979 0.1733243 -0.04386091 -0.03801769 0.1805213 -0.04386091 -0.045717 0.1895864 -0.04386091 -0.05128777 0.2000933 -0.04386091 -0.05446934 0.2115533 -0.04386091 -0.05511319 0.2234283 -0.04386091 -0.006141126 0.1657743 -0.04421091 -0.006136715 0.1658153 -0.04386091 0.005751729 0.1657743 -0.04454195 -0.006123483 0.1659363 -0.04421091 0.005747199 0.1658153 -0.04454195 0.005734026 0.1659363 -0.04421091 0.01735335 0.1683703 -0.04421091 0.02813899 0.1733603 -0.04386091 0.01736646 0.1683303 -0.04454195 0.01731443 0.1684854 -0.04454195 0.02807605 0.1734644 -0.04483497 0.02797508 0.1736323 -0.04483497 0.01725172 0.1686713 -0.04483497 0.005712807 0.1661313 -0.04507392 0.005684733 0.1663883 -0.04483497 -0.006102204 0.1661313 -0.04507392 -0.006074309 0.1663883 -0.04524689 -0.00604099 0.1666944 -0.04507392 -0.01755863 0.1689163 -0.04524689 -0.0174604 0.1692084 -0.04524689 -0.02807229 0.1741183 -0.04507392 -0.02823102 0.1738543 -0.04524689 -0.03738087 0.1811944 -0.04507392 -0.03759247 0.1809703 -0.04507392 -0.04520511 0.1899334 -0.04507392 -0.05071336 0.2003223 -0.04507392 -0.05385929 0.2116533 -0.04507392 -0.05449593 0.2233953 -0.04507392 -0.05259341 0.2349994 -0.04524689 -0.05229693 0.2349174 -0.04507392 -0.0482409 0.2459233 -0.04524689 -0.04796916 0.2457793 -0.04524689 -0.04140722 0.2554574 -0.04483497 -0.0176413 0.1686713 -0.04507392 0.01716905 0.1689163 -0.04507392 0.02784144 0.1738543 -0.04483497 0.03738105 0.1807823 -0.04507392 0.03720301 0.1809703 -0.04507392 0.04481565 0.1899334 -0.04483497 0.05056434 0.2002264 -0.04507392 0.0503239 0.2003223 -0.04524689 0.05003798 0.2004363 -0.04483497 0.04502999 0.1897873 -0.04454195 0.04519224 0.1896772 -0.04421091 0.04529327 0.1896094 -0.04454195 0.03751569 0.1806403 -0.04421091 0.05085968 0.2001093 -0.04454195 0.05074644 0.2001544 -0.04454195 0.0539186 0.2115793 -0.04421091 0.05403912 0.2115594 -0.04483497 0.05372536 0.2116113 -0.04454195 0.0545606 0.2234193 -0.04483497 0.05436491 0.2234094 -0.04507392 0.05410647 0.2233953 -0.04454195 0.05264216 0.2351213 -0.04483497 0.05245339 0.2350683 -0.04483497 0.0480802 0.2460443 -0.04507392 0.05220401 0.2349994 -0.04454195 0.04825323 0.2461364 -0.04421091 0.04169189 0.2560294 -0.04454195 0.04159903 0.2559514 -0.04421091 0.04836118 0.2461934 -0.04386091 0.04839766 0.2462133 -0.04386091 0.04172348 0.2560563 -0.04421091 0.05275976 0.2351533 -0.04386091 0.05279982 0.2351644 -0.04421091 0.05468249 0.2234263 -0.04386091 0.05472373 0.2234283 -0.04386091 0.05407989 0.2115533 -0.04386091 0.05089831 0.2000933 -0.04386091 0.04532754 0.1895864 -0.04386091 0.03762823 0.1805213 -0.04386091 0.02816033 0.1733243 -0.04421091 0.03759974 0.1805514 -0.04386091 0.03308928 0.2642354 -0.04386091 0.02289885 0.2703674 -0.04421091 0.0330643 0.2642024 -0.04454195 0.03299033 0.2641053 -0.04421091 0.02288132 0.2703294 -0.04454195 0.02283006 0.2702184 -0.04421091 0.01161944 0.2741244 -0.04386091 -1.94728e-4 0.2754504 -0.04421091 -1.94728e-4 0.2754084 -0.04454195 0.01159334 0.2740043 -0.04386091 0.01162832 0.2741643 -0.04454195 -1.94728e-4 0.2752863 -0.04483497 0.0115512 0.2738134 -0.04507392 0.01149553 0.2735603 -0.04483497 0.02274793 0.2700403 -0.04507392 0.02263921 0.2698064 -0.04483497 -1.94728e-4 0.2750903 -0.04507392 -1.94728e-4 0.2748314 -0.04524689 -1.94728e-4 0.2745243 -0.04524689 0.0114293 0.2732604 -0.04507392 0.0327152 0.2637434 -0.04483497 0.0328719 0.2639494 -0.04507392 0.04125237 0.2556564 -0.04483497 0.0414496 0.2558243 -0.04507392 0.0478515 0.2459233 -0.04524689 0.05190747 0.2349174 -0.04524689 0.05379927 0.2233784 -0.04524689 0.05316627 0.2117023 -0.04507392 0.05346971 0.2116533 -0.03228688 -0.04165565 0.2029603 -0.03227794 -0.04167246 0.2030004 -0.02577495 -0.04114234 0.2031784 -0.03226995 -0.04168915 0.2030403 -0.03226089 -0.04170584 0.2030802 -0.0255739 -0.04401201 0.2130854 -0.02177184 -0.04038172 0.2035013 -0.01786082 -0.03929013 0.2039643 -0.01786082 -0.04212254 0.2137923 -0.01786082 -0.04252064 0.2240123 -0.0255739 -0.04455161 0.2233814 -0.03226089 -0.04511207 0.2238303 -0.03226089 -0.04463809 0.2132533 -0.0255739 -0.04270207 0.2335243 -0.03226089 -0.04310131 0.2342253 -0.01786082 -0.04046136 0.2340303 -0.0255739 -0.03856343 0.2429673 -0.03226089 -0.03871726 0.2438623 -0.01786082 -0.03606426 0.2432653 -0.0255739 -0.0323584 0.2512014 -0.01786082 -0.0295853 0.2511784 -0.0255739 -0.02442193 0.2577834 -0.03226089 -0.03220278 0.2522084 -0.03226089 -0.02391839 0.2588003 -0.03226089 -0.01432293 0.2632754 -0.0255739 -0.01518154 0.2623564 -0.01786082 -0.01198571 0.2613083 -0.0255739 -0.005135357 0.2646763 -0.01786082 -0.02140057 0.2573114 -0.0255739 0.005174577 0.2646164 -0.03226089 -0.003947556 0.2653834 -0.01786082 -0.001888275 0.2629354 -0.01786082 0.008305072 0.2620983 -0.01786082 0.01800209 0.2588464 -0.0255739 0.01519292 0.2621803 -0.03226089 0.0168336 0.2621734 -0.03226089 0.006633162 0.2650094 -0.0255739 0.02437967 0.2574993 -0.03226089 0.02608895 0.2570313 -0.01786082 0.0266391 0.2533684 -0.0255739 0.03223901 0.2508264 -0.03226089 0.03388667 0.2498703 -0.01786082 0.03371423 0.2459833 -0.0255739 0.03834778 0.2425203 -0.01786082 0.03881621 0.2371183 -0.03226089 0.0397951 0.2410843 -0.0255739 0.04237627 0.2330293 -0.01786082 0.04164844 0.2272902 -0.03351491 0.04411876 0.2280963 -0.0255739 0.04410749 0.2228653 -0.03427881 0.04335653 0.2316102 -0.03620994 0.04462611 0.2215523 -0.03795087 0.04353702 0.2114384 -0.03351491 0.04466539 0.2176643 -0.03351491 0.0427916 0.2073863 -0.0255739 0.04344815 0.2125763 -0.01786082 0.04204654 0.2170714 -0.0255739 0.04043382 0.2027163 -0.01786082 0.03998738 0.2070523 -0.01786082 0.03559041 0.1978183 -0.01786082 0.02911132 0.1899043 -0.0255739 0.03522682 0.1938173 -0.03351491 0.03231072 0.1894743 -0.0255739 0.02810794 0.1863594 -0.03351491 0.03859794 0.1978183 -0.03941088 0.04014629 0.2018003 -0.04051387 0.0346325 0.1931463 -0.04120081 0.02728557 0.1859303 -0.03351491 0.02426886 0.1828063 -0.04143589 0.01849204 0.1805334 -0.03351491 0.01490581 0.1781713 -0.04120689 0.008714377 0.1772383 -0.04052489 -0.001532912 0.1762183 -0.03351491 0.004726469 0.1758214 -0.03351491 -0.005720317 0.1758823 -0.0255739 -4.95328e-4 0.1761363 -0.0255739 0.009752035 0.1772743 -0.01786082 0.001414299 0.1781483 -0.01786082 0.01151186 0.1797752 -0.0255739 0.01946097 0.1807444 -0.01786082 0.02092659 0.1837713 -0.01786082 -0.008779048 0.1789844 -0.01786082 -0.01847594 0.1822363 -0.0255739 -0.01072865 0.1773933 -0.0255739 -0.02039659 0.1809763 -0.03351491 -0.01587176 0.1783503 -0.03942781 -0.011711 0.1775283 -0.03797197 -0.0212844 0.1810973 -0.03351491 -0.02518022 0.1830933 -0.0255739 -0.02897769 0.1866914 -0.0362339 -0.02974957 0.1867393 -0.03430491 -0.03666108 0.1941573 -0.03228688 -0.04165565 0.2029603 -0.0255739 -0.03600931 0.1942323 -0.02577495 -0.04114234 0.2031784 -0.02177184 -0.04038172 0.2035013 -0.01786082 -0.03418821 0.1951003 -0.01786082 -0.03929013 0.2039643 -0.01786082 -0.02711308 0.1877143 -0.04452186 -0.0280264 0.1871243 -0.05163484 -0.0301463 0.1926503 -0.04455488 -0.03294628 0.1919373 -0.04448586 -0.02183967 0.1828193 -0.05163484 -0.02290803 0.1865053 -0.05836093 -0.02372479 0.1918534 -0.05836093 -0.01617664 0.1870653 -0.05163484 -0.01444751 0.1821943 -0.05836093 -0.007702112 0.1842234 -0.05163484 -0.00522089 0.1799502 -0.04441297 -0.00656116 0.1775153 -0.04444986 -0.015015 0.1796483 -0.04438191 0.002152264 0.1771084 -0.04436188 0.0107724 0.1784553 -0.05163484 0.004274249 0.1798954 -0.05836093 0.00120604 0.1834924 -0.05836093 0.01003056 0.1849143 -0.05163484 0.01352638 0.1820313 -0.04435485 0.01896256 0.1815003 -0.05836093 0.01825845 0.1884074 -0.05163484 0.02203649 0.1862434 -0.05163484 0.02934581 0.1923043 -0.04436486 0.02637535 0.1861293 -0.05836093 0.02541118 0.1937673 -0.05836093 0.03107357 0.2006832 -0.05836093 0.03491622 0.2087533 -0.05163484 0.03506016 0.1998873 -0.04442 0.0377177 0.1993153 -0.04438698 0.0327146 0.1921464 -0.05163484 0.03887188 0.2085843 -0.05836093 0.03671586 0.2175083 -0.05163484 0.04057502 0.2179263 -0.04449999 0.04297852 0.2158943 -0.04445892 0.04118877 0.2073383 -0.04454284 0.04302722 0.2246273 -0.04458296 0.04132729 0.2331793 -0.05163484 0.04007816 0.2274084 -0.05836093 0.03636795 0.2264403 -0.05836093 0.03389269 0.2350283 -0.05163484 0.03740769 0.2365202 -0.04462194 0.03796041 0.2412194 -0.05163484 0.03270792 0.2447713 -0.04465687 0.03304868 0.2484263 -0.05836093 0.0294339 0.2427753 -0.05163484 0.02623218 0.2517164 -0.05163484 0.01832932 0.2569803 -0.04468894 0.0268014 0.2545114 -0.05836093 0.02325069 0.2492303 -0.05836093 0.01570266 0.2540174 -0.05836093 0.007228136 0.2568594 -0.05163484 0.00942558 0.2602794 -0.05163484 9.32116e-7 0.2614364 -0.04475796 -1.94728e-4 0.2639394 -0.04473882 0.01039141 0.2626244 -0.04471486 0.01946163 0.2592213 -0.04476588 -0.007010877 0.2634064 -0.04477 -0.0136274 0.2618184 -0.05163484 -0.009436547 0.2603893 -0.05836093 -0.001680195 0.2575903 -0.05836093 -0.01050466 0.2561684 -0.05163484 -0.01837795 0.2571933 -0.05836093 -0.0187323 0.2526764 -0.04477089 -0.02151221 0.2583624 -0.05163484 -0.02634149 0.2520224 -0.04476588 -0.0285443 0.2534274 -0.05836093 -0.02588528 0.2473163 -0.05163484 -0.03289783 0.2451533 -0.04473996 -0.03904742 0.2399613 -0.04475587 -0.0344637 0.2472243 -0.05836093 -0.03154742 0.2404003 -0.05163484 -0.03769332 0.2369573 -0.05163484 -0.0404694 0.2278773 -0.05836093 -0.03539007 0.2323303 -0.04471993 -0.04211944 0.2319483 -0.04469388 -0.04355049 0.2234354 -0.04466086 -0.04313963 0.2138333 -0.05163484 -0.04107666 0.2184013 -0.05836093 -0.0368418 0.2146432 -0.05163484 -0.03948235 0.2090402 -0.05836093 -0.03718984 0.2235743 -0.05836093 -0.03436654 0.2060543 -0.05252194 -0.03749603 0.2047263 -0.04864001 -0.03902924 0.2040753 -0.04461789 -0.04022032 0.2035694 -0.05836093 -0.02990788 0.1983073 -0.05163484 -0.0357722 0.2003003 -0.05836093 -0.03436654 0.2060543 -0.05252194 -0.03749603 0.2047263 -0.04864001 -0.03902924 0.2040753 -0.04458683 -0.03704184 0.1974583 -0.04461789 -0.04022032 0.2035694 -0.06336092 0.04302603 0.2389053 -0.06336092 0.03762495 0.2483884 -0.06336092 0.04609507 0.2284333 -0.06336092 0.03849512 0.2369823 -0.06336092 0.04130417 0.2272353 -0.06336092 0.03343498 0.2457743 -0.06336092 0.03018254 0.2563684 -0.06336092 0.02641803 0.2530993 -0.06336092 0.017852 0.2585324 -0.06336092 0.02110028 0.2624184 -0.06336092 0.01086753 0.2662103 -0.06336092 3.64408e-5 0.2675403 -0.06336092 0.008234798 0.2617574 -0.06336092 -0.001874685 0.2625864 -0.06336092 -0.01080954 0.2663363 -0.06336092 -0.01188915 0.2609733 -0.06336092 -0.02122658 0.2570094 -0.06336092 -0.02108556 0.2626634 -0.06336092 -0.03023761 0.2567203 -0.06336092 -0.03777223 0.2488263 -0.06336092 -0.02934402 0.2509264 -0.06336092 -0.03576982 0.2430783 -0.06336092 -0.04328352 0.2394074 -0.06336092 -0.04013067 0.2339193 -0.06336092 -0.0421729 0.2239834 -0.06336092 -0.04647392 0.2289723 -0.06336092 -0.04717195 0.2180812 -0.06336092 -0.04533952 0.2073243 -0.06336092 -0.04177808 0.2138473 -0.06336092 -0.03896898 0.2041003 -0.06336092 -0.04107552 0.1972793 -0.06336092 -0.03390908 0.1953094 -0.06336092 -0.02689212 0.1879843 -0.06336092 -0.03461015 0.1884883 -0.06336092 -0.02629142 0.1814253 -0.06336092 -0.01656836 0.1764702 -0.06336092 -0.0183261 0.1825513 -0.06336092 -0.008708775 0.1793264 -0.06336092 -0.005964756 0.1738923 -0.06336092 0.001400828 0.1784963 -0.06336092 0.0114153 0.1801103 -0.06336092 0.004947543 0.1738293 -0.06336092 0.01558053 0.1762843 -0.06336092 0.0253607 0.1811243 -0.06336092 0.02075248 0.1840733 -0.06336092 0.02887004 0.1901563 -0.06336092 0.0337609 0.1880903 -0.06336092 0.0352959 0.1980053 -0.06336092 0.03965657 0.2071633 -0.06336092 0.04032826 0.1968052 -0.06336092 0.0447086 0.2068003 -0.06336092 0.04666602 0.2175353 -0.06336092 0.04169905 0.2170993 -0.06636095 0.04578763 0.2400773 -0.07231891 0.04578763 0.2400773 -0.06636095 0.04898095 0.2293463 -0.07231891 0.04898095 0.2293463 -0.07231891 0.04970622 0.2181733 -0.06636095 0.04970622 0.2181733 -0.07231891 0.0479272 0.2071193 -0.06636095 0.0479272 0.2071193 -0.07231891 0.043733 0.1967383 -0.06636095 0.043733 0.1967383 -0.07231891 0.0373339 0.1875513 -0.07231891 0.02905094 0.1800184 -0.06636095 0.0373339 0.1875513 -0.06636095 0.02905094 0.1800184 -0.06636095 0.01929914 0.1745173 -0.06636095 0.008568048 0.1713234 -0.07231891 0.008568048 0.1713234 -0.07231891 0.01929914 0.1745173 -0.07231891 -0.002604663 0.1705983 -0.07231891 -0.01365876 0.1723773 -0.06636095 -0.002604663 0.1705983 -0.06636095 -0.01365876 0.1723773 -0.06636095 -0.0240398 0.1765713 -0.07231891 -0.0240398 0.1765713 -0.07231891 -0.03322726 0.1829702 -0.06636095 -0.03322726 0.1829702 -0.07231891 -0.04076033 0.1912534 -0.07231891 -0.04626148 0.2010053 -0.06636095 -0.04076033 0.1912534 -0.06636095 -0.04626148 0.2010053 -0.06636095 -0.0494548 0.2117363 -0.07231891 -0.0494548 0.2117363 -0.07231891 -0.05018013 0.2229093 -0.07231891 -0.04840105 0.2339633 -0.06636095 -0.05018013 0.2229093 -0.06636095 -0.04840105 0.2339633 -0.07231891 -0.04420685 0.2443443 -0.06636095 -0.04420685 0.2443443 -0.07231891 -0.03780794 0.2535324 -0.06636095 -0.03780794 0.2535324 -0.07231891 -0.02952492 0.2610654 -0.06636095 -0.02952492 0.2610654 -0.06636095 -0.01977324 0.2665664 -0.07231891 -0.01977324 0.2665664 -0.07231891 -0.009042024 0.2697594 -0.06636095 0.002130687 0.2704843 -0.07231891 0.002130687 0.2704843 -0.06636095 -0.009042024 0.2697594 -0.07231891 0.01318466 0.2687054 -0.07231891 0.0235657 0.2645114 -0.06636095 0.01318466 0.2687054 -0.06636095 0.0235657 0.2645114 -0.06636095 0.03275316 0.2581123 -0.07231891 0.03275316 0.2581123 -0.07231891 0.04028648 0.2498294 -0.06636095 0.04028648 0.2498294 -0.07231891 0.04578763 0.2400773 -0.06636095 0.04578763 0.2400773 -0.03857791 -0.02900224 0.2083313 -0.05436187 -0.02900224 0.2083313 -0.03857791 -0.02524441 0.2018023 -0.05436187 -0.02524441 0.2018023 -0.03857791 -0.02003312 0.1963623 -0.03857791 -0.01367121 0.1923273 -0.05436187 -0.02003312 0.1963623 -0.05436187 -0.01367121 0.1923273 -0.05436187 -0.006528735 0.1899323 -0.03857791 -0.006528735 0.1899323 -0.03857791 9.79384e-4 0.1893153 -0.03857791 0.008416831 0.1905143 -0.05436187 9.79384e-4 0.1893153 -0.05436187 0.008416831 0.1905143 -0.03857791 0.01535141 0.1934573 -0.05436187 0.01535141 0.1934573 -0.05436187 0.02137994 0.1979753 -0.03857791 0.02137994 0.1979753 -0.03857791 0.02615237 0.2038043 -0.03857791 0.02939105 0.2106063 -0.05436187 0.02615237 0.2038043 -0.05436187 0.02939105 0.2106063 -0.03857791 0.03090775 0.2179853 -0.05436187 0.03090775 0.2179853 -0.05436187 0.03061461 0.2255133 -0.03857791 0.03061461 0.2255133 -0.03857791 0.02852839 0.2327513 -0.03857791 0.02477031 0.2392814 -0.05436187 0.02852839 0.2327513 -0.05436187 0.02477031 0.2392814 -0.03857791 0.01955914 0.2447214 -0.05436187 0.01955914 0.2447214 -0.05436187 0.01319736 0.2487564 -0.03857791 0.01319736 0.2487564 -0.03857791 0.006054759 0.2511513 -0.05436187 0.006054759 0.2511513 -0.03857791 -0.00145334 0.2517674 -0.05436187 -0.00145334 0.2517674 -0.03857791 -0.008890867 0.2505694 -0.05436187 -0.008890867 0.2505694 -0.05436187 -0.01582539 0.2476253 -0.03857791 -0.02185404 0.2431083 -0.05436187 -0.02185404 0.2431083 -0.03857791 -0.01582539 0.2476253 -0.03857791 -0.02662622 0.2372794 -0.05436187 -0.02662622 0.2372794 -0.03857791 -0.0298649 0.2304773 -0.05436187 -0.0298649 0.2304773 -0.05436187 -0.03138172 0.2230983 -0.03857791 -0.03138172 0.2230983 -0.03857791 -0.03108859 0.2155703 -0.03857791 -0.02900224 0.2083313 -0.05436187 -0.03108859 0.2155703 -0.05436187 -0.02900224 0.2083313 -0.05836093 -0.03436654 0.2060543 -0.05836093 -0.0368418 0.2146432 -0.05836093 -0.02990788 0.1983073 -0.05952787 -0.0344938 0.2060004 -0.05952787 -0.03001832 0.1982244 -0.06062996 -0.03034389 0.1979802 -0.05952787 -0.02381229 0.1917463 -0.06062996 -0.02407002 0.1914314 -0.06160789 -0.02448368 0.1909263 -0.05952787 -0.01623588 0.1869413 -0.06062996 -0.01641076 0.1865733 -0.06160789 -0.01669162 0.1859843 -0.06240594 -0.01706266 0.1852043 -0.06160789 -0.007943332 0.1830502 -0.06062996 -0.007811844 0.1836903 -0.06240594 -0.008117079 0.1822053 -0.06160789 0.00125283 0.1822953 -0.06240594 0.001286387 0.1814333 -0.06297993 0.001326203 0.1804082 -0.06160789 0.01036232 0.1837633 -0.06240594 0.01060146 0.1829344 -0.06297993 0.01088529 0.1819484 -0.06326389 0.01114517 0.1810473 -0.06240594 0.01928657 0.1866202 -0.06297993 0.01979804 0.1857314 -0.06326389 0.02026587 0.1849192 -0.06326389 0.00136286 0.1794713 -0.06326389 -0.008512377 0.1802814 -0.06336092 0.0114153 0.1801103 -0.06336092 0.001400828 0.1784963 -0.06336092 -0.008708775 0.1793264 -0.06297993 -0.00832355 0.1812003 -0.06297993 -0.01750344 0.1842783 -0.06326389 -0.01790678 0.1834323 -0.06297993 -0.02568006 0.1894643 -0.06326389 -0.0262742 0.1887394 -0.06336092 -0.0183261 0.1825513 -0.06336092 -0.02689212 0.1879843 -0.06336092 -0.03390908 0.1953094 -0.06326389 -0.03312844 0.1958943 -0.06326389 -0.03807121 0.2044813 -0.06336092 -0.03896898 0.2041003 -0.06297993 -0.03237777 0.1964563 -0.06297993 -0.03720784 0.2048484 -0.06240594 -0.03887671 0.2143154 -0.06297993 -0.03988903 0.2141523 -0.06240594 -0.03626388 0.2052493 -0.06240594 -0.03155726 0.1970713 -0.06160789 -0.03086656 0.1975893 -0.06240594 -0.02503043 0.1902583 -0.06160789 -0.03546935 0.2055863 -0.06062996 -0.03486824 0.2058414 -0.06062996 -0.03737992 0.2145563 -0.06160789 -0.0380246 0.2144523 -0.06062996 -0.03773283 0.2236193 -0.06160789 -0.03838378 0.2236723 -0.06240594 -0.03924387 0.2237433 -0.06160789 -0.03652596 0.2327113 -0.06062996 -0.03590685 0.2325034 -0.06240594 -0.03734415 0.2329853 -0.06062996 -0.03200775 0.2406923 -0.06160789 -0.03255909 0.2410414 -0.06240594 -0.03328806 0.2415043 -0.06062996 -0.02626228 0.2477093 -0.06160789 -0.02671384 0.2481813 -0.06062996 -0.01900428 0.2531483 -0.06160789 -0.01932996 0.2537143 -0.06240594 -0.01976042 0.2544624 -0.06240594 -0.0273109 0.2488043 -0.06297993 -0.02802044 0.2495453 -0.06297993 -0.03415393 0.2420533 -0.06326389 -0.03494614 0.2425553 -0.06297993 -0.03831648 0.2333114 -0.06326389 -0.03920572 0.2336093 -0.06336092 -0.0421729 0.2239834 -0.06336092 -0.04013067 0.2339193 -0.06297993 -0.04026591 0.2238273 -0.06326389 -0.04120075 0.2239034 -0.06336092 -0.03576982 0.2430783 -0.06336092 -0.02934402 0.2509264 -0.06336092 -0.02122658 0.2570094 -0.06326389 -0.02866911 0.2502223 -0.06297993 -0.02027207 0.2553514 -0.06326389 -0.02073997 0.2561643 -0.06297993 -0.01135939 0.2591344 -0.06326389 -0.01161915 0.2600354 -0.06326389 -0.001836836 0.2616124 -0.06336092 -0.01188915 0.2609733 -0.06336092 -0.001874685 0.2625864 -0.06336092 0.008234798 0.2617574 -0.06336092 0.017852 0.2585324 -0.06326389 0.008038401 0.2608013 -0.06297993 0.007849574 0.2598823 -0.06326389 0.01743268 0.2576513 -0.06297993 0.01702958 0.2568044 -0.06297993 0.02520596 0.2516184 -0.06336092 0.02641803 0.2530993 -0.06326389 0.0258001 0.2523444 -0.06326389 0.03265452 0.2451893 -0.06336092 0.03343498 0.2457743 -0.06336092 0.03849512 0.2369823 -0.06326389 0.03759711 0.2366013 -0.06297993 0.03673374 0.2362344 -0.06240594 0.03578978 0.2358343 -0.06297993 0.03190392 0.2446264 -0.06240594 0.03108328 0.2440114 -0.06240594 0.02455633 0.2508254 -0.06160789 0.0240097 0.2501574 -0.06240594 0.01658856 0.2558783 -0.06160789 0.03039246 0.2434943 -0.06062996 0.03439432 0.2352414 -0.06160789 0.03499525 0.2354964 -0.06062996 0.02987003 0.2431023 -0.05952787 0.0340197 0.2350823 -0.05952787 0.02954447 0.2428584 -0.06062996 0.02359586 0.2496523 -0.05952787 0.02333819 0.2493373 -0.05952787 0.01576203 0.2541424 -0.06062996 0.01593691 0.2545093 -0.06160789 0.01621752 0.2550994 -0.06160789 0.007469356 0.2580323 -0.06240594 0.007642984 0.2588784 -0.06240594 -0.001760244 0.2596504 -0.06160789 -0.001726806 0.2587874 -0.06297993 -0.001800239 0.2606753 -0.06240594 -0.01107531 0.2581494 -0.06160789 -0.01083642 0.2573193 -0.06062996 -0.01065558 0.2566924 -0.05952787 -0.0105428 0.2563014 -0.05952787 -0.0016855 0.2577283 -0.06062996 -0.001701295 0.2581353 -0.05952787 0.007255971 0.2569944 -0.06062996 0.007337868 0.2573934 -0.05836093 0.01570266 0.2540174 -0.05836093 0.007228136 0.2568594 -0.05836093 -0.001680195 0.2575903 -0.05836093 -0.01050466 0.2561684 -0.05952787 -0.01880133 0.2527964 -0.05836093 -0.0187323 0.2526764 -0.05836093 -0.02588528 0.2473163 -0.05952787 -0.02598083 0.2474163 -0.05952787 -0.03166425 0.2404743 -0.05952787 -0.03552109 0.2323732 -0.05836093 -0.03154742 0.2404003 -0.05836093 -0.03539007 0.2323303 -0.05836093 -0.03718984 0.2235743 -0.05952787 -0.0373274 0.2235863 -0.05952787 -0.0369783 0.2146214 -0.05836093 0.02325069 0.2492303 -0.05836093 0.0294339 0.2427753 -0.05836093 0.03389269 0.2350283 -0.06326389 -0.04081517 0.2140023 -0.06336092 -0.04177808 0.2138473 -0.06336092 0.02075248 0.1840733 -0.06336092 0.02887004 0.1901563 -0.06326389 0.02819526 0.1908602 -0.06326389 0.03447204 0.1985273 -0.06297993 0.02754646 0.1915383 -0.06240594 0.02683705 0.1922783 -0.06297993 0.03368008 0.1990302 -0.06240594 0.03281396 0.1995792 -0.06240594 0.0368703 0.2080973 -0.06297993 0.03784257 0.2077714 -0.06326389 0.03873187 0.2074733 -0.06240594 0.03877002 0.2173393 -0.06297993 0.03979206 0.2172564 -0.06326389 0.04072684 0.2171794 -0.06336092 0.03965657 0.2071633 -0.06326389 0.04034107 0.2270803 -0.06336092 0.04169905 0.2170993 -0.06336092 0.04130417 0.2272353 -0.06336092 0.03849512 0.2369823 -0.06326389 0.03759711 0.2366013 -0.06297993 0.03673374 0.2362344 -0.06240594 0.03578978 0.2358343 -0.06240594 0.03840261 0.2267683 -0.06297993 0.03941518 0.2269313 -0.06160789 0.03499525 0.2354964 -0.06160789 0.0375505 0.2266303 -0.06160789 0.0379098 0.2174103 -0.06062996 0.03543287 0.2085803 -0.06160789 0.03605186 0.2083723 -0.06062996 0.03725898 0.2174633 -0.06062996 0.03690594 0.2265263 -0.06062996 0.03439432 0.2352414 -0.05952787 0.0365042 0.2264623 -0.05952787 0.0340197 0.2350823 -0.05836093 0.03389269 0.2350283 -0.05836093 0.03636795 0.2264403 -0.05836093 0.03671586 0.2175083 -0.05836093 0.03491622 0.2087533 -0.05952787 0.03685355 0.2174973 -0.05952787 0.03504717 0.2087092 -0.05952787 0.03119027 0.2006093 -0.06062996 0.03153365 0.2003914 -0.05836093 0.03107357 0.2006832 -0.05836093 0.02541118 0.1937673 -0.05836093 0.01825845 0.1884074 -0.05952787 0.02550685 0.1936674 -0.05952787 0.01832735 0.1882873 -0.06062996 0.01018148 0.1843903 -0.06062996 0.01853018 0.1879343 -0.06062996 0.02578818 0.1933733 -0.05836093 0.01003056 0.1849143 -0.05952787 0.01006895 0.1847813 -0.05952787 0.001211524 0.1833543 -0.05836093 0.00120604 0.1834924 -0.05836093 -0.007702112 0.1842234 -0.05836093 -0.01617664 0.1870653 -0.05952787 -0.007729828 0.1840883 -0.06062996 0.001227319 0.1829483 -0.05836093 -0.02372479 0.1918534 -0.06160789 0.02623999 0.1929023 -0.06160789 0.03208518 0.2000414 -0.06160789 0.01885586 0.1873683 -0.06336092 0.0352959 0.1980053 -0.07331597 0.0448032 0.2396603 -0.07331597 0.03941971 0.2492033 -0.07243287 0.04061561 0.2378823 -0.07331597 0.04792821 0.2291584 -0.07331597 0.04863792 0.2182244 -0.07243287 0.04345011 0.2283573 -0.07243287 0.0440939 0.2184402 -0.07047498 0.03989869 0.2186384 -0.07243287 0.04251486 0.2086284 -0.07047498 0.03846889 0.2097554 -0.07331597 0.04689699 0.2074064 -0.07331597 0.04279237 0.1972473 -0.07243287 0.03879195 0.1994134 -0.07243287 0.03724128 0.1967713 -0.07047498 0.03509843 0.2014133 -0.07047498 0.03369456 0.1990203 -0.06755793 0.03193151 0.2031273 -0.06755793 0.03065353 0.2009493 -0.07047498 0.02995598 0.1940293 -0.06755793 0.02725005 0.1964054 -0.07047498 0.02755814 0.1915253 -0.06755793 0.02506721 0.1941263 -0.06385695 0.02515506 0.1982454 -0.06385695 0.0231387 0.1961393 -0.05958998 0.02188742 0.1974453 -0.06385695 0.01955699 0.1931543 -0.06385695 0.01661962 0.1912543 -0.05958998 0.0184974 0.1946203 -0.05958998 0.01571714 0.1928223 -0.06755793 0.02119004 0.1908943 -0.07047498 0.02329957 0.1879754 -0.07047498 0.01980668 0.1857173 -0.06755793 0.01801019 0.1888383 -0.06385695 0.01296651 0.1894363 -0.06755793 0.01405572 0.1868693 -0.06755793 0.00989294 0.1853923 -0.06385695 0.009120881 0.1880713 -0.07047498 0.01546275 0.1835553 -0.07243287 0.02190178 0.1820763 -0.07243287 0.01205325 0.1778963 -0.07047498 0.01089006 0.1819323 -0.07243287 0.01710397 0.1796883 -0.07331597 0.01888144 0.1755013 -0.07331597 0.008379697 0.1723763 -0.07331597 0.0284245 0.1808843 -0.07331597 0.03653019 0.1882573 -0.07243287 0.03046363 0.1884924 -0.07243287 0.02575963 0.1845713 -0.07243287 0.03311187 0.1912583 -0.07331597 -0.002554059 0.1716663 -0.07243287 0.007578492 0.1768543 -0.07243287 0.001490414 0.1761943 -0.07243287 -0.002338588 0.1762102 -0.07047498 0.001326978 0.1803913 -0.07047498 0.006838858 0.1809883 -0.07047498 -0.002139747 0.1804053 -0.06755793 0.001186788 0.1839894 -0.06755793 -0.001969218 0.1840023 -0.06385695 -0.001837134 0.1867873 -0.06755793 -0.007601976 0.1847113 -0.06385695 -0.00704056 0.1874413 -0.06385695 -0.00930804 0.1879903 -0.05958998 -0.006676435 0.1892133 -0.05958998 -0.008822441 0.1897323 -0.05958998 -0.01398646 0.1916654 -0.05436187 -0.006528735 0.1899323 -0.05436187 -0.01367121 0.1923273 -0.05436187 -0.02003312 0.1963623 -0.05958998 -0.02049762 0.1957943 -0.05436187 -0.02524441 0.2018023 -0.06385695 -0.02164345 0.1943954 -0.05958998 -0.02583128 0.2013623 -0.06385695 -0.01476413 0.1900314 -0.06755793 -0.01596266 0.1875144 -0.06755793 -0.01005631 0.1853044 -0.07047498 -0.008327007 0.1811833 -0.07047498 -0.0110231 0.1818354 -0.07243287 -0.009172618 0.1770694 -0.07243287 -0.0121504 0.1777893 -0.07243287 -0.01931649 0.1804714 -0.07047498 -0.01751089 0.1842633 -0.07047498 -0.02569091 0.1894513 -0.06755793 -0.02340966 0.1922373 -0.06755793 -0.02950984 0.1986054 -0.06385695 -0.02727884 0.2002773 -0.06385695 -0.03134244 0.2073383 -0.06755793 -0.03390878 0.2062484 -0.05958998 -0.02967745 0.2080444 -0.05700188 -0.02917194 0.2082593 -0.05436187 -0.02900224 0.2083313 -0.07047498 -0.03722345 0.2048413 -0.07243287 -0.04108971 0.2032003 -0.07047498 -0.03239148 0.1964464 -0.07243287 -0.03575265 0.1939274 -0.07243287 -0.02835154 0.1862013 -0.07331597 -0.0325216 0.1837743 -0.07331597 -0.03989356 0.1918803 -0.07331597 -0.04527705 0.2014234 -0.07331597 -0.02353066 0.1775124 -0.07331597 -0.01337158 0.1734073 -0.05436187 9.79384e-4 0.1893153 -0.05958998 -0.001751542 0.1885943 -0.05958998 0.001007795 0.1885824 -0.05958998 0.005395293 0.1890584 -0.06385695 0.001078248 0.1867753 -0.06385695 0.00571382 0.1872783 -0.06755793 0.006204724 0.1845332 -0.05436187 0.008416831 0.1905143 -0.05958998 0.008619964 0.1898093 -0.05958998 0.01225972 0.1911013 -0.05436187 0.01535141 0.1934573 -0.05436187 0.02137994 0.1979753 -0.05436187 0.02615237 0.2038043 -0.05958998 0.0237959 0.1994383 -0.05958998 0.02677172 0.2034113 -0.06385695 0.02947992 0.2044544 -0.06385695 0.02829927 0.2024424 -0.05958998 0.02788919 0.2053153 -0.06385695 0.03231447 0.2114703 -0.05958998 0.03057199 0.2119563 -0.05436187 0.02939105 0.2106063 -0.05436187 0.03090775 0.2179853 -0.05436187 0.03061461 0.2255133 -0.05958998 0.03170996 0.2190274 -0.05958998 0.03124612 0.2261734 -0.06385695 0.03351694 0.2189413 -0.06755793 0.03630167 0.2188093 -0.06755793 0.03577107 0.2269833 -0.06385695 0.03302675 0.2264924 -0.06385695 0.03086853 0.2337453 -0.06755793 0.03343468 0.2348343 -0.06755793 0.02903586 0.2424774 -0.07047498 0.0367496 0.2362413 -0.07047498 0.03191763 0.2446364 -0.07047498 0.02521681 0.2516314 -0.06755793 0.02293556 0.2488453 -0.07243287 0.03527855 0.2471553 -0.07243287 0.02787744 0.2548814 -0.07331597 0.02305668 0.2635714 -0.07331597 0.03204751 0.2573093 -0.07243287 0.01884239 0.2606114 -0.07331597 0.01289767 0.2676754 -0.07047498 0.010549 0.2592474 -0.07243287 0.01167649 0.2632934 -0.07047498 0.01703691 0.2568194 -0.06755793 0.0154888 0.2535684 -0.06755793 0.009582459 0.2557783 -0.06385695 0.01429027 0.2510514 -0.06385695 0.0211696 0.2466883 -0.05958998 0.0200237 0.2452883 -0.06385695 0.02680486 0.2408053 -0.05958998 0.0253573 0.2397203 -0.05436187 0.01955914 0.2447214 -0.05436187 0.02477031 0.2392814 -0.05958998 0.02920347 0.2330384 -0.05436187 0.02852839 0.2327513 -0.05436187 0.01319736 0.2487564 -0.05436187 0.006054759 0.2511513 -0.05958998 0.008348464 0.2513503 -0.05958998 0.01351261 0.2494183 -0.06385695 0.006566584 0.2536414 -0.06385695 0.008834064 0.2530934 -0.05958998 0.006202459 0.2518693 -0.05958998 0.001277506 0.2524884 -0.06385695 0.001363158 0.2542954 -0.06385695 -0.001552224 0.2543084 -0.06755793 -0.001660764 0.2570933 -0.05958998 -0.001481831 0.2525003 -0.06755793 0.001495242 0.2570803 -0.07047498 -0.001800954 0.2606924 -0.07047498 0.001665771 0.2606773 -0.07047498 0.007853031 0.2598994 -0.06755793 0.007128 0.2563723 -0.07243287 0.001864612 0.2648723 -0.07243287 0.008698642 0.2640134 -0.07331597 0.002080023 0.2694163 -0.07243287 -0.00196439 0.2648884 -0.07331597 -0.008853673 0.2687074 -0.07331597 -0.01935541 0.2655814 -0.07243287 -0.0125271 0.2631863 -0.07243287 -0.008052587 0.2642284 -0.07047498 -0.007312953 0.2600944 -0.07047498 -0.01136416 0.2591513 -0.06755793 -0.00667876 0.2565494 -0.06755793 -0.01036679 0.2556903 -0.06385695 -0.006187677 0.2538054 -0.05958998 -0.005869269 0.2520244 -0.06385695 -0.009594857 0.2530124 -0.06385695 -0.01344043 0.2516474 -0.06755793 -0.01452982 0.2542133 -0.05958998 -0.00909394 0.2512734 -0.05958998 -0.01273357 0.2499822 -0.05436187 -0.008890867 0.2505694 -0.05436187 -0.01582539 0.2476253 -0.05436187 -0.00145334 0.2517674 -0.05436187 -0.02185404 0.2431083 -0.05958998 -0.0189715 0.2464634 -0.05958998 -0.01619124 0.2482613 -0.06385695 -0.01709347 0.2498283 -0.06385695 -0.02003109 0.2479293 -0.06755793 -0.02166414 0.2501884 -0.06755793 -0.01848429 0.2522454 -0.07047498 -0.02028053 0.2553663 -0.07047498 -0.02377355 0.2531073 -0.07047498 -0.01593685 0.2575284 -0.07243287 -0.01757794 0.2613944 -0.07243287 -0.02237576 0.2590064 -0.07243287 -0.02623373 0.2565113 -0.07331597 -0.02889835 0.2601984 -0.07331597 -0.03700429 0.2528263 -0.07243287 -0.03093761 0.2525903 -0.07047498 -0.03042984 0.2470533 -0.07047498 -0.02803224 0.2495573 -0.07243287 -0.03358584 0.2498244 -0.07243287 -0.03771519 0.2443124 -0.07047498 -0.03416854 0.2420623 -0.07243287 -0.03926593 0.2416694 -0.07047498 -0.03557235 0.2396702 -0.06755793 -0.03240561 0.2379553 -0.06755793 -0.03112751 0.2401334 -0.06755793 -0.0277239 0.2446774 -0.06755793 -0.02554118 0.2469574 -0.06385695 -0.02562916 0.2428383 -0.06385695 -0.02361255 0.2449433 -0.05958998 -0.02236127 0.2436373 -0.05958998 -0.02426975 0.2416443 -0.05436187 -0.02662622 0.2372794 -0.05958998 -0.0272457 0.2376713 -0.05958998 -0.02836304 0.2357673 -0.06385695 -0.02877312 0.2386403 -0.06385695 -0.02995377 0.2366284 -0.06755793 -0.03547412 0.2303613 -0.06385695 -0.03278857 0.2296123 -0.06755793 -0.03677558 0.2222744 -0.05958998 -0.03104609 0.2291274 -0.06385695 -0.0339908 0.2221413 -0.06755793 -0.03624492 0.2140994 -0.06385695 -0.03350073 0.2145903 -0.05958998 -0.03218406 0.2220563 -0.05436187 -0.03108859 0.2155703 -0.05436187 -0.03138172 0.2230983 -0.05958998 -0.0317201 0.2149093 -0.06385695 -0.03134244 0.2073383 -0.05958998 -0.02967745 0.2080444 -0.05700188 -0.02917194 0.2082593 -0.05436187 -0.02900224 0.2083313 -0.06755793 -0.03390878 0.2062484 -0.07047498 -0.03722345 0.2048413 -0.07243287 -0.04108971 0.2032003 -0.07047498 -0.03978967 0.2134653 -0.07243287 -0.04392421 0.2127263 -0.07047498 -0.04037261 0.2224444 -0.07047498 -0.03894299 0.2313274 -0.07243287 -0.044568 0.2226433 -0.07331597 -0.04840219 0.2119253 -0.07331597 -0.04911202 0.2228583 -0.07243287 -0.04298871 0.2324553 -0.07331597 -0.04737097 0.2336763 -0.07331597 -0.04326647 0.2438353 -0.07331597 -0.04527705 0.2014234 -0.05436187 -0.0298649 0.2304773 -0.07047498 0.03931576 0.2276173 -0.06755793 0.03500002 0.2107223 -0.01636081 0.03934419 0.2373422 -0.01636081 0.03417325 0.2463274 -0.01636081 0.04221481 0.2273824 -0.01636081 0.04107964 0.2271993 -0.01636081 0.03828591 0.2368934 -0.01636081 0.03325319 0.2456374 -0.01636081 0.02627414 0.2529234 -0.01636081 0.02700245 0.2538123 -0.01636081 0.01824855 0.2593644 -0.01636081 0.008420526 0.2626604 -0.01636081 0.01775443 0.2583264 -0.01636081 0.008189022 0.2615343 -0.01636081 -0.001910567 0.2635083 -0.01636081 -0.001865923 0.2623594 -0.01636081 -0.01182621 0.2607544 -0.01636081 -0.01214468 0.2618594 -0.01636081 -0.02168667 0.2578094 -0.01636081 -0.02998203 0.2515924 -0.01636081 -0.02111303 0.2568123 -0.01636081 -0.02918678 0.2507624 -0.01636081 -0.03654879 0.2435723 -0.01636081 -0.03557789 0.2429563 -0.01636081 -0.04100519 0.2342133 -0.01636081 -0.03991514 0.2338473 -0.01636081 -0.04194647 0.2239654 -0.01636081 -0.04309231 0.2240593 -0.01636081 -0.04268866 0.2137013 -0.01636081 -0.03981804 0.2037402 -0.01636081 -0.04155361 0.2138833 -0.01636081 -0.03875976 0.2041894 -0.01636081 -0.0346471 0.1947563 -0.01636081 -0.03372704 0.1954454 -0.01636081 -0.02674812 0.1881603 -0.01636081 -0.02747637 0.1872702 -0.01636081 -0.01872265 0.1817183 -0.01636081 -0.01822841 0.1827564 -0.01636081 -0.008894503 0.1784223 -0.01636081 -0.008663058 0.1795483 -0.01636081 0.00143671 0.1775743 -0.01636081 0.001391947 0.1787233 -0.01636081 0.01135236 0.1803283 -0.01636081 0.01167058 0.1792234 -0.01636081 0.02121257 0.1832743 -0.01636081 0.02950811 0.1894903 -0.01636081 0.02063918 0.1842703 -0.01636081 0.02871268 0.1903203 -0.01636081 0.03510379 0.1981263 -0.01636081 0.03607469 0.1975113 -0.01636081 0.04053109 0.2068703 -0.01636081 0.04261833 0.2170243 -0.01636081 0.03944104 0.2072364 -0.01636081 0.04147249 0.2171183 -0.01786082 -0.0393579 0.2039353 -0.01786082 -0.0421952 0.2137802 -0.01786082 -0.03418821 0.1951003 -0.01786082 -0.0342471 0.1950563 -0.01786082 -0.03929013 0.2039643 -0.01786082 -0.04212254 0.2137923 -0.01786082 -0.04259383 0.2240183 -0.01786082 -0.04252064 0.2240123 -0.01786082 -0.04046136 0.2340303 -0.01786082 -0.04053103 0.2340543 -0.01786082 -0.03612655 0.2433043 -0.01786082 -0.0296362 0.2512313 -0.01786082 -0.0295853 0.2511784 -0.01786082 -0.03606426 0.2432653 -0.01786082 -0.02143716 0.2573754 -0.01786082 -0.02140057 0.2573114 -0.01786082 -0.01198571 0.2613083 -0.01786082 -0.01200622 0.2613794 -0.01786082 -0.001891255 0.2630084 -0.01786082 0.008319854 0.2621703 -0.01786082 0.008305072 0.2620983 -0.01786082 -0.001888275 0.2629354 -0.01786082 0.01803374 0.2589134 -0.01786082 0.01800209 0.2588464 -0.01786082 0.0266391 0.2533684 -0.01786082 0.02668571 0.2534254 -0.01786082 0.03377312 0.2460273 -0.01786082 0.03888392 0.2371473 -0.01786082 0.03371423 0.2459833 -0.01786082 0.03881621 0.2371183 -0.01786082 0.04164844 0.2272902 -0.01786082 0.04172122 0.2273023 -0.01786082 0.04211992 0.2170643 -0.01786082 0.04005718 0.2070293 -0.01786082 0.04204654 0.2170714 -0.01786082 0.03998738 0.2070523 -0.01786082 0.03565245 0.1977794 -0.01786082 0.03559041 0.1978183 -0.01786082 0.02911132 0.1899043 -0.01786082 0.0291621 0.1898514 -0.01786082 0.02096331 0.1837072 -0.01786082 0.02092659 0.1837713 -0.01786082 0.01153212 0.1797043 -0.01786082 0.01151186 0.1797752 -0.01786082 0.00141716 0.1780743 -0.01786082 0.001414299 0.1781483 -0.01786082 -0.008779048 0.1789844 -0.01786082 -0.00879383 0.1789124 -0.01786082 -0.01850759 0.1821702 -0.01786082 -0.02715969 0.1876572 -0.01786082 -0.01847594 0.1822363 -0.01786082 -0.02711308 0.1877143 -0.01753592 -0.04027843 0.2035453 -0.01753592 -0.03504735 0.1944563 -0.01686096 -0.04027843 0.2035453 -0.01686096 -0.03504735 0.1944563 -0.01753592 -0.02779304 0.1868833 -0.01686096 -0.02779304 0.1868833 -0.01686096 -0.01893746 0.1812673 -0.01753592 -0.01893746 0.1812673 -0.01753592 -0.008995175 0.1779333 -0.01753592 0.001456201 0.1770753 -0.01686096 -0.008995175 0.1779333 -0.01686096 0.001456201 0.1770753 -0.01753592 0.01180917 0.1787433 -0.01686096 0.01180917 0.1787433 -0.01686096 0.02146208 0.1828403 -0.01753592 0.02985394 0.1891293 -0.01686096 0.02985394 0.1891293 -0.01753592 0.02146208 0.1828403 -0.01686096 0.03649693 0.1972433 -0.01753592 0.03649693 0.1972433 -0.01686096 0.04100525 0.2067114 -0.01753592 0.04100525 0.2067114 -0.01686096 0.0431165 0.2169833 -0.01753592 0.0431165 0.2169833 -0.01753592 0.04270833 0.2274613 -0.01686096 0.04270833 0.2274613 -0.01686096 0.03980427 0.2375383 -0.01753592 0.03980427 0.2375383 -0.01753592 0.03457325 0.2466263 -0.01753592 0.02731919 0.2541994 -0.01686096 0.02731919 0.2541994 -0.01686096 0.03457325 0.2466263 -0.01753592 0.01846361 0.2598164 -0.01686096 0.01846361 0.2598164 -0.01686096 0.008521199 0.2631503 -0.01753592 0.008521199 0.2631503 -0.01753592 -0.001930177 0.2640084 -0.01686096 -0.001930177 0.2640084 -0.01686096 -0.01228302 0.2623394 -0.01686096 -0.02193599 0.2582424 -0.01753592 -0.01228302 0.2623394 -0.01753592 -0.02193599 0.2582424 -0.01753592 -0.03032791 0.2519543 -0.01686096 -0.03032791 0.2519543 -0.01753592 -0.03697103 0.2438403 -0.01686096 -0.03697103 0.2438403 -0.01686096 -0.04147917 0.2343723 -0.01753592 -0.0435906 0.2241003 -0.01686096 -0.0435906 0.2241003 -0.01753592 -0.04147917 0.2343723 -0.01686096 -0.04318243 0.2136213 -0.01753592 -0.04318243 0.2136213 -0.01686096 -0.04027843 0.2035453 -0.01753592 -0.04027843 0.2035453 -0.03435194 0.02939081 0.2331184 -0.03435194 0.03153949 0.2256623 -0.02593398 0.0330041 0.2346513 -0.01751583 0.03661727 0.2361853 -0.01751583 0.03929013 0.2269103 -0.02593398 0.03582531 0.2224314 -0.03435194 0.03184151 0.2179083 -0.01751583 0.03966581 0.2172663 -0.02593398 0.03429687 0.2099833 -0.01751583 0.03772252 0.2078123 -0.03435194 0.03027921 0.2103083 -0.03435194 0.02694356 0.2033023 -0.02593398 0.02860319 0.1988093 -0.01751583 0.03357321 0.1990973 -0.01751583 0.0274589 0.1916294 -0.01751583 0.01973485 0.1858413 -0.02593398 0.01943087 0.1902554 -0.02593398 0.00788635 0.1853554 -0.03435194 0.02202808 0.1972984 -0.03435194 0.01581877 0.1926453 -0.03435194 0.00867629 0.1896133 -0.03435194 0.001015782 0.1883794 -0.03435194 -0.006717443 0.1890143 -0.02593398 -0.004637897 0.1846994 -0.02593398 -0.01663142 0.1883653 -0.01751583 -0.008298099 0.1813243 -0.01751583 0.001321375 0.1805343 -0.01751583 0.01085031 0.1820703 -0.01751583 -0.01744914 0.1843934 -0.01751583 -0.02559977 0.1895623 -0.02593398 -0.02664738 0.1959133 -0.01751583 -0.03227663 0.1965323 -0.01751583 -0.03709137 0.2048974 -0.02593398 -0.03347808 0.2064313 -0.03435194 -0.02599418 0.2012403 -0.03435194 -0.03201359 0.2154213 -0.03435194 -0.02986466 0.2079653 -0.02593398 -0.03629916 0.2186514 -0.01751583 -0.0397641 0.2141723 -0.01751583 -0.04013991 0.2238163 -0.01751583 -0.03819662 0.2332713 -0.02593398 -0.0347709 0.2310993 -0.02593398 -0.02907717 0.2422744 -0.03435194 -0.03231561 0.2231743 -0.03435194 -0.03075331 0.2307752 -0.01751583 -0.03404712 0.2419853 -0.03435194 -0.02741754 0.2377803 -0.03435194 -0.02250218 0.2437843 -0.03435194 -0.01629281 0.2484374 -0.02593398 -0.01990485 0.2508273 -0.03435194 -0.009150266 0.2514694 -0.02593398 -0.008360326 0.2557274 -0.01751583 -0.02020895 0.2552414 -0.01751583 -0.02793288 0.2494534 -0.01751583 -0.01132422 0.2590134 -0.01751583 -0.001795411 0.2605484 -0.02593398 0.004163861 0.2563844 -0.01751583 0.007824122 0.2597584 -0.01751583 0.01697516 0.2566904 -0.02593398 0.01615726 0.2527174 -0.03435194 0.006243467 0.2520694 -0.03435194 0.01360011 0.2496013 -0.03435194 0.0201525 0.2454463 -0.01751583 0.02512592 0.2515203 -0.02593398 0.02617353 0.2451694 -0.02593398 0.0330041 0.2346513 -0.01751583 0.03180265 0.2445503 -0.03435194 0.0255202 0.2398424 -0.03435194 0.02939081 0.2331184 -0.01751583 0.03661727 0.2361853 -0.03435194 -0.001489818 0.2527033 -0.03435194 -0.0206266 0.1956373 -0.03435194 -0.01407396 0.1914813 -0.01751583 -0.03709137 0.2048974 -0.01751583 -0.0397641 0.2141723 -0.0169059 -0.04019874 0.2141023 -0.0169059 -0.03749638 0.2047253 -0.0169059 -0.03262883 0.1962683 -0.01751583 -0.03227663 0.1965323 -0.01751583 -0.02559977 0.1895623 -0.0169059 -0.0258786 0.1892223 -0.0169059 -0.01763838 0.1839953 -0.01751583 -0.01744914 0.1843934 -0.01751583 -0.008298099 0.1813243 -0.0169059 -0.008386671 0.1808934 -0.0169059 0.001338422 0.1800953 -0.0165019 -0.01791083 0.1834233 -0.0165019 -0.008514344 0.1802723 -0.01636081 0.001391947 0.1787233 -0.01636081 -0.008663058 0.1795483 -0.01636081 -0.01822841 0.1827564 -0.0165019 0.001363158 0.1794613 -0.0165019 0.01114773 0.1810383 -0.0169059 0.01097226 0.1816474 -0.01751583 0.001321375 0.1805343 -0.0169059 0.01995456 0.1854603 -0.01751583 0.01085031 0.1820703 -0.01751583 0.01973485 0.1858413 -0.01751583 0.0274589 0.1916294 -0.0169059 0.02776324 0.1913112 -0.01751583 0.03357321 0.1990973 -0.0165019 0.03448033 0.1985223 -0.0169059 0.0339449 0.1988623 -0.0165019 0.02027082 0.1849102 -0.0165019 0.02820187 0.1908532 -0.01636081 0.02871268 0.1903203 -0.01636081 0.03510379 0.1981263 -0.01636081 0.02063918 0.1842703 -0.01636081 0.01135236 0.1803283 -0.01636081 0.03944104 0.2072364 -0.0165019 0.03874111 0.2074702 -0.0169059 0.03813982 0.2076722 -0.0165019 0.04073643 0.2171783 -0.0169059 0.0401045 0.2172303 -0.01751583 0.03966581 0.2172663 -0.0169059 0.03972464 0.2269814 -0.01751583 0.03929013 0.2269103 -0.01667392 0.03729671 0.2364733 -0.0169059 0.03702253 0.2363573 -0.01718991 0.03679335 0.2362602 -0.0165019 0.04035079 0.2270814 -0.01636081 0.04107964 0.2271993 -0.01636081 0.04147249 0.2171183 -0.01639688 0.03793972 0.2367463 -0.0165019 0.03760612 0.2366054 -0.01636081 0.03828591 0.2368934 -0.01751583 0.03661727 0.2361853 -0.01751583 0.03772252 0.2078123 -0.01636081 -0.02674812 0.1881603 -0.0165019 -0.0262804 0.1887313 -0.0165019 -0.03313612 0.1958884 -0.01636081 -0.03372704 0.1954454 -0.01636081 -0.03875976 0.2041894 -0.01636081 -0.04155361 0.2138833 -0.0165019 -0.03808003 0.2044783 -0.0165019 -0.04082477 0.2140014 -0.0165019 -0.04121053 0.2239043 -0.0169059 -0.0405786 0.2238523 -0.01636081 -0.04194647 0.2239654 -0.01636081 -0.03991514 0.2338473 -0.01636081 -0.03557789 0.2429563 -0.0165019 -0.03921496 0.2336124 -0.0169059 -0.03861379 0.2334113 -0.0165019 -0.03495424 0.2425603 -0.01636081 -0.02918678 0.2507624 -0.0165019 -0.02867597 0.2502294 -0.0169059 -0.02823734 0.2497712 -0.0169059 -0.03441888 0.2422212 -0.01751583 -0.02793288 0.2494534 -0.01751583 -0.03404712 0.2419853 -0.01751583 -0.03819662 0.2332713 -0.01751583 -0.04013991 0.2238163 -0.01751583 -0.02020895 0.2552414 -0.01751583 -0.01132422 0.2590134 -0.0169059 -0.01144611 0.2594354 -0.0169059 -0.02042841 0.2556234 -0.0165019 -0.01162183 0.2600454 -0.0165019 -0.0207448 0.2561724 -0.01636081 -0.02111303 0.2568123 -0.01636081 -0.01182621 0.2607544 -0.01636081 -0.001865923 0.2623594 -0.01636081 0.008189022 0.2615343 -0.0165019 -0.001837134 0.2616214 -0.0165019 0.008040368 0.2608113 -0.0169059 0.007912695 0.2601904 -0.0169059 -0.001812458 0.2609884 -0.01751583 0.007824122 0.2597584 -0.01751583 -0.001795411 0.2605484 -0.01751583 0.01697516 0.2566904 -0.0169059 0.02540475 0.2518613 -0.0169059 0.01716428 0.2570874 -0.01751583 0.02512592 0.2515203 -0.01751583 0.03180265 0.2445503 -0.01751583 0.03661727 0.2361853 -0.01718991 0.03679335 0.2362602 -0.0169059 0.03215473 0.2448143 -0.01667392 0.03729671 0.2364733 -0.0169059 0.03702253 0.2363573 -0.0165019 0.03266227 0.2451943 -0.01636081 0.03325319 0.2456374 -0.01639688 0.03793972 0.2367463 -0.0165019 0.03760612 0.2366054 -0.0165019 0.0258063 0.2523514 -0.01636081 0.02627414 0.2529234 -0.0165019 0.01743698 0.2576603 -0.01636081 0.01775443 0.2583264 -0.01636081 0.03828591 0.2368934 -0.03435194 -0.02986466 0.2079653 -0.03435194 -0.03201359 0.2154213 -0.03570991 -0.02938908 0.2081673 -0.03570991 -0.03150326 0.2155033 -0.03712892 -0.02909958 0.2082903 -0.03712892 -0.03119271 0.2155534 -0.03570991 -0.03180038 0.2231323 -0.03435194 -0.03231561 0.2231743 -0.03712892 -0.03148692 0.2231063 -0.03570991 -0.03026336 0.2306103 -0.03570991 -0.02698111 0.2375034 -0.03435194 -0.03075331 0.2307752 -0.03712892 -0.02996516 0.2305103 -0.03857791 -0.0298649 0.2304773 -0.03857791 -0.03138172 0.2230983 -0.03712892 -0.02671539 0.2373353 -0.03857791 -0.02662622 0.2372794 -0.03712892 -0.02192693 0.2431843 -0.03570991 -0.02214467 0.2434114 -0.03570991 -0.01603496 0.2479894 -0.03435194 -0.02741754 0.2377803 -0.03435194 -0.02250218 0.2437843 -0.03435194 -0.01629281 0.2484374 -0.03435194 -0.009150266 0.2514694 -0.03570991 -0.009007155 0.2509724 -0.03570991 -0.001469612 0.2521874 -0.03712892 -0.001457393 0.2518734 -0.03712892 -0.01587808 0.2477173 -0.03712892 -0.008920073 0.2506703 -0.03857791 -0.008890867 0.2505694 -0.03857791 -0.01582539 0.2476253 -0.03857791 -0.02185404 0.2431083 -0.03857791 -0.00145334 0.2517674 -0.03857791 0.006054759 0.2511513 -0.03712892 0.006075978 0.2512543 -0.03570991 0.006139338 0.2515624 -0.03712892 0.01324272 0.2488514 -0.03857791 0.01319736 0.2487564 -0.03570991 0.01337796 0.2491353 -0.03712892 0.01962602 0.2448033 -0.03570991 0.01982522 0.2450463 -0.03712892 0.02485477 0.2393442 -0.03570991 0.02510648 0.2395334 -0.03435194 0.01360011 0.2496013 -0.03435194 0.0201525 0.2454463 -0.03435194 0.0255202 0.2398424 -0.03435194 0.02939081 0.2331184 -0.03570991 0.02891498 0.2329162 -0.03712892 0.02862548 0.2327933 -0.03570991 0.03102934 0.2255793 -0.03712892 0.03071886 0.2255303 -0.03570991 0.03132653 0.2179503 -0.03435194 0.03153949 0.2256623 -0.03435194 0.03184151 0.2179083 -0.03570991 0.0297892 0.2104723 -0.03435194 0.03027921 0.2103083 -0.03435194 0.02694356 0.2033023 -0.03570991 0.02650701 0.2035794 -0.03570991 0.02167057 0.1976723 -0.03435194 0.02202808 0.1972984 -0.03435194 0.01581877 0.1926453 -0.03570991 0.01556098 0.1930934 -0.03570991 0.008533179 0.1901103 -0.03712892 0.02145308 0.1978993 -0.03712892 0.0154041 0.1933664 -0.03857791 0.01535141 0.1934573 -0.03712892 0.008446097 0.1904124 -0.03857791 0.008416831 0.1905143 -0.03712892 9.83493e-4 0.1892102 -0.03570991 9.95736e-4 0.1888953 -0.03570991 -0.006613314 0.1895202 -0.03435194 0.00867629 0.1896133 -0.03435194 0.001015782 0.1883794 -0.03435194 -0.006717443 0.1890143 -0.03435194 -0.01407396 0.1914813 -0.03570991 -0.01385194 0.1919473 -0.03570991 -0.02029925 0.1960374 -0.03712892 -0.006550014 0.1898283 -0.03712892 -0.01371657 0.1922314 -0.03857791 -0.02003312 0.1963623 -0.03857791 -0.01367121 0.1923273 -0.03712892 -0.02009987 0.1962803 -0.03712892 -0.02532887 0.2017382 -0.03570991 -0.02558058 0.2015503 -0.03435194 -0.0206266 0.1956373 -0.03435194 -0.02599418 0.2012403 -0.03712892 -0.02909958 0.2082903 -0.03570991 -0.02938908 0.2081673 -0.03435194 -0.02986466 0.2079653 -0.03857791 -0.02900224 0.2083313 -0.03857791 -0.02524441 0.2018023 -0.03857791 -0.006528735 0.1899323 -0.03857791 9.79384e-4 0.1893153 -0.03857791 0.02137994 0.1979753 -0.03857791 0.02615237 0.2038043 -0.03857791 0.02939105 0.2106063 -0.03712892 0.02949118 0.2105723 -0.03712892 0.02624154 0.2037473 -0.03712892 0.03101307 0.2179763 -0.03857791 0.03090775 0.2179853 -0.03857791 0.03061461 0.2255133 -0.03857791 0.02852839 0.2327513 -0.03857791 0.02477031 0.2392814 -0.03857791 0.01955914 0.2447214 -0.03435194 0.006243467 0.2520694 -0.03435194 -0.001489818 0.2527033 -0.03857791 -0.03108859 0.2155703 -0.03857791 -0.02900224 0.2083313 -0.01686096 0.03980427 0.2375383 -0.01686096 0.04270833 0.2274613 -0.01673489 0.03978949 0.2375314 -0.01673489 0.04269254 0.2274593 -0.01662087 0.0426476 0.2274523 -0.01662087 0.03974753 0.2375143 -0.01652288 0.03968334 0.2374863 -0.01644289 0.03959625 0.2374494 -0.01652288 0.04257845 0.2274402 -0.01644289 0.04248517 0.2274253 -0.01638591 0.0423696 0.2274073 -0.01644289 0.04289138 0.2170013 -0.01638591 0.04277443 0.2170113 -0.01644289 0.04079097 0.2067834 -0.01638591 0.04067987 0.2068203 -0.01636081 0.04053109 0.2068703 -0.01636081 0.04261833 0.2170243 -0.01636081 0.04221481 0.2273824 -0.01636791 0.03941714 0.2373733 -0.01636081 0.03934419 0.2373422 -0.01638591 0.03948849 0.2374043 -0.01636081 0.03607469 0.1975113 -0.01638591 0.02961653 0.1893774 -0.01638591 0.03620707 0.1974273 -0.01636081 0.02950811 0.1894903 -0.01636081 0.02121257 0.1832743 -0.01636081 0.01167058 0.1792234 -0.01638591 0.02129077 0.1831383 -0.01644289 0.02134937 0.1830363 -0.01638591 0.01171416 0.1790733 -0.01638591 0.00144279 0.1774183 -0.01636081 0.00143671 0.1775743 -0.01644289 0.01174646 0.1789603 -0.01644289 0.00144726 0.1773014 -0.01644289 -0.008949697 0.1781543 -0.01652288 0.001451075 0.1772063 -0.01662087 -0.008982777 0.1779934 -0.01652288 -0.00896871 0.1780613 -0.01662087 0.001453757 0.1771364 -0.01652288 0.01177275 0.1788693 -0.01662087 0.01179212 0.1788023 -0.01662087 0.02143126 0.1828943 -0.01652288 0.02139639 0.1829543 -0.01652288 0.02976298 0.1892243 -0.01644289 0.02969747 0.1892923 -0.01652288 0.03638595 0.1973133 -0.01644289 0.03630614 0.1973643 -0.01662087 0.03644496 0.1972763 -0.01662087 0.04094684 0.2067313 -0.01652288 0.04088056 0.2067533 -0.01652288 0.04298537 0.2169933 -0.01662087 0.04305505 0.2169883 -0.01673489 0.04310047 0.2169843 -0.01673489 0.04098999 0.2067164 -0.01673489 0.03648334 0.1972523 -0.01686096 0.04100525 0.2067114 -0.01686096 0.03649693 0.1972433 -0.01686096 0.0431165 0.2169833 -0.01686096 0.02985394 0.1891293 -0.01673489 0.02145409 0.1828544 -0.01673489 0.02984285 0.1891403 -0.01686096 0.02146208 0.1828403 -0.01686096 0.01180917 0.1787433 -0.01686096 0.001456201 0.1770753 -0.01673489 0.01180464 0.1787583 -0.01673489 0.001455545 0.1770913 -0.01673489 -0.008991956 0.1779482 -0.01673489 -0.01893067 0.1812813 -0.01662087 -0.01891112 0.1813223 -0.01686096 -0.008995175 0.1779333 -0.01686096 -0.01893746 0.1812673 -0.01686096 -0.02779304 0.1868833 -0.01686096 -0.03504735 0.1944563 -0.01673489 -0.02778285 0.1868963 -0.01673489 -0.03503429 0.1944663 -0.01662087 -0.027754 0.1869313 -0.01662087 -0.03499794 0.1944934 -0.01652288 -0.02770984 0.1869853 -0.01652288 -0.01888102 0.1813853 -0.01644289 -0.02764987 0.1870583 -0.01644289 -0.01884043 0.1814713 -0.01638591 -0.01879006 0.1815763 -0.01638591 -0.008926093 0.1782693 -0.01636081 -0.01872265 0.1817183 -0.01636081 -0.008894503 0.1784223 -0.01636081 -0.02747637 0.1872702 -0.01636081 -0.0346471 0.1947563 -0.01638591 -0.02757579 0.1871494 -0.01644289 -0.03486645 0.1945914 -0.01638591 -0.03477269 0.1946623 -0.01644289 -0.04007035 0.2036333 -0.01636081 -0.03981804 0.2037402 -0.01638591 -0.03996247 0.2036793 -0.01644289 -0.04295927 0.2136573 -0.01638591 -0.04284358 0.2136763 -0.01636081 -0.04268866 0.2137013 -0.01636081 -0.04309231 0.2240593 -0.01636081 -0.04100519 0.2342133 -0.01638591 -0.04324853 0.2240723 -0.01638591 -0.04115372 0.2342623 -0.01644289 -0.04336524 0.2240813 -0.01644289 -0.04126495 0.2343003 -0.01652288 -0.03685981 0.2437694 -0.01644289 -0.03677999 0.2437183 -0.01652288 -0.04135441 0.2343302 -0.01662087 -0.04142069 0.2343523 -0.01652288 -0.04345947 0.2240893 -0.01662087 -0.04352915 0.2240953 -0.01662087 -0.04312145 0.2136313 -0.01652288 -0.04305255 0.2136422 -0.01652288 -0.04015719 0.2035963 -0.01662087 -0.04022169 0.2035694 -0.01652288 -0.03494203 0.1945353 -0.01673489 -0.04026359 0.2035514 -0.01673489 -0.04316639 0.2136242 -0.01673489 -0.04357457 0.2240983 -0.01686096 -0.04318243 0.2136213 -0.01686096 -0.0435906 0.2241003 -0.01686096 -0.04147917 0.2343723 -0.01686096 -0.03697103 0.2438403 -0.01673489 -0.04146397 0.2343664 -0.01662087 -0.03691881 0.2438073 -0.01673489 -0.03695744 0.2438313 -0.01673489 -0.03031677 0.2519424 -0.01686096 -0.03032791 0.2519543 -0.01686096 -0.02193599 0.2582424 -0.01686096 -0.01228302 0.2623394 -0.01673489 -0.02192807 0.2582284 -0.01673489 -0.01227855 0.2623243 -0.01662087 -0.02190536 0.2581893 -0.01662087 -0.03028517 0.2519094 -0.01652288 -0.03023684 0.2518594 -0.01644289 -0.02182322 0.2580464 -0.01644289 -0.03017157 0.2517903 -0.01652288 -0.02187049 0.2581284 -0.01662087 -0.01226598 0.2622804 -0.01652288 -0.0122466 0.2622134 -0.01644289 -0.01222056 0.2621224 -0.01662087 -0.001927733 0.2639464 -0.01652288 -0.001925051 0.2638763 -0.01644289 -0.001921296 0.2637824 -0.01652288 0.008494734 0.2630214 -0.01644289 0.00847572 0.2629293 -0.01638591 -0.01218801 0.2620103 -0.01638591 -0.001916766 0.2636653 -0.01636081 -0.01214468 0.2618594 -0.01638591 0.008452117 0.2628144 -0.01636081 0.008420526 0.2626604 -0.01636081 -0.001910567 0.2635083 -0.01636081 0.01824855 0.2593644 -0.01636081 0.02700245 0.2538123 -0.01638591 0.01831609 0.2595064 -0.01638591 0.02710181 0.2539344 -0.01644289 0.01836645 0.2596123 -0.01644289 0.02717602 0.2540244 -0.01652288 0.03446805 0.2465484 -0.01644289 0.03439235 0.2464913 -0.01652288 0.02723586 0.2540974 -0.01662087 0.03452402 0.2465894 -0.01662087 0.02728015 0.2541514 -0.01652288 0.01840692 0.2596973 -0.01662087 0.01843702 0.2597604 -0.01673489 0.01845657 0.2598014 -0.01673489 0.00851798 0.2631344 -0.01662087 0.008508801 0.2630904 -0.01673489 0.027309 0.2541874 -0.01686096 0.02731919 0.2541994 -0.01686096 0.03457325 0.2466263 -0.01673489 0.03456044 0.2466173 -0.01686096 0.03980427 0.2375383 -0.01673489 0.03978949 0.2375314 -0.01662087 0.03974753 0.2375143 -0.01652288 0.03968334 0.2374863 -0.01644289 0.03959625 0.2374494 -0.01638591 0.03948849 0.2374043 -0.01638591 0.03429859 0.2464213 -0.01636791 0.03941714 0.2373733 -0.01636081 0.03417325 0.2463274 -0.01636081 0.03934419 0.2373422 -0.01686096 0.01846361 0.2598164 -0.01686096 0.008521199 0.2631503 -0.01686096 -0.001930177 0.2640084 -0.01673489 -0.001929402 0.2639923 -0.01636081 -0.02168667 0.2578094 -0.01638591 -0.02176487 0.2579454 -0.01638591 -0.03009051 0.2517064 -0.01636081 -0.02998203 0.2515924 -0.01638591 -0.03668117 0.2436563 -0.01636081 -0.03654879 0.2435723 -0.01686096 -0.04027843 0.2035453 -0.01662087 0.02981132 0.1891733 -0.01786082 -0.0393579 0.2039353 -0.01786082 -0.0421952 0.2137802 -0.01753592 -0.04027843 0.2035453 -0.01753592 -0.04318243 0.2136213 -0.01753592 -0.0435906 0.2241003 -0.01786082 -0.04259383 0.2240183 -0.01786082 -0.04053103 0.2340543 -0.01786082 -0.03612655 0.2433043 -0.01753592 -0.04147917 0.2343723 -0.01753592 -0.03697103 0.2438403 -0.01786082 -0.0296362 0.2512313 -0.01753592 -0.03032791 0.2519543 -0.01786082 -0.02143716 0.2573754 -0.01753592 -0.02193599 0.2582424 -0.01753592 -0.01228302 0.2623394 -0.01786082 -0.01200622 0.2613794 -0.01786082 -0.001891255 0.2630084 -0.01786082 0.008319854 0.2621703 -0.01753592 -0.001930177 0.2640084 -0.01753592 0.008521199 0.2631503 -0.01753592 0.01846361 0.2598164 -0.01786082 0.01803374 0.2589134 -0.01786082 0.02668571 0.2534254 -0.01786082 0.03377312 0.2460273 -0.01753592 0.02731919 0.2541994 -0.01753592 0.03457325 0.2466263 -0.01786082 0.03888392 0.2371473 -0.01753592 0.03980427 0.2375383 -0.01786082 0.04172122 0.2273023 -0.01753592 0.04270833 0.2274613 -0.01786082 0.04211992 0.2170643 -0.01753592 0.0431165 0.2169833 -0.01753592 0.04100525 0.2067114 -0.01786082 0.04005718 0.2070293 -0.01786082 0.03565245 0.1977794 -0.01786082 0.0291621 0.1898514 -0.01753592 0.03649693 0.1972433 -0.01753592 0.02985394 0.1891293 -0.01753592 0.02146208 0.1828403 -0.01786082 0.02096331 0.1837072 -0.01786082 0.01153212 0.1797043 -0.01753592 0.01180917 0.1787433 -0.01786082 0.00141716 0.1780743 -0.01786082 -0.00879383 0.1789124 -0.01753592 0.001456201 0.1770753 -0.01753592 -0.008995175 0.1779333 -0.01786082 -0.01850759 0.1821702 -0.01753592 -0.01893746 0.1812673 -0.01753592 -0.02779304 0.1868833 -0.01786082 -0.02715969 0.1876572 -0.01786082 -0.0342471 0.1950563 -0.01786082 -0.0393579 0.2039353 -0.01753592 -0.03504735 0.1944563 -0.01753592 -0.04027843 0.2035453 -0.07231891 0.04578763 0.2400773 -0.07231891 0.04028648 0.2498294 -0.07252192 0.04576838 0.2400693 -0.07252192 0.04026949 0.2498173 -0.07271695 0.04571121 0.2400453 -0.07271695 0.04021912 0.2497813 -0.07252192 0.03273946 0.2580963 -0.07271695 0.03269857 0.2580503 -0.07271695 0.02352637 0.2644384 -0.07252192 0.02355587 0.2644934 -0.07231891 0.03275316 0.2581123 -0.07231891 0.0235657 0.2645114 -0.07231891 0.01318466 0.2687054 -0.07231891 0.002130687 0.2704843 -0.07252192 0.01317918 0.2686854 -0.07271695 0.01316255 0.2686263 -0.07271695 0.002126753 0.2704023 -0.07252192 0.002129614 0.2704644 -0.07252192 -0.009038329 0.2697394 -0.07231891 -0.009042024 0.2697594 -0.07271695 -0.009027421 0.2696784 -0.07252192 -0.01976495 0.2665473 -0.07271695 -0.01974076 0.2664903 -0.07252192 -0.02951264 0.2610483 -0.07231891 -0.01977324 0.2665664 -0.07231891 -0.02952492 0.2610654 -0.07231891 -0.03780794 0.2535324 -0.07252192 -0.03779202 0.2535184 -0.07271695 -0.03774559 0.2534773 -0.07252192 -0.04418843 0.2443343 -0.07271695 -0.02947634 0.2609974 -0.0729289 -0.02940315 0.2608963 -0.07310295 -0.02930212 0.2607573 -0.0729289 -0.03765177 0.2533953 -0.07310295 -0.01962471 0.2662164 -0.0729289 -0.01969212 0.2663754 -0.07310295 -0.008975088 0.2693853 -0.0729289 -0.009005427 0.2695553 -0.0729289 0.002120912 0.2702774 -0.07310295 0.002112746 0.2701054 -0.07310295 0.01308274 0.2683394 -0.0729289 0.01312893 0.2685053 -0.07310295 0.02338474 0.2641773 -0.0729289 0.023467 0.2643293 -0.0729289 0.03261613 0.2579564 -0.07310295 0.03250247 0.2578274 -0.07310295 0.03997838 0.2496063 -0.0729289 0.04011803 0.2497073 -0.0729289 0.04559648 0.2399963 -0.07310295 0.04543775 0.2399293 -0.07323098 0.04524463 0.2398474 -0.07330298 0.0450288 0.2397553 -0.07330298 0.03961831 0.2493463 -0.07323098 0.03980839 0.2494844 -0.07330298 0.03220921 0.2574934 -0.07323098 0.03236407 0.2576693 -0.07323098 0.02328503 0.2639934 -0.07330298 0.02317339 0.2637863 -0.07323098 0.01302629 0.2681373 -0.07330298 0.01296347 0.2679113 -0.07323098 0.002102792 0.2698953 -0.07330298 0.002091646 0.2696614 -0.07323098 -0.008938133 0.2691784 -0.07330298 -0.008896827 0.2689483 -0.07330298 -0.01945114 0.2658074 -0.07323098 -0.01954281 0.2660234 -0.07323098 -0.02917939 0.2605873 -0.07330298 -0.029042 0.2603973 -0.07323098 -0.03736466 0.2531424 -0.07330298 -0.03718847 0.2529883 -0.07310295 -0.03752219 0.2532814 -0.07323098 -0.04368811 0.2440633 -0.07310295 -0.04387271 0.2441633 -0.0729289 -0.04402422 0.2442454 -0.07323098 -0.04783284 0.2338054 -0.07310295 -0.0480349 0.2338613 -0.0729289 -0.04820114 0.2339073 -0.07310295 -0.04980057 0.2228913 -0.07323098 -0.049591 0.2228813 -0.07323098 -0.04887413 0.2118402 -0.0729289 -0.04997283 0.2228993 -0.07310295 -0.04908066 0.2118033 -0.0729289 -0.04925054 0.2117733 -0.07271695 -0.0493732 0.2117513 -0.0729289 -0.04607039 0.2010864 -0.07271695 -0.04618531 0.2010374 -0.07252192 -0.04624223 0.2010133 -0.07271695 -0.04069322 0.1913024 -0.07252192 -0.04074347 0.1912664 -0.07271695 -0.03317242 0.1830323 -0.07252192 -0.03321331 0.1829863 -0.0729289 -0.04059213 0.1913753 -0.07310295 -0.04591161 0.2011533 -0.07310295 -0.04045242 0.1914763 -0.07310295 -0.03297632 0.1832563 -0.0729289 -0.03309023 0.1831263 -0.0729289 -0.02394098 0.1767542 -0.07271695 -0.02400022 0.1766443 -0.07310295 -0.02385884 0.1769053 -0.07323098 -0.02375888 0.1770902 -0.07310295 -0.01355659 0.1727433 -0.0729289 -0.01360303 0.1725773 -0.07271695 -0.01363641 0.1724573 -0.0729289 -0.002594888 0.1708053 -0.07271695 -0.002600789 0.1706812 -0.07252192 -0.00260365 0.1706193 -0.07271695 0.008553445 0.1714053 -0.07252192 0.008564352 0.1713443 -0.07252192 -0.01365303 0.1723973 -0.07231891 -0.0240398 0.1765713 -0.07231891 -0.01365876 0.1723773 -0.07231891 -0.002604663 0.1705983 -0.07252192 -0.02402985 0.1765903 -0.07231891 0.008568048 0.1713234 -0.07231891 0.01929914 0.1745173 -0.07231891 0.02905094 0.1800184 -0.07252192 0.0192911 0.1745363 -0.07252192 0.02903854 0.1800353 -0.07231891 0.0373339 0.1875513 -0.07271695 0.02900224 0.1800854 -0.07271695 0.03727149 0.1876063 -0.07252192 0.03731817 0.1875653 -0.07271695 0.0192669 0.1745933 -0.0729289 0.01921802 0.1747083 -0.07310295 0.01915079 0.1748663 -0.07310295 0.02882826 0.1803263 -0.0729289 0.02892929 0.1801863 -0.07310295 0.008501112 0.1716973 -0.0729289 0.008531451 0.1715283 -0.07310295 -0.002586722 0.1709784 -0.07323098 -0.002576768 0.1711874 -0.07330298 -0.002565622 0.1714214 -0.07323098 0.008464157 0.1719043 -0.07330298 -0.01343739 0.1731714 -0.07323098 -0.01350039 0.1729453 -0.07330298 -0.02364724 0.1772964 -0.07331597 -0.0325216 0.1837743 -0.07330298 -0.03268331 0.1835902 -0.07331597 -0.02353066 0.1775124 -0.07331597 -0.01337158 0.1734073 -0.07331597 -0.002554059 0.1716663 -0.07331597 0.008379697 0.1723763 -0.07330298 0.008422851 0.1721353 -0.07330298 0.01897716 0.1752753 -0.07323098 0.01906871 0.1750602 -0.07331597 0.01888144 0.1755013 -0.07331597 0.0284245 0.1808843 -0.07330298 0.02856791 0.1806862 -0.07331597 0.03653019 0.1882573 -0.07323098 0.02870529 0.1804963 -0.07330298 0.03671449 0.1880953 -0.07323098 0.04321426 0.1970193 -0.07323098 0.03689056 0.1879402 -0.07330298 0.04300791 0.1971313 -0.07331597 0.04279237 0.1972473 -0.07330298 0.04713296 0.2073413 -0.07331597 0.04689699 0.2074064 -0.07331597 0.04863792 0.2182244 -0.07330298 0.04888278 0.2182123 -0.07323098 0.04735893 0.2072783 -0.07323098 0.0491169 0.2182013 -0.07330298 0.04816943 0.2292013 -0.07323098 0.04840028 0.2292423 -0.07323098 0.04524463 0.2398474 -0.07310295 0.04860681 0.2292793 -0.07310295 0.04932647 0.2181913 -0.07310295 0.04543775 0.2399293 -0.0729289 0.04877644 0.2293102 -0.0729289 0.04949873 0.2181833 -0.07271695 0.04962337 0.2181773 -0.0729289 0.04559648 0.2399963 -0.07271695 0.04889935 0.2293323 -0.07252192 0.0489602 0.2293434 -0.07271695 0.04571121 0.2400453 -0.07252192 0.04576838 0.2400693 -0.07231891 0.04898095 0.2293463 -0.07231891 0.04578763 0.2400773 -0.07231891 0.04970622 0.2181733 -0.07252192 0.04968518 0.2181743 -0.07252192 0.04790699 0.2071254 -0.07231891 0.043733 0.1967383 -0.07231891 0.0479272 0.2071193 -0.07271695 0.04784733 0.2071423 -0.07271695 0.04366004 0.1967784 -0.07252192 0.04371458 0.1967483 -0.0729289 0.04355037 0.1968374 -0.0729289 0.03717792 0.1876883 -0.07310295 0.03704828 0.1878023 -0.07310295 0.04339861 0.1969193 -0.07310295 0.04756093 0.2072213 -0.0729289 0.04772704 0.2071753 -0.07330298 0.0450288 0.2397553 -0.07331597 0.0448032 0.2396603 -0.07331597 0.04792821 0.2291584 -0.07331597 -0.03989356 0.1918803 -0.07323098 -0.03283792 0.1834133 -0.07330298 -0.04009217 0.1917363 -0.07323098 -0.04028224 0.1915993 -0.07331597 -0.04527705 0.2014234 -0.07330298 -0.04550278 0.2013273 -0.07330298 -0.04864341 0.2118813 -0.07323098 -0.04571861 0.2012354 -0.07331597 -0.04840219 0.2119253 -0.07330298 -0.04935669 0.2228703 -0.07331597 -0.04911202 0.2228583 -0.07330298 -0.04760706 0.2337422 -0.07331597 -0.04737097 0.2336763 -0.07331597 -0.04326647 0.2438353 -0.07331597 -0.03700429 0.2528263 -0.07330298 -0.04348188 0.2439523 -0.07331597 -0.02889835 0.2601984 -0.07331597 -0.01935541 0.2655814 -0.07331597 -0.008853673 0.2687074 -0.07331597 0.002080023 0.2694163 -0.07331597 0.01289767 0.2676754 -0.07331597 0.02305668 0.2635714 -0.07331597 0.03204751 0.2573093 -0.07331597 0.03941971 0.2492033 -0.07331597 0.0448032 0.2396603 -0.07231891 -0.03322726 0.1829702 -0.07231891 -0.04076033 0.1912534 -0.07231891 -0.04626148 0.2010053 -0.07231891 -0.0494548 0.2117363 -0.07231891 -0.05018013 0.2229093 -0.07252192 -0.0494343 0.2117403 -0.07252192 -0.05015933 0.2229083 -0.07252192 -0.04838097 0.2339574 -0.07231891 -0.04840105 0.2339633 -0.07271695 -0.0500974 0.2229053 -0.07271695 -0.04832118 0.2339413 -0.07271695 -0.04413408 0.2443053 -0.07231891 -0.04420685 0.2443443 -0.06336092 0.04302603 0.2389053 -0.06336092 0.03762495 0.2483884 -0.06341791 0.04356479 0.2391343 -0.06341791 0.03832942 0.2484153 -0.06358897 0.04408288 0.2393543 -0.06358897 0.03878539 0.2487443 -0.06393396 0.03928411 0.2491053 -0.06441187 0.04512602 0.2397973 -0.06441187 0.0397039 0.2494083 -0.06393396 0.03193736 0.2571833 -0.06393396 0.0446493 0.2395943 -0.06358897 0.03153133 0.2567214 -0.06336092 0.03018254 0.2563684 -0.06441187 0.03227901 0.2575724 -0.06499898 0.04002135 0.2496383 -0.06499898 0.03253746 0.2578664 -0.06441187 0.02322351 0.2638794 -0.06499898 0.02341014 0.2642244 -0.06393396 0.02297711 0.2634244 -0.06336092 0.02110028 0.2624184 -0.06336092 0.01086753 0.2662103 -0.06358897 0.02268409 0.2628834 -0.06341791 0.02241629 0.2623884 -0.06499898 0.01309686 0.2683903 -0.06441187 0.01299172 0.2680134 -0.06393396 0.01285272 0.2675144 -0.06358897 0.01268768 0.2669214 -0.06341791 0.01253646 0.2663794 -0.06565999 0.01316255 0.2686263 -0.06565999 0.02352637 0.2644384 -0.06565999 0.03269857 0.2580503 -0.06636095 0.0235657 0.2645114 -0.06636095 0.03275316 0.2581123 -0.06636095 0.04028648 0.2498294 -0.06565999 0.04021918 0.2497813 -0.06636095 0.04578763 0.2400773 -0.06565999 0.04571121 0.2400453 -0.06499898 0.0454865 0.2399502 -0.06636095 0.01318466 0.2687054 -0.06636095 0.002130687 0.2704843 -0.06565999 0.002126753 0.2704023 -0.06499898 0.00211519 0.2701584 -0.06565999 -0.009027421 0.2696784 -0.06336092 3.64408e-5 0.2675403 -0.06341791 -0.008616745 0.2673824 -0.06441187 0.002096593 0.2697674 -0.06441187 -0.008915424 0.2690524 -0.06393396 -0.008824229 0.2685424 -0.06358897 -0.008715867 0.2679364 -0.06393396 0.002072155 0.2692493 -0.06358897 0.002042949 0.2686354 -0.06341791 0.002016246 0.2680724 -0.06499898 -0.008984446 0.2694373 -0.06336092 -0.01080954 0.2663363 -0.06336092 -0.02108556 0.2626634 -0.06636095 -0.01977324 0.2665664 -0.06636095 -0.009042024 0.2697594 -0.06565999 -0.01974076 0.2664903 -0.06499898 -0.01964551 0.2662654 -0.06441187 -0.01949232 0.2659044 -0.06393396 -0.01929003 0.2654274 -0.06358897 -0.01904964 0.2648614 -0.06341791 -0.01882976 0.2643434 -0.06341791 -0.02134507 0.2631884 -0.06358897 -0.02159482 0.2636924 -0.06341791 -0.02811044 0.2591084 -0.06358897 -0.02843999 0.2595644 -0.06341791 -0.03061109 0.2571714 -0.06336092 -0.03023761 0.2567203 -0.06336092 -0.03777223 0.2488263 -0.06341791 -0.03599333 0.2519384 -0.06358897 -0.03641635 0.2523103 -0.06358897 -0.03868907 0.2495173 -0.06341791 -0.03823965 0.2491784 -0.06358897 -0.03097045 0.2576044 -0.06393396 -0.03136307 0.2580774 -0.06393396 -0.02880042 0.2600623 -0.06441187 -0.03169363 0.2584764 -0.06393396 -0.0368787 0.2527164 -0.06441187 -0.02910387 0.2604823 -0.06441187 -0.02209734 0.2647084 -0.06499898 -0.02933335 0.2608004 -0.06565999 -0.02947634 0.2609974 -0.06636095 -0.02952492 0.2610654 -0.06636095 -0.03780794 0.2535324 -0.06565999 -0.03774565 0.2534773 -0.06441187 -0.03959417 0.2501993 -0.06636095 -0.04420685 0.2443443 -0.06636095 -0.04840105 0.2339633 -0.06565999 -0.04413408 0.2443053 -0.06441187 -0.04537284 0.2403234 -0.06499898 -0.04391944 0.2441883 -0.06441187 -0.04357481 0.2440023 -0.06393396 -0.04489845 0.2401154 -0.06565999 -0.04832118 0.2339413 -0.06499898 -0.0480861 0.2338753 -0.06441187 -0.04770869 0.2337703 -0.06393396 -0.04720979 0.2336313 -0.06358897 -0.04661715 0.2334663 -0.06393396 -0.04820883 0.2292883 -0.06358897 -0.04760336 0.2291783 -0.06341791 -0.04704982 0.2290773 -0.06358897 -0.04833024 0.2228212 -0.06393396 -0.04894495 0.2228503 -0.06341791 -0.04776823 0.2227953 -0.06358897 -0.04831826 0.2180213 -0.06393396 -0.04893285 0.2179893 -0.06341791 -0.04775643 0.2180513 -0.06393396 -0.04823762 0.2119542 -0.06358897 -0.0476318 0.2120622 -0.06341791 -0.04707795 0.2121614 -0.06341791 -0.04590106 0.2071593 -0.06336092 -0.04717195 0.2180812 -0.06336092 -0.04533952 0.2073243 -0.06341791 -0.04403889 0.2019484 -0.06336092 -0.04107552 0.1972793 -0.06336092 -0.03461015 0.1884883 -0.06341791 -0.04158419 0.1969894 -0.06341791 -0.03880327 0.1926683 -0.06341791 -0.03503817 0.1880893 -0.06358897 -0.04207319 0.1967114 -0.06358897 -0.03925949 0.1923383 -0.06393396 -0.04260784 0.1964063 -0.06393396 -0.0397582 0.1919783 -0.06358897 -0.03544974 0.1877053 -0.06393396 -0.03589963 0.1872854 -0.06393396 -0.03241121 0.1838994 -0.06358897 -0.03200531 0.1843624 -0.06341791 -0.03163397 0.1847853 -0.06336092 -0.02629142 0.1814253 -0.06358897 -0.02692788 0.1804693 -0.06341791 -0.02661591 0.1809383 -0.06358897 -0.02315819 0.1782003 -0.06341791 -0.02289021 0.1786953 -0.06336092 -0.01656836 0.1764702 -0.06358897 -0.01696717 0.1753944 -0.06341791 -0.01677173 0.1759223 -0.06341791 -0.01301056 0.1747032 -0.06336092 -0.005964756 0.1738923 -0.06358897 -0.01316154 0.1741613 -0.06341791 -0.006036043 0.1733113 -0.06358897 -0.006104648 0.1727533 -0.06341791 -0.002490282 0.1730103 -0.06341791 0.005012035 0.1732473 -0.06336092 0.004947543 0.1738293 -0.06358897 -0.002516925 0.1724483 -0.06393396 -0.002546072 0.1718333 -0.06358897 0.005074203 0.1726883 -0.06393396 0.005142152 0.1720763 -0.06393396 0.008350253 0.1725413 -0.06358897 0.008241891 0.1731463 -0.06341791 0.008142769 0.1737003 -0.06341791 0.01577734 0.1757323 -0.06336092 0.01558053 0.1762843 -0.06341791 0.01835566 0.1767393 -0.06336092 0.0253607 0.1811243 -0.06341791 0.02567934 0.1806334 -0.06636095 0.02905094 0.1800184 -0.06336092 0.0337609 0.1880903 -0.06336092 0.04032826 0.1968052 -0.06341791 0.03418415 0.1876863 -0.06636095 0.0373339 0.1875513 -0.06358897 0.03459119 0.1872973 -0.06341791 0.04083341 0.1965103 -0.06358897 0.04131913 0.1962254 -0.06636095 0.043733 0.1967383 -0.06341791 0.04526829 0.2066293 -0.06336092 0.0447086 0.2068003 -0.06358897 0.04580646 0.2064644 -0.06341791 0.04725021 0.2174984 -0.06336092 0.04666602 0.2175353 -0.06358897 0.04781174 0.2174624 -0.06341791 0.04667186 0.2285313 -0.06358897 0.04722666 0.2286263 -0.06336092 0.04609507 0.2284333 -0.06336092 0.04302603 0.2389053 -0.06358897 0.04408288 0.2393543 -0.06341791 0.04356479 0.2391343 -0.06393396 0.0446493 0.2395943 -0.06441187 0.04512602 0.2397973 -0.06393396 0.04783332 0.2287293 -0.06441187 0.04834371 0.2288163 -0.06393396 0.04842591 0.2174233 -0.06636095 0.04970622 0.2181733 -0.06636095 0.04898095 0.2293463 -0.06565999 0.04957717 0.2173494 -0.06565999 0.04897058 0.2289233 -0.06499898 0.04933369 0.2173653 -0.06441187 0.04894268 0.2173902 -0.06499898 0.04872995 0.2288823 -0.06636095 0.0479272 0.2071193 -0.06393396 0.046395 0.2062844 -0.06499898 0.04726493 0.2060194 -0.06441187 0.04689013 0.2061333 -0.06636095 0.04578763 0.2400773 -0.06565999 0.04571121 0.2400453 -0.06499898 0.0454865 0.2399502 -0.06499898 0.04263532 0.1954553 -0.06441187 0.04229712 0.1956533 -0.06393396 0.04185009 0.1959153 -0.06393396 0.03503644 0.1868723 -0.06441187 0.035411 0.1865153 -0.06499898 0.03569442 0.1862443 -0.06636095 0.01929914 0.1745173 -0.06441187 0.0266031 0.1792113 -0.06393396 0.02632105 0.1796454 -0.06358897 0.02598595 0.1801612 -0.06393396 0.01881611 0.1756553 -0.06358897 0.01857554 0.1762213 -0.06393396 0.01617383 0.1746233 -0.06358897 0.01596689 0.1752023 -0.06441187 0.01634824 0.1741353 -0.06441187 0.008441448 0.1720314 -0.06441187 0.005199134 0.1715613 -0.06499898 0.00851047 0.1716454 -0.06565999 0.008553445 0.1714053 -0.06636095 0.008568048 0.1713234 -0.06636095 -0.002604663 0.1705983 -0.06565999 -0.002600789 0.1706812 -0.06636095 -0.01365876 0.1723773 -0.06441187 -0.006242752 0.1716282 -0.06565999 -0.01363641 0.1724573 -0.06499898 -0.01357096 0.1726924 -0.06441187 -0.01346582 0.1730692 -0.06393396 -0.006179571 0.1721423 -0.06499898 -0.002589166 0.1709253 -0.06441187 -0.002570629 0.1713163 -0.06393396 -0.01332682 0.1735683 -0.06441187 -0.01736104 0.1743323 -0.06393396 -0.01718097 0.1748173 -0.06441187 -0.02369761 0.1772034 -0.06393396 -0.02345103 0.1776593 -0.06393396 -0.02726906 0.1799573 -0.06441187 -0.02755618 0.1795263 -0.06636095 -0.0240398 0.1765713 -0.06636095 -0.03322726 0.1829702 -0.06565999 -0.02400022 0.1766443 -0.06499898 -0.02388399 0.1768593 -0.06565999 -0.03317242 0.1830323 -0.06499898 -0.03301137 0.1832163 -0.06441187 -0.03275299 0.1835103 -0.06441187 -0.03627836 0.1869323 -0.06636095 -0.04076033 0.1912534 -0.06565999 -0.04069328 0.1913024 -0.06499898 -0.04049545 0.1914453 -0.06441187 -0.04017788 0.1916743 -0.06441187 -0.04305773 0.1961503 -0.06565999 -0.04618531 0.2010374 -0.06499898 -0.0459606 0.2011333 -0.06441187 -0.04559987 0.2012863 -0.06636095 -0.04626148 0.2010053 -0.06393396 -0.04512315 0.2014883 -0.06358897 -0.04455679 0.2017283 -0.06393396 -0.0470317 0.2068282 -0.06441187 -0.04874736 0.2118633 -0.06441187 -0.04752868 0.2066823 -0.06358897 -0.04644113 0.2070013 -0.06499898 -0.04913306 0.2117943 -0.06636095 -0.0494548 0.2117363 -0.06565999 -0.0493732 0.2117513 -0.06441187 -0.04944998 0.2179623 -0.06565999 -0.0500974 0.2229053 -0.06636095 -0.05018013 0.2229093 -0.06499898 -0.04985362 0.2228932 -0.06441187 -0.04946213 0.2228752 -0.06441187 -0.04871827 0.2293813 -0.06565999 0.0192669 0.1745933 -0.06499898 0.01917153 0.1748183 -0.06441187 0.01901847 0.1751784 -0.06336092 -0.04647392 0.2289723 -0.06336092 -0.04328352 0.2394074 -0.06341791 -0.0460751 0.2333153 -0.06358897 -0.04433488 0.2398684 -0.06341791 -0.04381948 0.2396423 -0.06358897 -0.04257822 0.2434623 -0.06341791 -0.04208344 0.2431954 -0.06393396 -0.04311949 0.2437553 -0.06393396 -0.03918051 0.2498873 -0.06441187 -0.0372678 0.2530574 -0.06499898 -0.03756219 0.2533164 -0.06393396 -0.02186775 0.2642443 -0.06341791 0.03115993 0.2562984 0.0292381 -0.05050635 0.1556143 0.02195698 -0.05144196 0.1576213 0.01868098 -0.05142575 0.1575853 -0.04576081 -0.05050635 0.1556143 0.0292381 -0.08220231 0.2235863 0.02685904 -0.07743823 0.2133693 0.02721405 -0.0781545 0.2149053 0.02023804 -0.05135142 0.1574262 0.02357006 -0.0517081 0.1581913 0.02497911 -0.05213338 0.1591033 0.02609908 -0.05269169 0.1603003 0.02685904 -0.05334919 0.1617103 0.02721405 -0.05406558 0.1632463 0.02714312 -0.05479663 0.1648154 0.02664905 -0.05549818 0.1663193 0.02576208 -0.05612689 0.1676673 0.02267611 -0.0659213 0.1886713 0.02218604 -0.06508052 0.1868683 0.02267611 -0.0667873 0.1905283 0.02609908 -0.07678073 0.2119593 0.02218604 -0.06762814 0.1923323 0.02497911 -0.0762223 0.2107623 0.02123403 -0.06839489 0.1939764 0.02357006 -0.07579702 0.2098503 0.01987498 -0.06904309 0.1953663 0.01818805 -0.06953507 0.1964213 0.02195698 -0.075531 0.2092794 0.02023804 -0.07544052 0.2090853 0.01868098 -0.07551467 0.2092443 0.01627302 -0.06984215 0.1970803 0.01423805 -0.06994652 0.1973034 0.01423805 -0.07586312 0.2099924 0.01720106 -0.07573348 0.2097133 0.01587396 -0.07608592 0.2104693 0.01476603 -0.07655429 0.2114744 0.01393204 -0.07711523 0.2126772 0.01341396 -0.07774049 0.2140183 0.01323807 -0.07839876 0.2154294 -0.03013992 -0.07743823 0.2133693 -0.03076088 -0.07586312 0.2099924 -0.02978485 -0.0781545 0.2149053 -0.02985692 -0.07888573 0.2164744 -0.03035092 -0.0795871 0.2179782 0.01345306 -0.07912498 0.2169873 0.01408207 -0.0798068 0.2184493 -0.03123682 -0.08021581 0.2193263 0.01508808 -0.08040237 0.2197263 0.01640999 -0.08087533 0.2207403 -0.03246086 -0.08073329 0.2204363 -0.03394883 -0.08110791 0.2212393 -0.03560882 -0.0813167 0.2216873 -0.03733897 -0.08134698 0.2217524 -0.04576081 -0.08220231 0.2235863 -0.04191082 -0.08040237 0.2197263 -0.03903383 -0.08119678 0.2214303 -0.04058897 -0.08087533 0.2207403 -0.04291689 -0.0798068 0.2184493 -0.04354691 -0.07912498 0.2169873 -0.04376083 -0.07839876 0.2154294 -0.04358494 -0.07774049 0.2140183 0.01965999 -0.08134698 0.2217524 0.01796501 -0.08119678 0.2214303 0.02139103 -0.0813167 0.2216873 0.02305001 -0.08110791 0.2212393 0.02453804 -0.08073329 0.2204363 0.02576208 -0.08021581 0.2193263 0.02664905 -0.0795871 0.2179782 0.02714312 -0.07888573 0.2164744 -0.03919881 -0.0667873 0.1905283 -0.04306793 -0.07711523 0.2126772 -0.04354691 -0.05503594 0.1653283 -0.04291689 -0.0557177 0.1667903 -0.04376083 -0.05430984 0.1637703 -0.03919881 -0.0659213 0.1886713 -0.03870892 -0.06508052 0.1868683 -0.04191082 -0.05631345 0.1680673 -0.0377559 -0.0643137 0.1852244 -0.04058897 -0.05678629 0.1690824 -0.03639698 -0.0636655 0.1838343 -0.03903383 -0.0571078 0.1697713 -0.03471088 -0.06317359 0.1827793 -0.03733897 -0.05725795 0.1700934 -0.03279495 -0.0628665 0.1821203 -0.03076088 -0.06276214 0.1818963 -0.03394883 -0.05701887 0.1695803 -0.03560882 -0.05722779 0.1700283 -0.03246086 -0.05664438 0.1687773 -0.03076088 -0.05684542 0.1692084 -0.02985692 -0.05479663 0.1648154 -0.03035092 -0.05549818 0.1663193 0.01423805 -0.05684542 0.1692084 0.01345306 -0.05503594 0.1653283 -0.03123682 -0.05612689 0.1676673 0.01408207 -0.0557177 0.1667903 0.01323807 -0.05430984 0.1637703 0.01341396 -0.05365157 0.1623592 -0.02978485 -0.05406558 0.1632463 -0.03013992 -0.05334919 0.1617103 0.01393204 -0.05302619 0.1610183 -0.03090095 -0.05269169 0.1603003 -0.03201997 -0.05213338 0.1591033 0.01476603 -0.05246526 0.1598153 0.01587396 -0.05199682 0.1588103 0.01720106 -0.0516445 0.1580554 -0.03342884 -0.0517081 0.1581913 -0.03504288 -0.05144196 0.1576213 -0.03676086 -0.05135142 0.1574262 -0.03831887 -0.05142575 0.1575853 -0.0397979 -0.0516445 0.1580554 -0.04112488 -0.05199682 0.1588103 -0.04223394 -0.05246526 0.1598153 -0.04306793 -0.05302619 0.1610183 -0.04358494 -0.05365157 0.1623592 0.01508808 -0.05631345 0.1680673 0.01640999 -0.05678629 0.1690824 0.01796501 -0.0571078 0.1697713 0.01965999 -0.05725795 0.1700934 0.01423805 -0.06276214 0.1818963 0.01627302 -0.0628665 0.1821203 0.01818805 -0.06317359 0.1827793 0.02139103 -0.05722779 0.1700283 0.01987498 -0.0636655 0.1838343 0.02123403 -0.0643137 0.1852244 0.02305001 -0.05701887 0.1695803 0.02453804 -0.05664438 0.1687773 -0.04223394 -0.07655429 0.2114744 -0.04112488 -0.07608592 0.2104693 -0.03870892 -0.06762814 0.1923323 -0.0377559 -0.06839489 0.1939764 -0.0397979 -0.07573348 0.2097133 -0.03639698 -0.06904309 0.1953663 -0.03831887 -0.07551467 0.2092443 -0.03471088 -0.06953507 0.1964213 -0.03676086 -0.07544052 0.2090853 -0.03279495 -0.06984215 0.1970803 -0.03076088 -0.06994652 0.1973034 -0.03504288 -0.075531 0.2092794 -0.03342884 -0.07579702 0.2098503 -0.03201997 -0.0762223 0.2107623 -0.03090095 -0.07678073 0.2119593 0.0292381 -0.04144328 0.1598403 0.0292381 -0.05050635 0.1556143 -0.04576081 -0.05050635 0.1556143 -0.04576081 -0.04144328 0.1598403 -0.04576081 -0.04144328 0.1598403 -0.04576081 -0.05050635 0.1556143 -0.04576081 -0.07313936 0.2278124 -0.04576081 -0.08220231 0.2235863 -0.04576081 -0.07313936 0.2278124 -0.04576081 -0.08220231 0.2235863 0.0292381 -0.08220231 0.2235863 0.0292381 -0.07313936 0.2278124 0.0292381 -0.04144328 0.1598403 0.0292381 -0.07313936 0.2278124 0.0292381 -0.08220231 0.2235863 0.0292381 -0.05050635 0.1556143 0.03173804 -0.06694549 0.2334593 0.03173804 -0.07419586 0.2300783 0.03173804 -0.03313636 0.1609553 0.03173804 -0.04038673 0.1575744 0.03173804 -0.03313636 0.1609553 -0.04826086 -0.03313636 0.1609553 0.03173804 -0.04038673 0.1575744 -0.04826086 -0.04038673 0.1575744 -0.04826086 -0.06694549 0.2334593 -0.04826086 -0.04038673 0.1575744 -0.04826086 -0.07419586 0.2300783 -0.04826086 -0.03313636 0.1609553 -0.04826086 -0.06694549 0.2334593 0.03173804 -0.06694549 0.2334593 -0.04826086 -0.07419586 0.2300783 0.03173804 -0.07419586 0.2300783 -0.04826086 -0.07419586 0.2300783 0.03173804 -0.07419586 0.2300783 0.0292381 -0.07313936 0.2278124 -0.04576081 -0.07313936 0.2278124 -0.04826086 -0.04038673 0.1575744 0.0292381 -0.04144328 0.1598403 -0.04576081 -0.04144328 0.1598403 0.03173804 -0.04038673 0.1575744 0.02013802 -0.05638021 0.2108013 0.02004003 -0.05603629 0.2100644 0.02013802 -0.06363058 0.2074203 0.02004003 -0.06328666 0.2066833 0.01974904 -0.06296283 0.2059884 0.01928305 -0.06267774 0.2053773 0.01974904 -0.0557124 0.2093694 0.01928305 -0.05542737 0.2087583 0.01867008 -0.06244802 0.2048844 0.01867008 -0.05519753 0.2082654 0.01794403 -0.05503666 0.2079203 0.01794403 -0.06228703 0.2045394 0.01714795 -0.05495375 0.2077423 0.01714795 -0.06220412 0.2043623 0.01632905 -0.06220412 0.2043623 0.01632905 -0.05495375 0.2077423 0.01553303 -0.05503666 0.2079203 0.01553303 -0.06228703 0.2045394 0.0148071 -0.05519753 0.2082654 0.0148071 -0.06244802 0.2048844 0.01419401 -0.06267774 0.2053773 0.01419401 -0.05542737 0.2087583 0.01372802 -0.0557124 0.2093694 0.01343703 -0.05603629 0.2100644 0.01372802 -0.06296283 0.2059884 0.01343703 -0.06328666 0.2066833 0.01333802 -0.05638021 0.2108013 0.01333802 -0.06363058 0.2074203 0.01343703 -0.05672407 0.2115393 0.01343703 -0.06397444 0.2081583 0.01372802 -0.05704796 0.2122334 0.01372802 -0.06429833 0.2088524 0.01419401 -0.05733299 0.2128453 0.01419401 -0.06458336 0.2094643 0.0148071 -0.05756258 0.2133374 0.0148071 -0.06481307 0.2099564 0.01553303 -0.06497406 0.2103023 0.01632905 -0.06505697 0.2104793 0.01553303 -0.0577237 0.2136824 0.01632905 -0.05780661 0.2138602 0.01714795 -0.05780661 0.2138602 0.01714795 -0.06505697 0.2104793 0.01794403 -0.0577237 0.2136824 0.01794403 -0.06497406 0.2103023 0.01867008 -0.05756258 0.2133374 0.01867008 -0.06481307 0.2099564 0.01928305 -0.06458336 0.2094643 0.01928305 -0.05733299 0.2128453 0.01974904 -0.05704796 0.2122334 0.01974904 -0.06429833 0.2088524 0.02004003 -0.06397444 0.2081583 0.02013802 -0.06363058 0.2074203 0.02004003 -0.05672407 0.2115393 0.02013802 -0.05638021 0.2108013 0.02013802 -0.0437017 0.1836123 0.02004003 -0.04335778 0.1828753 0.02013802 -0.05095207 0.1802324 0.02004003 -0.05060815 0.1794943 0.01974904 -0.04303395 0.1821802 0.01974904 -0.05028432 0.1788003 0.01928305 -0.04274886 0.1815693 0.01928305 -0.04999923 0.1781883 0.01867008 -0.04976958 0.1776963 0.01867008 -0.04251927 0.1810764 0.01794403 -0.04235816 0.1807314 0.01794403 -0.04960852 0.1773502 0.01714795 -0.04227524 0.1805533 0.01714795 -0.04952561 0.1771733 0.01632905 -0.04227524 0.1805533 0.01553303 -0.04235816 0.1807314 0.01632905 -0.04952561 0.1771733 0.01553303 -0.04960852 0.1773502 0.0148071 -0.04251927 0.1810764 0.0148071 -0.04976958 0.1776963 0.01419401 -0.04274886 0.1815693 0.01419401 -0.04999923 0.1781883 0.01372802 -0.04303395 0.1821802 0.01372802 -0.05028432 0.1788003 0.01343703 -0.05060815 0.1794943 0.01343703 -0.04335778 0.1828753 0.01333802 -0.0437017 0.1836123 0.01333802 -0.05095207 0.1802324 0.01343703 -0.05129593 0.1809692 0.01343703 -0.04404556 0.1843503 0.01372802 -0.04436945 0.1850444 0.01372802 -0.05161982 0.1816633 0.01419401 -0.04465448 0.1856563 0.01419401 -0.05190485 0.1822754 0.0148071 -0.04488432 0.1861484 0.0148071 -0.05213469 0.1827673 0.01553303 -0.04504519 0.1864943 0.01553303 -0.05229568 0.1831133 0.01632905 -0.05237859 0.1832903 0.01714795 -0.05237859 0.1832903 0.01632905 -0.0451281 0.1866713 0.01714795 -0.0451281 0.1866713 0.01794403 -0.04504519 0.1864943 0.01867008 -0.04488432 0.1861484 0.01794403 -0.05229568 0.1831133 0.01867008 -0.05213469 0.1827673 0.01928305 -0.05190485 0.1822754 0.01928305 -0.04465448 0.1856563 0.01974904 -0.04436945 0.1850444 0.01974904 -0.05161982 0.1816633 0.02004003 -0.05129593 0.1809692 0.02004003 -0.04404556 0.1843503 0.02013802 -0.0437017 0.1836123 0.02013802 -0.05095207 0.1802324 -0.02986097 -0.05638021 0.2108013 -0.02995985 -0.05603629 0.2100644 -0.02986097 -0.06363058 0.2074203 -0.02995985 -0.06328666 0.2066833 -0.03024983 -0.06296283 0.2059884 -0.03024983 -0.0557124 0.2093694 -0.03071594 -0.06267774 0.2053773 -0.03071594 -0.05542737 0.2087583 -0.03132885 -0.06244802 0.2048844 -0.03132885 -0.05519753 0.2082654 -0.0320549 -0.06228703 0.2045394 -0.03285098 -0.06220412 0.2043623 -0.0320549 -0.05503666 0.2079203 -0.03285098 -0.05495375 0.2077423 -0.0336709 -0.05495375 0.2077423 -0.0336709 -0.06220412 0.2043623 -0.03446584 -0.05503666 0.2079203 -0.03446584 -0.06228703 0.2045394 -0.03519189 -0.05519753 0.2082654 -0.03519189 -0.06244802 0.2048844 -0.03580594 -0.05542737 0.2087583 -0.03580594 -0.06267774 0.2053773 -0.03627091 -0.0557124 0.2093694 -0.03627091 -0.06296283 0.2059884 -0.0365619 -0.05603629 0.2100644 -0.0365619 -0.06328666 0.2066833 -0.03666085 -0.05638021 0.2108013 -0.03666085 -0.06363058 0.2074203 -0.0365619 -0.06397444 0.2081583 -0.0365619 -0.05672407 0.2115393 -0.03627091 -0.05704796 0.2122334 -0.03580594 -0.05733299 0.2128453 -0.03627091 -0.06429833 0.2088524 -0.03580594 -0.06458336 0.2094643 -0.03519189 -0.05756258 0.2133374 -0.03519189 -0.06481307 0.2099564 -0.03446584 -0.06497406 0.2103023 -0.03446584 -0.0577237 0.2136824 -0.0336709 -0.05780661 0.2138602 -0.0336709 -0.06505697 0.2104793 -0.03285098 -0.06505697 0.2104793 -0.03285098 -0.05780661 0.2138602 -0.0320549 -0.0577237 0.2136824 -0.0320549 -0.06497406 0.2103023 -0.03132885 -0.06481307 0.2099564 -0.03132885 -0.05756258 0.2133374 -0.03071594 -0.05733299 0.2128453 -0.03071594 -0.06458336 0.2094643 -0.03024983 -0.05704796 0.2122334 -0.03024983 -0.06429833 0.2088524 -0.02995985 -0.06397444 0.2081583 -0.02995985 -0.05672407 0.2115393 -0.02986097 -0.05638021 0.2108013 -0.02986097 -0.06363058 0.2074203 -0.04826086 -0.06694549 0.2334593 0.03173804 -0.06694549 0.2334593 -0.03627091 -0.05704796 0.2122334 -0.03580594 -0.05733299 0.2128453 -0.0336709 -0.05780661 0.2138602 -0.0365619 -0.05603629 0.2100644 -0.03666085 -0.05638021 0.2108013 -0.0365619 -0.05672407 0.2115393 -0.03519189 -0.05756258 0.2133374 -0.03446584 -0.0577237 0.2136824 -0.03285098 -0.05780661 0.2138602 -0.0320549 -0.0577237 0.2136824 -0.03132885 -0.05756258 0.2133374 0.0148071 -0.05756258 0.2133374 -0.04826086 -0.03313636 0.1609553 -0.03285098 -0.04227524 0.1805533 -0.03580594 -0.04274886 0.1815693 -0.03627091 -0.04303395 0.1821802 -0.0365619 -0.04404556 0.1843503 -0.03132885 -0.04251927 0.1810764 -0.0320549 -0.04235816 0.1807314 -0.0336709 -0.04227524 0.1805533 -0.03446584 -0.04235816 0.1807314 -0.03519189 -0.04251927 0.1810764 -0.0365619 -0.04335778 0.1828753 -0.03666085 -0.0437017 0.1836123 0.03173804 -0.03313636 0.1609553 0.01553303 -0.04235816 0.1807314 0.0148071 -0.04251927 0.1810764 0.02004003 -0.04404556 0.1843503 0.02013802 -0.0437017 0.1836123 0.02004003 -0.04335778 0.1828753 0.01974904 -0.04303395 0.1821802 0.01928305 -0.04274886 0.1815693 0.01794403 -0.04235816 0.1807314 0.01714795 -0.04227524 0.1805533 0.01632905 -0.04227524 0.1805533 0.01867008 -0.04251927 0.1810764 0.01974904 -0.04436945 0.1850444 0.02004003 -0.05603629 0.2100644 0.01974904 -0.0557124 0.2093694 0.01928305 -0.05542737 0.2087583 0.01928305 -0.04465448 0.1856563 0.01867008 -0.04488432 0.1861484 0.01794403 -0.04504519 0.1864943 0.01867008 -0.05519753 0.2082654 0.01794403 -0.05503666 0.2079203 0.01714795 -0.0451281 0.1866713 0.01714795 -0.05495375 0.2077423 0.01632905 -0.05495375 0.2077423 0.01632905 -0.0451281 0.1866713 0.01553303 -0.05503666 0.2079203 0.01553303 -0.04504519 0.1864943 0.0148071 -0.05519753 0.2082654 0.01419401 -0.05542737 0.2087583 0.0148071 -0.04488432 0.1861484 0.01419401 -0.04465448 0.1856563 0.01372802 -0.04436945 0.1850444 -0.03024983 -0.04436945 0.1850444 0.01343703 -0.04404556 0.1843503 0.01372802 -0.0557124 0.2093694 0.01343703 -0.05603629 0.2100644 -0.02995985 -0.05603629 0.2100644 -0.03024983 -0.0557124 0.2093694 -0.03071594 -0.05542737 0.2087583 -0.03071594 -0.04465448 0.1856563 -0.03132885 -0.05519753 0.2082654 -0.0320549 -0.05503666 0.2079203 -0.03132885 -0.04488432 0.1861484 -0.0320549 -0.04504519 0.1864943 -0.03285098 -0.0451281 0.1866713 -0.03285098 -0.05495375 0.2077423 -0.0336709 -0.05495375 0.2077423 -0.03446584 -0.05503666 0.2079203 -0.0336709 -0.0451281 0.1866713 -0.03446584 -0.04504519 0.1864943 -0.03519189 -0.04488432 0.1861484 -0.03519189 -0.05519753 0.2082654 -0.03580594 -0.05542737 0.2087583 -0.03627091 -0.04436945 0.1850444 -0.03580594 -0.04465448 0.1856563 -0.03627091 -0.0557124 0.2093694 -0.02986097 -0.05638021 0.2108013 -0.02995985 -0.05672407 0.2115393 0.01343703 -0.05672407 0.2115393 0.01333802 -0.05638021 0.2108013 0.01372802 -0.05704796 0.2122334 -0.03024983 -0.05704796 0.2122334 0.01419401 -0.05733299 0.2128453 -0.03071594 -0.05733299 0.2128453 -0.02986097 -0.0437017 0.1836123 0.01333802 -0.0437017 0.1836123 -0.02995985 -0.04404556 0.1843503 0.01343703 -0.04335778 0.1828753 0.01372802 -0.04303395 0.1821802 -0.02995985 -0.04335778 0.1828753 -0.03024983 -0.04303395 0.1821802 -0.03071594 -0.04274886 0.1815693 0.01419401 -0.04274886 0.1815693 0.02013802 -0.05638021 0.2108013 0.02004003 -0.05672407 0.2115393 0.01974904 -0.05704796 0.2122334 0.01928305 -0.05733299 0.2128453 0.01867008 -0.05756258 0.2133374 0.01794403 -0.0577237 0.2136824 0.01714795 -0.05780661 0.2138602 0.01632905 -0.05780661 0.2138602 0.01553303 -0.0577237 0.2136824 -0.02986097 -0.0437017 0.1836123 -0.02995985 -0.04335778 0.1828753 -0.02986097 -0.05095207 0.1802324 -0.02995985 -0.05060815 0.1794943 -0.03024983 -0.04303395 0.1821802 -0.03024983 -0.05028432 0.1788003 -0.03071594 -0.04274886 0.1815693 -0.03071594 -0.04999923 0.1781883 -0.03132885 -0.04976958 0.1776963 -0.03132885 -0.04251927 0.1810764 -0.0320549 -0.04235816 0.1807314 -0.03285098 -0.04227524 0.1805533 -0.0320549 -0.04960852 0.1773502 -0.03285098 -0.04952561 0.1771733 -0.0336709 -0.04227524 0.1805533 -0.0336709 -0.04952561 0.1771733 -0.03446584 -0.04960852 0.1773502 -0.03446584 -0.04235816 0.1807314 -0.03519189 -0.04251927 0.1810764 -0.03519189 -0.04976958 0.1776963 -0.03580594 -0.04274886 0.1815693 -0.03580594 -0.04999923 0.1781883 -0.03627091 -0.04303395 0.1821802 -0.03627091 -0.05028432 0.1788003 -0.0365619 -0.05060815 0.1794943 -0.0365619 -0.04335778 0.1828753 -0.03666085 -0.0437017 0.1836123 -0.03666085 -0.05095207 0.1802324 -0.0365619 -0.05129593 0.1809692 -0.0365619 -0.04404556 0.1843503 -0.03627091 -0.04436945 0.1850444 -0.03627091 -0.05161982 0.1816633 -0.03580594 -0.04465448 0.1856563 -0.03580594 -0.05190485 0.1822754 -0.03519189 -0.04488432 0.1861484 -0.03519189 -0.05213469 0.1827673 -0.03446584 -0.04504519 0.1864943 -0.03446584 -0.05229568 0.1831133 -0.0336709 -0.05237859 0.1832903 -0.03285098 -0.05237859 0.1832903 -0.0336709 -0.0451281 0.1866713 -0.03285098 -0.0451281 0.1866713 -0.0320549 -0.04504519 0.1864943 -0.03132885 -0.04488432 0.1861484 -0.0320549 -0.05229568 0.1831133 -0.03132885 -0.05213469 0.1827673 -0.03071594 -0.05190485 0.1822754 -0.03071594 -0.04465448 0.1856563 -0.03024983 -0.04436945 0.1850444 -0.03024983 -0.05161982 0.1816633 -0.02995985 -0.05129593 0.1809692 -0.02995985 -0.04404556 0.1843503 -0.02986097 -0.0437017 0.1836123 -0.02986097 -0.05095207 0.1802324 -0.02986097 -0.05095207 0.1802324 -0.03024983 -0.05028432 0.1788003 -0.02995985 -0.05129593 0.1809692 -0.02995985 -0.05060815 0.1794943 -0.03024983 -0.05161982 0.1816633 -0.03071594 -0.05190485 0.1822754 -0.03132885 -0.05213469 0.1827673 -0.0320549 -0.05229568 0.1831133 -0.0320549 -0.04960852 0.1773502 -0.03071594 -0.04999923 0.1781883 -0.03132885 -0.04976958 0.1776963 -0.03285098 -0.04952561 0.1771733 -0.0336709 -0.04952561 0.1771733 -0.0336709 -0.05237859 0.1832903 -0.03285098 -0.05237859 0.1832903 -0.03519189 -0.05213469 0.1827673 -0.03446584 -0.05229568 0.1831133 -0.03446584 -0.04960852 0.1773502 -0.03580594 -0.05190485 0.1822754 -0.03519189 -0.04976958 0.1776963 -0.03580594 -0.04999923 0.1781883 -0.03627091 -0.05028432 0.1788003 -0.0365619 -0.05060815 0.1794943 -0.03666085 -0.05095207 0.1802324 -0.03627091 -0.05161982 0.1816633 -0.0365619 -0.05129593 0.1809692 -0.02986097 -0.06363058 0.2074203 -0.02995985 -0.06397444 0.2081583 -0.02995985 -0.06328666 0.2066833 -0.03024983 -0.06296283 0.2059884 -0.03071594 -0.06267774 0.2053773 -0.03132885 -0.06481307 0.2099564 -0.03071594 -0.06458336 0.2094643 -0.03024983 -0.06429833 0.2088524 -0.03132885 -0.06244802 0.2048844 -0.0320549 -0.06497406 0.2103023 -0.03285098 -0.06220412 0.2043623 -0.0336709 -0.06505697 0.2104793 -0.03285098 -0.06505697 0.2104793 -0.0336709 -0.06220412 0.2043623 -0.03519189 -0.06481307 0.2099564 -0.03446584 -0.06497406 0.2103023 -0.03580594 -0.06458336 0.2094643 -0.03446584 -0.06228703 0.2045394 -0.03519189 -0.06244802 0.2048844 -0.03580594 -0.06267774 0.2053773 -0.03627091 -0.06296283 0.2059884 -0.0365619 -0.06328666 0.2066833 -0.0365619 -0.06397444 0.2081583 -0.03627091 -0.06429833 0.2088524 -0.03666085 -0.06363058 0.2074203 -0.0320549 -0.06228703 0.2045394 0.02013802 -0.05095207 0.1802324 0.02004003 -0.05129593 0.1809692 0.02004003 -0.05060815 0.1794943 0.01974904 -0.05028432 0.1788003 0.01928305 -0.04999923 0.1781883 0.01794403 -0.04960852 0.1773502 0.01867008 -0.05213469 0.1827673 0.01928305 -0.05190485 0.1822754 0.01974904 -0.05161982 0.1816633 0.01794403 -0.05229568 0.1831133 0.01714795 -0.05237859 0.1832903 0.01632905 -0.05237859 0.1832903 0.01632905 -0.04952561 0.1771733 0.0148071 -0.05213469 0.1827673 0.01553303 -0.05229568 0.1831133 0.01553303 -0.04960852 0.1773502 0.01419401 -0.05190485 0.1822754 0.0148071 -0.04976958 0.1776963 0.01419401 -0.04999923 0.1781883 0.01372802 -0.05028432 0.1788003 0.01343703 -0.05060815 0.1794943 0.01333802 -0.05095207 0.1802324 0.01372802 -0.05161982 0.1816633 0.01343703 -0.05129593 0.1809692 0.01714795 -0.04952561 0.1771733 0.01867008 -0.04976958 0.1776963 0.02013802 -0.06363058 0.2074203 0.01974904 -0.06296283 0.2059884 0.02004003 -0.06328666 0.2066833 0.02004003 -0.06397444 0.2081583 0.01928305 -0.06458336 0.2094643 0.01974904 -0.06429833 0.2088524 0.01867008 -0.06481307 0.2099564 0.01928305 -0.06267774 0.2053773 0.01867008 -0.06244802 0.2048844 0.01794403 -0.06497406 0.2103023 0.01632905 -0.06505697 0.2104793 0.01714795 -0.06505697 0.2104793 0.01714795 -0.06220412 0.2043623 0.01794403 -0.06228703 0.2045394 0.01632905 -0.06220412 0.2043623 0.01553303 -0.06228703 0.2045394 0.0148071 -0.06481307 0.2099564 0.01419401 -0.06267774 0.2053773 0.01372802 -0.06296283 0.2059884 0.01419401 -0.06458336 0.2094643 0.0148071 -0.06244802 0.2048844 0.01553303 -0.06497406 0.2103023 0.01343703 -0.06397444 0.2081583 0.01372802 -0.06429833 0.2088524 0.01343703 -0.06328666 0.2066833 0.01333802 -0.06363058 0.2074203 -0.04376083 -0.05566918 0.1631363 -0.04355686 -0.05637729 0.1646553 -0.04376083 -0.05430984 0.1637703 -0.04354691 -0.05503594 0.1653283 -0.04295897 -0.05704396 0.1660853 -0.04291689 -0.0557177 0.1667903 -0.04191082 -0.05631345 0.1680673 -0.04199987 -0.05763089 0.1673433 -0.04073691 -0.05810379 0.1683583 -0.03924298 -0.05843532 0.1690683 -0.04058897 -0.05678629 0.1690824 -0.03903383 -0.0571078 0.1697713 -0.03760486 -0.0586059 0.1694343 -0.03733897 -0.05725795 0.1700934 -0.03560882 -0.05722779 0.1700283 -0.03591692 -0.0586059 0.1694343 -0.03427881 -0.05843532 0.1690683 -0.03278487 -0.05810379 0.1683583 -0.03394883 -0.05701887 0.1695803 -0.03246086 -0.05664438 0.1687773 -0.03152096 -0.05763089 0.1673433 -0.03123682 -0.05612689 0.1676673 -0.03035092 -0.05549818 0.1663193 -0.03056281 -0.05704396 0.1660853 -0.02996397 -0.05637729 0.1646553 -0.02976089 -0.05566918 0.1631363 -0.02985692 -0.05479663 0.1648154 -0.02978485 -0.05406558 0.1632463 -0.02996397 -0.05496132 0.1616183 -0.03013992 -0.05334919 0.1617103 -0.03090095 -0.05269169 0.1603003 -0.03056281 -0.0542944 0.1601883 -0.03152096 -0.05370754 0.1589303 -0.03278487 -0.05323457 0.1579153 -0.03201997 -0.05213338 0.1591033 -0.03342884 -0.0517081 0.1581913 -0.03427881 -0.05290323 0.1572053 -0.03504288 -0.05144196 0.1576213 -0.03676086 -0.05135142 0.1574262 -0.03591692 -0.05273246 0.1568393 -0.03760486 -0.05273246 0.1568393 -0.03924298 -0.05290323 0.1572053 -0.03831887 -0.05142575 0.1575853 -0.0397979 -0.0516445 0.1580554 -0.04073691 -0.05323457 0.1579153 -0.04112488 -0.05199682 0.1588103 -0.04223394 -0.05246526 0.1598153 -0.04199987 -0.05370754 0.1589303 -0.04295897 -0.0542944 0.1601883 -0.04306793 -0.05302619 0.1610183 -0.04355686 -0.05496132 0.1616183 -0.04376083 -0.05566918 0.1631363 -0.04358494 -0.05365157 0.1623592 -0.04376083 -0.05430984 0.1637703 0.01323807 -0.05566918 0.1631363 0.01344197 -0.05637729 0.1646553 0.01323807 -0.05430984 0.1637703 0.01345306 -0.05503594 0.1653283 0.01403999 -0.05704396 0.1660853 0.01408207 -0.0557177 0.1667903 0.01508808 -0.05631345 0.1680673 0.01499903 -0.05763089 0.1673433 0.01626205 -0.05810379 0.1683583 0.01640999 -0.05678629 0.1690824 0.0177561 -0.05843532 0.1690683 0.01796501 -0.0571078 0.1697713 0.01939511 -0.0586059 0.1694343 0.01965999 -0.05725795 0.1700934 0.02108204 -0.0586059 0.1694343 0.02139103 -0.05722779 0.1700283 0.02272105 -0.05843532 0.1690683 0.02305001 -0.05701887 0.1695803 0.0242151 -0.05810379 0.1683583 0.02453804 -0.05664438 0.1687773 0.02547812 -0.05763089 0.1673433 0.02643704 -0.05704396 0.1660853 0.02576208 -0.05612689 0.1676673 0.02664905 -0.05549818 0.1663193 0.02703505 -0.05637729 0.1646553 0.02714312 -0.05479663 0.1648154 0.02723801 -0.05566918 0.1631363 0.02721405 -0.05406558 0.1632463 0.02703505 -0.05496132 0.1616183 0.02685904 -0.05334919 0.1617103 0.02609908 -0.05269169 0.1603003 0.02643704 -0.0542944 0.1601883 0.02547812 -0.05370754 0.1589303 0.0242151 -0.05323457 0.1579153 0.02497911 -0.05213338 0.1591033 0.02357006 -0.0517081 0.1581913 0.02272105 -0.05290323 0.1572053 0.02195698 -0.05144196 0.1576213 0.02023804 -0.05135142 0.1574262 0.02108204 -0.05273246 0.1568393 0.01939511 -0.05273246 0.1568393 0.01868098 -0.05142575 0.1575853 0.0177561 -0.05290323 0.1572053 0.01626205 -0.05323457 0.1579153 0.01720106 -0.0516445 0.1580554 0.01587396 -0.05199682 0.1588103 0.01476603 -0.05246526 0.1598153 0.01499903 -0.05370754 0.1589303 0.01403999 -0.0542944 0.1601883 0.01344197 -0.05496132 0.1616183 0.01393204 -0.05302619 0.1610183 0.01341396 -0.05365157 0.1623592 0.01323807 -0.05566918 0.1631363 0.01323807 -0.05430984 0.1637703 -0.1266828 -0.02216953 0.1983044 -0.1239569 -0.02281659 0.2035243 -0.1254149 -0.01742458 0.1958943 -0.1200579 -0.0158438 0.2035243 -0.1267769 -0.02673327 0.2041082 -0.1266269 -0.01799529 0.1948102 -0.1265839 -0.01330596 0.1921113 -0.1225758 -0.01085817 0.1958943 -0.1265479 -0.006307125 0.1898293 -0.1265388 0.001040995 0.1892563 -0.1211249 -0.00385344 0.1958943 -0.1176499 -0.008226335 0.2035243 -0.1211209 0.00330013 0.1958943 -0.1168329 -2.7908e-4 0.2035243 -0.1145769 -0.004526555 0.2118294 -0.1176409 0.007669091 0.2035243 -0.1145719 0.003965795 0.2118294 -0.1136189 -2.8089e-4 0.2204633 -0.1162859 0.01228368 0.2118294 -0.1144928 0.008317589 0.2204633 -0.1148589 0.003936648 0.2290673 -0.1170889 0.01656126 0.2204633 -0.1165609 0.01219683 0.2290673 -0.1181949 0.007554948 0.2372844 -0.1198989 0.0199421 0.2290673 -0.1205599 0.01506561 0.2372844 -0.1233448 0.0100606 0.2447723 -0.1243948 0.02194219 0.2372844 -0.1261109 0.01647722 0.2447723 -0.1274939 0.0139873 0.2477554 -0.1274269 0.02008676 0.2436153 -0.1273388 0.02502995 0.2381533 -0.1272339 0.02855002 0.2316843 -0.1247348 0.02685159 0.2290673 -0.1271178 0.03043866 0.2245594 -0.1212989 0.02410942 0.2204633 -0.1269989 0.03059715 0.2172002 -0.1245169 0.02704036 0.2118294 -0.1268808 0.02901005 0.2099983 -0.1267728 0.0257709 0.2033823 -0.1239318 0.02226644 0.2035243 -0.12668 0.0210424 0.1977003 -0.1196469 0.02008271 0.2118294 -0.1200399 0.01528924 0.2035243 -0.1253958 0.0168761 0.1958943 -0.1225649 0.01030647 0.1958943 -0.1266069 0.01511687 0.1933063 -0.1265588 0.008315026 0.1904373 -0.1275349 0.007079303 0.2503414 -0.1275489 -2.53026e-4 0.2512204 -0.1219348 0.00321722 0.2447723 -0.1219389 -0.003769755 0.2447723 -0.1173979 -2.78761e-4 0.2372844 -0.1182029 -0.008111596 0.2372844 -0.1148638 -0.004497051 0.2290673 -0.1165748 -0.01275545 0.2290673 -0.1145029 -0.00887835 0.2204633 -0.1171079 -0.0171191 0.2204633 -0.1162999 -0.01284235 0.2118294 -0.1196699 -0.02063769 0.2118294 -0.1213269 -0.02466249 0.2204633 -0.1245468 -0.02758973 0.2118294 -0.1268858 -0.02978771 0.2108134 -0.1270039 -0.03117531 0.2180503 -0.1271228 -0.03081297 0.2254022 -0.1272388 -0.02873307 0.2324643 -0.1247658 -0.02740085 0.2290673 -0.1199219 -0.02049678 0.2290673 -0.1244199 -0.02249193 0.2372844 -0.1205769 -0.01561939 0.2372844 -0.1261299 -0.01702505 0.2447723 -0.1273429 -0.02503705 0.2388373 -0.1274309 -0.01995176 0.2441563 -0.1274958 -0.01374328 0.2481313 -0.1233569 -0.01061159 0.2447723 -0.1275349 -0.007182121 0.2504374 -0.1275489 -2.53026e-4 0.2512204 -0.1275349 0.007079303 0.2503414 -0.07328999 -2.36989e-4 0.2515414 -0.07329392 0.007261276 0.2506204 -0.1274939 0.0139873 0.2477554 -0.07329893 0.01431435 0.2479133 -0.1274269 0.02008676 0.2436153 -0.07330489 0.0205031 0.2435814 -0.07331192 0.02546018 0.2378803 -0.1273388 0.02502995 0.2381533 -0.1272339 0.02855002 0.2316843 -0.1271178 0.03043866 0.2245594 -0.07331895 0.02889096 0.2311493 -0.07332587 0.03059202 0.2237893 -0.1269989 0.03059715 0.2172002 -0.07333195 0.0304619 0.2162353 -0.1268808 0.02901005 0.2099983 -0.07333791 0.02850884 0.2089374 -0.1267728 0.0257709 0.2033823 -0.07334196 0.02484846 0.2023293 -0.12668 0.0210424 0.1977003 -0.07334387 0.0196982 0.1968023 -0.1266069 0.01511687 0.1933063 -0.07334494 0.01336389 0.1926853 -0.07334494 0.006222069 0.1902223 -0.1265588 0.008315026 0.1904373 -0.1265388 0.001040995 0.1892563 -0.07334196 -0.001303434 0.1895602 -0.1265479 -0.006307125 0.1898293 -0.1265839 -0.01330596 0.1921113 -0.07333791 -0.008765697 0.1907383 -0.0733329 -0.01572138 0.1936863 -0.1266269 -0.01799529 0.1948102 -0.07332694 -0.02175748 0.1982293 -0.1266828 -0.02216953 0.1983044 -0.07331991 -0.02651542 0.2040973 -0.07331287 -0.02971261 0.2109423 -0.1267769 -0.02673327 0.2041082 -0.1268858 -0.02978771 0.2108134 -0.07330596 -0.03115946 0.2183563 -0.1270039 -0.03117531 0.2180503 -0.0733 -0.0307697 0.2259013 -0.1271228 -0.03081297 0.2254022 -0.1272388 -0.02873307 0.2324643 -0.07329392 -0.02856647 0.2331272 -0.1273429 -0.02503705 0.2388373 -0.07328999 -0.02468097 0.2396063 -0.1274309 -0.01995176 0.2441563 -0.07328796 -0.01934367 0.2449523 -0.1274958 -0.01374328 0.2481313 -0.1275349 -0.007182121 0.2504374 -0.07328689 -0.01351743 0.2485523 -0.07328796 -0.007043302 0.2507844 -0.07328999 -2.36989e-4 0.2515414 -0.1275489 -2.53026e-4 0.2512204 0.03920906 -0.01929903 0.2448573 -0.07328796 -0.01934367 0.2449523 0.03920906 -0.01526916 0.2475323 -0.07328689 -0.01351743 0.2485523 0.03920906 -0.01087224 0.2495473 -0.07328796 -0.007043302 0.2507844 0.03920906 -0.006215274 0.2508544 0.0412091 0.001171708 0.2514134 -0.07328999 -2.36989e-4 0.2515414 0.0412091 -0.006222188 0.2508514 -0.07329392 0.007261276 0.2506204 0.0412091 0.008487701 0.2502043 -0.07329893 0.01431435 0.2479133 0.0412091 0.01530694 0.2472913 -0.07330489 0.0205031 0.2435814 0.0412091 0.02123945 0.2428423 -0.07331192 0.02546018 0.2378803 0.0412091 0.02594584 0.2371113 -0.07331895 0.02889096 0.2311493 0.0412091 0.02915632 0.2304273 -0.07332587 0.03059202 0.2237893 -0.07333195 0.0304619 0.2162353 0.0412091 0.03068763 0.2231724 0.0412091 0.03045213 0.2157603 -0.07333791 0.02850884 0.2089374 0.0412091 0.02846306 0.2086163 -0.07334196 0.02484846 0.2023293 0.0412091 0.02483439 0.2021503 0.0412091 0.01977372 0.1967303 -0.07334387 0.0196982 0.1968023 0.0412091 0.01357048 0.1926664 -0.07334494 0.01336389 0.1926853 0.0412091 0.006579995 0.1901934 -0.07334494 0.006222069 0.1902223 0.0412091 -7.98045e-4 0.1894503 -0.07334196 -0.001303434 0.1895602 0.0412091 -0.008141398 0.1904814 -0.07333791 -0.008765697 0.1907383 -0.0733329 -0.01572138 0.1936863 0.0412091 -0.01502972 0.1932263 0.0412091 -0.02106916 0.1975293 -0.07332694 -0.02175748 0.1982293 0.0412091 -0.02591401 0.2031432 0.0412091 -0.02928698 0.2097473 -0.07331991 -0.02651542 0.2040973 -0.07331287 -0.02971261 0.2109423 0.0412091 -0.03099507 0.2169623 -0.07330596 -0.03115946 0.2183563 0.0412091 -0.03094053 0.2243783 -0.0733 -0.0307697 0.2259013 0.0412091 -0.02912652 0.2315683 -0.07329392 -0.02856647 0.2331272 0.0412091 -0.02565675 0.2381213 -0.07328999 -0.02468097 0.2396063 -0.07328796 -0.01934367 0.2449523 0.0412091 -0.02273041 0.2417273 0.03920906 -0.01929903 0.2448573 0.0412091 -0.01929825 0.2448554 0.053209 -0.01929336 0.2448453 0.053209 -0.02073854 0.2479443 0.05120909 -0.01929426 0.2448474 0.05120909 -0.01956045 0.2454172 0.04016709 -0.0230332 0.2528653 0.05225205 -0.0230332 0.2528653 0.0412091 -0.01956045 0.2454172 0.03920906 -0.02073854 0.2479443 0.03920906 -0.01929903 0.2448573 0.0412091 -0.01929825 0.2448554 0.04057496 -0.02360999 0.2541024 0.05184298 -0.02360999 0.2541024 0.05113106 -0.02413129 0.2552203 0.04128706 -0.02413129 0.2552203 0.04226499 -0.02456933 0.2561594 0.05015295 -0.02456933 0.2561594 0.04345512 -0.02490007 0.2568684 0.04479408 -0.02510613 0.2573103 0.04762411 -0.02510613 0.2573103 0.04620903 -0.02517586 0.2574604 0.04896301 -0.02490007 0.2568684 0.05225205 -0.0230332 0.2528653 0.05184298 -0.02360999 0.2541024 0.05225205 -0.00490725 0.2613174 0.05184298 -0.005483925 0.2625544 0.05113106 -0.02413129 0.2552203 0.05113106 -0.006005406 0.2636724 0.05015295 -0.006443381 0.2646114 0.05015295 -0.02456933 0.2561594 0.04896301 -0.02490007 0.2568684 0.04762411 -0.02510613 0.2573103 0.04896301 -0.006774187 0.2653214 0.04762411 -0.006980121 0.2657623 0.04620903 -0.007050037 0.2659124 0.04479408 -0.006980121 0.2657623 0.04620903 -0.02517586 0.2574604 0.04479408 -0.02510613 0.2573103 0.04345512 -0.006774187 0.2653214 0.04345512 -0.02490007 0.2568684 0.04226499 -0.02456933 0.2561594 0.04226499 -0.006443381 0.2646114 0.04128706 -0.006005406 0.2636724 0.04057496 -0.005483925 0.2625544 0.04128706 -0.02413129 0.2552203 0.04057496 -0.02360999 0.2541024 0.04016709 -0.0230332 0.2528653 0.04016709 -0.00490725 0.2613174 0.053209 -0.02073854 0.2479443 0.05225205 -0.0230332 0.2528653 0.053209 -0.00261265 0.2563964 0.05225205 -0.00490725 0.2613174 0.05120909 -0.004210591 0.2517893 0.0412091 -0.004210591 0.2517893 0.05120909 0.003316879 0.2518404 0.0412091 0.003316879 0.2518404 0.0412091 0.01064139 0.2501034 0.0412091 0.01734483 0.2466773 0.05120909 0.01064139 0.2501034 0.05120909 0.01734483 0.2466773 0.05120909 0.02304399 0.2417603 0.0412091 0.02304399 0.2417603 0.0412091 0.02741366 0.2356302 0.0412091 0.03020399 0.2286384 0.05120909 0.02741366 0.2356302 0.05120909 0.03020399 0.2286384 0.05120909 0.03125602 0.2211843 0.0412091 0.03125602 0.2211843 0.0412091 0.03050929 0.2136943 0.0412091 0.02800667 0.2065943 0.05120909 0.03050929 0.2136943 0.05120909 0.02800667 0.2065943 0.0412091 0.02389097 0.2002913 0.05120909 0.02389097 0.2002913 0.05120909 0.01839727 0.1951453 0.0412091 0.01839727 0.1951453 0.0412091 0.01183933 0.1914494 0.0412091 0.004591763 0.1894143 0.05120909 0.01183933 0.1914494 0.05120909 0.004591763 0.1894143 0.05120909 -0.002931535 0.1891573 0.0412091 -0.002931535 0.1891573 0.0412091 -0.01030099 0.1906933 0.0412091 -0.01709574 0.1939333 0.05120909 -0.01030099 0.1906933 0.05120909 -0.01709574 0.1939333 0.05120909 -0.02292764 0.1986933 0.0412091 -0.02292764 0.1986933 0.0412091 -0.02746361 0.2047003 0.0412091 -0.03044468 0.2116134 0.05120909 -0.02746361 0.2047003 0.05120909 -0.03044468 0.2116134 0.05120909 -0.03170055 0.2190353 0.0412091 -0.03170055 0.2190353 0.0412091 -0.03115946 0.2265434 0.0412091 -0.02885234 0.2337093 0.05120909 -0.02885234 0.2337093 0.05120909 -0.03115946 0.2265434 0.05120909 -0.02491086 0.2401223 0.05120909 -0.01956045 0.2454172 0.0412091 -0.02491086 0.2401223 0.0412091 -0.01956045 0.2454172 0.05120909 -0.01929426 0.2448474 0.05120909 -0.01956045 0.2454172 0.05120909 -0.02491086 0.2401223 0.05120909 -0.02454507 0.2396103 0.05120909 -0.02885234 0.2337093 0.05120909 -0.02840209 0.2332773 0.05120909 -0.03115946 0.2265434 0.05120909 -0.03064471 0.2262094 0.05120909 -0.03170055 0.2190353 0.05120909 -0.03114444 0.2188113 0.05120909 -0.02987301 0.2115054 0.05120909 -0.03044468 0.2116134 0.05120909 -0.02746361 0.2047003 0.05120909 -0.02292764 0.1986933 0.05120909 -0.02690285 0.2047113 0.05120909 -0.02240407 0.1988164 0.05120909 -0.01709574 0.1939333 0.05120909 -0.01663386 0.1941583 0.05120909 -0.009922862 0.1910043 0.05120909 -0.01030099 0.1906933 0.05120909 -0.002931535 0.1891573 0.05120909 -0.002654731 0.1895344 0.05120909 0.004591763 0.1894143 0.05120909 0.004754543 0.1898323 0.05120909 0.01183933 0.1914494 0.05120909 0.01188117 0.1918814 0.05120909 0.01839727 0.1951453 0.05120909 0.02389097 0.2002913 0.05120909 0.0183171 0.1955653 0.05120909 0.02369415 0.2006713 0.05120909 0.02770483 0.2069083 0.05120909 0.02800667 0.2065943 0.05120909 0.03050929 0.2136943 0.05120909 0.03011929 0.2139194 0.05120909 0.03125602 0.2211843 0.05120909 0.0307998 0.2213033 0.05120909 0.03020399 0.2286384 0.05120909 0.02970707 0.2286384 0.05120909 0.02741366 0.2356302 0.05120909 0.02690368 0.2355033 0.05120909 0.02304399 0.2417603 0.05120909 0.02255028 0.2415063 0.05120909 0.01734483 0.2466773 0.05120909 0.01064139 0.2501034 0.05120909 0.01689571 0.2463033 0.05120909 0.01026362 0.2496203 0.05120909 0.003033459 0.2512673 0.05120909 0.003316879 0.2518404 0.05120909 -0.001627922 0.2514014 0.05120909 -0.004210591 0.2517893 0.05120909 -0.006256878 0.2508354 0.053209 -0.01929336 0.2448453 0.05120909 -0.01929426 0.2448474 0.05326598 -0.01929336 0.2448453 0.05326402 -0.02463078 0.2394983 0.05120909 -0.02454507 0.2396103 0.05120909 -0.02840209 0.2332773 0.05120909 -0.03064471 0.2262094 0.05326002 -0.02851641 0.2330203 0.05325508 -0.03071939 0.2257933 0.05324798 -0.03110927 0.2182493 0.05120909 -0.03114444 0.2188113 0.05120909 -0.02987301 0.2115054 0.05324202 -0.02966243 0.2108343 0.05120909 -0.02690285 0.2047113 0.05120909 -0.02240407 0.1988164 0.0532341 -0.02646511 0.2039893 0.05322802 -0.02170729 0.1981213 0.05322104 -0.01567119 0.1935783 0.05120909 -0.01663386 0.1941583 0.05120909 -0.009922862 0.1910043 0.05321604 -0.00871551 0.1906303 0.05120909 -0.002654731 0.1895344 0.05321198 -0.001253247 0.1894524 0.05120909 0.004754543 0.1898323 0.05120909 0.01188117 0.1918814 0.05321002 0.006272256 0.1901143 0.053209 0.0134142 0.1925773 0.05321002 0.01974833 0.1966943 0.05120909 0.0183171 0.1955653 0.05120909 0.02369415 0.2006713 0.05120909 0.02770483 0.2069083 0.05321305 0.02489852 0.2022213 0.05321705 0.0285589 0.2088302 0.05120909 0.03011929 0.2139194 0.05322206 0.03051227 0.2161273 0.05322909 0.03064221 0.2236813 0.05120909 0.0307998 0.2213033 0.05120909 0.02970707 0.2286384 0.05120909 0.02690368 0.2355033 0.05323505 0.02894127 0.2310423 0.05324304 0.02551037 0.2377723 0.05120909 0.02255028 0.2415063 0.05324912 0.02055335 0.2434734 0.05325603 0.01436454 0.2478063 0.05120909 0.01689571 0.2463033 0.05120909 0.01026362 0.2496203 0.05120909 0.003033459 0.2512673 0.05326104 0.007311463 0.2505133 0.05326402 -1.86796e-4 0.2514334 0.05120909 -0.001627922 0.2514014 0.05326598 -0.006993055 0.2506774 0.053209 -0.006263971 0.2508323 0.05120909 -0.006256878 0.2508354 0.053209 -0.01090127 0.2495234 0.05326712 -0.01346737 0.2484443 0.053209 -0.01527971 0.2475113 0.053209 -0.01929336 0.2448453 0.05326598 -0.01929336 0.2448453 0.053209 -0.006263971 0.2508323 0.053209 -0.001133382 0.2532244 0.053209 -0.01090127 0.2495234 0.053209 -0.00261265 0.2563964 0.053209 -0.02073854 0.2479443 0.053209 -0.01527971 0.2475113 0.053209 -0.01929336 0.2448453 0.03920906 -0.001133382 0.2532244 0.053209 -0.001133382 0.2532244 0.04256206 -0.00235188 0.2558373 0.03920906 -0.00261265 0.2563964 0.04365301 -0.002033591 0.2551544 0.04620903 -0.001767337 0.2545834 0.04489296 -0.001834869 0.2547283 0.04752498 -0.001834869 0.2547283 0.04876506 -0.002033591 0.2551544 0.049856 -0.00235188 0.2558373 0.053209 -0.00261265 0.2563964 0.05073505 -0.002771258 0.2567364 0.05135202 -0.003267467 0.2578004 0.05166912 -0.003811538 0.2589674 0.05225205 -0.00490725 0.2613174 0.05166912 -0.004371941 0.2601694 0.05135202 -0.004916012 0.2613363 0.05073505 -0.005412161 0.2624003 0.05184298 -0.005483925 0.2625544 0.05113106 -0.006005406 0.2636724 0.05015295 -0.006443381 0.2646114 0.049856 -0.005831599 0.2632994 0.04876506 -0.006149888 0.2639824 0.04752498 -0.00634855 0.2644084 0.04896301 -0.006774187 0.2653214 0.04762411 -0.006980121 0.2657623 0.04620903 -0.007050037 0.2659124 0.04620903 -0.006416082 0.2645533 0.04479408 -0.006980121 0.2657623 0.04489296 -0.00634855 0.2644084 0.04345512 -0.006774187 0.2653214 0.04365301 -0.006149888 0.2639824 0.04256206 -0.005831599 0.2632994 0.04226499 -0.006443381 0.2646114 0.04128706 -0.006005406 0.2636724 0.04168301 -0.005412161 0.2624003 0.04057496 -0.005483925 0.2625544 0.04016709 -0.00490725 0.2613174 0.04106712 -0.004916012 0.2613363 0.04074907 -0.004371941 0.2601694 0.04074907 -0.003811538 0.2589674 0.04106712 -0.003267467 0.2578004 0.04168301 -0.002771258 0.2567364 0.04620903 0.001857638 0.2562744 0.04620903 -0.001767337 0.2545834 0.04489296 0.001790106 0.2564194 0.04489296 -0.001834869 0.2547283 0.04365301 0.001591444 0.2568454 0.04365301 -0.002033591 0.2551544 0.04256206 -0.00235188 0.2558373 0.04256206 0.001273155 0.2575284 0.04168301 8.53763e-4 0.2584274 0.04106712 3.57604e-4 0.2594913 0.04168301 -0.002771258 0.2567364 0.04106712 -0.003267467 0.2578004 0.04074907 -0.003811538 0.2589674 0.04074907 -1.86458e-4 0.2606584 0.04074907 -7.46801e-4 0.2618594 0.04074907 -0.004371941 0.2601694 0.04106712 -0.004916012 0.2613363 0.04106712 -0.001290798 0.2630264 0.04168301 -0.001786947 0.2640903 0.04168301 -0.005412161 0.2624003 0.04256206 -0.002206385 0.2649903 0.04256206 -0.005831599 0.2632994 0.04365301 -0.002524614 0.2656723 0.04365301 -0.006149888 0.2639824 0.04489296 -0.00634855 0.2644084 0.04620903 -0.006416082 0.2645533 0.04489296 -0.002723455 0.2660984 0.04620903 -0.002790987 0.2662433 0.04752498 -0.002723455 0.2660984 0.04752498 -0.00634855 0.2644084 0.04876506 -0.002524614 0.2656723 0.04876506 -0.006149888 0.2639824 0.049856 -0.002206385 0.2649903 0.049856 -0.005831599 0.2632994 0.05073505 -0.001786947 0.2640903 0.05135202 -0.001290798 0.2630264 0.05073505 -0.005412161 0.2624003 0.05135202 -0.004916012 0.2613363 0.05166912 -7.46801e-4 0.2618594 0.05166912 -0.004371941 0.2601694 0.05166912 -0.003811538 0.2589674 0.05166912 -1.86458e-4 0.2606584 0.05135202 3.57604e-4 0.2594913 0.05135202 -0.003267467 0.2578004 0.05073505 8.53763e-4 0.2584274 0.05073505 -0.002771258 0.2567364 0.049856 0.001273155 0.2575284 0.049856 -0.00235188 0.2558373 0.04876506 -0.002033591 0.2551544 0.04876506 0.001591444 0.2568454 0.04752498 0.001790106 0.2564194 0.04752498 -0.001834869 0.2547283 0.04620903 0.001857638 0.2562744 0.04620903 -0.001767337 0.2545834 0.04620903 0.001857638 0.2562744 0.04489296 0.001790106 0.2564194 0.04823005 0.001012504 0.2580874 0.04752498 0.001790106 0.2564194 0.04418802 0.001012504 0.2580874 0.04365301 0.001591444 0.2568454 0.04256206 0.001273155 0.2575284 0.04216802 -4.66629e-4 0.2612593 0.04168301 8.53763e-4 0.2584274 0.04106712 3.57604e-4 0.2594913 0.04074907 -1.86458e-4 0.2606584 0.04074907 -7.46801e-4 0.2618594 0.04106712 -0.001290798 0.2630264 0.04168301 -0.001786947 0.2640903 0.04256206 -0.002206385 0.2649903 0.04418802 -0.001945734 0.2644314 0.04823005 -0.001945734 0.2644314 0.04365301 -0.002524614 0.2656723 0.04489296 -0.002723455 0.2660984 0.04620903 -0.002790987 0.2662433 0.04752498 -0.002723455 0.2660984 0.04876506 -0.002524614 0.2656723 0.049856 -0.002206385 0.2649903 0.05073505 -0.001786947 0.2640903 0.05135202 -0.001290798 0.2630264 0.05025005 -4.66629e-4 0.2612593 0.05166912 -7.46801e-4 0.2618594 0.05166912 -1.86458e-4 0.2606584 0.05135202 3.57604e-4 0.2594913 0.05073505 8.53763e-4 0.2584274 0.049856 0.001273155 0.2575284 0.04876506 0.001591444 0.2568454 0.04823005 0.001679301 0.2661214 0.05025005 -4.66629e-4 0.2612593 0.04823005 -0.001945734 0.2644314 0.05025005 0.00315845 0.2629494 0.04418802 0.001679301 0.2661214 0.04823005 0.001679301 0.2661214 0.04418802 0.004637539 0.2597774 0.04216802 0.00315845 0.2629494 0.05025005 0.00315845 0.2629494 0.04823005 0.004637539 0.2597774 0.05025005 0.00315845 0.2629494 0.05025005 -4.66629e-4 0.2612593 0.04823005 0.004637539 0.2597774 0.04823005 0.001012504 0.2580874 0.04823005 0.004637539 0.2597774 0.04823005 0.001012504 0.2580874 0.04418802 0.004637539 0.2597774 0.04418802 0.001012504 0.2580874 0.04418802 0.004637539 0.2597774 0.04418802 0.001012504 0.2580874 0.04216802 0.00315845 0.2629494 0.04216802 -4.66629e-4 0.2612593 0.04216802 0.00315845 0.2629494 0.04216802 -4.66629e-4 0.2612593 0.04418802 0.001679301 0.2661214 0.04418802 -0.001945734 0.2644314 0.04418802 0.001679301 0.2661214 0.04418802 -0.001945734 0.2644314 0.04823005 0.001679301 0.2661214 0.04823005 -0.001945734 0.2644314 0.04016709 -0.0230332 0.2528653 0.03920906 -0.02073854 0.2479443 0.04016709 -0.00490725 0.2613174 0.03920906 -0.00261265 0.2563964 0.0412091 -0.006222188 0.2508514 0.0412091 -0.004210591 0.2517893 0.0412091 0.001171708 0.2514134 0.0412091 0.008487701 0.2502043 0.0412091 0.003316879 0.2518404 0.0412091 0.01064139 0.2501034 0.0412091 0.01734483 0.2466773 0.0412091 0.01530694 0.2472913 0.0412091 0.02123945 0.2428423 0.0412091 0.02304399 0.2417603 0.0412091 0.02594584 0.2371113 0.0412091 0.02741366 0.2356302 0.0412091 0.02915632 0.2304273 0.0412091 0.03020399 0.2286384 0.0412091 0.03068763 0.2231724 0.0412091 0.03125602 0.2211843 0.0412091 0.03045213 0.2157603 0.0412091 0.03050929 0.2136943 0.0412091 0.02846306 0.2086163 0.0412091 0.02800667 0.2065943 0.0412091 0.02483439 0.2021503 0.0412091 0.01977372 0.1967303 0.0412091 0.02389097 0.2002913 0.0412091 0.01839727 0.1951453 0.0412091 0.01183933 0.1914494 0.0412091 0.01357048 0.1926664 0.0412091 0.006579995 0.1901934 0.0412091 -7.98045e-4 0.1894503 0.0412091 0.004591763 0.1894143 0.0412091 -0.002931535 0.1891573 0.0412091 -0.008141398 0.1904814 0.0412091 -0.01030099 0.1906933 0.0412091 -0.01502972 0.1932263 0.0412091 -0.01709574 0.1939333 0.0412091 -0.02106916 0.1975293 0.0412091 -0.02292764 0.1986933 0.0412091 -0.02746361 0.2047003 0.0412091 -0.02591401 0.2031432 0.0412091 -0.02928698 0.2097473 0.0412091 -0.03099507 0.2169623 0.0412091 -0.03044468 0.2116134 0.0412091 -0.03170055 0.2190353 0.0412091 -0.03115946 0.2265434 0.0412091 -0.03094053 0.2243783 0.0412091 -0.02912652 0.2315683 0.0412091 -0.02565675 0.2381213 0.0412091 -0.02885234 0.2337093 0.0412091 -0.02491086 0.2401223 0.0412091 -0.02273041 0.2417273 0.0412091 -0.01956045 0.2454172 0.0412091 -0.01929825 0.2448554</float_array>
          <technique_common>
            <accessor source="#Mesh69_647-mesh-positions-array" count="5999" stride="3">
              <param name="X" type="float"/>
              <param name="Y" type="float"/>
              <param name="Z" type="float"/>
            </accessor>
          </technique_common>
        </source>
        <source id="Mesh69_647-mesh-normals">
          <float_array id="Mesh69_647-mesh-normals-array" count="15828">-1 0 0 -1 0 0 -1 0 0 -1 0 0 -1 0 0 -1 0 0 -1 0 0 -1 0 0 -1 0 0 -1 0 0 -1 0 0 -1 0 0 -1 0 0 -1 0 0 -1 0 0 -1 0 0 -1 0 0 -1 0 0 -1 0 0 -1 0 0 -1 0 0 -1 0 0 -1 0 0 -1 0 0 -1 0 0 -1 0 0 -1 0 0 -1 0 0 0 0.9062785 0.4226811 0 0.9062773 0.4226837 0 0.4226171 -0.9063084 0 0.4226171 -0.9063084 1 -2.37556e-7 0 1 0 0 1 2.11747e-7 0 1 -1.70435e-7 0 1 3.08956e-7 0 1 0 0 1 -2.0717e-7 0 1 -2.05781e-7 0 1 4.11406e-7 0 1 -3.08619e-7 0 1 4.13637e-7 0 1 -1.11064e-6 0 1 1.64937e-6 0 1 -5.09656e-7 0 1 -6.10411e-7 0 1 4.97471e-7 0 1 0 0 1 7.54011e-7 0 1 1.82476e-7 0 1 -1.86488e-7 0 1 -1.60989e-7 0 1 0 0 1 -1.4494e-7 0 1 -2.82326e-7 0 1 1.29252e-6 0 1 6.20862e-7 0 1 -6.37584e-7 0 1 1.53839e-7 0 -5.99565e-5 -0.4226245 0.906305 0 -0.4225947 0.9063188 -9.67621e-5 -0.4226223 0.9063059 0 -0.422594 0.9063192 0 -0.4250107 0.9051883 0 -0.4250273 0.9051806 9.6759e-5 -0.4226226 0.9063058 5.99546e-5 -0.4226246 0.9063048 -1.9739e-5 -0.9063072 -0.4226194 0 -0.9063071 -0.4226199 5.01924e-5 -0.9062999 -0.4226353 9.37317e-5 -0.9062875 -0.4226621 -1.03964e-4 -0.9063245 -0.4225826 5.5513e-5 -0.9062976 -0.4226402 -1.2804e-5 -0.9063062 -0.4226217 1.6372e-4 -0.9062865 -0.4226642 0 -0.9063078 -0.4226182 -9.37321e-5 -0.9062877 -0.4226614 1.03952e-4 -0.9063248 -0.4225822 -5.55196e-5 -0.9062969 -0.4226418 1.28022e-5 -0.9063081 -0.4226177 -1.63749e-4 -0.9062859 -0.4226651 -5.03017e-5 -0.9062986 -0.4226382 2.46152e-4 -0.9063338 -0.4225625 -7.49734e-4 -0.9063037 -0.4226265 1.93008e-5 -0.9063075 -0.4226191 -4.77879e-4 -0.9063084 -0.4226168 -1.17109e-4 -0.9063066 -0.4226208 6.34624e-5 -0.906307 -0.4226201 -6.0036e-5 -0.9063082 -0.4226177 1.72007e-4 -0.9063078 -0.4226183 1.0723e-5 -0.9063068 -0.4226205 -9.47033e-6 -0.9063057 -0.4226228 -8.39724e-5 -0.9063087 -0.4226163 3.77758e-5 -0.906306 -0.4226222 0 -0.906308 -0.4226179 0 -0.9063083 -0.4226171 -1.77129e-5 -0.9063082 -0.4226174 6.14657e-5 -0.9063063 -0.4226216 9.47152e-6 -0.9063057 -0.4226226 7.65402e-5 -0.9063063 -0.4226215 -1.07244e-5 -0.9063066 -0.4226209 -7.15846e-5 -0.906309 -0.4226158 1.25835e-4 -0.9063088 -0.4226163 4.77732e-4 -0.906307 -0.4226197 7.49492e-4 -0.9063051 -0.4226233 -1.60143e-4 -0.9063051 -0.4226242 1.68267e-4 -0.9063152 -0.4226023 -1.51649e-5 -0.9063074 -0.4226191 -2.27613e-4 -0.9062987 -0.4226378 9.09747e-5 -0.9063169 -0.422599 4.34194e-4 -0.906359 -0.4225084 -2.00063e-6 -0.9063085 -0.4226167 -1.2837e-5 -0.9063024 -0.42263 6.46545e-5 -0.9063192 -0.4225941 -1.60855e-4 -0.9062775 -0.4226831 0 -0.9063073 -0.4226195 0 -0.9063087 -0.4226164 1.73957e-5 -0.9063073 -0.4226194 -6.46474e-5 -0.9063185 -0.4225955 1.28385e-5 -0.9063023 -0.4226302 1.60856e-4 -0.9062758 -0.4226868 2.00036e-6 -0.906309 -0.4226158 -4.34273e-4 -0.9063582 -0.4225099 -9.11719e-5 -0.9063184 -0.4225957 -9.21817e-5 -0.9063044 -0.4226255 0.001129209 0.9771061 0.2127501 -0.002746701 0.9499688 0.3123327 0 0.9477083 0.3191378 -0.003967463 0.9809492 0.1942244 0.003326535 0.9999564 -0.008728444 -0.006073176 0.9989064 -0.04635781 0.005035579 0.973216 -0.2298375 -0.007690787 0.958727 -0.2842243 0.006317496 0.8981858 -0.4395708 -0.008850574 0.8627505 -0.5055524 0.007171988 0.7785778 -0.6275072 -0.009552478 0.7165926 -0.6974265 0.007568657 0.6203279 -0.7843062 -0.009766101 0.5287744 -0.8487064 0.007568597 0.4312607 -0.9021957 -0.009552478 0.3101366 -0.9506441 0.007141411 0.2207751 -0.9752986 0.007416129 -0.004425287 -0.9999628 -0.008819818 0.07351917 -0.9972548 -0.007934927 -0.166848 -0.9859507 0.007965445 -0.2394533 -0.9708753 -0.007934927 -0.3980283 -0.9173389 0.007965445 -0.4648371 -0.8853604 -0.007934987 -0.6059607 -0.7954551 0.007934927 -0.6631791 -0.7484188 -0.007965445 -0.7786958 -0.6273514 0.007934927 -0.8230388 -0.5679298 -0.007934868 -0.9062271 -0.4227167 0.007965505 -0.935052 -0.3544213 -0.007934868 -0.9810583 -0.1935504 0.007934987 -0.9926977 -0.1203677 0.007934927 -0.9926608 0.1206721 -0.007965326 -0.9988719 0.04681539 -0.007934987 -0.9586428 0.2845012 0.007965326 -0.9349393 0.3547184 -0.007934987 -0.8626883 0.5056738 0.007965505 -0.8228895 0.5681456 0.007934987 -0.6630008 0.7485768 -0.007934927 -0.7166177 0.6974212 -0.007965505 -0.5288981 0.848648 0.007934868 -0.4645591 0.8855066 -0.007965385 -0.3104071 0.9505704 0.007935047 -0.2391514 0.9709499 0.007049739 -0.002838194 0.9999712 -0.007965385 -0.07388621 0.997235 -0.007751703 0.1673033 0.985875 0.005615532 0.2255691 0.974211 -0.006500482 0.3984844 0.9171521 0.004364192 0.4390484 0.8984529 0.002807736 0.6299523 0.7766288 -0.005005121 0.6065109 0.7950594 -0.003204464 0.7792454 0.6267108 9.46096e-4 0.7885559 0.6149625 -0.002197325 0.8496741 0.5273039 0 0.8526325 0.5225113 0 -0.9063104 -0.422613 0 -0.9063103 -0.422613 -1 0 0 1 -2.4253e-7 0 0 -0.4226304 0.9063022 0 -0.4226304 0.9063022 0 -0.05577015 0.9984437 0 -0.05577015 0.9984437 2.0629e-4 -0.9063072 -0.4226195 -7.04737e-4 -0.9063207 -0.4225901 -5.61502e-4 -0.9063087 -0.4226161 -1.12962e-4 -0.9063205 -0.4225912 4.80411e-5 -0.9063134 -0.4226063 2.77098e-5 -0.9063139 -0.4226054 -6.19749e-4 -0.9059345 -0.4234178 -2.15155e-5 -0.906317 -0.4225987 1.7242e-4 -0.9063259 -0.4225796 0 -0.9060086 -0.4232594 -7.74486e-5 -0.9063004 -0.4226341 -5.5672e-5 -0.9063075 -0.4226192 -1.20069e-5 -0.9063184 -0.4225957 1.18239e-4 -0.9063179 -0.4225968 9.22576e-5 -0.9063177 -0.4225972 2.0165e-4 -0.9062952 -0.4226453 -7.23209e-5 -0.9062581 -0.4227249 -4.0441e-4 -0.906172 -0.4229092 2.4646e-4 -0.9063373 -0.4225549 -1.35698e-4 -0.9063569 -0.422513 -2.70994e-4 -0.9063669 -0.4224916 0.001236081 -0.9062364 -0.4227696 -2.58377e-4 -0.9062192 -0.4228084 0 -0.9060906 -0.4230839 0.9708732 0.1012623 -0.2171433 0.9926828 0.05102729 -0.1094402 0.9709067 0.1012016 -0.2170219 0.885429 0.1964229 -0.4212288 0.8854755 0.1963586 -0.4211609 0.7485542 0.2802004 -0.6009614 0.7485675 0.280194 -0.6009477 0.5680207 0.3477951 -0.7459163 0.3544859 0.3951382 -0.8474701 0.3545126 0.3951339 -0.8474609 0.120459 0.4194853 -0.8997342 -0.120459 0.4194853 -0.8997342 -0.1204289 0.4194869 -0.8997375 -0.3544501 0.3951322 -0.8474879 -0.3544859 0.3951382 -0.8474701 -0.5680207 0.3477951 -0.7459163 -0.7485542 0.2802004 -0.6009614 -0.8854175 0.1964203 -0.4212539 -0.8854815 0.1963905 -0.4211332 -0.9709913 0.1010482 -0.2167151 -0.971028 0.1010184 -0.2165639 -0.9709913 -0.1010482 0.2167151 -0.971028 -0.1010184 0.2165639 -0.8854702 -0.196388 0.4211583 -0.8853996 -0.1964231 0.4212904 -0.7485404 -0.2801953 0.6009809 -0.7485542 -0.2802004 0.6009614 -0.5680207 -0.3477951 0.7459163 -0.3544191 -0.3951622 0.8474869 -0.3544501 -0.3951322 0.8474879 -0.1203973 -0.4195136 0.8997294 0.1203973 -0.4195136 0.8997294 -0.1204574 -0.4195105 0.8997228 0.1204273 -0.419512 0.8997261 0.3544501 -0.3951322 0.8474879 0.3544768 -0.3951279 0.8474787 0.5680207 -0.3477951 0.7459163 0.7485675 -0.280194 0.6009477 0.7485404 -0.2801953 0.6009809 0.8854755 -0.1963586 0.4211609 0.8854175 -0.1964203 0.4212539 0.9709067 -0.1012016 0.2170219 0.9708732 -0.1012623 0.2171433 0.9926828 -0.05102729 0.1094402 2.57873e-4 -0.9063004 -0.4226342 -7.40881e-4 -0.9063244 -0.4225822 -2.80764e-4 -0.906301 -0.4226328 0 -0.9063242 -0.4225831 2.01883e-4 -0.9063167 -0.4225993 -1.68142e-4 -0.9063164 -0.4226 -3.49825e-5 -0.9063038 -0.4226269 1.32073e-4 -0.9063419 -0.4225451 7.78817e-5 -0.906314 -0.4226049 -2.49124e-5 -0.9063095 -0.4226145 0 -0.9059094 -0.4234717 -1.05158e-4 -0.9063023 -0.4226301 2.23338e-4 -0.90632 -0.4225923 -3.43535e-4 -0.9061678 -0.4229183 3.98948e-5 -0.9063203 -0.4225915 -1.40672e-4 -0.9062252 -0.4227955 2.46459e-4 -0.9063341 -0.4225621 -3.89005e-4 -0.9063672 -0.4224907 3.3874e-5 -0.9063253 -0.4225808 -3.55841e-5 -0.9063306 -0.4225696 0.001545369 -0.9062137 -0.4228173 4.64979e-4 -0.90649 -0.422227 5.16375e-5 -0.9063518 -0.4225242 0 -0.9061801 -0.4228922 0.9708638 0.1012918 -0.2171717 0.8854175 0.1964203 -0.4212539 0.7485876 0.280171 -0.6009333 0.5680267 0.3477683 -0.7459242 0.568 0.3478012 -0.7459293 0.3544191 0.3951622 -0.8474869 0.1204273 0.419512 -0.8997261 -0.1204574 0.4195105 -0.8997228 -0.3543925 0.3951665 -0.8474961 -0.7485813 0.2801992 -0.6009282 -0.5680267 0.3477683 -0.7459242 -0.885429 0.1964229 -0.4212288 -0.8854755 0.1963586 -0.4211609 -0.9710246 0.1009875 -0.2165937 -0.9709882 0.1010785 -0.2167145 -0.8854815 -0.1963905 0.4211332 -0.8854228 -0.196391 0.4212564 -0.7485675 -0.280194 0.6009477 -0.5680603 -0.3477702 0.7458977 -0.3544768 -0.3951279 0.8474787 -0.1204289 -0.4194869 0.8997375 0.1204289 -0.4194869 0.8997375 0.3544859 -0.3951382 0.8474701 0.5680267 -0.3477683 0.7459242 0.8854869 -0.1963611 0.4211358 0.9708638 -0.1012918 0.2171717 0 0.9775565 0.2106732 0 0.9478837 0.3186164 0 0.9999306 -0.01178038 0 0.9723191 -0.2336568 0 0.8960934 -0.4438655 0 0.7750711 -0.631874 0 0.69959 -0.7145444 0 0.1865932 0.9824373 0 0.06924718 0.9975996 0 0.4117969 0.9112757 0 0.613985 0.7893177 0 0.7819633 0.6233245 0 0.8500869 0.5266425 0 -0.1954411 0.9807155 0 -0.3110867 0.9503815 0 0.04257369 0.9990934 0 0.2783308 0.9604853 0 0.4983788 0.8669595 0 0.6898724 0.7239311 0 0.7714137 0.636334 0 0.9958532 -0.09097599 0 0.9786478 -0.2055444 0 0.9052195 -0.4249444 0 0.7833697 -0.6215562 0 0.6195642 -0.7849461 0 0.5245316 -0.851391 0.28236 -0.2253203 0.9324718 0.1139887 -0.2377436 0.9646164 0.1133466 -0.1198166 0.9863046 0.2266982 -0.1174692 0.9668552 0.2850823 -0.4454317 0.848716 0.4414634 -0.1063601 0.8909533 0.6412441 -0.1755173 0.7469939 0.6339799 -0.09317576 0.767716 0.7934439 -0.07169008 0.6044066 0.8904099 -0.1055673 0.4427481 0.9111768 -0.04962396 0.4090163 0.8892005 -0.2126256 0.4051087 0.9504639 -0.07437562 0.3018057 0.9498256 -0.03766095 0.3105046 0.9504232 -0.1445075 0.2753425 0.8892103 -0.3033618 0.3424571 0.9504465 -0.2061544 0.2327057 0.8891795 -0.3765776 0.2599023 0.6411771 -0.5088766 0.5744012 0.6411223 -0.6316002 0.4359399 0.2849928 -0.635603 0.7174873 0.2850804 -0.7888315 0.5444943 0.6411188 -0.7175697 0.2721406 0.285021 -0.8962336 0.3398949 0.1141428 -0.8176167 0.5643355 0.1139906 -0.928924 0.3522874 0.2850481 -0.9515236 0.1155452 0.6411502 -0.7618237 0.09247356 0.2850481 -0.9515236 -0.1155452 0.1138973 -0.9862557 -0.1196959 0.1139274 -0.9862523 0.1196955 0.28508 -0.8962273 -0.339862 0.1139605 -0.9289273 -0.3522886 0.1140806 -0.8176082 -0.5643603 0.2850477 -0.7888253 -0.5445205 0.6411502 -0.7618237 -0.09247356 0.6411329 -0.7175549 -0.2721465 0.2850777 -0.6356185 -0.7174399 0.6411611 -0.6315779 -0.4359151 0.1138374 -0.6588224 -0.7436358 0.284744 -0.4454885 -0.8487997 0.641205 -0.508844 -0.5743989 0.2852 -0.2293807 -0.9306157 0.1133186 -0.4617285 -0.8797532 0.6412033 -0.356614 -0.6794741 0.8891863 -0.3033946 -0.3424901 0.8891831 -0.2126287 -0.4051452 0.6411785 -0.1836342 -0.7450965 0.8891677 -0.1094712 -0.4442939 0.6408166 -0.003570735 -0.7676858 0.2849894 -0.004455804 -0.9585203 0.1170704 -0.004119992 -0.9931151 0.1140799 -0.2377123 -0.9646133 0.2910926 0.1992297 -0.9357204 0.6405076 0.1698091 -0.7489425 0.3459388 0.2364042 -0.9079865 0.1104494 0.255294 -0.9605343 0.3134945 0.4156732 -0.8537781 0.3668417 0.4966707 -0.7866038 0.3276252 0.6117908 -0.7199819 0.6190181 0.3199313 -0.717259 0.610378 0.4850674 -0.6262174 0.8887901 0.1977056 -0.4134787 0.8887876 0.2842582 -0.3595192 0.5979078 0.6214078 -0.5063187 0.3410259 0.7762964 -0.5301558 0.6055225 0.7086454 -0.362166 0.8887872 0.3567417 -0.2877373 0.887225 0.407493 -0.2162899 0.2573991 0.9063292 -0.3351315 0.2209588 0.925189 -0.3085489 0.6364539 0.7236787 -0.2668626 0.60953 0.7707632 -0.1854653 0.6364539 0.7656736 -0.09311503 0.8865047 0.4497683 -0.108711 0.2219017 0.9678711 -0.11826 0.2570319 0.9593377 -0.116644 0.8733306 0.4574182 -0.1675186 0.9472129 0.3117498 -0.07483214 0.8728439 0.4844283 -0.05893218 0.9471999 0.3206368 -0.002105832 0.609555 0.7927297 -0.004730403 0.8864945 0.4627338 -0.002227902 0.8733813 0.4841471 0.05298024 0.9472465 0.3126359 0.07059025 0.6364461 0.7665492 0.08566719 0.8864933 0.4508306 0.1043148 0.6094391 0.7730223 0.1761266 0.65745 0.7066473 0.2615517 0.2574921 0.960201 0.1082217 0.2209242 0.9722926 0.07641857 0.2594448 0.8729138 0.4131706 0.1721585 0.8960421 0.4092312 0.2850477 0.7888253 0.5445205 0.1140195 0.8176381 0.5643293 0.6871925 0.5992067 0.410753 0.1138973 0.6587856 0.7436593 0.2849586 0.6355946 0.7175084 0.6709076 0.4978932 0.549532 0.2850823 0.4454317 0.848716 0.1140208 0.4616684 0.8796941 0.114018 0.2377715 0.964606 0.1133771 0.119786 0.9863047 0.226699 0.1174391 0.9668586 0.28233 0.2253513 0.9324734 0.6710874 0.3526497 0.6521349 0.6486359 0.1610831 0.7438575 0.4414634 0.1063601 0.8909533 0.8769696 0.2423835 0.4149392 0.8864358 0.1033387 0.4511682 0.8015275 0.05557554 0.5953699 0.6339799 0.09317576 0.767716 0.945217 0.08096802 0.3162422 0.9071167 0.02984756 0.4198195 0.9499049 0.03537154 0.3105311 0.8457545 0.3706585 0.3838123 0.8693714 0.3288449 0.3688557 0.8531581 0.4096868 0.3229213 0.8568927 0.3995903 0.3256723 0.8620783 0.465236 0.2009389 0.8619418 0.4919322 0.122716 0.9484044 0.2813839 -0.1461243 0.9504687 0.241928 -0.1951416 0.9504525 0.1928188 -0.2438466 0.9504848 0.1340395 -0.2803784 0.9504736 0.06872802 -0.3031114 0.8887813 0.1013544 -0.4469848 0.9504228 -0.001342833 -0.3109581 0.8889832 -0.002105772 -0.4579352 0.9504639 -0.07437562 -0.3018057 0.9504151 -0.1445063 -0.2753707 0.9504533 -0.2061558 -0.2326768 0.950462 -0.2558126 -0.1765846 0.8892135 -0.376518 -0.2598727 0.9504659 -0.2906363 -0.1102055 0.8891717 -0.4278461 -0.1622391 0.8891813 -0.4542195 -0.05514842 0.8891813 -0.4542195 0.05514842 0.9504522 -0.3086078 -0.03744673 0.9504522 -0.3086078 0.03744673 0.8892013 -0.4277847 0.1622389 0.9504626 -0.2906353 0.1102357 0.950462 -0.2558126 0.1765846 0.1139274 -0.6587833 0.7436567 0.1140493 -0.4616909 0.8796786 0.6411783 -0.3566476 0.6794799 -1 -1.39154e-7 0 -1 2.81625e-7 0 -1 -5.85799e-7 0 -1 5.80856e-7 0 -1 1.44532e-7 0 -1 -5.73025e-7 0 -1 0 0 -1 -2.89418e-7 0 -1 2.91145e-7 0 -1 2.93949e-7 0 -1 5.54063e-7 0 -1 -2.97876e-7 0 -1 2.79491e-7 0 -1 -5.65071e-7 0 -1 2.8989e-7 0 -1 2.1664e-7 0 -1 -2.16642e-7 0 -1 -2.89887e-7 0 -1 1.13013e-6 0 -1 -2.79493e-7 0 -1 5.61197e-7 0 -1 2.89415e-7 0 -1 0 0 -1 -1.44531e-7 0 -1 5.73026e-7 0 -1 5.68274e-7 0 -1 -2.90429e-7 0 0 0.2149427 0.9766266 0 0.10813 0.9941368 0 0.4198825 0.9075785 0 0.6052025 0.7960717 0 0.7621509 0.6473995 0 0.8835094 0.4684135 0 0.9635574 0.2675022 0 0.9985349 0.05411094 0 0.9868317 -0.1617506 0 0.9289768 -0.370138 0 0.8276961 -0.5611767 0 0.6877126 -0.7259833 0 0.515559 -0.856854 0 0.3192933 -0.947656 0 0.1080664 -0.9941438 0 -0.1080664 -0.9941438 0 -0.3192933 -0.947656 0 -0.515559 -0.856854 0 -0.6877126 -0.7259833 0 -0.8276961 -0.5611767 0 -0.9289768 -0.370138 0 -0.9868317 -0.1617506 0 -0.9985349 0.05411094 0 -0.9635574 0.2675022 0 -0.8835094 0.4684135 0 -0.7621509 0.6473995 0 -0.6052025 0.7960717 0 -0.4198825 0.9075785 0 -0.2149427 0.9766266 0 -0.10813 0.9941368 0 0.222514 0.9749296 0 0.1119421 0.9937148 0 0.4338579 0.9009814 0 0.6234773 0.7818415 0 0.7818415 0.6234773 0 0.9009814 0.4338579 0 0.9749296 0.222514 0 0.9749362 0.222485 0 1 0 0 0.9749296 -0.222514 0 0.9009814 -0.4338579 0 0.7818415 -0.6234773 0 0.6234773 -0.7818415 0 0.4338579 -0.9009814 0 0.222514 -0.9749296 0 0 -1 0 -0.222514 -0.9749296 0 -0.4338579 -0.9009814 0 -0.6234773 -0.7818415 0 -0.7818415 -0.6234773 0 -0.9009814 -0.4338579 0 -0.9749296 -0.222514 0 -1 0 0 -0.9749362 0.222485 0 -0.9749296 0.222514 0 -0.9009695 0.4338826 0 -0.7818415 0.6234773 0 -0.6234773 0.7818415 0 -0.4338826 0.9009695 0 -0.222514 0.9749296 0 -0.1119421 0.9937148 1 2.53065e-7 0 1 2.51902e-7 0 1 4.88327e-7 0 1 5.30438e-7 0 1 -1.92773e-6 0 1 9.52229e-7 0 1 5.37837e-7 0 1 -5.44528e-7 0 1 -1.65221e-6 0 1 1.88435e-6 0 1 1.83853e-6 0 1 -5.6121e-7 0 1 -1.13079e-6 0 1 -5.68934e-7 0 1 2.26162e-7 0 1 5.74956e-7 0 1 -4.5187e-7 0 1 4.51864e-7 0 1 -2.87479e-7 0 1 3.76471e-7 0 1 2.8581e-7 0 1 5.68924e-7 0 1 9.09719e-7 0 1 1.13081e-6 0 1 5.6121e-7 0 1 1.6522e-6 0 1 -1.88436e-6 0 1 5.44529e-7 0 1 -9.52229e-7 0 1 1.44574e-6 0 1 -4.88317e-7 0 0 -0.120582 0.9927035 0 -0.2393316 0.970938 0 -0.4647059 0.8854651 0 -0.6631203 0.7485129 0 -0.822988 0.5680589 0 -0.9350171 0.3546027 0 -0.9927111 0.1205182 0 -0.9927111 -0.1205182 0 -0.9350171 -0.3546027 0 -0.822988 -0.5680589 0 -0.6631525 -0.7484843 0 -0.464682 -0.8854776 0 -0.2392669 -0.9709539 0 0.2392669 -0.9709539 0 0.464682 -0.8854776 0 0.6631525 -0.7484843 0 0.822988 -0.5680589 0 0.9350171 -0.3546027 0 0.9927111 -0.1205182 0 0.9927111 0.1205182 0 0.9350171 0.3546027 0 0.822988 0.5680589 0 0.6631203 0.7485129 0 0.464682 0.8854776 0 0.2393316 0.970938 0 0.120582 0.9927035 1 4.05307e-7 0 1 -1.21287e-6 0 1 1.21628e-6 0 1 2.42926e-6 0 1 -3.20542e-6 0 1 -2.38488e-6 0 1 1.56963e-6 0 1 2.26808e-6 0 1 7.84988e-7 0 1 -3.93243e-7 0 1 -3.93671e-7 0 1 -3.94474e-7 0 1 -4.20607e-7 0 1 2.23178e-6 0 1 4.44777e-6 0 1 1.59313e-6 0 1 -2.21643e-6 0 1 2.20808e-6 0 1 1.59691e-6 0 1 1.60612e-6 0 1 2.19064e-6 0 1 -1.09047e-6 0 1 -1.61098e-6 0 1 1.57295e-6 0 1 -1.71436e-6 0 1 7.29418e-7 0 1 1.60055e-6 0 -1 0 0 -1 0 0 -1 0 0 -1 0 0 -1 -1.78865e-7 0 -1 0 0 -1 0 0 -1 0 0 -1 0 0 -1 0 0 -1 0 0 -1 0 0 -1 0 0 -1 0 0 -1 0 0 -1 0 0 -1 0 0 -1 0 0 -1 0 0 -1 0 0 -1 0 0 -1 -1.66592e-7 0 -1 1.34111e-7 0 -7.01947e-4 0.2217846 -0.9750955 0.00149542 0.1147815 -0.9933897 0 0.1119756 -0.993711 0.002227842 0.2301137 -0.9731612 -0.002075314 0.4331925 -0.9012991 0.003601253 0.4484798 -0.8937858 -0.003296017 0.6228625 -0.7823244 0.004852592 0.6425903 -0.7661947 -0.004425227 0.7813194 -0.6241156 -0.005432307 0.9006125 -0.434589 0.005981683 0.8020064 -0.5972856 0.007019281 0.9181537 -0.3961626 -0.006317436 0.9747484 -0.2232164 0.007904469 0.9847695 -0.1736859 -0.007110834 0.9999745 -6.71411e-4 -0.00778222 0.9750383 0.2219006 0.008667349 0.9982727 0.05810791 0.009338974 0.9579474 0.2867922 -0.008362174 0.9011632 0.4333994 0.00988835 0.8659664 0.5000045 -0.008850514 0.7820843 0.6231099 0.01031559 0.7273104 0.6862311 -0.009186267 0.6237527 0.7815679 0.01065129 0.5494744 0.8354428 -0.009460866 0.4340715 0.9008288 -0.009613394 0.222604 0.9748616 0.01086473 0.3419654 0.9396497 0.01098686 0.1160337 0.9931846 -0.009643971 0 0.9999535 0.01098686 -0.1160337 0.9931846 -0.009613394 -0.222604 0.9748616 -0.009460866 -0.4340715 0.9008288 0.01086473 -0.3419654 0.9396497 0.01065129 -0.5494744 0.8354428 -0.009186267 -0.6237527 0.7815679 0.01031559 -0.7273104 0.6862311 -0.008850514 -0.7820843 0.6231099 0.00988835 -0.8659664 0.5000045 -0.008362174 -0.9011632 0.4333994 0.009338974 -0.9579474 0.2867922 -0.007782459 -0.9750368 0.2219072 -0.007110834 -0.9999745 -6.71411e-4 0.008667349 -0.9982727 0.05810791 0.007904469 -0.9847695 -0.1736859 -0.006317377 -0.9747418 -0.2232454 0.007019281 -0.9181537 -0.3961626 -0.005432307 -0.9006125 -0.434589 -0.004425227 -0.7813194 -0.6241156 0.005981683 -0.8020064 -0.5972856 0.004852592 -0.6425903 -0.7661947 -0.003296017 -0.6228625 -0.7823244 0.003601253 -0.4484798 -0.8937858 -0.002075314 -0.4331925 -0.9012991 0.002227842 -0.2301137 -0.9731612 -7.01947e-4 -0.2217846 -0.9750955 0.00149542 -0.1147815 -0.9933897 0 -0.1119756 -0.993711 -0.9769057 0.05111891 0.2074666 -0.9945994 0.02484208 0.1007722 -0.9945194 0.01257377 0.1037948 -0.9765834 0.02591073 0.2135732 -0.9769096 0.09927791 0.1891865 -0.9945963 0.04825115 0.09192436 -0.9096389 0.1930369 0.3678231 -0.9084382 0.05038738 0.4149712 -0.9096217 0.09940069 0.4033709 -0.7947109 0.3945172 0.4612924 -0.91004 0.2693589 0.3150761 -0.9771406 0.1381004 0.1616309 -0.79412 0.2824284 0.5381522 -0.7941499 0.1454257 0.5900655 -0.636909 0.5900923 0.4961231 -0.7961761 0.4630932 0.3894207 -0.6354037 0.501975 0.5867565 -0.634864 0.3590605 0.6841223 -0.4233398 0.41513 0.8052642 -0.6347671 0.1849153 0.7502514 -0.6320911 0.09338986 0.769246 -0.4373106 0.2223634 0.8713863 -0.4399897 0.1082502 0.8914545 -0.1962696 0.3859776 0.9013876 -0.2336862 0.2489458 0.9399025 -0.2283419 0.1136216 0.9669282 -0.1219255 0.2025581 0.9716504 -0.1145984 0.1112414 0.9871639 -0.249282 0.3901288 0.8863735 -0.208294 0.5797746 0.7877025 -0.2247133 0.6122773 0.7580373 -0.08582144 0.7710502 0.6309646 -0.4322138 0.5782179 0.6919937 -0.227948 0.7453708 0.626468 -0.4441829 0.6858069 0.576516 -0.1907159 0.8223459 0.5360736 -0.444274 0.7480967 0.4929222 -0.6370892 0.6436509 0.4240649 -0.228158 0.8698142 0.4374554 -0.4441526 0.8004086 0.4025848 -0.6369743 0.6886746 0.3463973 -0.08499622 0.8937274 0.4404851 -0.185433 0.9242966 0.3336025 -0.4443648 0.8416684 0.3068131 -0.2281628 0.9473214 0.2247751 -0.444242 0.8716982 0.2068612 -0.6371735 0.7241219 0.2639274 -0.1826556 0.9766356 0.1132251 -0.6370246 0.7500062 0.1780177 -0.4443902 0.8897571 0.104162 -0.2281326 0.9736301 0 -0.4442691 0.8958934 0 -0.6370211 0.7708465 0 -0.6371846 0.7654883 0.08957451 -0.7964366 0.6006236 0.07028639 -0.7962833 0.5885677 0.1397181 -0.9111773 0.4008679 0.09518897 -0.7964282 0.5681753 0.2070725 -0.9112694 0.3869209 0.1409981 -0.9111534 0.3680932 0.1852216 -0.796282 0.5404072 0.2718364 -0.9784854 0.1841241 0.09308445 -0.9777759 0.1751195 0.1152712 -0.7963668 0.505092 0.3326893 -0.9112596 0.3439464 0.2265102 -0.9111517 0.3153553 0.2652426 -0.9783765 0.1579355 0.1335509 -0.9949712 0.08291935 0.05618494 -0.9947065 0.06695872 0.07794559 -0.994982 0.09375447 0.03494429 -0.9785523 0.2003859 0.04776179 -0.9949862 0.09930938 0.01184141 -0.9777801 0.1969721 0.07175105 -0.9785764 0.2058843 0 -0.9949862 0.09930938 -0.01184141 -0.977783 0.2082039 0.02432399 -0.91118 0.4120087 0 -0.9113002 0.4089559 0.04782336 -0.7962933 0.6049107 0 -0.6371846 0.7654883 -0.08957451 -0.7964366 0.6006236 -0.07028639 -0.6370246 0.7500062 -0.1780177 -0.7962867 0.5885703 -0.1396881 -0.9113002 0.4089559 -0.04782336 -0.977783 0.2082039 -0.02432399 -0.9111799 0.4008691 -0.09515869 -0.9112892 0.3868859 -0.140966 -0.9777801 0.1969721 -0.07175105 -0.9785523 0.2003859 -0.04776179 -0.7964032 0.5682098 -0.2070739 -0.9111739 0.3680586 -0.185189 -0.6371232 0.7241646 -0.2639318 -0.6369046 0.6887262 -0.3464231 -0.7962688 0.5403983 -0.2718929 -0.6371198 0.6436204 -0.4240649 -0.796379 0.5050693 -0.3326944 -0.6363009 0.5839905 -0.5040599 -0.7956108 0.4585238 -0.3959285 -0.9112596 0.3439464 -0.2265102 -0.9784799 0.1841536 -0.09308391 -0.9777759 0.1751195 -0.1152712 -0.9138502 0.3016868 -0.2717776 -0.9192708 0.2485184 -0.3052537 -0.9819773 0.1401734 -0.1267756 -0.9758924 0.1517736 -0.1568398 -0.7944449 0.3786515 -0.4748479 -0.9949712 0.08291935 -0.05618494 -0.994982 0.09375447 -0.03494429 -0.9687016 0.1955958 -0.1528388 -0.7944772 0.2635032 -0.5471491 -0.9170824 0.1843687 -0.3535081 -0.9834087 0.1071211 -0.1463989 -0.9098272 0.09231942 -0.4045881 -0.9634852 0.2144876 -0.1602858 -0.9770758 0.04666399 -0.2077144 -0.9946166 0.02597171 -0.1003162 -0.994624 -3.96751e-4 -0.1035519 -0.9769057 -0.05111891 -0.2074666 -0.9946024 -0.02484214 -0.100742 -0.9769673 -9.46082e-4 -0.2133873 -0.9769096 -0.09927791 -0.1891865 -0.9945963 -0.04825115 -0.09192436 -0.9947065 -0.06695872 -0.07794559 -0.9771406 -0.1381004 -0.1616309 -0.9096389 -0.1930369 -0.3678231 -0.9100488 -0.2693615 -0.3150486 -0.7942128 -0.2823983 -0.5380309 -0.9096217 -0.09940069 -0.4033709 -0.7941535 -0.1453959 -0.5900682 -0.794285 -0.002624571 -0.6075398 -0.9097096 -0.001831114 -0.4152412 -0.6350092 -0.003326535 -0.7724974 -0.6352596 0.1718237 -0.7529422 -0.7944343 0.1351371 -0.5921252 -0.4427122 -0.003875911 -0.8966555 -0.4428318 0.1995031 -0.8741273 -0.6351898 0.335128 -0.6958614 -0.2285862 -0.00225836 -0.9735211 -0.437469 -0.2223663 -0.8713061 -0.1151804 0.2210219 -0.9684435 -0.1153306 0 -0.9933273 -0.2272175 0.2166883 -0.9494307 -0.2336844 -0.2489745 -0.9398955 -0.1215282 -0.2025266 -0.9717067 -0.1962696 -0.3859776 -0.9013876 -0.249282 -0.3901288 -0.8863735 -0.2082598 -0.5797644 -0.787719 -0.4232134 -0.4151563 -0.8053172 -0.6348193 -0.3590524 -0.684168 -0.4322153 -0.5782505 -0.6919656 -0.6347707 -0.1848858 -0.7502557 -0.2246843 -0.6122815 -0.7580425 -0.2279778 -0.7453378 -0.6264964 -0.4442073 -0.6857975 -0.5765082 -0.635415 -0.501984 -0.5867365 -0.4443331 -0.7480629 -0.4929201 -0.636909 -0.5900923 -0.4961231 -0.2281321 -0.8698319 -0.4374338 -0.4442316 -0.8003859 -0.4025429 -0.6371074 -0.6436384 -0.4240567 -0.1906816 -0.8223605 -0.5360633 -0.6369361 -0.6886968 -0.3464236 -0.796371 -0.5050641 -0.3327215 -0.4443648 -0.8416684 -0.3068131 -0.7962576 -0.5404114 -0.2718995 -0.6371232 -0.7241646 -0.2639318 -0.6370065 -0.7500208 -0.1780212 -0.7963982 -0.5682062 -0.2071031 -0.9113 -0.38686 -0.1409676 -0.9111799 -0.4008691 -0.09515869 -0.7962867 -0.5885703 -0.1396881 -0.9113002 -0.4089559 -0.04782336 -0.9777801 -0.1969721 -0.07175105 -0.9785523 -0.2003859 -0.04776179 -0.7962933 -0.6049107 0 -0.9111915 -0.4119833 0 -0.977783 -0.2082039 -0.02432399 -0.7964478 -0.600609 -0.07028466 -0.9785764 -0.2058843 0 -0.9949862 -0.09930938 -0.01184141 -0.994982 -0.09375447 -0.03494429 -0.9949862 -0.09930938 0.01184141 -0.9785523 -0.2003859 0.04776179 -0.994982 -0.09375447 0.03494429 -0.977783 -0.2082039 0.02432399 -0.9111799 -0.4008691 0.09515869 -0.9113002 -0.4089559 0.04782336 -0.7964282 -0.5681753 0.2070725 -0.911284 -0.3868966 0.1409699 -0.7962833 -0.5885677 0.1397181 -0.7962753 -0.5404027 0.2718647 -0.9111534 -0.3680932 0.1852216 -0.9777801 -0.1969721 0.07175105 -0.7963668 -0.505092 0.3326893 -0.9112596 -0.3439464 0.2265102 -0.6369676 -0.6886672 0.3464242 -0.6371281 -0.6436288 0.4240399 -0.6363009 -0.5839905 0.5040599 -0.7956108 -0.4585238 0.3959285 -0.6351915 -0.4815589 0.6038485 -0.7944768 -0.3786216 0.4748183 -0.9138502 -0.3016868 0.2717776 -0.7944772 -0.2635032 0.5471491 -0.9192351 -0.248578 0.305313 -0.7944343 -0.1351371 0.5921252 -0.9098386 -0.09232056 0.4045625 -0.9170824 -0.1843687 0.3535081 -0.6351963 -0.335101 0.6958686 -0.6351364 -0.1718845 0.7530323 -0.7925859 -0.06824111 0.6059299 -0.9088314 -0.04669433 0.4145423 -0.6327906 -0.08667522 0.7694567 -0.4405723 -0.1005296 0.8920705 -0.4428563 -0.1995005 0.8741155 -0.2259935 -0.109075 0.968003 -0.2273977 -0.2166855 0.949388 -0.442707 -0.3890548 0.8078656 -0.2273384 -0.4225401 0.8773695 -0.4427751 -0.5590234 0.7010301 -0.4436945 -0.6784821 0.5854888 -0.2273339 -0.6071394 0.761381 -0.1153337 -0.6193048 0.7766336 -0.2276709 -0.7372754 0.6360748 -0.09375393 -0.763826 0.6385766 -0.1907142 -0.8223691 0.5360384 -0.4443296 -0.7480875 0.4928857 -0.4441472 -0.8004294 0.4025494 -0.228129 -0.8698202 0.4374585 -0.6371554 -0.7241359 0.2639325 -0.4443606 -0.8416605 0.3068408 -0.08496707 -0.8937417 0.4404616 -0.185433 -0.9242966 0.3336025 -0.4442057 -0.8717173 0.2068585 -0.2281339 -0.9473281 0.2247768 -0.08441585 -0.970386 0.2263298 -0.1826556 -0.9766356 0.1132251 -0.08420217 -0.9964487 0 -0.1826556 -0.9766356 -0.1132251 -0.08441585 -0.970386 -0.2263298 -0.2281326 -0.9736301 0 -0.2281323 -0.9473215 -0.2248057 -0.4443917 -0.88976 -0.1041319 -0.4442147 -0.8717045 -0.2068932 -0.1854054 -0.9243111 -0.3335773 -0.08481329 -0.8937594 -0.4404553 -0.08582144 -0.7710502 -0.6309646 -0.4442691 -0.8958934 0 -0.6370211 -0.7708465 0 -0.6371846 -0.7654883 -0.08957451 -0.4443657 -0.8897692 0.1041635 -0.6371846 -0.7654883 0.08957451 -0.6370065 -0.7500208 0.1780212 -0.7964478 -0.600609 0.07028466 -0.1154851 -0.4309635 0.894949 -0.1152399 -0.2210494 0.9684302 -0.1145988 -0.1112112 0.9871674 -0.9770758 -0.04666399 0.2077144 -0.9767467 -0.02398759 0.2130501 -0.9634852 -0.2144876 0.1602858 -0.9945834 -0.0117498 0.1032763 -0.9946166 -0.02597171 0.1003162 -0.9834087 -0.1071211 0.1463989 -0.9687016 -0.1955958 0.1528388 -0.9819773 -0.1401734 0.1267756 -0.9758939 -0.1517691 0.1568351 -0.9949712 -0.08291935 0.05618494 -0.9777759 -0.1751195 0.1152712 -0.9784854 -0.1841241 0.09308445 -0.9784854 -0.1841241 -0.09308445 -0.9949712 -0.08291935 -0.05618494 -0.9111739 -0.3680586 -0.185189 -0.9777759 -0.1751195 -0.1152712 -0.9112691 -0.3439195 -0.2265126 -0.9783765 -0.1579355 -0.1335509 -0.9111517 -0.3153553 -0.2652426 -0.7961968 -0.4630747 -0.3894003 -0.7947222 -0.3945228 -0.4612684 -0.1150875 0.4310212 -0.8949725 -0.2273034 0.4225316 -0.8773826 -0.4428678 0.3890314 -0.8077889 -0.227335 0.6071728 -0.7613541 -0.635104 0.4815926 -0.6039134 -0.4428091 0.5590278 -0.7010051 -0.2276998 0.7372702 -0.6360704 -0.4436854 0.6784986 -0.5854768 -0.1907159 0.8223459 -0.5360736 -0.4442984 0.7480865 -0.4929155 -0.4442424 0.8003749 -0.4025527 -0.2281351 0.8698129 -0.4374701 -0.4443893 0.8416571 -0.306809 -0.08481329 0.8937594 -0.4404553 -0.1854054 0.9243111 -0.3335773 -0.2281613 0.947315 -0.2248042 -0.08441585 0.970386 -0.2263298 -0.1826556 0.9766356 -0.1132251 -0.08417189 0.9964513 0 -0.08441585 0.970386 0.2263298 -0.4443917 0.88976 -0.1041319 -0.444242 0.8716982 -0.2068612 -0.09378635 0.7638111 -0.6385897 -0.1153343 0.6193382 -0.7766068 -0.7919984 0.07355076 0.6060767 0.008575797 -0.9354064 -0.3534707 0.02114939 -0.9711657 -0.2374659 0.02108877 -0.971367 -0.2366463 0.04272633 -0.9990333 -0.01034587 0.04251348 -0.9990518 -0.00939995 0.06210631 -0.9742912 0.2165634 0.06180083 -0.9740728 0.2176305 0.07828092 -0.898751 0.4314151 0.07785457 -0.8982426 0.4325494 0.09039878 -0.7768135 0.6232087 0.08987796 -0.7760025 0.6242933 0.09793579 -0.615082 0.7823572 0.09732615 -0.613927 0.7833399 0.100591 -0.4218963 0.9010466 0.09985733 -0.4203958 0.9018292 0.09812051 -0.2070755 0.9733921 0.09720468 -0.2052133 0.9738783 0.09073185 0.01864683 0.9957008 0.08969604 0.02081412 0.9957517 0.07883167 0.2439417 0.9665806 0.07754945 0.2464127 0.9660575 0.06271773 0.457153 0.8871741 0.06119155 0.4600201 0.8857975 0.04352021 0.6469746 0.7612687 0.04174989 0.65042 0.7584266 0.02233982 0.8026479 0.5960347 0.02029496 0.807892 0.5889811 -0.4572056 0.7755191 0.435354 -0.5241662 0.7426833 0.4167389 -0.4853841 0.7624413 0.4278851 -0.4822061 0.763961 0.4287667 -0.6025708 -0.04608392 -0.7967339 -0.7406735 -0.04849517 -0.6701128 -0.4841322 -0.1054452 -0.8686181 -0.5673261 -0.09921872 -0.8174942 -0.7145595 -0.08429557 -0.6944775 -0.7029513 0.134346 -0.6984344 -0.8370457 -0.06592112 -0.5431473 -0.7667161 0.3093478 -0.5625392 -0.9280986 -0.0448637 -0.3696219 -0.7989956 0.432306 -0.4179925 -0.9825097 -0.02243173 -0.1848557 -0.8132395 0.5136957 -0.2734196 -0.9950916 -0.01190227 -0.09823954 -0.9399538 0.06219762 -0.3355866 -0.9260092 -0.1001635 -0.3639702 -0.8465361 -0.1990755 -0.4937059 -0.4843728 -0.4751254 -0.7346011 -0.5799594 -0.1974297 -0.7903599 -0.4239102 -0.4706044 -0.7738422 -0.7482109 -0.3637288 -0.5548712 -0.8349345 -0.3696137 -0.4077623 -0.4139586 -0.01538151 -0.9101658 -0.8149057 -0.1052623 -0.5699549 -0.6761428 -0.07797539 -0.7326329 -0.520809 -0.04001057 -0.8527351 -0.5572184 -0.4409404 -0.7036187 -0.4277514 -0.7102333 -0.5591042 -0.4308976 -0.7100548 -0.5569105 -0.7349693 -0.5204481 -0.4346885 -0.9907739 -0.1127072 -0.07526022 -0.5669979 -0.644854 -0.5125199 -0.7062975 -0.5833981 -0.400987 -0.3605846 -0.823775 -0.4374626 -0.7150387 -0.5763281 -0.3956838 -0.4142644 -0.8034728 -0.4275707 -0.5706463 -0.724249 -0.3870738 -0.6631186 -0.6927527 -0.2834917 -0.4070057 -0.8804521 -0.2432085 -0.5697075 -0.76314 -0.3050423 -0.4950852 -0.8363833 -0.2352738 -0.654636 -0.726295 -0.2096361 -0.715335 -0.6488952 -0.2592895 -0.5697956 -0.7921593 -0.2186709 -0.7601616 -0.6275881 -0.1681889 -0.5773308 -0.7977706 -0.1739286 -0.5365939 -0.8285129 -0.1601052 -0.7276409 -0.6814347 -0.0786482 -0.234206 -0.9087769 -0.3453578 -0.4284934 -0.8959602 -0.1168285 -0.9492068 -0.1308661 -0.2861476 -0.9522598 -0.2538892 -0.1695341 -0.9711834 -0.2382027 0.007904469 -0.9111558 -0.3182865 -0.2617036 -0.8341763 -0.5004508 -0.2317309 -0.7200372 -0.664584 -0.1996865 -0.9217032 -0.3877739 -0.009735524 -0.8196634 -0.5675719 -0.07755011 -0.6832686 -0.7131775 -0.1565951 -0.5261861 -0.8174638 -0.2342674 -0.360981 -0.8825539 -0.301316 -0.789155 -0.6141907 0.002075254 -0.7632873 -0.620335 0.180491 -0.9895197 -0.1258301 0.07083475 -0.5677603 -0.7849088 0.2481262 -0.4051072 -0.8696346 0.2821773 -0.2380493 -0.922441 0.3040316 -0.2224507 -0.9258456 0.3054921 -0.5495302 -0.7718022 0.3199031 -0.1872668 -0.8640643 0.4672515 -0.569732 -0.7616366 0.308732 -0.4074612 -0.8032336 0.4345012 -0.2387847 -0.8544245 0.4614551 -0.5576547 -0.6820222 0.4731458 -0.05615472 -0.7481397 0.661161 -0.07999134 -0.7476034 0.6593107 -0.5701289 -0.7225723 0.3909507 -0.5704291 -0.6747122 0.4683738 -0.4080451 -0.6877558 0.6004092 -0.2314561 -0.7316321 0.6412042 -0.5207223 -0.5817916 0.6247935 -0.1070309 -0.5872203 0.8023197 -0.4069758 -0.6175289 0.6730742 -0.230295 -0.5744253 0.7854934 -0.1079778 -0.5863703 0.8028143 -0.3932406 -0.4804036 0.783948 -0.6541413 -0.3523708 0.6692787 -0.4159836 -0.4890784 0.7666551 -0.4066991 -0.5392441 0.7374359 -0.5702246 -0.5553311 0.6053524 -0.570472 -0.484834 0.6629463 -0.5696925 -0.6191328 0.5404861 -0.7152189 -0.4724992 0.5149821 -0.7597288 -0.3798186 0.5277785 -0.5773941 -0.4781455 0.6618105 -0.715682 -0.4611495 0.5245385 -0.9380964 -0.3463614 0.003021359 -0.9404212 -0.2831274 0.1882734 -0.900558 -0.3953446 0.1808257 -0.8261467 -0.4340093 0.3593295 -0.9833201 -0.133856 0.1231439 -0.9901362 -0.1039791 0.09390771 -0.9294902 -0.2545294 0.2669507 -0.8384185 -0.369799 0.400379 -0.7360916 -0.5088154 0.4464037 -0.9907865 -0.1101722 0.07876849 -0.9833459 -0.1481382 0.1052898 -0.9294078 -0.3026305 0.2112249 -0.8377874 -0.4483907 0.3115418 -0.7150194 -0.5742617 0.3987115 -0.7398213 -0.5931145 0.3176156 -0.715357 -0.6476027 0.262441 -0.8384567 -0.5040568 0.207165 -0.9295583 -0.3376966 0.1479272 -0.9832866 -0.1591557 0.08841305 -0.9717437 -0.07400995 0.2241358 -0.761767 -0.2478184 0.5985792 -0.92102 -0.1464024 0.3609551 -0.8176779 -0.2824578 0.5016182 -0.6805198 -0.4150322 0.6038553 -0.5217636 -0.5295461 0.6688377 -0.3568011 -0.6162762 0.702066 -0.1894028 -0.6784749 0.7097877 -0.08957314 -0.707735 0.7007767 -0.3386384 -0.456991 0.8224861 -0.2386021 -0.1615706 0.9575824 -0.2212059 0.1838805 0.9577349 -0.7434124 0.003570675 0.6688239 -0.09567624 -0.2127156 0.9724187 -0.2141197 -0.1964189 0.9568555 -0.39367 -0.1678263 0.9038022 -0.5576452 -0.1374886 0.818614 -0.7489978 -0.09601283 0.6555791 -0.7358783 0.1012626 0.6694991 -0.990781 0.03491413 0.1308976 -0.2331085 0.1859862 0.9544996 -0.4031624 0.1675825 0.8996534 -0.5686063 0.1427085 0.8101366 -0.5695162 0.1991369 0.7974935 -0.5700665 0.2009683 0.7966404 -0.715031 0.1694113 0.6782556 -0.5694537 0.2860849 0.7706348 -0.4078602 0.3177366 0.8559753 -0.2387532 0.3383991 0.9102105 -0.5183715 0.3621123 0.7747037 -0.1791158 0.3421786 0.9224052 -0.575753 0.3302835 0.7479448 -0.6978017 0.3657783 0.6158564 -0.2367994 0.366598 0.89974 -0.3581439 0.4400882 0.8234412 -0.9672443 -0.08740693 0.2383242 -0.962736 0.008453845 0.2703108 -0.9477819 0.1956602 0.2518466 -0.9217151 0.02789467 0.3868634 -0.8378003 0.1419121 0.5272111 -0.7189401 0.2462286 0.6499974 -0.9253473 0.2357316 0.2969229 -0.8300914 0.3063516 0.4659365 -0.700869 0.3534407 0.6195664 -0.5492938 0.3767659 0.7458713 -0.3816412 0.3781315 0.8434255 -0.7743 0.400319 0.4901062 -0.7276441 0.5253003 0.4411277 -0.9718896 0.1279372 0.1976435 -0.2842864 0.7571511 0.5881357 -0.2740017 0.7621569 0.5865492 -0.566137 0.6437176 0.5148947 -0.4038323 0.7206538 0.5635402 -0.5801411 0.6572023 0.481167 -0.5742565 0.6549807 0.4911516 -0.7244375 0.5946693 0.3486529 -0.7190145 0.5405046 0.4368901 -0.839489 0.3978165 0.3701357 -0.9270189 0.2354551 0.291885 -0.9759157 0.06750863 0.2074397 -0.8882623 0.4147869 0.1973373 -0.9261718 0.3460898 0.1497586 -0.8322626 0.4896829 0.2599028 -0.7045178 0.6079227 0.3661759 -0.5532903 0.6941384 0.4604801 -0.396115 0.7460536 0.5352542 -0.4596437 0.7542722 0.4688298 -0.5111638 0.8215427 0.2525453 -0.8215992 0.535393 0.1957787 -0.528891 0.8483619 0.02359104 -0.827494 0.5573087 0.06827116 -0.4070704 0.8487501 0.3375163 -0.8368045 0.5474525 0.007355093 -0.8404377 0.5369853 -0.07287979 -0.7056631 0.7081962 0.02230948 -0.8505844 0.5045214 0.1482037 -0.4518364 0.8905189 0.05310332 -0.6993973 0.6780037 0.2261741 -0.5482467 0.7845873 0.289566 -0.5570402 0.829487 0.04071289 -0.7346181 0.6537128 -0.1816479 -0.9907029 0.1265617 -0.04989832 -0.4474769 0.8545461 -0.263658 -0.4429579 0.8561899 -0.2659456 -0.5668975 0.788163 -0.2396382 -0.7489188 0.6186615 -0.2374419 -0.5321356 0.7533095 -0.3864667 -0.5029597 0.7689667 -0.3946158 -0.7152104 0.6530129 -0.2490952 -0.5702282 0.7307307 -0.37533 -0.7366696 0.6006766 -0.3106537 -0.7148841 0.5832849 -0.3856419 -0.7444838 0.5594462 -0.364368 -0.4357874 0.6896178 -0.5783743 -0.4526267 0.685578 -0.5701858 -0.5706799 0.6310775 -0.5254198 -0.6633945 0.5378082 -0.5202597 -0.715032 0.5373498 -0.4471964 -0.8039774 0.4062461 -0.4342631 -0.7230467 0.5211271 -0.4534645 -0.8407453 0.4125292 -0.3506666 -0.9831832 0.1529023 -0.09985953 -0.9916834 0.1079151 -0.07013255 -0.9290676 0.3071154 -0.2061882 -0.9581589 0.2624675 -0.1142038 -0.9393327 0.3330301 0.08212828 -0.8371824 0.4553215 -0.3029983 -0.9097582 0.4026142 -0.1012029 -0.8372038 0.4646249 -0.2884678 -0.8520794 0.3215555 -0.4129925 -0.8524691 0.2469328 -0.4607826 -0.6994368 0.4665455 -0.5414088 -0.5493485 0.573123 -0.6080678 -0.5906364 0.5090283 -0.6261302 -0.9985479 0.0200814 -0.04998993 -0.8747947 0.1323911 -0.4660546 -0.7584655 0.1534205 -0.6333975 -0.4608173 0.1175925 -0.8796701 -0.466337 0.1159433 -0.876976 -0.4848278 0.06875973 -0.8719026 -0.5677449 0.06473076 -0.8206557 -0.567407 0.1116685 -0.8158307 -0.7147576 0.0549649 -0.6972091 -0.7157096 0.0967769 -0.6916604 -0.8367664 0.1294611 -0.5320355 -0.8173993 0.07568794 -0.5710778 -0.8368443 0.04300194 -0.5457495 -0.9284232 0.02627694 -0.370594 -0.9828923 0.003326535 -0.1841511 -0.9937209 -0.005951106 -0.1117291 -0.9921886 0.02777183 -0.1216164 -0.8251466 0.1854039 -0.5336276 -0.9830298 0.04162842 -0.1786605 -0.9282994 0.08743721 -0.3614072 -0.7141554 0.214155 -0.666423 -0.5658228 0.2489437 -0.7860481 -0.9833293 0.1693206 -0.06628775 -0.9292929 0.344811 -0.1323637 -0.8381124 0.5095756 -0.1946806 -0.7364916 0.2368907 0.6336111 -0.9296472 0.09036749 0.3571974 -0.983305 0.04641997 0.1759444 -0.8384408 0.1323596 0.5286758 -0.9900636 -0.1248833 -0.06463903 -0.7366455 -0.5972332 -0.3172792 -0.9833181 -0.1623604 -0.08200418 -0.9294302 -0.3398612 -0.1437146 -0.8383266 -0.5055169 -0.2041111 -0.9294692 -0.3046755 -0.2079899 -0.9832725 -0.1513149 -0.1013852 -0.8381937 -0.4497997 -0.3084018 0.9928396 0.02658188 0.11646 0.9927638 0.0134285 0.1193306 0.9740176 0.02536135 0.225048 0.8948504 0.09933966 0.4351718 0.893848 0.05020415 0.4455506 0.9743566 0.05005151 0.2193721 0.8949432 0.1935828 0.4019981 0.7644383 0.1434389 0.6285375 0.7646259 0.2796161 0.5806567 0.7644443 0.4019376 0.5040547 0.5917354 0.3497797 0.7262943 0.5917353 0.5025889 0.6302809 0.5917999 0.6301932 0.5026225 0.3943706 0.5729696 0.7184552 0.7644782 0.5040264 0.4019088 0.764508 0.5807819 0.2796787 0.3943086 0.7185146 0.5729377 0.3940923 0.8280729 0.3987312 0.5917945 0.7262614 0.3497481 0.1957505 0.8835632 0.4254385 0.1963923 0.9559286 0.2182442 0.3938818 0.8961071 0.2045707 0.09878921 0.9701912 0.2212914 0.3939119 0.9191482 0 0.1961454 0.9805748 0 0.3937611 0.8962018 -0.2043883 0.1960573 0.9559625 -0.2183976 0.09833121 0.9951537 0 0.09888345 0.9701871 -0.221267 0.1963881 0.8833957 -0.4254924 0.09884977 0.8966062 -0.4316552 0.3940665 0.8280829 -0.398736 0.3934813 0.7187528 -0.5732076 0.1959658 0.7666505 -0.6114282 0.09811866 0.7780826 -0.6204518 0.1957192 0.6114813 -0.7666711 0.09647095 0.6205152 -0.778238 0.09827035 0.4317792 -0.8966102 0.1963292 0.425436 -0.8834359 0.3944308 0.5729684 -0.7184231 0.1956914 0.2181842 -0.956086 0.3937335 0.3987997 -0.8282106 0.3936973 0.2045394 -0.8961954 0.1958109 0 -0.9806417 0.09787553 0.2214789 -0.9702409 0.09888124 0 -0.9950993 0.393083 0 -0.919503 0.1957501 -0.2181817 -0.9560747 0.09784311 -0.2214441 -0.9702522 0.1963586 -0.4254335 -0.8834307 0.09817963 -0.4317831 -0.8966183 0.393795 -0.3988002 -0.8281812 0.3937596 -0.2045401 -0.8961679 0.1956898 -0.611485 -0.7666757 0.5913649 -0.1793901 -0.7861977 0.5918928 0 -0.8060168 0.7648084 0 -0.644258 0.7643802 0.1434701 -0.628601 0.7643802 -0.1434701 -0.628601 0.591311 0.1793923 -0.7862377 0.7646586 0.2795864 -0.5806279 0.5917093 0.3498129 -0.7262997 0.7644349 0.4019631 -0.5040485 0.5917063 0.5026207 -0.6302826 0.5917732 0.6302888 -0.5025341 0.5918275 0.7262338 -0.3497495 0.7645411 0.5039056 -0.4019403 0.7645014 0.5807769 -0.2797068 0.5917077 0.7859323 -0.1794227 0.7644804 0.628486 -0.1434412 0.7645162 0.6446046 0 0.5915926 0.8062372 0 0.5915209 0.78608 0.1793912 0.7645724 0.6283948 0.1433497 0.8950793 0.4347214 0.09924978 0.8949432 0.4019981 0.1935828 0.8950307 0.4460047 0 0.9742997 0.2029536 0.09772294 0.8950348 0.3486812 0.2780904 0.9743126 0.1760629 0.140417 0.8950116 0.2781232 0.3487145 0.9928389 0.07449644 0.0933876 0.9743168 0.1403871 0.1760637 0.9928491 0.09332752 0.07443618 0.9928631 0.1074562 0.05172908 0.9743145 0.2195526 0.05008143 0.9928545 0.1163396 0.02655178 0.9743197 0.2251693 0 0.9928582 0.1193004 0 0.974334 0.2194654 -0.05008244 0.9928545 0.1163396 -0.02655178 0.8950609 0.4347735 -0.09918671 0.9743103 0.202919 -0.0976904 0.8949432 0.4019981 -0.1935828 0.894975 0.3488342 -0.2780908 0.9743732 0.1758492 -0.1402643 0.8950348 0.2780904 -0.3486812 0.9743262 0.1403579 -0.1760348 0.9743058 0.09772354 -0.2029244 0.8949432 0.1935828 -0.4019981 0.8951622 0.09918779 -0.4345646 0.9743566 0.05005151 -0.2193721 0.8950307 0 -0.4460047 0.9743414 0 -0.2250757 0.8951504 -0.09918648 -0.4345894 0.9743501 -0.05005115 -0.2194012 0.8949765 -0.1935529 -0.4019383 0.7647241 -0.279527 -0.5805702 0.5916827 -0.3497846 -0.7263349 0.7644222 -0.4019725 -0.5040603 0.8950348 -0.2780904 -0.3486812 0.5917665 -0.5025895 -0.6302511 0.7645657 -0.5038711 -0.4019371 0.5918334 -0.6302574 -0.5025029 0.5918473 -0.7262207 -0.3497432 0.3933953 -0.7187933 -0.5732157 0.3940923 -0.8280729 -0.3987312 0.3938775 -0.8961583 -0.2043548 0.196484 -0.8833846 -0.4254712 0.1958732 -0.7666769 -0.6114249 0.1960573 -0.9559625 -0.2183976 0.3944359 -0.5729147 -0.718463 0.09662353 -0.6204537 -0.778268 0.09827208 -0.7780588 -0.6204572 0.09903508 -0.8965958 -0.4316343 0.09845447 -0.9702317 -0.2212632 0.09811967 -0.9951747 0 0.1962394 -0.9805561 0 0.196363 -0.9559345 0.2182455 0.09836316 -0.9702339 0.2212942 0.1958093 -0.8835526 0.4254335 0.0975095 -0.8966299 0.4319108 0.3940923 -0.8280729 0.3987312 0.3939724 -0.8960744 0.2045397 0.1959612 -0.7666631 0.6114138 0.5915209 -0.78608 0.1793912 0.3940261 -0.9190993 0 0.5915926 -0.8062372 0 0.7645417 -0.6284251 0.1433802 0.7644884 -0.6446375 0 0.5917945 -0.7262614 0.3497481 0.7644383 -0.6285375 -0.143439 0.5916878 -0.7859464 -0.179426 0.7644686 -0.5808057 -0.2797365 0.8949261 -0.4020346 -0.1935858 0.8949519 -0.3488676 -0.2781236 0.9743622 -0.1758832 -0.1402976 0.9743262 -0.1403579 -0.1760348 0.9743058 -0.09772354 -0.2029244 0.992831 -0.07452636 -0.09344792 0.9928417 -0.05182111 -0.1076097 0.9928542 -0.09329748 -0.07440608 0.9743103 -0.202919 -0.0976904 0.9928579 -0.1074894 -0.05176091 0.8950104 -0.4348702 -0.09921836 0.9743421 -0.2194299 -0.05008125 0.8950124 -0.4460413 0 0.9743331 -0.2251113 0 0.974321 -0.2195236 0.05008172 0.8950349 -0.4348062 0.09927874 0.9743027 -0.2029542 0.09769272 0.8949208 -0.4020323 0.1936151 0.8950192 -0.3487175 0.278095 0.7644752 -0.5808107 0.2797083 0.7645364 -0.5039635 0.4018768 0.5918913 -0.630132 0.5025918 0.5918669 -0.5025359 0.6301995 0.7644222 -0.4019725 0.5040603 0.3941555 -0.7185747 0.5729675 0.3944634 -0.572941 0.7184271 0.5916434 -0.34981 0.7263547 0.3939081 -0.3987911 0.8281317 0.7645997 -0.2796177 0.5806905 0.5922653 -0.1792727 0.7855466 0.393822 -0.2045408 0.8961403 0.7628371 -0.07236194 0.6425288 0.7644964 -0.1434079 0.6284741 0.5894541 -0.0904293 0.8027244 0.3910111 -0.1030631 0.9145975 0.1955976 -0.2181818 0.9561058 0.1950175 -0.1098385 0.9746301 0.09869974 -0.1114263 0.9888592 0.09753793 -0.2214441 0.970283 0.09811788 -0.4318104 0.8966118 0.1963292 -0.425436 0.8834359 0.1958742 -0.6114583 0.76665 0.09711229 -0.6204874 0.7781804 0.09827208 -0.7780588 0.6204572 0.893848 -0.05020415 0.4455506 0.894865 -0.09931075 0.4351484 0.9740109 -0.02536118 0.2250769 0.9743566 -0.05005151 0.2193721 0.8949542 -0.1935852 0.4019725 0.9742997 -0.09772294 0.2029536 0.974322 -0.1403878 0.1760341 0.8950116 -0.2781232 0.3487145 0.9928361 -0.07449626 0.09341788 0.9928542 -0.09329748 0.07440608 0.9743058 -0.1760977 0.1404204 0.9928451 -0.05182129 0.1075795 0.9928396 -0.02658188 0.11646 0.9927603 -0.01342844 0.1193607 0.9928579 -0.1074894 0.05176091 0.9928589 -0.1163096 0.02652138 0.9928582 -0.1193004 0 0.9928589 -0.1163096 -0.02652138 0.9928476 -0.0265516 -0.1163998 0.992851 0 -0.1193606 0.9928476 0.0265516 -0.1163998 0.9928417 0.05182111 -0.1076097 0.9928361 0.07449626 -0.09341788 0.9928491 0.09332752 -0.07443618 0.9928631 0.1074562 -0.05172908 0.9928451 0.05182129 0.1075795 0.9742997 0.09772294 0.2029536 0.09738594 0.8966465 0.4319041 0.09808844 0.7780849 0.6204537 0.1960576 0.7666511 0.6113982 0.09695881 0.6204819 0.778204 0.1958402 0.6114476 0.7666671 0.09827303 0.431791 0.8966042 0.1963639 0.425445 0.8834239 0.3939387 0.3987607 0.8281319 0.3938477 0.2045384 0.8961296 0.1955976 0.2181818 0.9561058 0.09753793 0.2214441 0.970283 0.09869974 0.1114263 0.9888592 0.194953 0.1098365 0.9746432 0.3909485 0.1030626 0.9146242 0.589474 0.09042769 0.80271 0.7628649 0.07236164 0.6424961 0.592251 0.1792684 0.7855581 -0.2359163 0.2325286 0.9435433 -0.1181105 0.2376555 0.9641421 -0.1165527 0.1196352 0.9859529 -0.233931 0.1171028 0.9651752 -0.4576294 0.2127465 0.8633158 -0.235794 0.4516588 0.8604682 -0.1180183 0.4615441 0.8792319 -0.2356076 0.6444723 0.7274232 -0.4574488 0.4132878 0.7873588 -0.1171614 0.6585333 0.7433755 -0.1172228 0.8172942 0.5641711 -0.2356421 0.7998283 0.5520393 -0.4577929 0.5895457 0.6654784 -0.4575755 0.7317607 0.5051246 -0.235576 0.9087028 0.3446204 -0.4576106 0.8313839 0.3152673 -0.6540104 0.6226055 0.4296893 -0.6540521 0.5016099 0.5662186 -0.813326 0.4788094 0.3305186 -0.6540609 0.7072867 0.2682349 -0.8132468 0.3858855 0.4355709 -0.4575425 0.8827042 0.1071831 -0.8132752 0.5440655 0.2063401 -0.654015 0.7509727 0.0911287 -0.4576046 0.8826757 -0.1071528 -0.8133266 0.5775687 0.07010173 -0.6540263 0.7509552 -0.09119135 -0.6540609 0.7072867 -0.2682349 -0.4576347 0.8313723 -0.3152629 -0.8133331 0.5440024 -0.2062783 -0.813302 0.5776035 -0.07010221 -0.4575724 0.7317863 -0.5050907 -0.235667 0.7998092 -0.5520567 -0.2355472 0.9087093 -0.3446229 -0.2355772 0.9647712 -0.1171324 -0.2356052 0.9647608 0.1171617 -0.1174995 0.9858366 -0.1196664 -0.1173772 0.9285497 -0.3521622 -0.1176502 0.8172954 -0.5640804 -0.1178646 0.658571 -0.7432309 -0.235607 0.6444401 -0.7274519 -0.1172837 0.4614135 -0.8793988 -0.2353978 0.4516292 -0.8605921 -0.4574816 0.5896599 -0.6655914 -0.1181105 0.2376555 -0.9641421 -0.2359434 0.2325558 -0.9435298 -0.4574787 0.4132567 -0.7873578 -0.235607 0 -0.9718485 -0.1173459 -6.10382e-5 -0.9930911 -0.4575782 0.2127816 -0.8633344 -0.4576935 0 -0.88911 -0.6540046 0.1810117 -0.7345153 -0.6539653 0.3515811 -0.6698658 -0.8132292 0.139231 -0.5650426 -0.8133684 0.27037 -0.5151039 -0.8132564 0.3858596 -0.435576 -0.6540622 0.501587 -0.5662272 -0.9230896 0.1787216 -0.3405354 -0.9230428 0.2551071 -0.2879454 -0.813312 0.4788497 -0.3304948 -0.9230545 0.3165761 -0.2185177 -0.923072 0.3596336 -0.1363885 -0.9822528 0.1543649 -0.1065416 -0.9230729 0.3818212 -0.0463581 -0.9822627 0.1753332 -0.06647092 -0.9822642 0.1861373 -0.02258425 -0.9822642 0.1861373 0.02258425 -0.9951978 0.09717285 -0.01178038 -0.9951979 0.0915268 -0.03470021 -0.9951978 0.09717285 0.01178038 -0.9951979 0.0915268 0.03470021 -0.9822652 0.1543058 0.1065125 -0.9951967 0.08057034 0.05560576 -0.9822731 0.175274 0.06647163 -0.9230573 0.3596704 0.1363909 -0.9230545 0.3165761 0.2185177 -0.982267 0.124336 0.1403282 -0.9951968 0.06491404 0.07327628 -0.9822782 0.08710062 0.1659612 -0.9951984 0.04547345 0.08667433 -0.9230383 0.2551143 0.2879535 -0.9230896 0.1787216 0.3405354 -0.9822723 0.04486232 0.182013 -0.9951957 0.02340811 0.09506678 -0.9951221 0.01187175 0.09793436 -0.9230414 0.09207522 0.3735197 -0.9221057 0.04666376 0.384114 -0.9820107 0.02276718 0.1874479 -0.8113306 0.07043898 0.5803285 -0.8132117 0.1392586 0.565061 -0.6513009 0.09140366 0.7532946 -0.6540221 0.1810082 0.7345007 -0.8132795 0.2704014 0.5152276 -0.6539275 0.3516077 0.6698888 -0.4550048 0.1072431 0.8840077 -0.9230729 0.3818212 0.0463581 -0.9951967 0.08057034 -0.05560576 -0.9952011 0.06488382 -0.07324612 -0.9822762 0.1243028 -0.1402946 -0.995201 0.04547357 -0.08664405 -0.9822711 0.0448637 -0.1820185 -0.9951957 0.02340811 -0.09506678 -0.982257 0.08716249 -0.1660544 -0.9231086 0 -0.3845396 -0.9230289 0.09204649 -0.3735575 -0.9822627 0 -0.1875104 -0.9951928 0 -0.09793531 -0.9951957 -0.02340811 -0.09506678 -0.9822723 -0.04486232 -0.182013 -0.982257 -0.08716249 -0.1660544 -0.9231087 -0.1786888 -0.3405007 -0.9230368 -0.09207779 -0.3735302 -0.995201 -0.04547357 -0.08664405 -0.8133751 -0.2703417 -0.5151081 -0.813236 -0.1392575 -0.5650261 -0.8132775 -0.3858551 -0.4355405 -0.6539653 -0.3515811 -0.6698658 -0.6540622 -0.501587 -0.5662272 -0.4574574 -0.5896681 -0.6656007 -0.4574787 -0.4132567 -0.7873578 -0.6540221 -0.1810082 -0.7345007 -0.2356728 -0.7997981 -0.5520702 -0.2356358 -0.6444355 -0.7274467 -0.4575724 -0.7317863 -0.5050907 -0.1178667 -0.6585215 -0.7432745 -0.2354263 -0.4516865 -0.8605543 -0.4575782 -0.2127816 -0.8633344 -0.2359417 -0.2324625 -0.9435532 -0.1172533 -0.461536 -0.8793385 -0.1181405 -0.2375324 -0.9641687 -0.6540226 0 -0.756475 -0.8133395 0 -0.5817896 -0.1177133 -0.8172794 -0.5640904 -0.1174989 -0.9285463 -0.3521304 -0.2355472 -0.9087093 -0.3446229 -0.1174995 -0.9858366 -0.1196664 -0.2355764 -0.9647677 -0.1171625 -0.4575749 -0.831405 -0.3152637 -0.1174995 -0.9858366 0.1196664 -0.2356052 -0.9647608 0.1171617 -0.4576046 -0.8826757 -0.1071528 -0.2355447 -0.9086998 0.3446497 -0.1174976 -0.9285364 0.3521572 -0.4575425 -0.8827042 0.1071831 -0.4576061 -0.8313758 0.3152948 -0.6540609 -0.7072867 0.2682349 -0.6539958 -0.7509857 0.09116077 -0.6540246 -0.7509532 -0.09122163 -0.813302 -0.5776035 0.07010221 -0.8132773 -0.5776381 -0.07010275 -0.9230729 -0.3818212 -0.0463581 -0.813328 -0.543999 -0.2063075 -0.9230675 -0.3596438 -0.1363924 -0.9822627 -0.1753332 -0.06647092 -0.9230634 -0.3165486 -0.2185199 -0.9822528 -0.1543649 -0.1065416 -0.9951967 -0.08057034 -0.05560576 -0.9951979 -0.0915268 -0.03470021 -0.9822708 -0.124306 -0.1403287 -0.9952011 -0.06488382 -0.07324612 -0.9230428 -0.2551071 -0.2879454 -0.813312 -0.4788497 -0.3304948 -0.6540609 -0.7072867 -0.2682349 -0.6539933 -0.6225891 -0.4297391 -0.9951978 -0.09717285 -0.01178038 -0.9822697 -0.1861078 -0.02258437 -0.9951978 -0.09717285 0.01178038 -0.9230729 -0.3818212 0.0463581 -0.9822697 -0.1861078 0.02258437 -0.982268 -0.1753036 0.06647127 -0.9951979 -0.0915268 0.03470021 -0.9822652 -0.1543058 0.1065125 -0.9951967 -0.08057034 0.05560576 -0.9230428 -0.2551071 0.2879454 -0.9230545 -0.3165761 0.2185177 -0.982263 -0.1243355 0.1403581 -0.9951968 -0.06491404 0.07327628 -0.8132564 -0.3858596 0.435576 -0.813326 -0.4788094 0.3305186 -0.9230573 -0.3596704 0.1363909 -0.653917 -0.351588 0.6699093 -0.6540634 -0.5016185 0.5661978 -0.8132728 -0.2704297 0.5152234 -0.4574493 -0.4132273 0.7873902 -0.4577524 -0.5895938 0.6654638 -0.6540018 -0.6225973 0.4297142 -0.4576265 -0.2127757 0.8633103 -0.2359163 -0.2325286 0.9435433 -0.235791 -0.4516226 0.8604879 -0.1181105 -0.2376555 0.9641421 -0.117985 -0.4615334 0.879242 -0.2356705 -0.6444774 0.7273984 -0.1165829 -0.1196348 0.9859493 -0.2339598 -0.117102 0.9651684 -0.4550171 -0.1072459 0.884001 -0.6540185 -0.1810377 0.7344966 -0.6513009 -0.09140366 0.7532946 -0.8132117 -0.1392586 0.565061 -0.9230896 -0.1787216 0.3405354 -0.9230439 -0.09204494 0.3735207 -0.8113306 -0.07043898 0.5803285 -0.9221057 -0.04666376 0.384114 -0.9820107 -0.02276718 0.1874479 -0.9822723 -0.04486232 0.182013 -0.9951221 -0.01187175 0.09793436 -0.9951957 -0.02340811 0.09506678 -0.9822782 -0.08710062 0.1659612 -0.9951984 -0.04547345 0.08667433 -0.4575755 -0.7317607 0.5051246 -0.235671 -0.7998226 0.5520354 -0.1172266 -0.6585263 0.7433714 -0.1172859 -0.8172782 0.5641811 -0.8132886 -0.544044 0.2063436 -0.6540231 0.622558 -0.4297387 -0.1174995 0.9858366 0.1196664 -0.1174073 0.9285463 0.3521609 0.1944046 0.2108848 0.9579847 0.09702092 0.213971 0.97201 0.0977537 0.107581 0.9893789 0.1925145 0.1060844 0.9755431 0.387378 0.09967511 0.9165169 0.3896382 0.1980083 0.8994303 0.1946839 0.4118913 0.8901931 0.3879595 0.3869829 0.8364996 0.1939812 0.5936936 0.7809605 0.1007453 0.4176304 0.9030145 0.3889989 0.5575265 0.7333787 0.09790486 0.6022614 0.7922726 0.1938569 0.7476554 0.6351622 0.09622669 0.7587046 0.6442885 0.1942881 0.8666974 0.459443 0.3893679 0.7020708 0.5962291 0.09857541 0.8791522 0.4662342 0.3891813 0.8138564 0.4314809 0.1937661 0.9452699 0.2625258 0.09738761 0.9590135 0.2660993 0.1937953 0.9795972 0.05322504 0.09759831 0.9937754 0.0537126 0.3890907 0.919852 0.04980748 0.1937686 0.9681108 -0.1587932 0.3890618 0.9090825 -0.1489959 0.1939179 0.9113899 -0.3629934 0.09744632 0.9821543 -0.1608643 0.09824186 0.9244623 -0.3683993 0.09735763 0.8237859 -0.5584787 0.194012 0.6746321 -0.7122015 0.09808897 0.6843951 -0.7224832 0.1936748 0.8119935 -0.5505967 0.3887549 0.7626164 -0.516997 0.3889135 0.63356 -0.6688408 0.1941301 0.5057578 -0.8405491 0.09869825 0.5129932 -0.8526997 0.1951388 0.3131865 -0.9294273 0.3890892 0.4749091 -0.7893484 0.3888754 0.2941744 -0.8730621 0.1931257 0.1060544 -0.9754256 0.1000104 0.3176712 -0.9429121 0.09579801 0.1076087 -0.9895672 0.1930312 -0.1060832 -0.975441 0.0956462 -0.1076706 -0.9895751 0.3900387 -0.09955447 -0.9154009 0.1951975 -0.3131828 -0.9294162 0.3889116 -0.2941787 -0.8730446 0.1941919 -0.505729 -0.8405521 0.1000426 -0.3176154 -0.9429274 0.09885197 -0.5129988 -0.8526785 0.194012 -0.6746321 -0.7122015 0.09811919 -0.6843931 -0.7224811 0.1937367 -0.8119975 -0.5505689 0.09753817 -0.823795 -0.5584337 0.3889732 -0.6335579 -0.6688081 0.3886041 -0.7626503 -0.5170604 0.193857 -0.9113907 -0.3630242 0.09848642 -0.9244356 -0.3684009 0.1936748 -0.9681299 -0.1587913 0.3888159 -0.8558529 -0.3410838 0.3891136 -0.909061 -0.1489924 0.09726542 -0.9821766 -0.1608374 0.3889025 -0.9199316 0.04980683 0.1937365 -0.9796087 0.05322563 0.3891556 -0.887602 0.2464154 0.1937367 -0.9452754 0.2625273 0.09781283 -0.9937543 0.05371314 0.09714215 -0.9590309 0.2661262 0.09845447 -0.8791629 0.4662398 0.1941922 -0.8667082 0.4594631 0.09625726 -0.7586745 0.6443195 0.3891761 -0.8138456 0.4315057 0.3893078 -0.702103 0.5962306 0.1938282 -0.7476318 0.6351986 0.1939178 -0.5936865 0.7809817 0.09802758 -0.6022348 0.7922777 0.1946521 -0.4119191 0.8901873 0.388973 -0.557533 0.7333873 0.3879237 -0.3869776 0.8365187 0.100744 -0.4176557 0.903003 0.09702026 -0.2140001 0.9720036 0.1944352 -0.2108544 0.9579851 0.3896123 -0.1980107 0.899441 0.0977537 -0.107581 0.9893789 0.1924844 -0.1061152 0.9755457 0.387313 -0.09973514 0.9165379 0.5819453 -0.08792656 0.8084608 0.5837478 -0.1745108 0.7929594 0.7540619 -0.07101756 0.6529527 0.7563319 -0.1406334 0.6388932 0.5838361 -0.3408406 0.7368603 0.5834135 -0.4915188 0.6465586 0.7561716 -0.3959853 0.520961 0.7567142 -0.2745168 0.5933164 0.5834385 -0.618963 0.5258179 0.7563996 -0.4985389 0.4234605 0.7562179 -0.5781047 0.3064792 0.5838997 -0.7172701 0.3802429 0.5836774 -0.7823872 0.2172348 0.5838328 -0.8106821 0.04397815 0.7563 -0.6303772 0.1750285 0.5838977 -0.801135 -0.1313251 0.7563461 -0.6455631 -0.1057779 0.7563281 -0.6532341 0.03540229 0.8876427 -0.459859 0.02490341 0.8876449 -0.4544583 -0.07452738 0.9706783 -0.237222 -0.0388503 0.9706697 -0.2400656 0.01300126 0.8876805 -0.4436876 0.1231448 0.887667 -0.4277648 -0.1704833 0.9706895 -0.2232775 -0.08893257 0.970691 -0.1989236 -0.1348639 0.7562984 -0.6077916 -0.2420789 0.8875825 -0.3812426 -0.2585565 0.9706516 -0.1653816 -0.1745982 0.7564522 -0.5413824 -0.366995 0.8876735 -0.3166644 -0.3343043 0.7562105 -0.3373312 -0.5606725 0.8874979 -0.2375613 -0.3948572 0.7564567 -0.4497966 -0.4748226 0.9707442 -0.07666337 -0.2275487 0.9706269 -0.1240293 -0.206156 0.8874649 -0.1471325 -0.4367588 0.9932192 -0.0371114 -0.1101745 0.9932191 -0.0599398 -0.09961485 0.9932073 -0.08002054 -0.08447629 0.9932057 -0.09631747 -0.06531035 0.9932026 -0.108128 -0.04309248 0.9932088 -0.1148123 -0.01883018 0.9932112 -0.1161554 0.006286919 0.9706713 -0.2316426 0.06433498 0.993214 -0.1120662 0.03109896 0.9706801 -0.2123801 0.1125837 0.8876073 -0.406937 0.2157675 0.88771 -0.350909 0.2980499 0.9706803 -0.1832042 0.1556152 0.9932135 -0.1027578 0.05447655 0.9932203 -0.08859753 0.07526057 0.9706566 -0.1455146 0.1914456 0.9932186 -0.07034689 0.09256488 0.8877604 -0.2785753 0.3664388 0.9706587 -0.100957 0.2182418 0.8875844 -0.193399 0.4180799 0.9706728 -0.05166947 0.2347865 0.9932239 -0.04880052 0.1054751 0.9932131 -0.02499508 0.113592 0.9931256 -0.01263493 0.1163697 0.9703769 -0.0260936 0.2401832 0.886549 -0.05002075 0.4599227 0.8874798 -0.09906661 0.4500727 0.9932121 -0.01257383 -0.1156367 0.9706816 0.02597147 -0.2389623 0.9932121 0.01257383 -0.1156367 0.9706816 -0.02597147 -0.2389623 0.8879026 -0.04974669 -0.4573341 0.7559286 -0.07074332 -0.6508206 0.8879026 0.04974669 -0.4573341 0.7560545 -0.2089961 -0.6202437 0.7560402 0.2089921 -0.6202625 0.8874649 0.1471325 -0.4367588 0.7558988 0.07077395 -0.6508519 0.9707442 0.07666337 -0.2275487 0.970633 0.1240301 -0.2061267 0.8875086 0.2375642 -0.3948314 0.7562026 0.3373582 -0.5606666 0.75648 0.4497618 -0.4748181 0.5839859 0.4185105 -0.6955643 0.5836464 0.2592594 -0.7695074 0.8876133 0.3812123 -0.2584956 0.8876912 0.3166401 -0.3342804 0.5838446 0.5582995 -0.5894297 0.7563925 0.5414445 -0.3670262 0.7562657 0.6078203 -0.2421088 0.8876555 0.4277898 -0.1704811 0.5837687 0.6719688 -0.4557107 0.9706925 0.2371644 -0.03885084 0.9706988 0.2232491 -0.08890289 0.887676 0.4543976 -0.07452738 0.756305 0.6456107 -0.1057807 0.970701 0.1988951 -0.1348348 0.9706516 0.1653816 -0.1745982 0.9932057 0.09631747 -0.06531035 0.9932073 0.08002054 -0.08447629 0.9932073 0.1080979 -0.04306215 0.9932088 0.1148123 -0.01883018 0.9932147 0.1161253 0.006286919 0.9706786 0.2400298 0.01300096 0.9932174 0.1120361 0.03109908 0.9706645 0.2316715 0.06433457 0.8876551 0.459835 0.02490377 0.8877329 0.4435918 0.1231131 0.9706801 0.2123801 0.1125837 0.7563698 0.6302929 0.1750305 0.8876416 0.4068777 0.2157379 0.7562285 0.6533492 0.03540194 0.8876684 0.3509656 0.2981072 0.9706685 0.1832383 0.1556488 0.7561711 0.5781533 0.3065031 0.5838071 0.7173298 0.3802727 0.756388 0.4985617 0.423454 0.5837115 0.7823614 0.2172361 0.8877778 0.2785502 0.3664155 0.5834385 0.618963 0.5258179 0.7561716 0.3959853 0.520961 0.8875844 0.193399 0.4180799 0.583353 0.4915498 0.6465898 0.5838955 0.3408092 0.7368278 0.7567535 0.274459 0.5932928 0.7563319 0.1406334 0.6388932 0.5837679 0.1745077 0.7929453 0.5819453 0.08792656 0.8084608 0.7540488 0.07101917 0.6529677 0.886549 0.05002075 0.4599227 0.8874798 0.09906661 0.4500727 0.970376 0.02612406 0.240183 0.9706728 0.05166947 0.2347865 0.9931292 0.01263499 0.1163396 0.9932131 0.02499508 0.113592 0.9932206 0.04880034 0.1055052 0.9706522 0.1009563 0.2182708 0.9706522 0.1455444 0.1914448 0.9932214 0.07034707 0.0925346 0.9932175 0.08862781 0.0752604 0.9932135 0.1027578 0.05447655 0.3890674 0.8876402 0.2464175 0.5837435 0.8107463 0.04397833 0.5837721 0.8012216 -0.1313548 0.583898 0.754166 -0.3004944 0.3889038 0.8558142 -0.3410805 0.9932161 0.05993962 -0.09964507 0.9932192 0.0371114 -0.1101745 0.583711 0.08777332 -0.8072034 0.3899761 0.09955406 -0.9154276 0.5837455 -0.08777391 -0.8071783 0.5836555 -0.2592939 -0.7694889 0.5840258 -0.4184867 -0.695545 0.3890633 -0.4749148 -0.7893579 0.5838848 -0.5582796 -0.5894087 0.5837165 -0.6720094 -0.4557176 0.583957 -0.7541329 -0.3004629 -0.979586 0.04321432 0.1963261 -0.9950659 0.01071208 0.0986368 -0.9793548 0.02182108 0.2009676 -0.9951406 0.02114981 0.09616607 -0.9795328 0.08450663 0.1826857 -0.9951515 0.04129165 0.08926695 -0.9795635 0.1217091 0.1601324 -0.995136 0.05960375 0.07843405 -0.9173945 0.1671208 0.3611897 -0.9172971 0.2409827 0.3170071 -0.9795526 0.1533297 0.130257 -0.9951483 0.07498633 0.06369411 -0.9795655 0.1777116 0.09418135 -0.9171962 0.3036669 0.257949 -0.9172511 0.3519155 0.1865631 -0.9795511 0.1938593 0.05383622 -0.9951395 0.0870102 0.0461145 -0.9951436 0.09485405 0.02630764 -0.9795566 0.2008736 0.01089513 -0.9951335 0.09839326 0.005310297 -0.979563 0.1984944 -0.03250253 -0.995137 0.09720337 -0.01593095 -0.9795389 0.1869596 -0.07449692 -0.9951374 0.09149634 -0.03647035 -0.9795553 0.1665146 -0.1128917 -0.9951384 0.08151668 -0.05527019 -0.9795141 0.1384657 -0.1462175 -0.9951301 0.06778246 -0.07156682 -0.9171333 0.3298823 -0.2237059 -0.9173759 0.2737265 -0.2889556 -0.9795303 0.1037638 -0.172492 -0.9951198 0.05084395 -0.08456701 -0.9795672 0.0642119 -0.1905909 -0.9173232 0.2052738 -0.3411464 -0.9951297 0.03146493 -0.09341835 -0.9174429 0.1270521 -0.3770363 -0.9173787 0.04303216 -0.3956823 -0.9795812 0.02172976 -0.1998715 -0.9795812 -0.02172976 -0.1998715 -0.9951421 0.01062071 -0.09787529 -0.9951421 -0.01062071 -0.09787529 -0.9795672 -0.0642119 -0.1905909 -0.9951297 -0.03146493 -0.09341835 -0.9795303 -0.1037638 -0.172492 -0.9951182 -0.05087441 -0.08456689 -0.9795185 -0.1384662 -0.1461877 -0.9951258 -0.06781268 -0.07159703 -0.9795648 -0.1664805 -0.1128588 -0.9951359 -0.08154696 -0.05527001 -0.9171333 -0.3298823 -0.2237059 -0.9795389 -0.1869596 -0.07449692 -0.9172669 -0.3699892 -0.1474097 -0.9951346 -0.09152662 -0.03647023 -0.979563 -0.1984944 -0.03250253 -0.9172509 -0.3930552 -0.0644868 -0.9172635 -0.3976995 0.0215162 -0.9951341 -0.09723359 -0.01593089 -0.9795434 -0.2009382 0.01089531 -0.9951364 -0.09836304 0.005310297 -0.9795454 -0.1938887 0.05383592 -0.9951436 -0.09485405 0.02630764 -0.9951395 -0.0870102 0.0461145 -0.9795655 -0.1777116 0.09418135 -0.9795526 -0.1533297 0.130257 -0.9951506 -0.07498419 0.06366175 -0.9795635 -0.1217091 0.1601324 -0.995136 -0.05960375 0.07843405 -0.9795237 -0.08453899 0.1827203 -0.9951515 -0.04129165 0.08926695 -0.9795873 -0.04318386 0.1963264 -0.9951406 -0.02114981 0.09616607 -0.9950628 -0.01071202 0.09866702 -0.9793543 -0.02185159 0.2009675 -0.9171416 -0.0856682 0.3892458 -0.9163104 -0.0432763 0.3981238 -0.9174093 -0.167093 0.3611651 -0.8048437 -0.1275689 0.5796145 -0.9172726 -0.2410068 0.3170596 -0.8048828 -0.3591194 0.4724372 -0.8046424 -0.2492514 0.5389105 -0.8050292 -0.4521689 0.38402 -0.6461546 -0.5816978 0.4940769 -0.6457881 -0.4620314 0.6078526 -0.4501073 -0.6805325 0.5781688 -0.4507673 -0.5401883 0.7106375 -0.6453897 -0.3207569 0.6932439 -0.4507443 -0.7886576 0.4181494 -0.230726 -0.7416501 0.6298577 -0.1181709 -0.8772791 0.4652066 -0.1176214 -0.7568483 0.6429198 -0.2316396 -0.8595083 0.455619 -0.2314894 -0.5887491 0.7744594 -0.1174996 -0.6009878 0.7905742 -0.2322236 -0.4084439 0.882749 -0.1183537 -0.4169236 0.9012032 -0.4512897 -0.3747166 0.8098921 -0.2318518 -0.2090542 0.9500216 -0.1184155 -0.1072759 0.9871523 -0.231089 -0.1051375 0.9672352 -0.4514747 -0.1918149 0.8714228 -0.1158502 -0.2135111 0.9700474 -0.4487566 -0.09659373 0.8884184 -0.6456381 -0.1641028 0.7458028 -0.6437128 -0.08270722 0.7607848 -0.8030319 -0.06439638 0.5924466 -0.1174061 -0.9568892 0.2656669 -0.4507384 -0.8600928 0.2389045 -0.2312429 -0.9374539 0.2602055 -0.2314842 -0.9714099 0.05270576 -0.6459776 -0.7355526 0.2041455 -0.4507052 -0.8913696 0.04822003 -0.6459448 -0.6744804 0.3575357 -0.6458234 -0.7534351 -0.1234819 -0.4508315 -0.8808488 -0.1444174 -0.6457843 -0.7623977 0.04138386 -0.2314593 -0.9600189 -0.1574497 -0.45043 -0.8294151 -0.3304293 -0.2319163 -0.9036772 -0.3599755 -0.2310011 -0.8053147 -0.5459916 -0.6456274 -0.7094119 -0.282666 -0.4503487 -0.7389736 -0.5011031 -0.4508544 -0.6138554 -0.648006 -0.6461869 -0.6316596 -0.428309 -0.6459181 -0.3935816 -0.654128 -0.4503755 -0.4602638 -0.7650616 -0.6456934 -0.5251123 -0.5543801 -0.2318556 -0.6689538 -0.7062181 -0.2318211 -0.3106513 -0.9218215 -0.2316693 -0.5015485 -0.8335337 -0.4503481 -0.2850536 -0.8461271 -0.1194528 -0.3169742 -0.9408817 -0.1187192 -0.5118353 -0.8508411 -0.1177439 -0.6829328 -0.7209295 -0.1172868 -0.8220148 -0.5572572 -0.1184453 -0.9223842 -0.3676658 -0.1172859 -0.9800376 -0.1605318 -0.1174676 -0.9916231 0.05371338 -0.2308496 -0.1052008 -0.9672856 -0.1170091 -0.1073346 -0.9873137 -0.1171021 0.107397 -0.9872959 -0.2308496 0.1052008 -0.9672856 -0.4506114 -0.09650069 -0.8874893 -0.2317655 0.3106281 -0.9218432 -0.4506114 0.09650069 -0.8874893 -0.2316116 0.5015556 -0.8335455 -0.1194204 0.3169388 -0.9408978 -0.4503442 0.2850817 -0.8461198 -0.4503407 0.4602594 -0.7650848 -0.6459922 0.3935403 -0.6540796 -0.6458376 0.2437837 -0.7235077 -0.6458202 0.08252435 -0.7590165 -0.8047877 0.06415104 -0.5900861 -0.8047862 -0.06418144 -0.590085 -0.6457547 -0.08252376 -0.7590723 -0.9173787 -0.04303216 -0.3956823 -0.8049071 -0.1894617 -0.5623424 -0.9174429 -0.1270521 -0.3770363 -0.9173528 -0.2052431 -0.341085 -0.8051274 -0.305772 -0.508206 -0.9173759 -0.2737265 -0.2889556 -0.8051203 -0.4078552 -0.4306223 -0.8050665 -0.4910237 -0.3328121 -0.8049998 -0.5511427 -0.2195842 -0.8048791 -0.5856302 -0.09595191 -0.8049354 -0.5924935 0.03210586 -0.8048807 -0.5718062 0.1587604 -0.9172019 -0.3839045 0.106574 -0.8048467 -0.5243467 0.2779974 -0.9172312 -0.3519501 0.1865958 -0.9172168 -0.3036331 0.2579157 -0.6458197 -0.2437884 -0.723522 -0.8049317 0.1894603 -0.5623077 -0.805135 0.3057444 -0.5082107 -0.6456934 0.5251123 -0.5543801 -0.8051308 0.4078605 -0.4305974 -0.8050557 0.4910358 -0.3328202 -0.645691 0.7093536 -0.2826672 -0.6462172 0.6316289 -0.4283089 -0.8049701 0.5511738 -0.219615 -0.9172565 0.3700155 -0.147408 -0.4503974 0.7389532 -0.5010892 -0.4504946 0.8293911 -0.3304014 -0.2318522 0.9036956 -0.3599706 -0.2309088 0.8053424 -0.5459897 -0.4508877 0.6138592 -0.6479794 -0.4508558 0.8808367 -0.1444154 -0.4507661 0.8913388 0.04822003 -0.2314304 0.9600256 -0.1574507 -0.6458738 0.7533922 -0.1234799 -0.6457843 0.7623977 0.04138386 -0.4507384 0.8600928 0.2389045 -0.8049101 0.5925278 0.03210604 -0.645909 0.735605 0.2041736 -0.6458755 0.6745328 0.3575616 -0.4508934 0.7885904 0.4181155 -0.8048272 0.5718726 0.1587924 -0.4500657 0.6805462 0.578185 -0.2306638 0.7416462 0.629885 -0.2317035 0.8594882 0.4556246 -0.117714 0.756855 0.6428949 -0.1179872 0.877305 0.4652042 -0.2314295 0.9374068 0.2602093 -0.1177742 0.9568429 0.265671 -0.2314553 0.9714168 0.05270612 -0.1173135 0.9916414 0.05371272 -0.1171012 0.980055 -0.1605601 -0.1184767 0.9223912 -0.3676381 -0.1171333 0.8220394 -0.5572533 -0.1175882 0.682915 -0.7209717 -0.1186903 0.5118729 -0.8508224 -0.2318556 0.6689538 -0.7062181 -0.1174394 0.6009921 0.7905799 -0.2315182 0.5887449 0.7744539 -0.1186277 0.4169215 0.9011682 -0.4507111 0.5402247 0.7106453 -0.232342 0.4084069 0.8827351 -0.4512542 0.3747125 0.8099138 -0.231794 0.2090572 0.9500351 -0.2311536 0.1051392 0.9672196 -0.1184155 0.1072759 0.9871523 -0.11579 0.2135126 0.9700542 -0.4514384 0.1918125 0.8714421 -0.4488175 0.09659373 0.8883877 -0.6456024 0.164132 0.7458273 -0.804833 0.127572 0.5796287 -0.6437128 0.08270722 0.7607848 -0.8046122 0.2492821 0.5389413 -0.6453656 0.3207906 0.6932508 -0.8030573 0.06439596 0.5924123 -0.9171416 0.0856682 0.3892458 -0.9163264 0.04327559 0.398087 -0.804914 0.3590892 0.4724071 -0.6457045 0.4620982 0.6078906 -0.8049979 0.452199 0.3840502 -0.6461838 0.5816662 0.4940759 -0.8047926 0.5244122 0.2780303 -0.9172282 0.3838417 0.1065735 -0.9172677 0.3976882 0.02154612 -0.917213 0.3931436 -0.06448626 -0.8049043 0.5855958 -0.09595125 0.1429829 -0.9496384 -0.2788243 0.08533149 -0.912461 -0.4001669 0.08530163 -0.9119799 -0.4012687 0.08533048 -0.9126638 -0.3997043 0.08566707 -0.9353186 -0.3432788 0.1654753 -0.9724344 -0.164285 0.2454983 -0.9318805 -0.2670755 0.2559052 -0.9552267 -0.1485074 0.2881923 -0.920122 -0.265181 0.1674258 -0.9840161 0.06067126 0.2537356 -0.9639757 0.0798074 0.1670603 -0.9437046 0.2855041 0.08508688 -0.993637 0.0737949 0.08582001 -0.9832379 -0.1608668 0.1667883 -0.8526501 0.4951462 0.08441573 -0.9488071 0.3043666 0.2552005 -0.916274 0.3087309 0.1666021 -0.7156963 0.6782497 0.08380597 -0.8512443 0.5180346 0.2563953 -0.8152095 0.5193218 0.08325541 -0.7063894 0.7029102 0.2573728 -0.6668253 0.6993593 0.1664832 -0.5401014 0.8249691 0.08264553 -0.5222721 0.8487648 0.1664528 -0.3354386 0.9272403 0.0822795 -0.3092806 0.9474048 0.2586498 -0.2652115 0.9288505 0.1663879 -0.1125224 0.9796193 0.2581353 -0.4798302 0.8385279 0.2591083 -0.03534126 0.9652015 0.1664512 0.1164914 0.9791445 0.08173 -0.07901382 0.9935176 0.2594459 0.1963621 0.9455844 0.1665109 0.3393088 0.9258205 0.2596274 0.416588 0.8712336 0.0811209 0.3814942 0.9208049 0.08142375 0.1555231 0.9844709 0.1665428 0.5438507 0.8224902 0.08081471 0.5862733 0.8060724 0.1666035 0.719029 0.6747152 0.2597506 0.6125854 0.7465044 0.08060145 0.7584964 0.6466737 0.1666628 0.8554098 0.4904057 0.2598103 0.7731133 0.5786142 0.07690876 0.8927525 0.4439347 0.2598116 0.888908 0.3772808 0.1628798 0.9463936 0.2789435 0.2597838 0.9532831 0.154155 0.1628476 0.9853261 0.05111879 -0.04333662 0.9869772 0.1549133 0.02697902 0.9642561 0.2635949 -0.01873862 0.9995263 0.02441513 -0.003723323 0.9973115 -0.07318538 -0.05816876 0.9763877 -0.2080466 -0.003051877 0.9549447 -0.2967684 0.1617192 0.9706814 -0.1778331 0.2597168 0.962539 -0.07788449 0.2595909 0.9161062 -0.3055518 0.1617805 0.9033586 -0.3972032 0.2593823 0.8166316 -0.5155907 0.1618753 0.7872498 -0.5950077 0.2590781 0.6697454 -0.6959309 -0.01156675 0.7217811 -0.6920248 -0.007446646 0.8614023 -0.5078688 0.1619967 0.6286072 -0.7606644 -0.1000411 0.7784469 -0.6196873 -0.08420157 0.9007036 -0.4261961 -0.1090152 0.6163085 -0.7799228 -0.01391679 0.5435188 -0.8392816 -0.1120963 0.4227797 -0.899273 -0.01413047 0.3361404 -0.941706 -0.1093187 0.2075896 -0.9720885 -0.01214653 0.1106311 -0.9937874 -0.1004688 -0.01840299 -0.99477 -0.00839281 -0.1210098 -0.9926158 0.16285 -0.007568717 -0.9866219 0.1625126 0.2201626 -0.9618306 0.2581304 0.2698498 -0.9276583 0.2574576 0.0398882 -0.965466 0.1622096 0.4361195 -0.8851486 0.2586517 0.4839153 -0.8360174 0.2564489 -0.1927258 -0.9471489 0.1632448 -0.2348418 -0.9582278 0.2551994 -0.4144167 -0.8735743 0.163824 -0.4492952 -0.8782344 -0.004181087 -0.3466045 -0.9380022 -0.05792582 -0.4569063 -0.8876269 -0.08471983 -0.2437527 -0.96613 -0.004364192 -0.5526368 -0.8334109 0.1577843 -0.6458781 -0.7469577 0.0114448 -0.6680741 -0.7440068 0.06137371 -0.7923343 -0.6069924 0.1551279 -0.7926387 -0.5896265 0.07764071 -0.8632649 -0.4987441 0.1416981 -0.8599854 -0.4902518 0.2454974 -0.8394644 -0.4847994 0.2559036 -0.7703964 -0.5839545 0.2881945 -0.8299137 -0.4776894 0.2537353 -0.6122118 -0.748876 -0.419794 -0.6645593 -0.6181699 -0.3419681 -0.5997947 -0.7233976 -0.3432178 -0.7117665 -0.6128541 -0.4200646 -0.5020695 -0.7559577 -0.3403816 -0.4618484 -0.8190461 -0.4167393 -0.3130046 -0.8534381 -0.5030238 -0.5481622 -0.6681957 -0.5028355 -0.3727319 -0.7798894 -0.3391586 -0.3108369 -0.8878918 -0.5026502 -0.1755461 -0.8464788 -0.4157571 -0.1106916 -0.9027145 -0.3379386 -0.1415173 -0.9304679 -0.335008 0.04733508 -0.9410256 -0.4176504 0.1014141 -0.9029305 -0.3337575 0.2360962 -0.9126142 -0.502377 0.03189253 -0.8640603 -0.5019853 0.2377166 -0.8315658 -0.4184796 0.3068708 -0.854813 -0.3335735 0.4162191 -0.8458666 -0.4187229 0.4956312 -0.7609342 -0.501529 0.42993 -0.7507523 -0.4183287 0.6579361 -0.626196 -0.3338516 0.5789528 -0.7438796 -0.5008869 0.5974508 -0.6262307 -0.5000872 0.7305069 -0.4650511 -0.4168004 0.7857162 -0.4570857 -0.4990519 0.8212748 -0.276505 -0.3385221 0.8234769 -0.4552897 -0.3353125 0.7166478 -0.6115403 -0.41723 0.86913 -0.2655794 -0.3392801 0.8949401 -0.2897782 -0.4978273 0.864331 -0.07141464 -0.4200625 0.9056796 -0.05737555 -0.3368359 0.9355232 -0.1064801 -0.3361935 0.9380215 0.08420097 -0.4221437 0.8935151 0.1530545 -0.3363228 0.901449 0.2725375 -0.4963666 0.8570138 0.1383747 -0.4955167 0.7995533 0.3393783 -0.4229289 0.8341997 0.3538955 -0.3369311 0.8271597 0.4497603 -0.4222674 0.7307889 0.5363188 -0.3377579 0.7187618 0.6077017 -0.4203486 0.5877495 0.6912725 -0.4963597 0.6948853 0.5203475 -0.4173545 0.4122883 0.8098356 -0.497861 0.5490419 0.6713327 -0.3401725 0.5817055 0.7388514 -0.4990811 0.3715717 0.7828491 -0.414879 0.2146115 0.8842044 -0.5000354 0.1728942 0.8485707 -0.4176828 0.01153618 0.9085197 -0.3406512 0.2275483 0.9122382 -0.3409628 0.01944082 0.9398758 -0.3410816 0.4223235 0.839825 -0.3467022 -0.1396575 0.9275201 -0.4232418 -0.2021904 0.8831679 -0.3425205 -0.2993964 0.8905288 -0.5008576 -0.03543323 0.8648042 -0.5015208 -0.2413757 0.8307916 -0.420096 -0.4014488 0.813854 -0.5019783 -0.4330356 0.7486642 -0.4175027 -0.5801396 0.6993781 -0.3400399 -0.4658381 0.8169258 -0.3426402 -0.6172224 0.7082615 -0.4172568 -0.7244924 0.5486415 -0.5023857 -0.599408 0.6231523 -0.3395531 -0.8387506 0.4256774 -0.3429767 -0.7377753 0.5814246 -0.4191777 -0.8311529 0.3653423 -0.5026562 -0.7308506 0.4617296 -0.4197285 -0.8928654 0.1631548 -0.3385204 -0.907187 0.2498312 -0.5028693 -0.8199056 0.2736375 -0.3356512 -0.9401469 0.05884116 -0.4177167 -0.9073672 -0.0468775 -0.3311632 -0.9315054 -0.1504288 -0.5030112 -0.8614546 0.06982702 -0.503104 -0.8531556 -0.1378843 -0.4152393 -0.8790647 -0.2341405 -0.5135757 -0.8209336 -0.2496158 -0.4549238 -0.8407514 -0.2935671 -0.3321362 -0.8999387 -0.2824821 -0.3020771 -0.916028 -0.2638978 -0.5031083 -0.6918692 -0.5178795 -0.4225128 -0.7748612 -0.4701843 -0.5135486 -0.7498596 -0.4171075 -0.4549238 -0.7951858 -0.4009042 -0.3421842 -0.8339138 -0.4330101 -0.3418159 -0.7889233 -0.5106485 -0.3054035 -0.8441553 -0.4406027 1 -2.72764e-7 0 1 -5.76156e-7 0 1 1.10944e-6 0 1 -1.14278e-6 0 1 5.62587e-7 0 1 -5.65903e-7 0 1 -2.7859e-7 0 1 1.14787e-6 0 1 -2.77354e-7 0 1 1.10554e-6 0 1 -1.15172e-6 0 1 -1.10222e-6 0 1 -1.09985e-6 0 1 -1.09825e-6 0 1 -2.19499e-6 0 1 -5.79243e-7 0 1 -1.15803e-6 0 1 -1.44595e-7 0 1 -5.77253e-7 0 1 5.51052e-7 0 1 2.76343e-7 0 1 5.69042e-7 0 1 -2.22884e-6 0 1 1.12003e-6 0 1 -5.62526e-7 0 1 -2.26846e-6 0 1 1.39694e-7 0 1 -1.24808e-6 0 0 0.9843729 0.1760969 0 0.9584665 0.2852052 0 0.9988791 -0.04733455 0 0.9633035 -0.2684151 0 0.8794087 -0.4760679 0 0.7514167 -0.6598281 0 0.5857502 -0.8104918 0 0.3907419 -0.9205003 0 0.1760969 -0.9843729 0 -0.04733455 -0.9988791 0 -0.2684151 -0.9633035 0 -0.4760442 -0.8794214 0 -0.6598129 -0.7514299 0 -0.8104918 -0.5857502 0 -0.920505 -0.3907309 0 -0.9843729 -0.1760969 0 -0.9988791 0.04733455 0 -0.9632955 0.2684434 0 -0.8794214 0.4760442 0 -0.7514451 0.6597957 0 -0.5857502 0.8104918 0 -0.3907051 0.920516 0 -0.1760621 0.9843791 0 0.047365 0.9988777 0 0.2684151 0.9633035 0 0.4760442 0.8794214 0 0.6598129 0.7514299 0 0.8104918 0.5857502 0 0.8709775 0.491323 0 0.8002453 0.5996728 0 0.8666933 0.4988415 0 0.6334871 0.7737533 0 0.4298933 0.9028797 0 0.2013661 0.979516 0 -0.03891128 0.9992427 0 -0.2769293 0.9608903 0 -0.4988283 0.8667008 0 -0.6917761 0.7221121 0 -0.8444787 0.5355893 0 -0.9481173 0.3179211 0 -0.9966496 0.08179014 0 -0.9872632 -0.1590962 0 -0.920516 -0.3907051 0 -0.800271 -0.5996386 0 -0.6334871 -0.7737533 0 -0.4298933 -0.9028797 0 -0.2013015 -0.9795293 0 0.03888082 -0.9992439 0 0.2769293 -0.9608903 0 0.4988415 -0.8666933 0 0.6917291 -0.7221572 0 0.8444787 -0.5355893 0 0.9481173 -0.3179211 0 0.9966496 -0.08179014 0 0.987268 0.1590664 0 0.9608903 0.2769293 0.2356054 -0.8945986 -0.3797153 0.1175578 -0.9141254 -0.3880142 0.1175891 -0.9804181 -0.1579656 0.2356702 -0.7776935 -0.5827971 0.1175601 -0.7946906 -0.5955221 0.4575455 -0.7115577 -0.5332334 0.4576121 -0.5632407 -0.6880052 0.2357323 -0.6156079 -0.7519689 0.6537888 -0.4793393 -0.5854862 0.6538205 -0.325308 -0.6831498 0.235579 -0.4178711 -0.8774317 0.4576599 -0.3822479 -0.8027665 0.8134829 -0.2500113 -0.5251093 0.6537842 -0.1523217 -0.7411913 0.8133619 -0.1171014 -0.5698508 0.4576032 -0.1789944 -0.8709537 0.653813 0.02945101 -0.7560828 0.8133336 0.02261459 -0.5813581 0.6535732 0.2095462 -0.7272775 0.9232142 0.01492398 -0.3839961 0.9232429 0.1063907 -0.3691934 0.8133744 0.1610817 -0.5589946 0.8133925 0.2901747 -0.5041739 0.9821534 0.05206489 -0.1807318 0.9821546 0.007293939 -0.1879345 0.9821419 0.09384685 -0.1630647 0.9231767 0.1917219 -0.3331481 0.9232538 -0.07733452 -0.3763269 0.9821578 -0.03784334 -0.1842118 0.9950858 -0.01992917 -0.0969907 0.9950949 0.003845334 -0.09885025 0.9950879 0.02740561 -0.09512633 0.9231718 -0.1652303 -0.347063 0.9821422 -0.08087617 -0.1698705 0.9232003 -0.2434502 -0.2973773 0.9950932 -0.04254305 -0.08932828 0.9821425 -0.1191779 -0.1455771 0.995094 -0.06268548 -0.076541 0.9821514 -0.150518 -0.1127969 0.9950921 -0.07919597 -0.05932831 0.9821604 -0.1731033 -0.07345908 0.995091 -0.09109812 -0.03866708 0.9232278 -0.3537142 -0.1501225 0.9231914 -0.3075677 -0.2304774 0.8133545 -0.5743624 -0.09253275 0.9232176 -0.379389 -0.06110018 0.8133793 -0.5354979 -0.2272799 0.8134092 -0.4654854 -0.3488394 0.6537537 -0.6055637 -0.4537608 0.6537818 -0.6965392 -0.2956392 0.8134551 -0.3684566 -0.4500341 0.4576113 -0.8184754 -0.3474049 0.4576321 -0.8778173 -0.1414554 0.6537817 -0.7470483 -0.1203676 0.457601 -0.8861784 0.0727266 0.6537773 -0.7541542 0.06186193 0.6537472 -0.7174403 0.2406117 0.8133662 -0.5798031 0.04757934 0.4577234 -0.8429644 0.2826666 0.4574878 -0.7509026 0.4762879 0.8133653 -0.5515723 0.1849459 0.6537805 -0.6390092 0.4052634 0.4574789 -0.6151397 0.6421185 0.8134076 -0.4912125 0.3115743 0.653815 -0.523406 0.5464176 0.4574233 -0.4435981 0.7707041 0.6537972 -0.3774395 0.6558116 0.8134123 -0.2901512 0.5041557 0.8134002 -0.4023969 0.4200676 0.9232261 -0.2658193 0.2774775 0.9231871 -0.3245759 0.2058546 0.9821575 -0.15882 0.1007121 0.9232065 -0.364369 0.1221684 0.9821544 -0.178321 0.0597862 0.9950934 -0.08356022 0.05298048 0.9950925 -0.09381443 0.03146475 0.9950908 -0.0986362 0.008087396 0.9821549 -0.1874462 0.01535093 0.9232066 -0.3830163 0.03143477 0.9950908 -0.06845331 0.07147461 0.9821466 -0.1301349 0.1358421 0.9950887 -0.04938054 0.08579033 0.9821556 -0.09381473 0.1630008 0.9232341 -0.1916601 0.3330247 0.9821534 -0.05206489 0.1807318 0.9231655 -0.1064498 0.3693699 0.9821475 -0.007324635 0.1879695 0.9950857 -0.003845393 0.09894394 0.9950974 -0.0273754 0.09503567 0.9950955 0.01989823 0.09689712 0.9821688 0.03784376 0.1841528 0.9950945 0.04251259 0.0893284 0.9231828 0.07739728 0.3764879 0.9821609 0.0808447 0.1697769 0.9232293 0.1651686 0.3469396 0.9232003 0.2434502 0.2973773 0.9950917 0.06268531 0.07657134 0.9821638 0.1191158 0.1454842 0.9821638 0.1504588 0.1127678 0.9950903 0.07919579 0.05935871 0.9950194 0.08640003 0.04971587 0.9819052 0.164134 0.09445798 0.9222046 0.335164 0.1928825 0.9232262 0.3075081 0.2304174 0.8113734 0.5066124 0.2915768 0.8133452 0.4655753 0.3488686 0.8133507 0.3685257 0.450166 0.6538063 0.4793298 0.5854745 0.6537833 0.6055324 0.4537602 0.8133475 0.2501082 0.525273 0.4549859 0.7718097 0.444182 0.6510673 0.6578426 0.3786219 0.4576328 0.7115511 0.5331674 0.2356688 0.7777194 0.5827631 0.2340239 0.8426451 0.4849559 0.4576284 0.5632537 0.6879838 0.235699 0.6156314 0.7519602 0.2355753 0.4177731 0.8774793 0.6538198 0.3252466 0.6831796 0.4576299 0.3822178 0.8027979 0.6537811 0.1523515 0.7411879 0.8134005 0.1171025 0.5697954 0.8134862 -0.02261459 0.5811445 0.9232187 -0.01492357 0.3839852 0.653813 -0.02945101 0.7560828 0.8134406 -0.1610522 0.5589066 0.6537826 -0.2095449 0.7270897 0.4574835 -0.2462292 0.8544473 0.2357581 -0.2690847 0.9338157 0.2357573 -0.0378127 0.9710761 0.4576323 -0.03457796 0.8884689 0.2357001 0.1956589 0.9519259 0.4575402 0.1790242 0.8709806 0.1173149 0.1999297 0.9727617 0.1177104 0.4268949 0.8966076 0.1175277 -0.03863674 0.9923177 0.1177732 -0.2749771 0.9542102 0.2355182 -0.4847702 0.8423355 0.1177732 -0.4953558 0.8606696 0.2354569 -0.6722806 0.7018539 0.1176818 -0.6869551 0.717108 0.2356692 -0.8206917 0.5205048 0.2356101 -0.9214433 0.3089179 0.1175897 -0.8386318 0.5318548 0.117315 -0.9415418 0.3158106 0.2355795 -0.9685953 0.07953363 0.1175605 -0.9897419 0.0811814 0.23564 -0.9594679 -0.1545806 0.1175907 0.6290938 0.7683838 0.1177127 0.7946908 0.5954917 0.1166455 0.8608022 0.4953923 0.9821614 -0.1856468 -0.02990853 0.9950898 -0.09772056 -0.01571708 0.9950973 0.04931843 -0.08572739 0.9821676 0.1300421 -0.1357797 0.9950883 0.06848573 -0.07147663 0.9821622 0.1587903 -0.1007127 0.9232141 0.2658551 -0.2774831 0.8134107 0.4024021 -0.4200425 0.923226 0.324507 -0.2057886 0.8133651 0.4912663 -0.3116002 0.8134031 0.5515161 -0.1849476 0.9232065 0.364369 -0.1221684 0.8133651 0.5798023 -0.0476098 0.9821544 0.178321 -0.0597862 0.9821546 0.1874461 -0.01538145 0.9232075 0.3830167 -0.03140431 0.9950896 0.09384471 -0.03146463 0.9950908 0.0986362 -0.008087396 0.9821557 0.1856763 0.02990841 0.9950928 0.09769034 0.01571708 0.9950182 0.0957998 0.02758938 0.981902 0.1819874 0.05243235 0.9221955 0.3716005 0.1070915 0.8133911 0.5743057 0.09256398 0.8113627 0.5616822 0.1618758 0.9232053 0.3794144 0.06112992 0.6537773 0.7541542 -0.06186193 0.6510617 0.7293429 0.2101843 0.6538016 0.7470362 0.1203351 0.4575793 0.8430408 -0.2826718 0.6538522 0.7173635 -0.2405555 0.4576 0.8861765 -0.07275694 0.4575735 0.8778527 0.1414257 0.4549483 0.8556947 0.2465944 0.2340177 0.9342095 0.2692365 0.2355445 0.959482 0.154639 0.1166439 0.9543315 0.2750379 0.1174988 0.9804288 0.1579673 0.1175298 0.9897407 -0.08124232 0.23561 0.9685954 -0.07944208 0.1175592 0.941542 -0.3157191 0.2355747 0.9214239 -0.3090029 0.235579 0.8206963 -0.5205383 0.4576323 0.7508588 -0.4762184 0.1175608 0.8386122 -0.5318922 0.1176818 0.6869551 -0.717108 0.2358822 0.4847657 -0.8422362 0.1178047 0.49539 -0.8606456 0.2357603 0.6722755 -0.701757 0.2357628 0.2691206 -0.9338041 0.4574869 0.2462006 -0.8544537 0.4577262 0.4435043 -0.7705782 0.1177722 0.2750053 -0.9542022 0.4575774 0.6150881 -0.6420978 0.1175915 0.03863763 -0.9923102 0.2354266 0.03778296 -0.9711575 0.1173751 -0.1999283 -0.9727547 0.2353625 -0.1956573 -0.9520098 0.1169803 -0.4269948 -0.8966555 0.4575716 0.03457802 -0.8885002 0.1176204 -0.6290583 -0.7684082 0.653805 0.523459 -0.5463787 0.6537766 0.3774581 -0.6558213 0.6537852 0.6389833 -0.4052967 0.9950892 0.08359038 -0.05301076 -0.9538215 -0.2761391 -0.1182014 -0.9816733 -0.1552805 -0.1104786 -0.9816804 -0.1753938 -0.0744363 -0.9816784 -0.1875706 -0.03354048 -0.9536508 -0.3005794 0.01422172 -0.9816756 -0.1903473 0.009003102 -0.9536507 -0.2962152 -0.05298054 -0.8519476 -0.5230406 0.0247817 -0.8519565 -0.5043985 0.1405431 -0.9536538 -0.2898682 0.0807529 -0.9816802 -0.1835424 0.05115014 -0.9527196 -0.2725675 0.1342847 -0.9810699 -0.1715178 0.08990949 -0.9514037 -0.2562082 0.1708461 -0.8499596 -0.438744 0.2916719 -0.8504231 -0.4720436 0.2322831 -0.6971228 -0.6433171 0.3164855 -0.6966612 -0.5973823 0.3972375 -0.6968556 -0.5470345 0.4638379 -0.8501106 -0.4016318 0.3405936 -0.8499959 -0.3594576 0.3850938 -0.6967037 -0.4894444 0.5244505 -0.5015606 -0.5902813 0.6324595 -0.5017076 -0.6598283 0.5593891 -0.5017605 -0.5127473 0.6966539 -0.2680789 -0.6572879 0.7043482 -0.6968995 -0.425098 0.577601 -0.2759578 -0.5700442 0.7738843 -0.5016188 -0.4282804 0.7516346 -0.2680477 -0.4769803 0.8370426 -0.8501514 -0.312062 0.424099 -0.8500076 -0.2607825 0.4576894 -0.6967185 -0.3551498 0.6232593 -0.501796 -0.3379996 0.7962142 -0.6968999 -0.2802249 0.6601551 -0.5016195 -0.2431188 0.8302236 -0.6967251 -0.2016105 0.6884238 -0.8501397 -0.2057291 0.4847041 -0.9512169 -0.1526561 0.2681096 -0.9524984 -0.1189631 0.2803477 -0.8499936 -0.1480797 0.5055525 -0.9512076 -0.08679521 0.2960926 -0.9806491 -0.07648158 0.180217 -0.9806624 -0.03402847 0.1927266 -0.9806618 -0.114995 0.1583622 -0.9512779 -0.210215 0.225566 -0.9807062 -0.1474386 0.128364 -0.9524896 -0.1805183 0.2453095 -0.9524695 -0.2323111 0.1970616 -0.9512777 -0.01626658 0.3079063 -0.9807059 0.01004081 0.1952317 -0.9524832 -0.05105912 0.3002814 -0.9524704 0.01959323 0.3040007 -0.849968 -0.0273149 0.5261256 -0.8501236 0.03396826 0.5254865 -0.8501434 -0.08826154 0.5191014 -0.6966901 -0.03723329 0.7164055 -0.6968389 0.04632771 0.71573 -0.5017264 0.05587959 0.8632196 -0.501491 0.1559224 0.8509965 -0.6966318 0.1292183 0.705696 -0.2681086 0.1734694 0.9476425 -0.5016124 0.2538581 0.8270073 -0.2743356 0.2830946 0.9190198 -0.2690914 0.4291058 0.8622401 -0.162573 0.1981883 0.9665876 -0.1475279 0.4332145 0.889135 -0.2694854 0.6100502 0.7451286 -0.1389857 0.6273279 0.7662525 -0.1315981 0.7990191 0.5867286 -0.273084 0.7725886 0.5731773 -0.5032264 0.3849961 0.7736545 -0.5038154 0.547214 0.6683763 -0.6968052 0.2103356 0.685727 -0.6985183 0.3188012 0.6406543 -0.8499624 0.09494549 0.5182176 -0.8500757 0.1544566 0.5035022 -0.9514083 0.05508726 0.3029649 -0.9524659 0.0892679 0.2912728 -0.9532455 0.1325156 0.2715929 -0.8516157 0.233474 0.4692981 -0.8522562 0.3313804 0.4047797 -0.6992884 0.4528147 0.5531316 -0.5038357 0.691252 0.5179964 -0.6992568 0.5720832 0.4286733 -0.5010681 0.7500455 0.4316973 -0.6966322 0.6217989 0.3578686 -0.3004344 0.8266524 0.4757996 -0.1386792 0.8608548 0.4895888 -0.06912487 0.8646259 0.4976382 -0.8505401 0.4558045 0.2623432 -0.8522519 0.4186335 0.3137081 -0.9533888 0.2618546 0.1499407 -0.9540302 0.2396367 0.1800022 -0.9816653 0.1553097 0.1105083 -0.9540178 0.1892776 0.2324312 -0.9816679 0.1272023 0.1419429 -0.981446 0.1669975 0.09421074 -0.9817385 0.09238129 0.1662986 -0.9807867 0.05340808 0.1876303 -0.2753736 0.06293028 0.9592754 -0.1645573 -0.03878939 0.9856046 -0.268047 -0.05002033 0.9621065 -0.5015477 -0.04498481 0.8639597 -0.2759527 -0.1606824 0.9476451 -0.5017333 -0.144935 0.852794 -0.6969122 -0.1201857 0.7070142 -0.2681083 -0.2708245 0.9245389 -0.1655356 -0.2732681 0.9475879 -0.2761716 -0.3755434 0.8847014 -0.1654732 -0.4918115 0.8548334 -0.1645587 -0.6820093 0.7125895 -0.2753455 -0.7337459 0.6211295 -0.1625429 -0.8329795 0.5288904 -0.2680218 -0.8022038 0.5335105 -0.2714384 -0.8626579 0.4267815 -0.5019181 -0.7761021 0.3817641 -0.501524 -0.720378 0.4790922 -0.1499421 -0.9367643 0.3162121 -0.5035394 -0.8322637 0.2319168 -0.2670453 -0.9290431 0.2560583 -0.1482329 -0.985534 0.08215832 -0.2676202 -0.9625658 0.04297059 -0.1454524 -0.9767225 -0.1576599 -0.2687168 -0.9477874 -0.1717284 -0.5035293 -0.8630098 0.0408951 -0.6989076 -0.7040347 -0.1259504 -0.6989075 -0.714411 0.03384512 -0.5035341 -0.8504749 -0.1521375 -0.5036647 -0.7937533 -0.3409953 -0.6990746 -0.6569886 -0.2822423 -0.6992478 -0.5720757 -0.4286982 -0.8522519 -0.4186335 -0.3137081 -0.8520957 -0.4808908 -0.2065843 -0.6992262 -0.4528749 -0.5531611 -0.8522562 -0.3313804 -0.4047797 -0.9540245 -0.1892789 -0.2324023 -0.9540302 -0.2396367 -0.1800022 -0.9532521 -0.1324817 -0.2715861 -0.9817413 -0.09235101 -0.1662991 -0.9816759 -0.1271729 -0.1419136 -0.9524659 -0.0892679 -0.2912728 -0.9807923 -0.05340838 -0.1876009 -0.8500757 -0.1544566 -0.5035022 -0.8516157 -0.233474 -0.4692981 -0.6985027 -0.318808 -0.640668 -0.6967604 -0.210432 -0.6857429 -0.503163 -0.3850248 -0.7736814 -0.5038381 -0.5472056 -0.668366 -0.2694854 -0.6100502 -0.7451286 -0.5038357 -0.691252 -0.5179964 -0.2694567 -0.770648 -0.57749 -0.1388002 -0.6273476 -0.7662699 -0.1388316 -0.7924909 -0.5938722 -0.2693991 -0.8848327 -0.3801252 -0.1412748 -0.9102749 -0.3891543 -0.1474682 -0.4332184 -0.8891429 -0.2743327 -0.2830305 -0.9190405 -0.1624206 -0.198158 -0.9666193 -0.2690561 -0.429098 -0.862255 -0.5016508 -0.25374 -0.8270204 -0.2680236 -0.1734737 -0.9476657 -0.5015486 -0.1557688 -0.8509907 -0.2753459 -0.06290042 -0.9592852 -0.501701 -0.05597174 -0.8632285 -0.5015879 0.0448026 -0.8639459 -0.6966901 0.03723329 -0.7164055 -0.2681119 0.04999059 -0.96209 -0.6968541 -0.04632872 -0.7157151 -0.849991 0.02728414 -0.5260904 -0.8501082 -0.0340287 -0.5255076 -0.8499404 -0.09494644 -0.5182533 -0.6966413 -0.1292812 -0.7056751 -0.9524698 -0.01962375 -0.3040004 -0.9514083 -0.05508726 -0.3029649 -0.9807059 -0.01004081 -0.1952317 -0.9512692 0.01623594 -0.3079341 -0.9806681 0.0340287 -0.1926972 -0.951196 0.08679693 -0.2961291 -0.9806491 0.07648158 -0.180217 -0.9524832 0.05105912 -0.3002814 -0.8501456 0.08823126 -0.5191028 -0.8500059 0.148046 -0.5055417 -0.6968664 0.120183 -0.7070597 -0.6966949 0.2016105 -0.6884546 -0.5017333 0.144935 -0.852794 -0.5016195 0.2431188 -0.8302236 -0.2759823 0.1606514 -0.9476419 -0.5017628 0.3380589 -0.7962101 -0.6969058 0.2801967 -0.6601607 -0.2680768 0.2707625 -0.9245662 -0.2761673 0.3755069 -0.8847182 -0.1654729 0.2732347 -0.9476084 -0.1655666 0.4918169 -0.8548122 -0.1644979 0.03878974 -0.9856144 -0.275953 0.5700649 -0.7738708 -0.1644994 0.6820163 -0.7125967 -0.2680516 0.4769567 -0.8370549 -0.5015779 0.428302 -0.7516496 -0.501712 0.5127296 -0.6967019 -0.6968995 0.425098 -0.577601 -0.696784 0.3551214 -0.6232022 -0.8501353 0.3121171 -0.424091 -0.8499924 0.2608177 -0.4576976 -0.8501523 0.2057322 -0.4846808 -0.9512047 0.1526847 -0.2681367 -0.9524838 0.1189956 -0.2803829 -0.9524868 0.1805235 -0.2453167 -0.9806653 0.1149649 -0.1583628 -0.9512841 0.2101858 -0.2255675 -0.9807106 0.1474087 -0.1283646 -0.8501106 0.4016318 -0.3405936 -0.9524754 0.2323125 -0.1970323 -0.8499681 0.3594892 -0.3851256 -0.8499521 0.43874 -0.2916999 -0.9514161 0.256181 -0.1708179 -0.9527156 0.2725968 -0.1342536 -0.8504378 0.4720042 -0.2323094 -0.6971228 0.6433171 -0.3164855 -0.6966328 0.5974147 -0.3972387 -0.6968283 0.5470676 -0.46384 -0.6967201 0.489465 -0.5244094 -0.5015828 0.590241 -0.6324796 -0.5017107 0.6597713 -0.5594536 -0.268023 0.6573616 -0.7043007 -0.2753455 0.7337459 -0.6211295 -0.1624242 0.832996 -0.5289009 -0.2679869 0.8022212 -0.5335018 -0.2714067 0.8626538 -0.42681 -0.5015276 0.7204138 -0.4790347 -0.5019181 0.7761021 -0.3817641 -0.6989088 0.6889597 -0.1919931 -0.5035394 0.8322637 -0.2319168 -0.698922 0.7143952 -0.03387635 -0.5035293 0.8630098 -0.0408951 -0.2670128 0.9290362 -0.2561174 -0.5035341 0.8504749 0.1521375 -0.6988946 0.7040524 0.1259231 -0.2676198 0.9625646 -0.04300105 -0.1482627 0.9855295 -0.08215796 -0.1380065 0.9760253 0.1683118 -0.2736615 0.9454095 0.1769476 -0.141365 0.9485067 0.2834625 -0.5011534 0.8294163 0.2468075 -0.3005501 0.9141631 0.2719844 -0.06912505 0.9585951 0.276256 -0.6966655 0.6876012 0.2046018 -0.8504748 0.504175 0.1500012 -0.8519498 0.5154426 0.09219914 -0.9531024 0.2900813 0.08630716 -0.9536507 0.2962152 0.05298054 -0.8519476 0.5230406 -0.0247817 -0.8519565 0.5043985 -0.1405431 -0.9536508 0.3005794 -0.01422172 -0.9816784 0.1875706 0.03354048 -0.9816756 0.1903473 -0.009003102 -0.9536514 0.2898675 -0.08078324 -0.9816747 0.1835718 -0.05114984 -0.9810699 0.1715178 -0.08990949 -0.9814516 0.1837532 0.054659 -0.1499406 0.9367552 -0.3162396 -0.8519498 -0.5154426 -0.09219914 -0.6989128 -0.6889637 0.1919637 1 -2.36987e-7 0 1 -6.31723e-7 0 1 -2.45927e-6 0 1 9.48181e-7 0 1 3.15973e-7 0 1 1.2639e-6 0 1 -3.07524e-7 0 1 1.57943e-7 0 1 -6.14689e-7 0 1 1.26395e-6 0 1 1.5378e-6 0 1 -1.53736e-7 0 1 2.52704e-6 0 1 5.38062e-7 0 1 0 0 1 3.07556e-7 0 1 8.45704e-7 0 1 -3.07393e-7 0 1 -6.31849e-7 0 1 6.32122e-7 0 1 3.15985e-7 0 1 4.74131e-7 0 1 -2.46073e-6 0 1 -2.45964e-6 0 1 1.26335e-6 0 1 0 0 1 1.57965e-6 0 -1 -3.88259e-5 0 -1 2.87032e-5 0 -1 4.17746e-6 0 -1 1.22831e-5 0 -1 -6.30831e-6 0 -1 6.28666e-6 0 -1 -1.05296e-5 0 -1 -5.02723e-6 0 -1 -1.94462e-5 0 -1 1.12212e-5 0 -1 -6.04066e-7 0 -1 2.43322e-6 0 -1 -8.44935e-6 0 -1 -3.09826e-5 0 -1 6.08022e-7 0 -1 3.88923e-5 0 -1 1.73083e-5 0 -1 4.17215e-6 0 -1 6.93098e-6 0 -1 -3.05349e-7 0 -1 -5.03605e-6 0 -1 -1.63608e-5 0 -1 -4.8539e-6 0 -1 1.93798e-5 0 -1 -6.04919e-7 0 -1 -2.41574e-6 0 -1 -3.66789e-6 0 -1 -8.51727e-6 0 -1 6.09297e-7 0 0 -0.8667141 -0.4988054 0 -0.6334688 -0.7737683 0 -0.4298684 -0.9028915 0 -0.2013369 -0.9795221 0 0.2769011 -0.9608984 0 0.6917761 -0.7221121 0 0.920505 0.3907309 0 0.6335053 0.7737383 0 0.6335203 0.7737261 0 0.2013369 0.9795221 0 -0.03894174 0.9992415 0 -0.4988054 0.8667141 0 -0.691745 0.722142 0 -0.987268 -0.1590664 0 -0.9608903 -0.2769293 0.4205213 -0.8784893 -0.2267561 0.4200594 -0.8720108 -0.251291 0.4158567 -0.8961702 -0.1547331 0.4200706 -0.8720036 -0.2512977 0.4288222 -0.8903608 -0.1528695 0.4246449 -0.9040718 -0.04828143 0.4157647 -0.9058745 0.08081513 0.4243992 -0.8651261 0.2672867 0.4289482 -0.8997995 0.07977735 0.4289745 -0.7691389 0.4737154 0.424377 -0.8562924 0.2943934 0.4207442 -0.8576638 0.2956135 0.4157596 -0.7749983 0.475943 0.4246199 -0.7247806 0.5425783 0.4290983 -0.6233828 0.6536578 0.4244639 -0.4887682 0.7621916 0.4297129 -0.4385941 0.7892923 0.4150348 -0.2664048 0.869928 0.4244619 -0.2087212 0.8810605 0.4156089 -0.6275944 0.6583272 0.4150587 -0.4406947 0.7959362 0.4156091 -0.03756898 0.9087672 0.4246162 0.1131353 0.898277 0.4157383 0.1959665 0.8881211 0.4244013 0.4086838 0.8079982 0.4289783 0.1935224 0.8823416 0.4291286 -0.03714168 0.9024794 0.4297138 -0.2630776 0.8637918 0.4243341 0.3830422 0.8204994 0.4289513 0.5676624 0.7026807 0.4246441 0.6627548 0.6167929 0.4288269 0.7284655 0.5342711 0.4243972 0.8335043 0.3537762 0.4225997 0.8342736 0.3541146 0.4158804 0.7338258 0.5371623 0.4226248 0.8342628 0.35411 0.4158819 0.8961588 0.1547311 0.4246449 0.9040718 0.04828143 0.4288222 0.8903608 0.1528695 0.4289493 0.8998017 -0.07974702 0.4244027 0.8651332 -0.2672583 0.4243983 0.8562736 -0.2944175 0.4246128 0.7247686 -0.5425999 0.4289559 0.7691602 -0.4736979 0.4157596 0.7749983 -0.475943 0.4157647 0.9058745 -0.08081513 0.4207042 0.8576751 -0.2956374 0.4156421 0.627568 -0.6583314 0.4244639 0.4887682 -0.7621916 0.4150587 0.4406947 -0.7959362 0.4150348 0.2664048 -0.869928 0.4244842 0.2087477 -0.8810435 0.4297174 0.4386292 -0.7892701 0.4290649 0.6233786 -0.6536839 0.4297783 0.2630492 -0.8637683 0.4291037 0.03714215 -0.9024913 0.4245795 -0.1131337 -0.8982946 0.4289534 -0.193525 -0.8823531 0.4244013 -0.4086838 -0.8079982 0.4244248 -0.3830108 -0.8204671 0.4157635 -0.195964 -0.8881097 0.4207718 -0.3831413 -0.8222858 0.4157641 -0.5711377 -0.7077726 0.4246441 -0.6627548 -0.6167929 0.4289439 -0.5676832 -0.7026685 0.415862 -0.7338472 -0.5371474 0.420531 -0.7733693 -0.4743983 0.4288269 -0.7284655 -0.5342711 0.420033 -0.7865052 -0.4527494 0.4200697 -0.7865168 -0.452695 0.4156334 0.03762948 -0.9087535 0.4157894 0.5711305 0.7077636 0.4207662 0.3831056 0.8223053 0.7345369 0.6699277 0.1079465 0.5851233 0.7464808 0.3168553 0.5851776 0.800583 0.1289746 0.7344191 0.6247323 0.2652137 0.7344511 0.543094 0.4069772 0.5851578 0.6489443 0.4862733 0.5848091 0.5138519 0.627658 0.7344492 0.4299267 0.5251167 0.7346182 0.2916377 0.612604 0.5856921 0.3484365 0.7318175 0.7344462 0.1366347 0.6647707 0.5849093 0.1633107 0.7944878 0.7343215 -0.02639907 0.6782884 0.934355 0.07172083 0.3490517 0.9342805 0.1532668 0.3219152 0.9822824 0.03772139 0.1835713 0.9822533 -0.007293999 0.187417 0.9343802 -0.01385575 0.3560081 0.9822596 0.08060109 0.1693204 0.9343229 -0.09869992 0.3424894 0.7344561 -0.1879402 0.652114 0.5844371 -0.03152602 0.8108264 0.7345067 -0.3385195 0.5881364 0.5851448 -0.2245603 0.7792164 0.5848399 -0.4045934 0.7030409 0.7345784 -0.4693623 0.4899936 0.5852413 -0.5609172 0.5855464 0.5848144 -0.6849794 0.4345059 0.7344273 -0.573161 0.3634597 0.9343584 -0.3009235 0.1908392 0.9343257 -0.2465675 0.2573714 0.9343702 -0.1777122 0.3088219 0.9822426 -0.1297957 0.1354722 0.9822592 -0.1583639 0.1004385 0.9822447 -0.09357035 0.1626037 0.9822672 -0.05191349 0.1801561 0.934334 -0.3379045 0.1133164 0.9822296 -0.1779574 0.05963444 0.7345625 -0.6433411 0.2157085 0.7345181 -0.676317 0.05548483 0.9343188 -0.355245 0.02914595 0.5851462 -0.8082116 0.06631839 0.7345523 -0.6696087 -0.1098059 0.584351 -0.8008846 -0.1308357 0.5858708 -0.7786891 -0.2244968 0.8448897 -0.514002 -0.1482005 0.7283267 -0.6584361 -0.1897422 0.9343191 -0.3516134 -0.05844449 0.9822484 -0.1869583 0.01532042 0.9824703 -0.1837859 -0.03122097 0.9832854 -0.1749338 -0.0504781 0.9312065 -0.3502401 -0.1009275 0.9953802 -0.09225916 -0.02658212 0.5034224 -0.8302579 -0.2392439 0.5851405 -0.7688648 0.2577939 0.9343466 0.2257508 0.2757413 0.9822337 0.1188727 0.1452109 0.9343017 0.2852895 0.2137535 0.9822548 0.1500925 0.1124626 0.9822545 0.1726461 0.07327616 0.9342948 0.3281766 0.1392607 0.9822497 0.1851884 0.02984744 0.9343242 0.3518899 0.05667471 0.9343188 0.355245 -0.02914595 0.9822536 0.1869288 -0.01535099 0.7345181 0.676317 -0.05548483 0.982252 0.1778338 -0.05963397 0.9343109 0.3379682 -0.1133173 0.9822592 0.1583639 -0.1004385 0.9342914 0.3010742 -0.1909295 0.7344534 0.643444 -0.2157733 0.9822415 0.1297997 -0.1354763 0.9343366 0.2465318 -0.257366 0.7345538 0.4693966 -0.4899976 0.734465 0.5730816 -0.3635092 0.585082 0.7688987 -0.2578255 0.5852677 0.6847299 -0.4342889 0.5851501 0.5609481 -0.5856079 0.5851462 0.8082116 -0.06631839 0.5854805 0.40441 -0.7026131 0.7343988 0.1879411 -0.6521784 0.5843723 0.2247093 -0.7797531 0.7345632 0.3384563 -0.5881023 0.9343754 0.09863799 -0.3423643 0.9342626 0.1778981 -0.3090403 0.9822252 0.05197393 -0.1803675 0.9822447 0.09357035 -0.1626037 0.9822533 0.007293999 -0.187417 0.9342626 0.01388633 -0.3563151 0.9822351 -0.03775244 -0.1838181 0.9342854 -0.0717507 -0.3492316 0.7347447 -0.136542 -0.6644595 0.734438 0.02642935 -0.6781611 0.5852681 0.0315569 -0.8102256 0.5858438 -0.1631548 -0.7938311 0.5848388 -0.348712 -0.7323685 0.7344669 -0.2917603 -0.6127272 0.7345342 -0.4298618 -0.5250509 0.5854496 -0.5136075 -0.6272609 0.5842007 -0.6506108 -0.4851961 0.5035395 -0.7487933 -0.4309949 0.5858796 -0.7024024 -0.404198 0.7344849 -0.5441647 -0.4054835 0.9343243 -0.2863035 -0.2122937 0.728277 -0.593932 -0.3418443 0.8448902 -0.4636764 -0.2667673 0.9832916 -0.1578137 -0.09073299 0.9824795 -0.1500942 -0.1104801 0.9342998 -0.2258384 -0.2758281 0.9312039 -0.3159049 -0.1818338 0.9822708 -0.1187514 -0.1450592 0.9343429 -0.1532059 -0.321763 0.982221 -0.08069199 -0.169502 0.9953822 -0.0831952 -0.04788452 0.2883457 0.9453333 0.1523215 0.3557059 0.922699 0.1486609 0.3533502 0.8989098 0.2590461 0.2863938 0.9206476 0.265305 0.1446897 0.9507839 0.2739982 0.1456977 0.9767301 0.1573864 0.2883485 0.9543151 -0.07834362 0.3556991 0.931471 -0.07641959 0.2883811 0.9078406 -0.304404 0.1456988 0.9860153 -0.08090645 0.2883153 0.8086379 -0.5128149 0.3557652 0.8860713 -0.2971679 0.1456975 0.9380002 -0.3145284 0.0726056 0.9940164 -0.08160883 0.07260471 0.9456012 -0.3171231 0.145546 0.8354936 -0.5298743 0.07242244 0.8422431 -0.5342111 0.1456372 0.6843911 -0.7144219 0.288284 0.6623879 -0.6914727 0.3556699 0.7892553 -0.5005748 0.2882267 0.4776617 -0.8299185 0.3555533 0.6465576 -0.6749408 0.3557292 0.4662079 -0.8100044 0.2884044 0.2651795 -0.9200559 0.3558522 0.2588016 -0.8979928 0.2881033 0.03723365 -0.9568753 0.1457589 0.03845393 -0.9885727 0.1455133 0.2739972 -0.9506585 0.1456996 0.4934684 -0.8574734 0.07290971 0.4974586 -0.8644183 0.07233005 0.2762581 -0.9583579 0.07251334 0.6899453 -0.7202203 0.07293939 0.03872805 -0.9965842 0.1456385 -0.1991696 -0.9690825 0.07239025 -0.2007519 -0.9769639 0.2885581 -0.1927891 -0.9378522 0.1455777 -0.4252883 -0.8932733 0.07245194 -0.4287303 -0.9005228 0.1456357 -0.626734 -0.765503 0.2881291 -0.4116392 -0.864601 0.2882581 -0.6065781 -0.7409255 0.1457303 -0.7917048 -0.5932675 0.2882891 -0.7662581 -0.5742282 0.3557022 -0.5920131 -0.723185 0.3553944 -0.4018139 -0.8439434 0.3553894 -0.7480419 -0.5604745 0.2883768 -0.8813973 -0.374136 0.3557346 -0.860282 -0.3651956 0.1457912 -0.9106686 -0.3865588 0.2883121 -0.9453536 -0.1522588 0.1456671 -0.9767298 -0.1574169 0.2883121 -0.9543263 0.07834202 0.3557309 -0.9226847 -0.1486892 0.3556349 -0.9314931 0.07644945 0.2882838 -0.9078531 0.304459 0.3556063 -0.8861471 0.2971321 0.3557937 -0.789198 0.5005772 0.2882828 -0.8086323 0.5128419 0.2884361 -0.6623868 0.6914104 0.3559429 -0.646453 0.6748357 0.2884974 -0.4776245 0.8298459 0.3557697 -0.4661905 0.8099965 0.2884044 -0.2651795 0.9200559 0.1456371 -0.4935549 0.8574342 0.1456372 -0.6843911 0.7144219 0.07236105 -0.4975244 0.8644266 0.1457918 -0.2739739 0.9506225 0.07290929 -0.2761337 0.9583499 0.1457886 -0.03848427 0.988567 0.2883723 -0.03720241 0.9567954 0.3558522 -0.2588016 0.8979928 0.2882552 0.1927602 0.9379512 0.3553594 -0.03631716 0.934024 0.355513 0.1881787 0.9155323 0.2881931 0.4117044 0.8645487 0.3553323 0.4018738 0.843941 0.2882872 0.6066057 0.7408915 0.1459123 0.4253157 0.8932057 0.1458818 0.1991684 0.9690462 0.07300144 0.4287616 0.9004635 0.0728181 0.6318027 0.7717014 0.1456683 0.6267127 0.7655142 0.2882543 0.7662774 0.5742198 0.1456978 0.7916941 0.5932899 0.3557634 0.5920133 0.7231547 0.3557026 0.7479064 0.5604568 0.3533848 0.8107799 0.4666425 0.1446621 0.8575962 0.4935603 0.2863926 0.8303981 0.4779313 0.07211738 0.8644627 0.4974971 0.07291001 0.7981345 0.5980515 0.07306331 0.2008479 0.9768941 0.07242077 -0.03885024 0.9966173 0.07257407 -0.6899423 0.7202171 0.07281827 -0.8422327 0.5341739 0.1457301 -0.9379833 0.3145635 0.07275789 -0.945609 0.3170647 0.1456706 -0.8354468 0.5299139 0.1457283 -0.9860085 0.08093643 0.07269704 -0.9940147 0.08154761 0.07269531 -0.9846525 -0.1586663 0.07281917 -0.9180836 -0.3896408 0.07251268 -0.7981284 -0.5981079 0.07275772 -0.6318387 -0.7716776 0.3561277 -0.1881504 -0.9152992 0.3553962 0.03631782 -0.93401 0.07263493 0.9846616 0.1586372 0.07214695 0.9583892 0.2761973 0.246686 0.9311992 0.2683545 0.1257386 0.9794798 0.157509 0.1267765 0.9531437 0.2746723 0.24769 0.9564877 0.1542111 0.4757379 0.8683407 0.1402065 0.4724299 0.8468948 0.2440888 0.6699951 0.7133328 0.2055795 0.8332914 0.5458022 0.08789473 0.8315326 0.5337544 0.153818 0.6730399 0.7302328 0.1173768 0.8334013 0.5508195 -0.04516911 0.9503144 0.3073308 0.04950249 0.9505019 0.3096822 -0.02536177 0.9503903 0.2949045 -0.09894239 0.8333803 0.5240404 -0.1756669 0.9875045 0.1494212 -0.05008172 0.9874773 0.1572346 -0.01287907 0.9875113 0.1555871 0.02478158 0.996029 0.08554565 0.02465957 0.9864538 0.1576287 0.0454117 0.9389478 0.3306124 0.09524983 0.9874842 0.1331864 -0.08447754 0.9505797 0.2148242 -0.2241631 0.9874521 0.1092286 -0.1140506 0.9505259 0.2623445 -0.166361 0.9875056 0.07861709 -0.1365728 0.9506695 0.1547623 -0.2688426 0.9874088 0.04376411 -0.1520147 0.9505615 0.08600401 -0.2983895 0.8338681 0.2753416 -0.4783838 0.9873813 0.006164789 -0.158241 0.9502369 0.01211595 -0.3112929 0.8343348 0.02142447 -0.5508416 0.8340312 0.152749 -0.5301506 0.8342939 -0.110997 -0.5400311 0.6738032 0.02874904 -0.7383514 0.6718822 -0.1490561 -0.7255045 0.4754607 -0.1771647 -0.8617133 0.4741476 0.03424263 -0.8797793 0.6724275 0.2049663 -0.7112174 0.4755774 0.2436636 -0.845254 0.475336 0.4389877 -0.7624602 0.6713005 0.3696486 -0.6424294 0.8335512 0.3820748 -0.3990132 0.6731928 0.511624 -0.5339031 0.6722479 0.6250956 -0.3966589 0.8339117 0.4660921 -0.2955498 0.4739391 0.7436106 -0.4716197 0.4755173 0.8341161 -0.2795239 0.6723693 0.7017897 -0.2353948 0.6722121 0.7378585 -0.06079387 0.4754332 0.8768261 -0.07169038 0.2486396 0.918291 -0.3080909 0.2484279 0.9653898 -0.07941144 0.2484561 0.8180955 -0.5186419 0.1283328 0.8373833 -0.5313377 0.1264089 0.9405285 -0.3153203 0.1263806 0.9886745 -0.08093732 0.1229605 0.6867053 -0.7164612 0.2503163 0.4829316 -0.8391181 0.1276929 0.4946881 -0.8596384 0.2468686 0.6702595 -0.699863 0.1233598 0.2749196 -0.9535207 0.2474833 0.2682061 -0.9310304 0.1260116 0.0386061 -0.9912773 0.2467194 0.03772205 -0.9683525 0.2472385 -0.1950196 -0.9491263 0.2459531 -0.4166463 -0.8751646 0.1225647 -0.4267182 -0.8960411 0.4747518 -0.3784037 -0.7946203 0.1208544 -0.1999285 -0.9723286 0.129921 -0.6279671 -0.7673186 0.2492816 -0.613621 -0.7492183 0.1290333 -0.793488 -0.5947498 0.2490089 -0.7751048 -0.5806953 0.4743587 -0.5576454 -0.6811868 0.4747272 -0.7042931 -0.5278307 0.6721331 -0.4690862 -0.5728834 0.6734169 -0.3177404 -0.667496 0.8336052 -0.3498737 -0.4274234 0.8337059 -0.2374735 -0.4985388 0.9500727 -0.1340723 -0.2817562 0.9504793 -0.06256365 -0.3044256 0.987401 -0.03183096 -0.1550043 0.9875533 -0.06762933 -0.1420033 0.9874337 -0.1001014 -0.1222885 0.9505426 -0.1968165 -0.2402755 0.9874936 -0.1261643 -0.09454691 0.8331905 -0.4424293 -0.331738 0.9506442 -0.2483657 -0.1859843 0.9874783 -0.1452102 -0.06164872 0.8334644 -0.5086544 -0.2158889 0.950474 -0.2861127 -0.1214033 0.8334701 -0.5455246 -0.08792483 0.9504803 -0.3068369 -0.04937952 0.9874998 -0.1556158 -0.025056 0.9874821 -0.1572048 0.01287913 0.9503905 -0.3100115 0.02551382 0.9874383 -0.1497866 0.05029511 0.9505478 -0.2945093 0.09860718 0.8335241 -0.5237795 0.175763 0.8334141 -0.5508077 0.0450766 0.8334552 -0.4667336 0.2958248 0.6736 -0.6241582 0.3958404 0.672228 -0.7019237 0.2353988 0.4749984 -0.8342992 0.2798597 0.6726402 -0.7374933 0.06048876 0.4753672 -0.8768169 0.07223892 0.4749323 -0.8688068 -0.1400504 0.6722908 -0.7308584 -0.117776 0.672311 -0.6813753 -0.289354 0.4754042 -0.8098993 -0.34359 0.6717365 -0.5928739 -0.4441518 0.2487918 -0.9562555 -0.1538774 0.2484226 -0.8916051 -0.3785851 0.2484899 -0.9654239 0.07880139 0.1270806 -0.9885372 0.0815159 0.1279064 -0.9791203 -0.1579984 0.1281506 -0.9401476 0.3157529 0.2488209 -0.9184064 0.3076004 0.1282728 -0.83739 0.5313419 0.4755787 -0.7427427 0.4713366 0.2487341 -0.8180453 0.5185878 0.2496181 -0.6698701 0.6992602 0.1283621 -0.6859409 0.7162461 0.1269918 -0.4947525 0.8597053 0.2474526 -0.4833689 0.8397153 0.1237851 -0.2748849 0.9534755 0.2474792 -0.2682627 0.9310151 0.4749783 -0.4388735 0.7627487 0.4747801 -0.6088795 0.6354917 0.6726799 -0.5117201 0.5344572 0.8331692 -0.2758614 0.4793012 0.6733497 -0.3688271 0.640755 0.8339046 -0.3819468 0.3983966 0.4753035 -0.243664 0.8454079 0.6724005 -0.2049369 0.7112515 0.477475 -0.03418165 0.8779803 0.8333613 -0.1531155 0.5310977 0.8325707 -0.0215162 0.5535008 0.6721733 -0.0288096 0.7398332 0.8328832 0.111397 0.5421219 0.6730641 0.1489627 0.7244274 0.9504953 -0.01208561 0.310504 0.9501938 -0.08624804 0.2994878 0.9875183 -0.0436123 0.151346 0.9875376 -0.006103813 0.157265 0.9505401 0.06253308 0.3042424 0.9875485 0.03167915 0.1540927 0.9875596 0.06759923 0.1419737 0.9505485 0.1335211 0.2804096 0.9875835 0.09955179 0.1215252 0.950223 0.1973082 0.2411341 0.8327863 0.3506999 0.4283416 0.8330221 0.2378363 0.499508 0.8337311 0.4419525 0.3310142 0.6716666 0.5926828 0.4445121 0.672131 0.4690542 0.572912 0.4749673 0.7044092 0.5274599 0.4772313 0.5568259 0.6798495 0.6721922 0.318288 0.6684688 0.4752495 0.3782586 0.7943919 0.2490719 0.6133561 0.7495049 0.2494354 0.4163463 0.8743213 0.2471753 0.19514 0.9491179 0.4747934 0.1771357 0.8620871 0.2480324 0.7750746 0.5811534 0.1238461 0.6287217 0.7677052 0.1236035 0.7942973 0.5948227 0.2465923 0.8399398 0.4834186 0.1278144 0.8596041 0.4947164 0.4723471 0.7639284 0.4396609 0.6706543 0.6429126 0.3699814 0.8311342 0.481962 0.2773601 0.9502999 0.2490653 0.1868066 0.9390484 0.2979599 0.1714879 0.9865522 0.1416684 0.08151584 0.9875001 0.1259515 0.09476119 0.9960276 0.07718324 0.04440551 0.1297067 0.426201 0.8952815 0.128394 0.1996256 0.9714241 0.2498321 -0.03763043 0.9675577 0.1267474 -0.03866815 0.9911811 0.9501437 -0.1554936 0.2702751 0.9875056 -0.07861709 0.1365728 0.9502241 -0.2154675 0.2250506 0.9875763 -0.1087405 0.1134405 0.9501736 -0.2631945 0.1670296 0.9874867 -0.1331868 0.08444726 0.1263199 -0.913172 -0.3875052 0.4766526 0.6080693 -0.6348654 -0.9503667 -0.2989657 -0.08615559 -0.9510417 -0.3051317 -0.04913598 -0.9510404 -0.3051313 -0.04916644 -0.9510526 -0.3079942 0.02526938 -0.9510466 -0.2930171 0.09824204 -0.9510675 -0.2609385 0.1654747 -0.9510702 -0.2609087 0.1655057 -0.9511057 -0.2136661 0.2230355 -0.9510991 -0.2136646 0.2230645 -0.9510741 -0.1541226 0.2677766 -0.9509719 -0.08560574 0.297194 -0.9509804 -0.08560651 0.2971661 -0.9511144 -0.01202434 0.3086048 -0.9510899 0.06216686 0.3025945 -0.9510567 0.1328482 0.2790027 -0.9510649 0.1328493 0.2789745 -0.9510628 0.1957487 0.2390856 -0.9510048 0.2474181 0.1854033 -0.9510101 0.2474195 0.1853739 -0.9510511 0.284473 0.1207354 -0.9510476 0.2844719 0.1207655 -0.9510404 0.3051313 0.04916644 -0.95104 0.3080305 -0.02530038 -0.9510415 0.308031 -0.0252394 -0.9510466 0.2930171 -0.09824204 -0.9510438 0.2930162 -0.09827226 -0.9510751 0.26091 -0.165476 -0.9510491 0.2137892 -0.2231587 -0.9510741 0.1541226 -0.2677766 -0.9510663 0.1541213 -0.267805 -0.9510632 0.0855447 -0.2969192 -0.951025 0.01202434 -0.3088802 -0.951016 -0.06222909 -0.3028138 -0.9510457 -0.132851 -0.2790389 -0.9510685 -0.1957193 -0.2390871 -0.9510628 -0.1957487 -0.2390856 -0.9510679 -0.247266 -0.1852816 -0.9503509 -0.269702 -0.1552228 -0.2018538 0.7938036 0.5736994 -0.1021784 0.8062575 0.5826735 -0.1014466 0.8664778 0.4887995 -0.2006952 0.8532597 0.4813205 -0.2018859 0.6463098 0.7358843 -0.4025244 0.7972968 0.4497689 -0.4051755 0.7408889 0.5356459 -0.4040721 0.6034834 0.6874108 -0.4046814 0.435414 0.8041441 -0.1034297 0.6562554 0.7474164 -0.2023401 0.4661757 0.8612425 -0.1007427 0.4736831 0.8749144 -0.101722 0.2669858 0.9583169 -0.2006613 0.2629808 0.9437035 -0.09784281 0.04715132 0.9940843 -0.4046583 0.2454379 0.8809154 -0.4053553 0.04330664 0.9131329 -0.200299 0.04638952 0.978636 -0.2010298 -0.1724638 0.9642839 -0.09985834 -0.1752405 0.9794484 -0.201794 -0.3826824 0.9015728 -0.4051999 -0.1609874 0.8999424 -0.4046253 -0.3573203 0.8417842 -0.2037785 -0.5734304 0.7935062 -0.1017501 -0.3887196 0.9157205 -0.1030956 -0.5826215 0.8061785 -0.2029858 -0.7357663 0.6460998 -0.103581 -0.7473762 0.6562774 -0.2017012 -0.8613733 0.466211 -0.4059394 -0.535403 0.7406463 -0.4045282 -0.6872249 0.6033895 -0.6054105 -0.4662426 0.6450549 -0.6063184 -0.3107431 0.7319951 -0.7804101 -0.2443073 0.5755642 -0.7796221 -0.366784 0.5076013 -0.605808 -0.5978119 0.524993 -0.7807722 -0.1100216 0.615053 -0.6067284 -0.1399626 0.7824904 -0.6061024 0.03766012 0.7944946 -0.7800697 0.1679775 0.602723 -0.7803361 0.02960324 0.6246595 -0.6069364 0.2133601 0.7655754 -0.605598 0.3787772 0.6998421 -0.7802715 0.2977709 0.550008 -0.6057183 0.525025 0.5978748 -0.7798546 0.5073801 0.3665955 -0.7800095 0.4128331 0.4702703 -0.606694 0.6443548 0.465542 -0.6034579 0.6944971 0.3918067 -0.7780937 0.5470919 0.3086433 -0.9076169 0.3656226 0.2062807 -0.9831736 0.1480787 0.1069695 -0.9829227 0.1602853 0.090397 -0.9083763 0.3388558 0.2450089 -0.9830979 0.1207929 0.1375781 -0.9086678 0.275524 0.3137031 -0.9084698 0.1989251 0.3675752 -0.9832041 0.08688795 0.1605001 -0.9085757 0.1121261 0.4023905 -0.9831331 0.04907423 0.1761851 -0.9087126 0.019746 0.4169549 -0.9830873 0.008667469 0.1829326 -0.9085924 -0.07355165 0.4111571 -0.9830296 -0.0322895 0.1805832 -0.9831483 -0.07141512 0.1682834 -0.9085357 -0.1632184 0.384607 -0.9085015 -0.2447961 0.3386738 -0.9831211 -0.1071535 0.1482937 -0.9086212 -0.3138607 0.2754979 -0.9830777 -0.1376406 0.1208857 -0.9085323 -0.3674536 0.1988644 -0.7805536 -0.4697177 0.4124336 -0.7802786 -0.550013 0.2977431 -0.6063638 -0.6993266 0.3785043 -0.780171 -0.6026083 0.1679185 -0.9084945 -0.4025478 0.1122189 -0.6060906 -0.7662274 0.2134242 -0.7802817 -0.6247259 0.02963399 -0.9085705 -0.4172649 0.01974618 -0.9085361 -0.4112813 -0.07355207 -0.7802897 -0.6156375 -0.110175 -0.6059624 -0.7946028 0.03763037 -0.6058979 -0.783123 -0.1400221 -0.606017 -0.7322439 -0.3107451 -0.4046496 -0.9001845 -0.1610175 -0.4046208 -0.841775 -0.357347 -0.4041119 -0.741355 -0.5358045 -0.2018874 -0.9015504 -0.3826858 -0.202892 -0.7937142 -0.5734568 -0.2021872 -0.6462668 -0.7358396 -0.4039285 -0.6035274 -0.6874566 -0.6058088 -0.6448125 -0.4660608 -0.7801306 -0.5758659 -0.2444889 -0.7803417 -0.5068299 -0.3663201 -0.7803124 -0.4126793 -0.4699025 -0.6066007 -0.5245649 -0.5973839 -0.7799736 -0.2978653 -0.5503793 -0.4040769 -0.4353899 -0.8044611 -0.605713 -0.3788338 -0.6997119 -0.9087294 -0.1987082 -0.3670502 -0.7801303 -0.1679163 -0.6026616 -0.6056548 -0.2136043 -0.7665218 -0.6059964 -0.03763061 -0.7945769 -0.4050554 -0.2454381 -0.8807328 -0.4038934 -0.04330694 -0.9137805 -0.2027968 -0.04632735 -0.9781244 -0.2025836 -0.2628277 -0.9433354 -0.2030462 0.1724351 -0.9638665 -0.4049605 0.1610198 -0.9000443 -0.1017799 -0.2670692 -0.9582875 -0.1050786 -0.4733269 -0.8745972 -0.2026162 -0.4662705 -0.8611264 -0.1030943 -0.04706084 -0.9935577 -0.1040403 0.1751503 -0.9790292 -0.1011403 0.388722 -0.9157871 -0.2020671 0.5736681 -0.793772 -0.1026346 0.582695 -0.8061841 -0.2015464 0.3827062 -0.901618 -0.1031242 0.7473531 -0.6563755 -0.2028641 0.7357985 -0.6461012 -0.4049309 0.3572596 -0.841663 -0.4040772 0.535799 -0.7413778 -0.4044772 0.6872419 -0.6034044 -0.6055322 0.3109605 -0.7325533 -0.7798559 0.1102046 -0.6161817 -0.7800457 0.2444605 -0.575993 -0.7804432 0.3662638 -0.5067142 -0.6059238 0.4659637 -0.6447744 -0.6055061 0.1401453 -0.783404 -0.7807297 -0.0295726 -0.6241688 -0.9082782 -0.01980686 -0.4178977 -0.9085592 -0.1121279 -0.4024273 -0.9831436 -0.04907476 -0.176126 -0.9830995 -0.008636772 -0.1828681 -0.9088047 0.07349056 -0.4106987 -0.9831285 -0.08706974 -0.1608639 -0.983182 -0.120521 -0.1372151 -0.998599 -0.03491324 -0.03976571 -0.9986027 -0.02514737 -0.04648 -0.998596 -0.01422202 -0.05102849 -0.998599 -0.002471983 -0.05285817 -0.9831393 0.03219753 -0.1800011 -0.9985955 0.009308397 -0.05215764 -0.9087404 0.1630947 -0.384176 -0.9830494 0.07162821 -0.1687704 -0.9986023 0.02066111 -0.0486468 -0.9831135 0.1071832 -0.1483231 -0.9985918 0.03106862 -0.04300171 -0.9085513 0.2447015 -0.3386086 -0.9986013 0.03973525 -0.03488278 -0.9831418 0.1373969 -0.1206419 -0.9831482 0.1607756 -0.08701044 -0.9086148 0.3672669 -0.1988319 -0.9084659 0.3140429 -0.2758023 -0.9985947 0.04660308 -0.02523952 -0.9985975 0.05099803 -0.01422202 -0.9831253 0.1762197 -0.04910588 -0.9831103 0.1828091 -0.008667409 -0.998599 0.05285817 -0.002471983 -0.9086237 0.4023068 -0.1120367 -0.9085468 0.417315 -0.01977622 -0.9085529 0.4112446 0.07355093 -0.9831158 0.1801245 0.03222829 -0.9075457 0.4025161 0.1197568 -0.7803268 0.6156121 0.1100539 -0.7802817 0.6247259 -0.02963399 -0.6061341 0.7829296 0.1400813 -0.7782612 0.6018623 0.1790846 -0.6059624 0.7946028 -0.03763037 -0.404531 0.9134985 -0.04330658 -0.4046241 0.9001957 0.1610195 -0.6035195 0.7642342 0.2273994 -0.2020664 0.9640346 0.1726461 -0.2009675 0.9389165 0.2793707 -0.4025769 0.8773618 0.2610905 -0.1015382 0.9535195 0.2837089 -0.102299 0.9792569 0.1749032 -0.2024329 0.9781969 -0.04638892 -0.1029402 0.9935724 -0.04709059 -0.202831 0.9432895 -0.2628014 -0.1033997 0.9580954 -0.2671363 -0.1026967 0.8747681 -0.4735339 -0.2031061 0.8610419 -0.4662133 -0.4050559 0.8040995 -0.4351482 -0.4046279 0.8809463 -0.245377 -0.6057776 0.5978426 -0.5249931 -0.6056614 0.6997533 -0.3788397 -0.7802767 0.469991 -0.4126461 -0.7802276 0.5500506 -0.2978079 -0.7802864 0.6024506 -0.1679476 -0.605808 0.7664005 -0.2136045 -0.9829409 0.1762805 0.05246293 -0.998597 0.05212724 0.009308397 -0.9985785 0.05108863 0.0151984 -0.9986014 -0.04284816 -0.03097641 -0.983107 -0.1483221 -0.1072435 -0.9084421 -0.2757738 -0.3141368 -0.9985994 -0.04870766 -0.02066105 -0.9085822 -0.3385477 -0.2446711 -0.9831361 -0.1683423 -0.07144474 -0.9831158 -0.1801245 -0.03222829 -0.9986007 -0.05206477 -0.009277641 -0.908573 -0.3845184 -0.1632196 -0.9831212 -0.1827501 0.008667469 -0.9985957 -0.05292063 0.002472043 -0.9831263 -0.1762144 0.04910439 -0.9985996 -0.05096608 0.01419115 -0.9985991 -0.04654085 0.02517783 -0.9830871 -0.1610502 0.08719354 -0.9986013 -0.03973525 0.03488278 -0.9986014 -0.03097641 0.04284816 -0.9986031 -0.02063065 0.0486468 -0.9985939 -0.009308397 0.05218809 -0.9986006 0.002502501 0.05282777 -0.9985963 0.0141915 0.05102849 -0.9985932 0.02523946 0.04663354 -0.998599 0.03491324 0.03976571 -0.9985954 0.04294079 0.03103822 -0.9985752 0.04648011 0.02621561 -0.1042537 -0.6561945 -0.7473555 -0.1044672 -0.8059207 -0.5827337 -0.1021161 -0.9157189 -0.3886274 -0.1026067 -0.9791584 -0.1752737 -0.2022515 -0.9782358 0.04635882 -0.1022998 -0.9936383 0.04709082 -0.2024613 -0.9639956 -0.1724004 -0.1027884 -0.9581788 0.2670729 -0.2021596 -0.9434421 0.2627709 -0.4046811 -0.9134319 0.04330635 -0.4045271 -0.8809261 0.2456156 -0.4044466 -0.8042237 0.4354851 -0.1027268 -0.8747653 0.4735324 0.9688735 0.1200944 0.2164751 0.9663591 0.1577536 0.2031356 0.9952605 0.08469069 0.04779297 0.9792322 0.1765828 0.09961396 0.9161442 0.3491352 0.1969379 0.8590926 0.1437772 0.4912109 0.8266322 0.4405694 0.3501116 0.8034497 0.5185526 0.292527 0.6430687 0.6669958 0.3762704 0.6454568 0.6190575 0.4473853 0.7515738 0.1467989 0.6431074 0.8934088 0.1617499 0.4191154 0.9310221 0.1584257 0.3287845 0.6856717 0.4488438 0.5730563 0.4506459 0.7235177 0.5229153 0.4505861 0.589052 0.670813 0.601236 0.05807876 0.7969582 0.5123288 0.3578397 0.7806857 0.8843532 0.1098994 0.4536976 0.7684206 0.1129833 0.6298925 0.9780264 0.08246356 0.191479 0.9027067 0.1188735 0.4135091 0.9791499 0.0445581 0.1981922 0.827685 0.01321488 0.5610373 0.4259846 -0.1003161 0.8991518 0.6026932 -0.01123106 0.797894 0.7782745 0.02670443 0.6273562 0.9067145 0.05386573 0.4182911 0.3146504 0.1829611 0.9314078 0.2313367 0.4631618 0.8555492 0.2317293 0.6418412 0.7309867 0.1174697 0.4727781 0.8733165 0.1171323 0.6552757 0.7462532 0.1171312 0.8049339 0.5816888 0.2315175 0.7884597 0.5698518 0.2300839 0.8476085 0.4781436 0.1164902 0.8650551 0.4879649 0.4480879 0.778645 0.4392372 0.1164004 0.2666162 0.956748 0.33669 0.0107733 0.9415539 0.1163064 0.04702919 0.9920994 0.2360649 -0.4605022 0.8556935 0.4089601 -0.1883352 0.8929063 0.817189 -0.09805899 0.5679671 0.9799404 0.003540217 0.1992597 0.9804182 -0.03805696 0.1932148 0.7505905 -0.2518143 0.6109039 0.9101706 -0.102483 0.4013564 0.6103263 -0.1381306 0.780014 0.783758 -0.07580912 0.6164224 0.4136919 -0.341086 0.8441086 0.6148651 -0.2716796 0.740359 0.7869737 -0.1856801 0.5883838 0.9087203 -0.02237081 0.4168058 0.306994 -0.3377575 0.8897609 0.9820244 -0.06402981 0.1775621 0.9956287 -0.04333728 0.08273762 0.2262996 -0.3069618 0.9244257 0.2042957 -0.2890477 0.9352619 0.4322407 -0.2497065 0.8664957 0.637935 -0.2175992 0.7387081 0.8014472 -0.1825383 0.5695281 0.9161868 -0.1307138 0.378835 0.9801419 -0.09280765 0.175239 0.9826318 -0.1042541 0.1535123 0.9184554 -0.18504 0.3495709 0.9956297 -0.06103849 0.07068258 0.9182938 -0.2237366 0.326617 0.9801529 -0.1300725 0.1496048 0.9827853 -0.1358417 0.125221 0.9956254 -0.07553482 0.05499541 0.9801611 -0.160532 0.1162484 0.9183616 -0.2595682 0.2987247 0.9184492 -0.2916734 0.2671664 0.9184545 -0.3203329 0.2320094 0.807047 -0.3872263 0.4457924 0.8069155 -0.3339055 0.4872317 0.6475591 -0.4308108 0.6285455 0.5143104 -0.5701911 0.640599 0.8068684 -0.435693 0.3989173 0.5186192 -0.4108851 0.749805 0.4420756 -0.5146206 0.7346665 0.2128082 -0.5805914 0.7858921 0.1470414 -0.5869146 0.7961847 0.1431648 -0.748266 0.6477668 0.2139102 -0.7383243 0.6396247 0.5106194 -0.7011517 0.4976487 0.1399596 -0.873176 0.466878 0.5075621 -0.7966079 0.3283238 0.1382821 -0.9549736 0.2624949 0.2145223 -0.8608359 0.4614564 0.4435374 -0.7835838 0.435053 0.6473047 -0.6641816 0.3739779 0.8071359 -0.5441232 0.229045 0.2151609 -0.9413673 0.2598717 0.8070143 -0.5668297 0.1656267 0.4437792 -0.861251 0.247602 0.6473453 -0.7316092 0.2137573 0.9184071 -0.3797474 0.1109974 0.8071202 -0.5818859 0.09982943 0.9184748 -0.389791 0.06683701 0.9184129 -0.3950094 0.02203482 0.9801611 -0.1953547 0.03347975 0.8070489 -0.5895693 0.0328691 0.9184764 -0.3947969 -0.02316409 0.9829959 -0.1833294 0.01046806 0.8071359 -0.5893524 -0.03457802 0.9801563 -0.1978868 -0.01159727 0.807046 -0.5816933 -0.1015369 0.9830303 -0.180736 -0.03140443 0.9184243 -0.3897039 -0.06802803 0.9801583 -0.1901048 -0.05612498 0.9956267 -0.08960425 -0.02642959 0.9956266 -0.09326654 -0.005401849 0.9830494 -0.1687704 -0.07162821 0.9956285 -0.08124214 -0.04608398 0.9801534 -0.1724637 -0.09775286 0.9830425 -0.1481079 -0.1081283 0.9956237 -0.0686984 -0.06335759 0.9801687 -0.1457877 -0.1342211 0.9184189 -0.3196597 -0.2330763 0.9184979 -0.3440094 -0.1949855 0.8071379 -0.5135749 -0.2911519 0.8071141 -0.477078 -0.3477982 0.9185061 -0.2908785 -0.2678366 0.8071423 -0.4342887 -0.3998935 0.8071321 -0.3858194 -0.4468571 0.9830064 -0.1197857 -0.1391041 0.9185022 -0.258405 -0.2993006 0.9956231 -0.05252325 -0.07730472 0.9185129 -0.2226087 -0.3267716 0.9801826 -0.1115474 -0.1637045 0.9829523 -0.08517819 -0.1629403 0.9184211 -0.1839405 -0.350241 0.995613 -0.03363162 -0.08731412 0.9801522 -0.07162839 -0.1848543 0.9184979 -0.1428286 -0.3687298 0.9828622 -0.04602253 -0.1785052 0.9956262 -0.01287907 -0.09253406 0.9801286 -0.02789467 -0.1963919 0.9184409 -0.09976685 -0.3827702 0.918446 -0.05557548 -0.3916229 0.982763 -0.004242062 -0.1848212 0.9801416 0.01724308 -0.1975481 0.9184466 -0.01043754 -0.3954075 0.9956253 0.008453786 -0.0930528 0.8070017 -0.01562607 -0.5903424 0.9184733 0.03454762 -0.3939715 0.8072254 0.05166852 -0.5879775 0.8068979 0.1185367 -0.5786751 0.9826365 0.03796505 -0.1816159 0.9182969 0.07944184 -0.38784 0.9801638 0.06152725 -0.1883968 0.9956321 0.02935957 -0.08862811 0.9824731 0.07861733 -0.1690151 0.9312928 0.3393733 -0.1323617 0.9131607 0.4030957 0.06042772 0.6534413 0.5057905 -0.5631967 0.9764521 0.0466023 -0.2106414 0.9574454 0.1854951 -0.2211109 0.9952893 0.08368337 -0.04895263 0.9406673 0.3153564 -0.1252819 0.9010506 0.4292839 -0.06183201 0.5763895 0.6724646 -0.4642917 0.8861501 0.4548859 0.08841353 0.5582281 0.7750065 -0.2962201 0.9713914 0.2085062 -0.1136835 0.9952924 0.09268683 -0.0283218 0.8828946 0.4463456 -0.145852 0.9794191 0.201426 -0.01287901 0.9952958 0.09668517 -0.006195366 0.979423 0.1989548 0.03387629 0.9076682 0.4154563 -0.05945116 0.9169904 0.3932444 0.06699037 0.9159798 0.3850331 0.1128304 0.9952912 0.09555548 0.0162667 0.9952325 0.09360247 0.02740627 0.9791465 0.1949564 0.05713188 0.8031407 0.5717449 0.1675499 0.7972124 0.5981076 0.08197349 0.6319347 0.7487323 0.2001462 0.3699528 0.9266521 0.06671476 0.6132889 0.7773922 0.1397792 0.7683976 0.6387851 -0.03897225 0.2486063 0.9347307 0.2539166 0.2671969 0.9296193 0.2537989 0.2146431 0.9751567 -0.05475181 0.4811359 0.8656173 -0.1386184 0.4787523 0.8702201 0.116247 0.4596478 0.7583991 0.4621198 0.6418473 0.7184807 0.2679882 0.7861706 0.6009505 0.1442025 0.659226 0.7519449 -1.22079e-4 0.4151222 0.8899095 -0.1890359 0.2345112 0.9338638 0.2700053 0.1165834 0.951925 0.2832794 0.4545553 0.8616836 0.2255685 0.40038 0.8114113 -0.4258025 0.6658789 0.7092168 -0.231553 0.8026401 0.5932438 -0.06189411 0.8119682 0.5319528 -0.2402791 0.6679452 0.6125832 -0.4226006 0.3866167 0.6820725 -0.6207291 0.5569087 0.5302962 -0.6392486 0.1504273 0.3747712 -0.9148324 0.8001806 0.4898317 -0.3460867 0.8821091 0.4515075 -0.1342558 0.9183229 0.165292 -0.3596688 0.8069339 0.2465665 -0.5367149 0.807057 0.1835441 -0.5612226 0.9183775 0.122961 -0.376116 0.6474865 0.1528991 -0.746581 0.5186064 0.2539166 -0.8164396 0.5142209 0.06470102 -0.8552138 0.4423471 0.1709997 -0.880391 0.2127819 0.1620891 -0.9635616 0.1465815 0.1649537 -0.9753482 0.1430447 -0.05383634 -0.988251 0.2139974 -0.0527364 -0.9754098 0.5104575 -0.129064 -0.8501622 0.1404489 -0.2706434 -0.9523792 0.2146412 -0.2660964 -0.9397457 0.4431325 -0.2314543 -0.8660616 0.6471515 -0.1924516 -0.7376703 0.8071423 -0.08292078 -0.5845045 0.4428942 -0.03085488 -0.8960428 0.6470387 -0.02026474 -0.7621878 0.8071116 -0.1489949 -0.5712894 0.5074525 -0.3171921 -0.8011749 0.8069865 -0.2132676 -0.5507175 0.8071512 -0.274493 -0.5226477 0.6473069 -0.3544471 -0.6748045 0.8071134 -0.3323857 -0.4879426 0.5053973 -0.4895883 -0.710547 0.1369696 -0.6552447 -0.7428956 0.1385252 -0.4744771 -0.8692999 0.2154045 -0.4669438 -0.8576506 0.6471875 -0.4982239 -0.5769936 0.2157409 -0.6452693 -0.7328597 0.4437167 -0.4200949 -0.7916035 0.4440596 -0.5874711 -0.6765271 0.5039345 -0.6372427 -0.5830711 0.136515 -0.8034943 -0.5794486 0.6473743 -0.6158785 -0.4489992 0.2158939 -0.791733 -0.5714444 0.4439039 -0.7248039 -0.5268859 0.5031392 -0.7522673 -0.4253763 0.215833 -0.8987955 -0.3815532 0.1358708 -0.9119704 -0.3871037 0.4442377 -0.8246904 -0.3500554 0.6473454 -0.7016087 -0.2978076 0.80698 -0.5436326 -0.2307531 0.8071655 -0.5661572 -0.1671828 0.9184094 -0.3641837 -0.1545789 0.6473801 -0.7508108 -0.1310814 0.5031944 -0.828525 -0.2456459 0.9184837 -0.3792656 -0.1120064 0.4440217 -0.8824583 -0.1552809 0.2158024 -0.9610854 -0.1724649 0.1363592 -0.9749931 -0.1754847 0.5038688 -0.8621313 -0.05334717 0.6474038 -0.7609658 0.04242163 0.1370313 -0.9895558 0.04474115 0.2155289 -0.975465 0.04489421 0.4439635 -0.8947937 0.04733532 0.5053445 -0.8512542 0.1413975 0.2110713 0.3673604 -0.905812 0.4414598 0.3639106 -0.8201723 0.647068 0.3182237 -0.6928468 0.9956251 -0.09207612 0.01590043 0.9829421 -0.1764279 0.05194258 0.9956253 -0.08606392 0.03637874 0.9801627 -0.1826894 0.07684797 0.9184706 -0.3645194 0.1534192 0.9183847 -0.3447757 0.1941633 0.9828417 -0.1604701 0.09094732 0.8071159 -0.4781168 0.3463646 0.8070928 -0.5144701 0.2896928 0.647284 -0.5622267 0.5147082 0.4430424 -0.6659523 0.6001841 0.8070853 -0.2761394 0.5218816 0.9759059 0.1133475 0.1864405 -0.7713597 0.517017 0.3710767 -0.7514449 0.4717055 0.4613289 -0.7358552 0.5904604 0.331472 -0.8488389 0.3672717 0.3802424 -0.7494801 0.3938143 0.5321559 -0.7079484 0.407123 0.5771136 -0.739691 0.2763503 0.6135861 -0.7981745 0.2462307 0.5498074 -0.7555376 0.1249768 0.6430737 -0.8253232 0.08279782 0.5585573 -0.7608203 -0.02584999 0.6484476 -0.9057411 0.1876609 0.3800218 -0.8254154 -0.0824927 0.5584662 -0.9249654 5.1882e-4 0.3800513 -0.9775067 0.10047 0.185436 -0.9059393 -0.1866264 0.3800587 -0.9776139 -0.0993697 0.1854637 -0.9998616 5.7986e-4 -0.01663279 -0.9372907 -0.2951256 0.1854377 -0.9792935 -0.2017611 -0.01663285 -0.9709257 -0.09869784 -0.2180874 -0.9182252 -0.3957093 -0.01663285 -0.9308663 -0.2931064 -0.2181207 -0.8930148 -0.1839987 -0.4106934 -0.8373324 -0.3608317 -0.4107006 -0.8523229 -0.4753744 -0.2180936 -0.7801339 -0.2409192 -0.5773639 -0.7604455 -0.51086 -0.40093 -0.7141223 -0.3960496 -0.5772125 -0.7089205 -0.3061643 -0.6353702 -0.7270296 -0.4539433 -0.5151345 -0.7165852 -0.5701552 -0.4017821 -0.721082 -0.6322095 -0.2834643 -0.7556036 -0.6195473 -0.2126604 -0.7431975 -0.6627191 -0.09198409 -0.8201112 -0.5719598 -0.01672446 -0.7475027 -0.6628734 0.04287922 -0.761001 -0.6228092 0.1816208 -0.7258046 -0.6468822 0.2339897 -0.7714024 -0.5179102 0.3697397 -0.7366957 -0.5833688 0.3419948 -0.7471784 -0.4655444 0.4743341 -0.849308 -0.3662257 0.3802033 -0.858195 -0.4786604 0.1854336 -0.7980806 -0.2468098 0.5496838 -0.7307731 -0.4095625 0.5461038 -0.7504701 -0.1771341 0.6367246 -0.7269399 -0.3303412 0.6020243 -0.7305128 -0.1514068 -0.6659032 -0.806626 -0.08035737 -0.5855745 -0.7387157 -0.001678526 -0.6740151 -0.8068342 0.08118087 -0.5851738 -0.9117701 4.57792e-4 -0.4107009 -0.9708192 0.09979814 -0.2180604 -0.8928056 0.1850067 -0.4106954 -0.9790671 0.2028571 -0.01663261 -0.9305356 0.2941762 -0.2180914 -0.9369576 0.2961849 0.1854322 -0.9177647 0.3967763 -0.01663279 -0.8576611 0.4796151 0.1854369 -0.8194936 0.5728398 -0.01687693 -0.7616767 0.6227517 0.1789667 -0.7160742 0.6672433 0.2049981 -0.7491142 0.661861 0.02771103 -0.7404872 0.6635178 -0.1068782 -0.7545866 0.6209431 -0.2121998 -0.7246537 0.6218337 -0.2969847 -0.851764 0.4763762 -0.2180911 -0.7603306 0.5109564 -0.4010253 -0.8368986 0.3618056 -0.4107279 -0.7149409 0.3921096 -0.5788866 -0.7228867 0.4484851 -0.5256386 -0.7121074 0.5574354 -0.4268127 -0.7119309 0.2915538 -0.638867 -0.7805191 0.2413734 -0.5766533 -0.7324121 0.1430459 -0.6656655 -1 8.93249e-7 0 -1 5.35644e-7 0 -1 5.67007e-7 0 -1 -1.3793e-6 0 -1 7.41488e-7 0 1.33072e-4 -0.9065377 -0.4221251 -8.47907e-5 -0.9062254 -0.422795 0 -0.906255 -0.4227318 1.42338e-4 -0.9065275 -0.4221469 1.01997e-4 -0.9063072 -0.4226197 -8.07977e-5 -0.9063045 -0.4226253 -1.19235e-4 -0.9063044 -0.4226257 5.99448e-6 -0.9063009 -0.4226334 -5.85772e-5 -0.9062729 -0.4226931 4.62331e-5 -0.9062977 -0.4226399 -1.81332e-5 -0.9062893 -0.4226582 0.001682221 -0.9064639 -0.4222802 3.48759e-4 -0.9063059 -0.4226225 1.4673e-4 -0.906315 -0.422603 2.20242e-5 -0.9063057 -0.4226229 -1.33069e-5 -0.9063061 -0.4226219 1.52805e-4 -0.9062958 -0.4226439 -4.36529e-4 -0.9063349 -0.4225598 0 -0.9063086 -0.4226166 6.07662e-5 -0.9063017 -0.4226316 -2.43984e-4 -0.9063194 -0.4225931 4.99497e-5 -0.906305 -0.4226245 0 -0.9063083 -0.4226174 1.09212e-4 -0.9062981 -0.4226392 1.18181e-5 -0.9063044 -0.4226257 9.87371e-6 -0.9063032 -0.4226282 1.09208e-5 -0.9062976 -0.4226402 -9.86426e-5 -0.9063104 -0.4226127 1.43017e-4 -0.9062872 -0.4226624 -1.57155e-4 -0.9063181 -0.4225963 6.40859e-5 -0.9062977 -0.4226399 -1.76337e-4 -0.9062297 -0.4227857 -2.42816e-4 -0.906319 -0.4225942 -2.81941e-5 -0.9062913 -0.4226537 -2.6897e-4 -0.9062745 -0.4226898 4.77167e-6 -0.9062417 -0.42276 8.99124e-6 -0.9062615 -0.4227176 7.91288e-6 -0.9063046 -0.4226251 0 -0.906302 -0.4226307 -7.81113e-7 -0.9064113 -0.4223964 -1.21016e-6 -0.906283 -0.4226715 -3.32853e-6 -0.9063606 -0.4225051 -1.01973e-6 -0.9062905 -0.4226552 -4.37318e-7 -0.9062739 -0.4226912 -2.24461e-7 -0.9062806 -0.4226767 -4.29288e-6 -0.9062722 -0.4226945 -1.52444e-6 -0.9063471 -0.422534 -3.98657e-6 -0.9062286 -0.4227882 9.1037e-7 -0.9063974 -0.4224262 -6.0293e-5 -0.9061787 -0.4228951 -5.62015e-6 -0.9062823 -0.4226731 7.41902e-5 -0.9063072 -0.4226197 0 -0.9062768 -0.4226849 -3.29723e-5 -0.9062954 -0.4226449 -5.27152e-5 -0.9062889 -0.4226589 1.5609e-5 -0.9064487 -0.4223163 4.53126e-6 -0.9062896 -0.4226574 9.23924e-5 -0.9063858 -0.422451 -4.28057e-5 -0.9062947 -0.4226465 3.52706e-4 -0.9063429 -0.422543 -0.001483201 -0.9061735 -0.4229038 1.09082e-6 -0.9062955 -0.4226446 -3.88493e-5 -0.9063567 -0.4225136 -3.56138e-5 -0.9063415 -0.4225461 4.36414e-5 -0.906266 -0.4227079 -5.23318e-5 -0.9063254 -0.4225806 5.29744e-5 -0.9062879 -0.4226611 3.56226e-5 -0.90629 -0.4226565 -8.48787e-4 -0.9063944 -0.422432 -7.73954e-5 -0.9063082 -0.4226176 -1.34771e-4 -0.9063041 -0.4226263 2.24347e-5 -0.906308 -0.4226177 -0.002155661 -0.9064947 -0.4222116 -3.15902e-6 -0.9063034 -0.4226277 1.56803e-4 -0.9062936 -0.4226487 2.4221e-5 -0.9063025 -0.4226297 1.91166e-4 -0.9062952 -0.4226452 -2.77562e-4 -0.9063248 -0.4225819 -2.44658e-5 -0.9063039 -0.4226267 3.74304e-4 -0.9062781 -0.4226818 -1.41405e-4 -0.9063181 -0.4225962 -1.59296e-5 -0.9063092 -0.4226155 -3.67145e-6 -0.9063058 -0.4226225 -8.91492e-5 -0.9063132 -0.4226068 -3.27592e-5 -0.9063077 -0.4226187 -2.9056e-5 -0.9063068 -0.4226204 -7.74936e-5 -0.9063114 -0.4226107 -6.57222e-6 -0.906258 -0.4227251 5.13529e-6 -0.9063021 -0.4226307 5.36878e-4 -0.9063236 -0.4225841 -2.21272e-6 -0.9062833 -0.4226707 1.24853e-4 -0.9063038 -0.422627 0 -0.9062948 -0.4226464 -4.91559e-5 -0.9063222 -0.4225875 1.02018e-4 -0.9062851 -0.4226672 -5.09049e-6 -0.9063858 -0.422451 4.33813e-6 -0.9062341 -0.4227764 -2.3434e-6 -0.9064345 -0.4223464 7.51711e-6 -0.9062894 -0.4226579 6.51095e-6 -0.9063068 -0.4226206 6.31344e-6 -0.9063044 -0.4226255 5.80434e-6 -0.9063187 -0.4225949 4.06096e-6 -0.9062458 -0.4227512 -1.24148e-6 -0.9063819 -0.4224594 2.94638e-6 -0.9061437 -0.4229701 -2.39291e-6 -0.9063062 -0.4226219 2.49403e-6 -0.9061258 -0.4230085 -8.11436e-6 -0.9066323 -0.4219217 4.8506e-4 -0.9053254 -0.4247184 -8.53202e-6 -0.9063626 -0.422501 4.33975e-5 -0.9061926 -0.4228652 -1.43969e-4 -0.9064646 -0.422282 1.12437e-4 -0.9062219 -0.4228025 -9.64638e-5 -0.9063382 -0.4225531 -1.36202e-5 -0.9063114 -0.4226107 0 -0.9063064 -0.4226215 4.70873e-4 -0.9062573 -0.4227263 -1.41722e-4 -0.9062913 -0.4226539 1.66869e-4 -0.9063756 -0.4224728 1.20779e-4 -0.906098 -0.4230679 6.29464e-6 -0.9063004 -0.4226343 4.00222e-5 -0.9063022 -0.4226304 4.13623e-5 -0.9063026 -0.4226295 9.18751e-5 -0.9063104 -0.422613 -7.47973e-5 -0.9063023 -0.4226303 1.69566e-5 -0.9063118 -0.4226097 8.872e-6 -0.9063123 -0.4226087 -2.78898e-5 -0.9063103 -0.422613 7.37408e-5 -0.9063149 -0.4226033 -1.02626e-4 -0.9062993 -0.4226365 -1.90109e-4 -0.9062957 -0.4226441 6.10854e-5 -0.9063163 -0.4226002 -2.98279e-4 -0.9062849 -0.4226673 4.08967e-4 -0.9063372 -0.4225552 -5.33588e-5 -0.9062986 -0.422638 -8.72875e-5 -0.9062955 -0.4226449 -1.63329e-5 -0.9062987 -0.4226378 7.52685e-5 -0.9063075 -0.4226189 -1.19295e-5 -0.9063037 -0.422627 9.86013e-5 -0.9063104 -0.422613 1.08749e-5 -0.9063051 -0.4226241 9.86285e-6 -0.9062998 -0.4226355 -1.42873e-4 -0.906289 -0.4226588 7.37904e-5 -0.906318 -0.4225966 5.09724e-5 -0.9063727 -0.4224793 6.49644e-5 -0.9062698 -0.4226998 0 -0.9062312 -0.4227826 3.26892e-4 -0.9062421 -0.422759 0 0.4226058 -0.9063137 0 0.422606 -0.9063136 -1 1.55225e-7 0 -1 -6.209e-7 0 0 -0.4226167 0.9063086 1 0 0 1 -7.27612e-7 0 0 0.4226174 -0.9063083 -1 2.27378e-7 0 -1 -7.27611e-7 0 0 -0.4226281 0.9063033 0 -0.9063253 -0.4225806 0 -0.9063231 -0.4225855 -3.30324e-5 -0.9063079 -0.4226182 0 -0.9063168 -0.4225991 0 -0.9063156 -0.4226018 1.9868e-5 -0.9063071 -0.4226198 3.3034e-5 -0.9063077 -0.4226184 -1.9869e-5 -0.9063076 -0.4226188 -0.9710246 -0.1009875 0.2165937 -0.9928214 -0.05053985 0.1084043 -0.8852722 -0.196544 0.4215015 -0.8852837 -0.1965466 0.4214764 -0.7485749 -0.2802273 0.600923 -0.5682025 -0.3477638 0.7457925 -0.5682421 -0.3477389 0.7457739 -0.3545709 -0.3951613 0.8474239 -0.3541113 -0.3951898 0.8476027 -0.1206126 -0.4194892 0.899712 -0.120123 -0.4194541 0.8997938 0.120215 -0.4194862 0.8997666 0.1206124 -0.4194273 0.8997408 0.3545436 -0.3951038 0.847462 0.3541162 -0.3952258 0.8475838 0.5682025 -0.3477638 0.7457925 0.5681818 -0.3477699 0.7458054 0.7485477 -0.2802285 0.6009563 0.748534 -0.2802234 0.6009758 0.8852837 -0.1965466 0.4214764 0.9708827 -0.1012328 0.2171149 0.8852722 -0.196544 0.4215015 1 0 6.1037e-5 1 0 6.10389e-5 0.9708667 0.1012616 -0.2171723 0.885307 0.1965144 -0.4214425 0.885325 0.1965116 -0.421406 0.7484598 0.2802604 -0.6010507 0.7484869 0.2802591 -0.6010175 0.5679329 0.3477974 -0.7459822 0.5682757 0.3477408 -0.7457475 0.120489 0.4194839 -0.899731 0.1200616 0.4195442 -0.89976 0.3544452 0.3950962 -0.8475067 -0.1200932 0.4195175 -0.8997682 -0.1204908 0.4195205 -0.8997137 -0.3543876 0.3951305 -0.8475149 -0.5679664 0.3477993 -0.7459557 -0.5682964 0.3477348 -0.7457345 -0.7485206 0.2802298 -0.6009895 -0.7484869 0.2802591 -0.6010175 -0.885307 0.1965144 -0.4214425 -0.885325 0.1965116 -0.421406 -0.971007 0.1010194 -0.2166576 -0.9928381 0.0504781 -0.1082807 -0.9710006 0.1010187 -0.2166867 -0.9710341 -0.100958 0.2165653 -0.9928381 -0.0504781 0.1082807 -0.9710006 -0.1010187 0.2166867 -0.8852429 -0.1965443 0.4215632 -0.8853188 -0.1964797 0.4214336 -0.7485069 -0.2802246 0.601009 -0.5681749 -0.3477351 0.7458269 -0.568336 -0.3477098 0.7457159 -0.3546018 -0.3951312 0.8474249 -0.3545126 -0.3951339 0.8474609 -0.1200629 -0.4194572 0.8998004 0.1206126 -0.4194892 0.899712 0.3546025 -0.395193 0.8473958 0.3544811 -0.3951022 0.847489 0.1200629 -0.4194572 0.8998004 0.5682085 -0.347737 0.7458004 0.5683024 -0.3477079 0.7457424 0.7484797 -0.2802259 0.6010422 0.7484525 -0.2802271 0.6010754 0.8852775 -0.1965147 0.421504 0.8853355 -0.1964529 0.421411 0.9708938 -0.1012002 0.21708 0.9708555 -0.1012942 0.2172072 1 0 -6.1037e-5 0.9708333 0.1013224 -0.2172938 0.8853416 0.1964848 -0.4213834 0.5682697 0.3477676 -0.7457395 0.5682361 0.3477657 -0.745766 0.3544507 0.3951939 -0.8474589 0.3544816 0.3951639 -0.8474599 0.12006 0.4195693 -0.8997485 0.120125 0.4195526 -0.8997475 -0.1200299 0.4195708 -0.8997518 -0.120125 0.4195526 -0.8997475 -0.354455 0.3951682 -0.8474691 -0.5683299 0.3477366 -0.7457079 -0.3544507 0.3951939 -0.8474589 -0.5682697 0.3477676 -0.7457395 -0.7485142 0.2802579 -0.6009843 -0.8853416 0.1964848 -0.4213834 -0.9709736 0.1010801 -0.216779 -0.9928181 0.05053967 -0.1084344 -0.971031 -0.1009882 0.2165646 -0.9926828 -0.05102729 0.1094402 -0.8855215 -0.1963315 0.4210767 -0.8855395 -0.1963288 0.4210402 -0.7485206 -0.2802298 0.6009895 0.1203386 -0.4194915 0.8997475 0.1207628 -0.4194196 0.8997243 0.3546595 -0.395097 0.8474168 0.3542631 -0.3951889 0.8475397 0.5678794 -0.3478631 0.7459921 0.5678458 -0.3478612 0.7460187 0.7486084 -0.2801979 0.6008949 0.8855049 -0.1963583 0.4210993 0.8854982 -0.1963636 0.4211106 0.9708891 -0.1012334 0.2170858 1 -3.05185e-5 6.1037e-5 0.8855395 0.1963288 -0.4210402 0.7485206 0.2802298 -0.6009895 0.7485477 0.2802285 -0.6009563 0.5676097 0.3478966 -0.7461817 0.5679337 0.347859 -0.7459528 0.3545442 0.3951656 -0.847433 0.3545745 0.3950738 -0.847463 0.1206126 0.4194892 -0.899712 0.1202152 0.419548 -0.8997377 -0.7484534 0.2802885 -0.6010456 -0.8855742 0.1962991 -0.4209811 -0.9710152 0.1010171 -0.2166221 -0.9926992 0.05096709 -0.1093199 0 0.9063102 0.4226132 -3.43401e-4 0.9063829 0.422457 2.91061e-4 0.906246 0.4227508 1.79702e-4 0.9062705 0.4226982 0 0.906313 0.4226074 0 0.9063133 0.4226065 0.001003623 0.9061113 0.4230382 -4.9755e-7 0.9063084 0.4226171 -5.07938e-4 0.9064146 0.4223892 1.76602e-4 0.9062629 0.4227144 0 0.9063186 0.4225954 -3.8517e-4 0.9064379 0.4223391 0 0.9063106 0.4226123 -2.09116e-4 0.9062474 0.4227477 0 0.906304 0.4226267 1.7366e-4 0.9063531 0.4225209 -2.37375e-4 0.9062507 0.4227409 4.0904e-4 0.9063929 0.4224357 9.1224e-4 0.9064837 0.42224 -7.01451e-6 0.906308 0.4226179 3.65638e-4 0.9064237 0.4223696 0 0.906304 0.4226266 1.47915e-4 0.9063423 0.4225445 -1.67637e-4 0.9062619 0.4227168 -4.50939e-4 0.9062117 0.4228241 2.98554e-6 0.9063083 0.4226172 2.09148e-4 0.9062477 0.4227471 -3.65632e-4 0.9064145 0.4223893 0 0.9063038 0.4226269 -9.09129e-4 0.9064854 0.4222363 4.51845e-4 0.9062141 0.4228189 -4.09059e-4 0.906392 0.4224373 2.37101e-4 0.90625 0.4227423 -1.73866e-4 0.9063534 0.4225204 1.6764e-4 0.9062629 0.4227147 -1.47742e-4 0.9063411 0.422547 0 0.9063059 0.4226226 0 0.9063079 0.422618 -7.15477e-4 0.9063086 0.4226161 -5.83412e-4 0.9063075 0.4226187 1.0352e-4 0.9063051 0.4226242 5.95713e-4 0.9063083 0.4226168 -4.76842e-4 0.9063052 0.4226235 4.46828e-4 0.9063079 0.4226181 -7.73387e-5 0.906309 0.4226157 -1.48374e-5 0.9063037 0.4226273 -1.1597e-4 0.9063071 0.4226197 -4.20625e-4 0.9063026 0.4226292 0 0.9063079 0.4226183 1.15986e-4 0.9063069 0.4226202 0 0.9063073 0.4226195 1.48377e-5 0.9063032 0.4226281 4.20683e-4 0.9063028 0.4226287 -4.46833e-4 0.9063083 0.4226171 7.73237e-5 0.9063091 0.4226156 4.76748e-4 0.9063053 0.4226233 -5.88045e-4 0.9063045 0.422625 0 0.9063084 0.422617 0 0.9061986 0.4228523 -1.35548e-4 0.9063082 0.4226177 0 0.9064059 0.4224078 0 0.9064022 0.4224156 1.35513e-4 0.9063077 0.4226187 -1.03844e-4 0.9063059 0.4226223 5.87892e-4 0.9063049 0.4226243 1.19099e-5 0.9063082 0.4226174 -4.66953e-4 0.9063085 0.4226166 4.34099e-4 0.9063037 0.4226271 -4.52874e-4 0.9063073 0.4226193 -7.69342e-5 0.9063024 0.42263 0 0.9063079 0.4226182 1.16127e-4 0.9063085 0.4226169 0 0.906307 0.4226202 4.21196e-4 0.9063029 0.4226287 -4.46827e-4 0.906309 0.4226158 1.48376e-5 0.9063019 0.4226309 7.72024e-5 0.9063098 0.422614 -1.35829e-4 0.9063075 0.4226191 -5.89257e-4 0.906306 0.4226219 4.76007e-4 0.9063035 0.4226275 5.83406e-4 0.9063095 0.4226143 7.15482e-4 0.9063072 0.4226189 0 0.906169 0.4229158 0 0.9064373 0.4223403 0 0.9064291 0.422358 0 0.9061701 0.4229136 0 0.9062011 0.4228472 0 0.9064809 0.4222472 0 0.9061985 0.4228528 0 0.9061861 0.4228794 0 0.9064733 0.4222632 0 0.9061815 0.4228892 0 0.9064366 0.4223418 0 0.9064368 0.4223417 0 0.9061971 0.4228557 0 0.9061897 0.4228714 0 0.9064632 0.4222851 0 0.9061868 0.4228777 0 0.9064573 0.4222975 0 0.9061806 0.4228911 0 0.9061775 0.4228978 0 0.9064498 0.4223138 0 0.9064431 0.4223281 -0.001000165 0.9061226 0.4230139 5.08956e-4 0.906412 0.4223946 -2.91073e-4 0.9062479 0.4227468 3.43006e-4 0.9063811 0.4224609 -1.79915e-4 0.9062703 0.4226986 -1.76605e-4 0.9062652 0.4227096 0 0.9063131 0.4226069 0 0.9063144 0.422604 0 0.906314 0.4226052 3.85168e-4 0.9064503 0.4223124 -0.9710422 -0.1009557 0.2165297 -0.9926992 -0.05096709 0.1093199 -0.9926844 -0.05099684 0.1094403 -0.97101 -0.1009892 0.2166582 -0.8855102 -0.196329 0.4211018 -0.8855794 -0.1962698 0.4209837 -0.7484797 -0.2802259 0.6010422 0.120763 -0.4194814 0.8996953 0.1202133 -0.4194495 0.8997839 0.3546012 -0.3950695 0.847454 0.3547226 -0.3951603 0.8473608 0.5679061 -0.3478302 0.7459871 0.5679871 -0.3477933 0.7459428 0.7485269 -0.2802017 0.6009946 0.8854922 -0.1963318 0.4211383 0.8855562 -0.1963019 0.4210177 0.9708397 0.101323 -0.2172647 0.8855627 0.1962966 -0.4210063 0.3545976 0.395157 -0.8474146 0.1201851 0.4195495 -0.899741 0.1202754 0.4195449 -0.8997311 -0.7484732 0.280254 -0.601037 -0.8856035 0.1962989 -0.4209195 -0.9709848 0.1010476 -0.2167442 -0.9926795 0.05102711 -0.1094703 0.001951634 0.9065371 0.4221217 -8.31464e-4 0.9062339 0.4227762 0.002797901 0.9057466 0.4238107 2.22147e-4 0.906288 0.4226608 -6.38337e-4 0.906334 0.4225615 -2.373e-4 0.9062916 0.4226531 4.28701e-4 0.9063244 0.4225826 3.69207e-4 0.9065799 0.4220343 -0.001816332 0.9052613 0.4248514 0 0.9055072 0.4243309 2.26137e-4 0.9062781 0.4226818 0 0.906302 0.4226306 -4.13955e-4 0.9063249 0.4225815 0.001193881 0.9076294 0.4197706 -2.26796e-5 0.9062793 0.4226796 -4.84546e-4 0.9063258 0.4225794 5.39126e-4 0.9062781 0.4226816 5.25176e-4 0.9062759 0.4226862 -4.70338e-4 0.906326 0.4225792 0.002050459 0.9058766 0.4235367 1.2805e-5 0.9063265 0.4225784 0.001658618 0.9063494 0.4225258 -0.001111447 0.9062109 0.4228245 2.71412e-4 0.9062002 0.4228489 9.23127e-4 0.9063877 0.422446 -0.002183616 0.9060868 0.4230862 -6.532e-5 0.9063411 0.4225469 1.76092e-4 0.9062931 0.4226498 -4.43983e-4 0.9063629 0.4224998 0.002255082 0.9058441 0.4236053 -1.4211e-4 0.9063112 0.4226109 3.4384e-4 0.9063124 0.4226081 2.88987e-4 0.9063182 0.422596 -2.16646e-4 0.9062929 0.4226501 0 0.9055716 0.4241937 0 0.9062818 0.4226741 3.40195e-5 0.906283 0.4226713 0.001126825 0.907519 0.4200096 -3.91444e-4 0.9063223 0.4225871 4.42979e-4 0.9063636 0.4224985 -1.41476e-4 0.906314 0.4226049 1.41859e-4 0.9063131 0.4226071 -1.76394e-4 0.9062923 0.4226517 5.53106e-4 0.9063107 0.4226116 6.52757e-5 0.9063407 0.4225478 -0.002277135 0.9058361 0.4236223 -0.002259194 0.9063089 0.4226098 5.87101e-4 0.9066423 0.4218999 -8.33937e-4 0.9062343 0.422775 0.001932382 0.9065399 0.4221157 3.69117e-4 0.9065778 0.4220389 -2.37318e-4 0.9062908 0.4226547 -6.38313e-4 0.9063357 0.4225583 2.21767e-4 0.9062892 0.4226582 0.002812206 0.905721 0.423865 4.28702e-4 0.9063244 0.4225825 0 0.9063023 0.4226302 2.26272e-4 0.9062787 0.4226807 -2.26654e-5 0.9062784 0.4226812 0.001191139 0.9076045 0.4198249 -4.83929e-4 0.9063284 0.4225737 5.39139e-4 0.9062756 0.4226869 5.25996e-4 0.906278 0.4226821 -4.71075e-4 0.9063251 0.422581 0.002041041 0.9058729 0.423545 1.27887e-5 0.9063267 0.422578 0.001658618 0.9063484 0.4225281 -0.001108646 0.9062116 0.4228234 2.7142e-4 0.9062026 0.4228436 0 0.9054726 0.4244049 -0.001816391 0.9052593 0.4248558 -0.002161979 0.9060789 0.4231033 9.25864e-4 0.90639 0.4224409 -6.52082e-5 0.9063417 0.4225458 0.002266705 0.9058433 0.4236071 -4.43969e-4 0.9063619 0.4225021 1.76131e-4 0.9062947 0.4226465 -1.42109e-4 0.9063118 0.4226096 3.43842e-4 0.9063112 0.4226109 0 0.9055729 0.4241907 -2.16773e-4 0.9062925 0.422651 2.88988e-4 0.9063181 0.4225963 5.87107e-4 0.9066402 0.4219042 0 0.9062829 0.4226719 3.39982e-5 0.9062823 0.4226731 -3.90945e-4 0.9063242 0.4225829 1.42081e-4 0.9063124 0.4226085 -1.76126e-4 0.9062938 0.4226482 4.43872e-4 0.9063614 0.4225033 -1.41479e-4 0.9063126 0.4226081 0.001124262 0.9075294 0.419987 6.52081e-5 0.9063425 0.4225438 -0.002266645 0.9058365 0.4236213 5.53102e-4 0.9063122 0.4226087 -0.002259016 0.9063124 0.4226024 -0.9925231 -0.050296 0.1112129 -0.9926775 -0.05105912 0.1094734 -0.9712963 -0.101506 0.2151281 -0.9694892 -0.1016579 0.2230616 -0.8862165 -0.1977033 0.4189676 -0.8792372 -0.197736 0.4334079 -0.7500401 -0.2827605 0.5979018 -0.7353593 -0.281875 0.6162736 -0.5701576 -0.3513967 0.7425904 -0.5460272 -0.3483209 0.7619232 -0.357138 -0.3999873 0.8440751 -0.3234159 -0.3934278 0.8605909 -0.1234816 -0.4254713 0.896508 -0.08093726 -0.4138728 0.9067296 0.1175618 -0.4263598 0.8968816 0.1663886 -0.4084945 0.8974671 0.3516117 -0.4028229 0.8450462 0.4032801 -0.3777967 0.8334477 0.5653434 -0.3564068 0.7438825 0.615672 -0.3235993 0.7184926 0.7465916 -0.2892916 0.5990922 0.7903615 -0.2487943 0.5598483 0.8840886 -0.2057624 0.419582 0.9164341 -0.1583037 0.3675441 0.9702861 -0.1105698 0.215219 0.9865696 -0.05762058 0.152841 0.9999497 -0.009857535 -0.001892149 0.9963988 0.04669469 -0.07077455 0.9714009 0.09100872 -0.2193121 0.9452742 0.1491172 -0.290208 0.8364031 0.2430837 -0.491264 0.8861598 0.1862291 -0.4243105 0.7493883 0.2702131 -0.6044852 0.6765829 0.3228639 -0.6618115 0.5687893 0.3378493 -0.7498911 0.4752722 0.3835322 -0.7918457 0.354972 0.3853389 -0.8517681 0.2451921 0.4215328 -0.8730355 0.004150509 0.4321439 -0.9017952 0.1209164 0.409596 -0.9042181 -0.120307 0.4059674 -0.9059342 -0.2239173 0.4192383 -0.8798297 -0.3541153 0.3823456 -0.8534719 -0.435997 0.3876546 -0.8121764 -0.5673288 0.3360818 -0.7517893 -0.6259256 0.3360203 -0.703781 -0.7840418 0.2674105 -0.5601519 -0.7479604 0.2695746 -0.6065352 -0.8853559 0.1876918 -0.4253432 -0.9026878 0.1854938 -0.3882613 -0.9711216 0.09500628 -0.2188533 -0.97567 0.09393823 -0.1981005 -0.9931869 0.04522943 -0.1073971 -0.9936773 0.04745745 -0.1017513 -0.992488 -0.05011266 0.1116091 -0.9712664 -0.1010788 0.2154639 -0.9694453 -0.101263 0.2234317 -0.8862897 -0.1974924 0.4189122 -0.8793745 -0.1976105 0.4331867 -0.570137 -0.3514029 0.7426034 -0.5460214 -0.3483477 0.7619151 -0.3570804 -0.4000216 0.8440831 -0.3233808 -0.3934833 0.8605788 -0.1233882 -0.4255261 0.8964949 -0.08099812 -0.4139328 0.9066967 0.1174684 -0.4264144 0.8968679 0.1663911 -0.4085311 0.89745 0.3516467 -0.4027059 0.8450874 0.4032819 -0.3775846 0.8335428 0.5655161 -0.356034 0.7439298 0.615724 -0.32332 0.7185736 0.7465564 -0.2891373 0.5992106 0.7901847 -0.2487963 0.5600969 0.884037 -0.2058185 0.4196635 0.9164178 -0.158484 0.3675071 0.9703153 -0.1109664 0.214883 0.9866084 -0.058016 0.1524409 0.9999476 -0.01001012 -0.002197325 0.9963802 0.04672437 -0.07101738 0.9714472 0.09103786 -0.2190952 0.9453718 0.1491487 -0.2898741 0.8862485 0.1862284 -0.424126 0.8363813 0.2430251 -0.4913301 0.7492989 0.2701835 -0.6046091 0.6765232 0.3229866 -0.6618129 0.5689089 0.3380615 -0.7497048 0.4752736 0.3837774 -0.791726 0.3549954 0.3854227 -0.8517204 0.2452208 0.4215296 -0.8730289 0.1208262 0.4096005 -0.904228 0.004089534 0.4321191 -0.9018073 -0.1202769 0.4059689 -0.9059375 -0.2238274 0.4192721 -0.8798366 -0.3540218 0.3823741 -0.8534978 -0.4359316 0.3876813 -0.8121988 -0.6260408 0.3360776 -0.7036511 -0.7841529 0.2678034 -0.5598084 -0.7480834 0.2698495 -0.6062613 -0.8853679 0.1882436 -0.4250742 -0.9025996 0.1859828 -0.3882323 -0.9710778 0.09524917 -0.2189419 -0.9756 0.09408998 -0.1983733 1.44696e-4 -0.9063052 -0.4226239 -5.78388e-5 -0.9060388 -0.4231948 0 -0.9063225 -0.4225867 0 -0.9063227 -0.4225865 8.60582e-5 -0.9063175 -0.4225976 -8.60402e-5 -0.9063189 -0.4225945 -1.28168e-4 -0.9063068 -0.4226205 -4.69376e-5 -0.9061919 -0.4228667 0 -0.9063287 -0.4225734 0 -0.9063304 -0.4225698 0 -0.9062821 -0.4226734 0 -0.906282 -0.4226736 0 -0.9062818 -0.4226741 0 -0.9062159 -0.4228154 3.2051e-5 -0.9063236 -0.4225843 0 -0.9062706 -0.4226981 0 -0.9067936 -0.4215748 -2.95786e-4 -0.9060472 -0.4231765 0.9181936 -0.1673965 0.3590251 0.9579308 -0.1212825 0.2601135 0.9579172 -0.1213152 0.2601487 0.9182036 -0.1673983 0.3589985 0.8020802 -0.2523953 0.5412614 0.8021106 -0.2523648 0.5412308 0.642619 -0.3237816 0.6944107 0.642801 -0.3237505 0.6942568 0.4487868 -0.3776462 0.809922 0.2307285 -0.4111912 0.8818652 0.2304502 -0.4112458 0.8819125 0.4487521 -0.3777037 0.8099145 0 -0.4225947 0.9063188 -0.2304531 -0.4112204 0.8819236 -0.2306967 -0.4112195 0.8818604 -0.4487573 -0.3776776 0.8099239 -0.4487816 -0.3776724 0.8099128 -0.6428189 -0.3237442 0.6942432 -0.642637 -0.3237753 0.6943971 -0.8020973 -0.2523606 0.5412523 -0.802067 -0.2523912 0.5412831 -0.918332 -0.1672774 0.3587263 -0.918322 -0.1672756 0.3587529 -0.9581323 -0.1210063 0.2594999 -0.9581221 -0.1210089 0.2595359 0.9848201 -0.07335615 0.1573158 0.9848198 -0.07335692 0.1573179 0 -0.00677514 0.9999771 0 0.1127693 0.9936212 0 0.3453843 0.9384614 0 0.5581675 0.8297283 0 0.7390806 0.6736172 0 0.8778175 0.4789954 0 0.966404 0.2570282 0 0.9997922 0.02038645 0 0.9760922 -0.217357 0 0.8966501 -0.44274 0 0.7659652 -0.6428821 0 0.5915436 -0.8062731 0 0.3833885 -0.9235873 0 0.1533275 -0.9881755 0 -0.08554565 -0.9963343 0 -0.3195036 -0.9475851 0 -0.5351821 -0.8447368 0 -0.7203327 -0.6936288 0 -0.8643518 -0.5028877 0 -0.9589934 -0.2834284 0 -0.9988573 -0.04779279 0 -0.9816811 0.1905314 0 -0.9084367 0.4180225 0 -0.7833014 0.6216421 0 -0.7034044 0.71079 1 -3.95042e-6 0 1 4.16808e-6 0 1 6.03018e-6 0 1 1.79852e-6 0 1 2.83794e-6 0 1 -1.12743e-5 0 1 -5.75375e-6 0 1 -7.36601e-6 0 1 -2.53299e-6 0 1 4.62312e-6 0 1 -5.96693e-7 0 1 -1.34836e-6 0 1 4.8623e-6 0 1 1.35816e-6 0 1 1.06999e-5 0 1 -1.90985e-5 0 1 -1.62104e-5 0 1 -5.55015e-7 0 1 -6.06399e-6 0 1 6.83957e-6 0 1 1.07273e-5 0 1 5.71337e-6 0 1 7.89082e-7 0 1 -2.82468e-7 0 0 0.9062592 0.4227224 -1.48801e-5 0.9062992 0.4226366 7.18448e-5 0.9063398 0.4225496 6.15303e-6 0.9062774 0.4226837 1.88208e-5 0.9063187 0.422595 -2.23509e-5 0.906319 0.4225943 -3.07647e-6 0.9062771 0.4226843 -7.18411e-5 0.9063392 0.422551 1.48801e-5 0.9062996 0.422636 -2.09057e-5 0.9062323 0.4227801 -4.64049e-5 0.9062985 0.4226382 -9.08748e-5 0.9063301 0.4225705 -6.18514e-5 0.9063187 0.4225949 2.25876e-4 0.9063361 0.4225577 4.97306e-5 0.9063193 0.4225937 -4.65878e-5 0.9063155 0.4226019 9.54317e-5 0.906327 0.4225773 -3.91232e-5 0.9062895 0.4226577 -1.01313e-4 0.9063023 0.4226303 -1.11816e-4 0.9062821 0.4226734 1.37197e-4 0.9063227 0.4225865 1.5213e-4 0.9063379 0.4225538 -1.51186e-5 0.9063272 0.4225769 -1.84692e-4 0.9062418 0.42276 5.48587e-5 0.9062587 0.4227239 5.87421e-5 0.9062468 0.4227492 -4.9716e-5 0.906259 0.422723 -5.87375e-5 0.9062463 0.4227502 1.88249e-4 0.9062411 0.422761 1.51191e-5 0.906327 0.422577 -1.29132e-4 0.9063231 0.4225856 -1.59728e-4 0.9063397 0.4225502 1.01316e-4 0.9063017 0.4226315 3.91188e-5 0.9062895 0.4226574 1.11816e-4 0.9062813 0.4226751 -9.54298e-5 0.9063271 0.4225768 4.65885e-5 0.9063158 0.4226014 -4.97312e-5 0.9063199 0.4225924 -2.26243e-4 0.9063377 0.4225542 8.07017e-5 0.9063303 0.4225701 6.18806e-5 0.9063187 0.4225949 4.64101e-5 0.9062989 0.4226374 2.09058e-5 0.9062316 0.4227818 -0.1206133 0.4196746 -0.8996254 -0.2392678 0.4104785 -0.8799195 -0.12061 0.4196631 -0.8996312 -0.2392966 0.4104756 -0.8799131 -0.4648135 0.3743228 -0.8023908 -0.4647782 0.374319 -0.8024131 -0.6631852 0.3163939 -0.6782922 -0.663216 0.3163941 -0.678262 -0.8229914 0.2401282 -0.5148046 -0.8230013 0.2401221 -0.5147917 -0.934961 0.1499722 -0.3214911 -0.9349517 0.1499707 -0.3215184 -0.9926779 0.05105757 -0.1094701 -0.9926828 0.05102729 -0.1094402 -0.9926795 -0.05102711 0.1094703 -0.9349512 -0.1499096 0.3215487 -0.8231285 -0.2399405 0.5146728 -0.8230193 -0.2400358 0.5148029 -0.6631227 -0.3163322 0.6783822 -0.6631907 -0.316305 0.6783283 -0.4646582 -0.3741986 0.8025386 -0.4648104 -0.3740763 0.8025076 -0.2392724 -0.4102424 0.8800283 0 -0.4225329 0.9063476 3.05188e-5 -0.4225329 0.9063476 -0.2393012 -0.4102394 0.8800219 0.23933 -0.4102364 0.8800155 0.2392373 -0.4102344 0.8800416 0.4645982 -0.3741384 0.8026015 0.4647227 -0.3741708 0.8025141 0.6631907 -0.316305 0.6783283 0.6632523 -0.3163053 0.6782679 0.8228973 -0.2401274 0.5149555 0.8228257 -0.2401244 0.515071 0.9349554 -0.1498797 0.3215502 0.9349645 -0.1498812 0.3215228 0.9927241 -0.05087524 0.1091361 0.9927207 -0.05087506 0.1091663 0.9927192 0.05090552 -0.1091662 0.9927225 0.0509057 -0.109136 0.934961 0.1499722 -0.3214911 0.9349652 0.1499423 -0.3214925 0.8227918 0.2402454 -0.5150689 0.8228275 0.2402469 -0.5150111 0.6631852 0.3163939 -0.6782922 0.6631788 0.3164214 -0.6782857 0.4647782 0.374319 -0.8024131 0.2393029 0.4104866 -0.8799062 0.2392966 0.4104756 -0.8799131 0.1206434 0.419673 -0.899622 0.12061 0.4196631 -0.8996312 5.04122e-5 0.9063423 0.4225445 -5.51434e-5 0.9063429 0.422543 0 0.9063615 0.4225034 -5.96804e-5 0.9063564 0.4225142 4.60024e-5 0.9063745 0.4224753 -4.72658e-5 0.9062601 0.4227206 -8.53968e-5 0.9063217 0.4225885 -9.33608e-5 0.9063172 0.422598 1.42802e-5 0.906356 0.4225149 -1.23811e-4 0.9062202 0.422806 -2.49955e-4 0.9063369 0.4225558 -2.33452e-5 0.9062843 0.4226685 -1.09041e-4 0.906289 0.4226586 -6.74792e-5 0.9063703 0.4224843 6.90609e-5 0.9062114 0.4228251 0 0.9062402 0.4227632 -4.47871e-5 0.9062231 0.4227998 -2.52179e-5 0.9062183 0.4228104 2.52204e-5 0.9062179 0.422811 4.47865e-5 0.9062244 0.4227972 -6.13826e-5 0.9062111 0.4228257 6.74755e-5 0.9063711 0.4224826 2.33161e-5 0.9062834 0.4226706 1.09035e-4 0.9062892 0.4226581 2.50013e-4 0.9063372 0.4225553 1.16064e-4 0.9062191 0.4228085 -1.42835e-5 0.9063575 0.4225117 9.32432e-5 0.9063184 0.4225956 8.53931e-5 0.9063208 0.4225904 4.72632e-5 0.9062605 0.4227198 -4.59989e-5 0.906374 0.4224765 5.96795e-5 0.9063577 0.4225114 0.866099 -0.2112245 0.4530527 0.8661063 -0.2112101 0.4530453 0 0.9063059 0.4226224 -4.11661e-6 0.9063057 0.4226226 2.05778e-6 0.9063063 0.4226218 0 0.9063063 0.4226215 0.8660958 0.2112254 -0.4530585 0.8660963 0.2112147 -0.4530625 0 0.4225344 -0.9063469 0 0.4225344 -0.9063469 -0.8660969 0.2112131 -0.453062 -0.8660941 0.2112277 -0.4530605 -0.8660996 -0.2112237 0.4530521 -0.8661077 -0.2112096 0.4530433 0 -0.4225401 0.9063442 -0.9847903 -0.07342755 0.157469 -0.9847899 -0.07342886 0.1574712 -1 -6.36249e-7 0 -1 1.17182e-6 0 -1 -5.07717e-6 0 -1 1.46539e-6 0 -1 2.01219e-6 0 -1 8.64115e-6 0 -1 -6.23644e-6 0 -1 -1.35678e-5 0 -1 -7.99623e-6 0 -1 -8.53665e-6 0 -1 -8.95865e-6 0 -1 -4.59694e-6 0 -1 4.54661e-6 0 -1 6.38833e-7 0 -1 -1.67211e-6 0 -1 3.53577e-6 0 -1 4.55324e-6 0 -1 1.29587e-5 0 -1 -2.92097e-6 0 -1 1.1055e-5 0 -1 1.03378e-5 0 -1 -2.72257e-6 0 -1 2.64505e-6 0 -1 -9.78359e-6 0 -1 4.91874e-6 0 0.9999994 5.77893e-4 -9.53431e-4 0.9999991 6.13729e-4 -0.001291334 0.9999996 3.88728e-4 -8.1855e-4 0.9999997 3.82005e-4 -8.02435e-4 0.9999995 4.70259e-4 -8.35136e-4 0.9999996 4.15481e-4 -8.53025e-4 0.9999995 5.44737e-4 -8.0072e-4 0.9999996 1.18962e-4 -9.38851e-4 0.9999996 1.20447e-4 -9.39356e-4 0.999999 0.001332402 -5.44214e-4 0.9999997 3.9275e-4 -8.47071e-4 0.9999997 3.87327e-4 -8.42734e-4 0.9999997 4.38493e-4 -6.68107e-4 0.9999997 3.41343e-4 -8.23989e-4 0.9999996 4.26907e-4 -8.46977e-4 0.9999994 5.418e-4 -0.001058399 0.9999996 3.49476e-4 -8.36162e-4 0.9999997 3.12115e-4 -7.71104e-4 0.9999995 5.1181e-4 -8.50791e-4 0.9999997 2.52633e-4 -8.46321e-4 0.9999995 7.82813e-4 -7.8855e-4 0.9999995 -4.84873e-4 -9.22204e-4 0.9999992 2.35825e-4 -0.001259148 0.9999993 2.50813e-4 -0.001196503 -0.00589013 0.119024 0.9928739 -0.00552386 0.1216473 0.9925581 -0.005951166 0.2361854 0.9716898 -0.005279719 0.2416776 0.9703423 -0.005859673 0.4589475 0.888444 -0.004486262 0.4690479 0.8831614 -0.005493521 0.6557441 0.7549633 -0.003418147 0.6686792 0.7435432 -0.004852473 0.8152225 0.5791278 -0.002044737 0.8286431 0.5597736 -0.003936946 0.9288479 0.3704404 -4.88303e-4 0.9394347 0.3427279 -0.002899289 0.9900489 0.1406943 0.00112915 0.9944344 0.1053519 -0.001770079 0.9953136 -0.09668391 0.002838253 0.9903845 -0.1383138 -6.10381e-4 0.9443207 -0.329026 0.00451678 0.9275002 -0.3737956 4.27271e-4 0.8397715 -0.54294 0.00601232 0.8094678 -0.5871335 0.001342833 0.6874765 -0.7262054 0.007324576 0.6433438 -0.7655425 0.002044737 0.4960886 -0.8682695 0.008331716 0.438988 -0.8984543 0.00250256 0.2766585 -0.960965 0.009003043 0.2085055 -0.9779798 0.00262463 0.04162782 -0.9991298 0.009338676 -0.0343945 -0.9993647 0.002441525 -0.1953525 -0.9807301 0.009308218 -0.2751889 -0.9613452 0.002777278 -0.4072834 -0.9132977 0.009033679 -0.4997233 -0.8661381 0.003692746 -0.5732065 -0.8194027 0.006836235 -0.6951032 -0.7188776 0.003570675 -0.7182291 -0.6957977 0.00427258 -0.8479941 -0.5299887 0.002746701 -0.8545758 -0.5193194 0.002655148 -0.9510366 -0.309067 0.001831114 -0.9530872 -0.3026904 8.85064e-4 -0.9975587 -0.06982845 8.24015e-4 -0.9976076 -0.06912571 -3.35714e-4 -0.9848924 0.1731672 -7.32466e-4 -0.9858683 0.167521 -0.00262463 -0.9184871 0.3954423 -0.001220762 -0.9137114 0.4063618 -0.004211604 -0.7992965 0.6009221 -0.002166807 -0.7883403 0.6152356 -0.005615472 -0.6352532 0.7722836 -0.003540158 -0.6203606 0.7843089 -0.006073296 -0.4377685 0.8990673 -0.004852533 -0.4281862 0.9036775 -0.006012201 -0.2231232 0.9747717 -0.005554378 -0.2193984 0.9756196 -0.006042778 -0.1121577 0.9936721 -0.005829095 -0.1105402 0.9938546 9.15585e-4 -0.5530438 0.8331518 0.001281738 -0.4865311 0.8736624 -4.27271e-4 -0.5263977 0.8502385 -5.49343e-4 -0.4284877 0.9035475 0.001525938 -0.3443511 0.9388397 -2.13633e-4 -0.2192791 0.9756622 0.001586973 -0.1413955 0.9899519 0.001831114 0.04391658 0.9990336 -3.0519e-5 0.005554437 0.9999846 0.00125128 -0.07577919 0.9971239 -3.66227e-4 0.2419539 0.9702877 0.001678526 0.2800172 0.9599936 -4.27267e-4 0.4694141 0.8829782 0.001403868 0.500061 0.8659891 -5.18834e-4 0.6690524 0.7432152 0.001098692 0.6914169 0.7224552 -6.40901e-4 0.8289903 0.5592625 7.62984e-4 0.8432199 0.5375683 -7.32453e-4 0.9396461 0.3421473 4.27265e-4 0.9467585 0.3219443 -8.54541e-4 0.9945024 0.1047117 9.15561e-5 0.9961299 0.08789378 -9.46081e-4 0.990303 -0.1389213 -2.13633e-4 0.9885092 -0.1511604 -5.18829e-4 0.9243091 -0.3816445 -9.76596e-4 0.9272782 -0.3743721 -7.62976e-4 0.8072287 -0.5902383 -9.76612e-4 0.8091843 -0.5875543 -8.85054e-4 0.6440754 -0.7649616 -0.001037597 0.6430973 -0.7657839 -8.24008e-4 0.4439878 -0.8960325 -0.001159727 0.438807 -0.8985807 -6.71415e-4 0.2184844 -0.9758402 -0.001281738 0.2084137 -0.97804 -4.57789e-4 -0.01947122 -0.9998103 -0.001312315 -0.03436446 -0.9994086 -2.13636e-4 -0.2563631 -0.9665805 -0.001312315 -0.2750998 -0.9614148 3.05195e-5 -0.4785763 -0.878046 -0.001281797 -0.4994807 -0.8663241 3.35706e-4 -0.6734259 -0.7392547 -0.001190245 -0.6941876 -0.7197932 6.71413e-4 -0.829714 -0.5581884 0.001007139 -0.9385374 -0.3451762 -0.001068115 -0.847696 -0.5304814 -9.461e-4 -0.9508305 -0.3097104 0.001312255 -0.9936621 -0.1124008 -7.93492e-4 -0.9975115 -0.0704987 0.001617491 -0.9919262 0.1268061 -7.01942e-4 -0.984946 0.1728607 0.001861631 -0.9334203 0.3587801 -6.10379e-4 -0.9138894 0.4059628 0.001739561 -0.8339878 0.5517802 -7.93507e-4 -0.7886234 0.614876 0.001190245 -0.7269475 0.6866921 -9.76603e-4 -0.7068165 0.7073964 9.46091e-4 -0.6736168 0.7390802 9.15572e-4 -0.6736168 0.7390802 0.001190245 -0.7070758 0.7071368 0.001037597 -0.706175 0.7080366 5.18819e-4 -0.7831117 0.621881 0.002563595 -0.7899557 0.6131587 0 -0.7077169 0.7064962 0 -0.9071134 0.4208862 0.002868771 -0.9160366 0.4010846 3.05188e-4 -0.980569 0.1961748 0.002685606 -0.9863335 0.1647399 9.46077e-4 -0.9992099 -0.03973519 0.001678526 -0.9966956 -0.08121156 0.002197384 -0.9617872 -0.2737892 2.44151e-4 -0.9467276 -0.3220357 0.003692865 -0.8702043 -0.4926773 -0.001861631 -0.8396736 -0.5430884 0.005646049 -0.7293485 -0.6841191 -0.004120111 -0.6822005 -0.7311536 0.00802648 -0.5470246 -0.8370782 -0.006622731 -0.4839782 -0.8750551 0.0105291 -0.3333619 -0.9427402 -0.009399771 -0.2570605 -0.9663496 0.01321464 -0.1004679 -0.9948526 -0.01220768 -0.01513755 -0.9998109 0.01608341 0.138403 -0.9902454 -0.01492357 0.2273635 -0.9736956 0.01910489 0.3697385 -0.9289395 -0.01754868 0.4561436 -0.8897333 -0.02035647 0.6574516 -0.7532218 0.02166867 0.5800186 -0.814315 0.02444589 0.7571825 -0.6527457 -0.02261489 0.819753 -0.5722706 0.02722328 0.8908621 -0.4534576 -0.02472013 0.9335057 -0.3577096 0.0295732 0.9732311 -0.2279184 -0.02679538 0.9921329 -0.1222885 -0.02847403 0.9923508 0.1201221 0.03186166 0.9994323 0.01095622 0.03393745 0.9678284 0.2493122 -0.02999979 0.9342367 0.3553896 0.0357986 0.8801643 0.4733172 -0.03112936 0.8213276 0.5696069 0.03756856 0.7414843 0.6699177 -0.03222852 0.6602882 0.7503206 -0.03329658 0.4605981 0.8869841 0.03881996 0.5597774 0.8277332 0.03988808 0.3455038 0.9375693 -0.03415095 0.2339905 0.971639 0.05362159 0.1190845 0.9914352 0.02182102 0.006500542 0.9997408 0.01968491 -0.06286966 0.9978277 0.55594 -0.09644103 0.8256088 -0.6086823 -0.2117447 0.7646372 0.001098692 -0.1213448 0.9926099 0.9492593 -0.1027876 0.2972233 -0.8207595 -0.2389672 0.5188917 0.933571 -0.1875992 0.3053714 0.02093619 -0.5529789 0.8329323 0 -0.553305 0.8329789</float_array>
          <technique_common>
            <accessor source="#Mesh69_647-mesh-normals-array" count="5276" stride="3">
              <param name="X" type="float"/>
              <param name="Y" type="float"/>
              <param name="Z" type="float"/>
            </accessor>
          </technique_common>
        </source>
        <vertices id="Mesh69_647-mesh-vertices">
          <input semantic="POSITION" source="#Mesh69_647-mesh-positions"/>
        </vertices>
        <triangles material="mat_1_006-material" count="6855">
          <input semantic="VERTEX" source="#Mesh69_647-mesh-vertices" offset="0"/>
          <input semantic="NORMAL" source="#Mesh69_647-mesh-normals" offset="1"/>
          <p>33 0 34 0 42 0 35 1 33 1 36 1 33 2 37 2 36 2 33 0 38 0 37 0 33 3 39 3 38 3 33 4 40 4 39 4 33 0 41 0 40 0 33 5 42 5 41 5 42 0 34 0 43 0 34 0 44 0 43 0 45 6 47 6 44 6 34 0 45 0 44 0 44 7 50 7 46 7 47 0 48 0 44 0 44 8 48 8 49 8 44 0 49 0 50 0 50 9 51 9 46 9 51 0 52 0 53 0 46 0 51 0 53 0 53 10 55 10 54 10 53 0 52 0 55 0 55 11 56 11 54 11 56 0 57 0 58 0 54 12 56 12 58 12 58 0 57 0 59 0 57 0 60 0 59 0 59 0 60 0 61 0 60 13 62 13 61 13 61 14 62 14 63 14 62 15 64 15 63 15 63 0 64 0 65 0 64 0 66 0 65 0 65 0 66 0 67 0 67 0 69 0 68 0 66 16 69 16 67 16 68 0 69 0 70 0 72 0 70 0 71 0 72 17 68 17 70 17 73 18 72 18 71 18 74 0 72 0 73 0 74 19 73 19 75 19 76 0 74 0 75 0 76 0 75 0 77 0 76 20 77 20 79 20 78 21 76 21 81 21 76 0 79 0 80 0 76 22 80 22 81 22 35 23 82 23 81 23 82 24 78 24 81 24 35 25 83 25 82 25 84 26 83 26 35 26 85 27 84 27 35 27 86 0 85 0 35 0 36 0 86 0 35 0 87 28 90 28 88 28 87 29 88 29 89 29 91 30 92 30 93 30 93 31 92 31 94 31 96 32 98 32 95 32 95 33 99 33 97 33 95 34 98 34 99 34 97 33 99 33 100 33 100 35 102 35 101 35 103 36 100 36 101 36 97 37 100 37 103 37 102 38 105 38 104 38 101 33 102 33 104 33 105 39 107 39 106 39 104 33 105 33 106 33 107 40 109 40 108 40 106 33 107 33 108 33 109 41 111 41 108 41 109 42 110 42 111 42 110 43 112 43 111 43 110 44 113 44 112 44 115 45 114 45 113 45 110 33 115 33 113 33 115 46 116 46 117 46 115 33 117 33 118 33 115 47 118 47 114 47 120 48 119 48 117 48 116 49 120 49 117 49 120 33 121 33 119 33 122 33 119 33 121 33 123 33 119 33 122 33 124 33 119 33 123 33 125 33 124 33 126 33 125 50 119 50 124 50 125 51 126 51 127 51 125 52 127 52 128 52 129 33 125 33 128 33 130 33 125 33 129 33 132 53 125 53 130 53 132 33 130 33 131 33 133 33 132 33 134 33 132 54 131 54 134 54 135 55 134 55 140 55 136 33 134 33 135 33 137 33 134 33 136 33 138 33 134 33 137 33 138 56 139 56 134 56 139 33 133 33 134 33 135 57 140 57 141 57 142 33 141 33 143 33 142 58 135 58 141 58 145 33 142 33 143 33 145 33 143 33 144 33 145 33 144 33 146 33 146 59 144 59 96 59 96 33 144 33 98 33 148 60 150 60 147 60 149 61 147 61 150 61 152 62 150 62 148 62 151 63 149 63 150 63 148 64 153 64 152 64 148 65 154 65 153 65 154 66 151 66 153 66 154 67 149 67 151 67 156 68 155 68 158 68 159 69 155 69 157 69 158 70 155 70 164 70 159 71 160 71 155 71 160 72 161 72 155 72 161 73 162 73 155 73 163 74 155 74 162 74 164 75 155 75 163 75 165 76 159 76 157 76 166 77 165 77 157 77 167 78 166 78 157 78 168 79 167 79 157 79 169 80 168 80 157 80 170 81 169 81 157 81 171 82 170 82 157 82 157 83 172 83 171 83 175 84 173 84 172 84 157 85 174 85 172 85 174 86 175 86 172 86 175 87 176 87 173 87 176 88 177 88 178 88 176 89 178 89 179 89 176 90 179 90 173 90 177 91 181 91 178 91 181 92 180 92 178 92 181 93 182 93 183 93 181 94 183 94 180 94 184 95 185 95 183 95 182 96 184 96 183 96 184 97 186 97 185 97 184 98 187 98 186 98 187 99 188 99 186 99 190 100 189 100 188 100 187 101 190 101 188 101 190 102 191 102 189 102 192 103 189 103 191 103 193 104 194 104 192 104 192 105 194 105 195 105 192 106 195 106 189 106 156 107 158 107 194 107 156 108 194 108 193 108 156 109 193 109 196 109 156 110 196 110 197 110 156 111 197 111 198 111 156 112 198 112 199 112 156 113 199 113 200 113 156 114 200 114 201 114 156 115 201 115 202 115 204 116 156 116 202 116 204 117 202 117 203 117 157 118 204 118 210 118 204 119 206 119 205 119 204 120 205 120 207 120 204 121 203 121 206 121 204 122 207 122 208 122 204 123 208 123 209 123 204 124 209 124 210 124 157 125 210 125 174 125 212 126 213 127 211 128 212 126 214 129 213 127 215 130 214 129 212 126 215 130 216 131 214 129 217 132 216 131 215 130 217 132 218 133 216 131 219 134 218 133 217 132 219 134 220 135 218 133 221 136 220 135 219 134 221 136 222 137 220 135 223 138 222 137 221 136 223 138 224 139 222 137 226 140 225 141 224 139 226 140 224 139 223 138 227 142 225 141 226 140 228 143 229 144 227 142 227 142 229 144 225 141 228 143 230 145 229 144 232 146 230 145 228 143 232 146 231 147 230 145 233 148 231 147 232 146 233 148 235 149 231 147 234 150 235 149 233 148 234 150 236 151 235 149 238 152 237 153 236 151 238 152 236 151 234 150 239 154 237 153 238 152 239 154 240 155 237 153 241 156 240 155 239 154 242 157 243 158 241 156 241 156 243 158 240 155 242 157 244 159 243 158 246 160 245 161 244 159 246 160 244 159 242 157 247 162 245 161 246 160 248 163 249 164 247 162 247 162 249 164 245 161 248 163 250 165 249 164 252 166 251 167 250 165 252 166 250 165 248 163 253 168 251 167 252 166 254 169 255 170 253 168 253 168 255 170 251 167 254 169 256 171 255 170 258 172 257 173 256 171 258 172 256 171 254 169 259 174 257 173 258 172 260 175 261 176 259 174 259 174 261 176 257 173 260 175 262 177 261 176 264 178 263 179 262 177 264 178 262 177 260 175 265 180 263 179 264 178 268 181 267 181 266 181 268 182 269 182 267 182 270 0 271 0 272 0 272 183 271 183 273 183 275 33 276 33 274 33 276 184 277 184 274 184 279 185 280 185 278 185 281 186 280 186 279 186 283 187 282 187 284 187 283 188 284 188 285 188 287 189 286 189 288 189 290 190 288 190 289 190 290 191 287 191 288 191 291 192 290 192 289 192 291 193 293 193 292 193 291 194 289 194 293 194 293 195 295 195 294 195 292 196 293 196 294 196 292 197 294 197 296 197 296 198 298 198 297 198 292 199 296 199 297 199 299 200 297 200 300 200 292 201 297 201 299 201 300 202 297 202 301 202 301 203 297 203 303 203 303 204 297 204 302 204 301 205 303 205 304 205 304 206 303 206 305 206 303 207 307 207 306 207 303 208 308 208 307 208 303 209 302 209 308 209 306 210 307 210 309 210 304 211 305 211 310 211 299 212 300 212 311 212 313 213 314 214 312 214 313 213 315 215 314 214 317 216 316 217 315 215 317 216 315 215 313 213 317 216 318 218 316 217 319 219 318 218 317 216 320 220 318 218 319 219 321 221 322 220 320 220 320 220 322 220 318 218 321 221 323 222 322 220 324 223 323 222 321 221 324 223 325 223 323 222 324 223 326 224 325 223 327 225 326 224 324 223 328 226 326 224 327 225 328 226 329 227 326 224 328 226 330 228 329 227 333 229 331 229 330 228 332 228 330 228 328 226 333 229 330 228 332 228 334 230 335 231 333 229 333 229 335 231 331 229 336 232 335 231 334 230 336 232 337 233 335 231 338 0 337 233 336 232 338 0 339 0 337 233 338 0 340 234 339 0 341 235 340 234 338 0 342 236 340 234 341 235 342 236 343 237 340 234 344 238 343 237 342 236 344 238 345 239 343 237 344 238 346 240 345 239 349 241 347 242 346 240 348 240 346 240 344 238 349 241 346 240 348 240 350 243 347 242 349 241 351 244 352 245 350 243 350 243 352 245 347 242 351 244 353 246 352 245 354 247 353 246 351 244 354 247 355 248 353 246 356 249 355 248 354 247 356 249 357 249 355 248 356 249 358 250 357 249 359 251 358 250 356 249 360 252 358 250 359 251 360 252 361 253 358 250 363 254 362 255 361 253 363 254 361 253 360 252 364 256 365 256 363 254 363 254 365 256 362 255 367 257 366 257 368 257 370 258 368 258 369 258 370 259 367 259 368 259 371 260 370 260 369 260 371 261 369 261 372 261 371 262 372 262 373 262 373 263 375 263 374 263 373 264 374 264 377 264 373 265 376 265 375 265 373 266 372 266 376 266 377 267 379 267 378 267 377 268 374 268 379 268 379 269 374 269 380 269 380 270 382 270 381 270 380 271 374 271 382 271 381 272 382 272 383 272 382 273 385 273 384 273 382 274 386 274 385 274 382 275 387 275 386 275 382 276 374 276 387 276 384 277 385 277 388 277 381 278 383 278 389 278 372 279 390 279 376 279 375 280 391 280 374 280 393 281 394 214 392 214 393 281 395 215 394 214 397 282 396 217 395 215 397 282 395 215 393 281 398 219 399 283 397 282 397 282 399 283 396 217 400 284 399 283 398 219 400 284 401 285 399 283 402 221 401 285 400 284 402 221 403 286 401 285 404 287 403 286 402 221 404 287 405 223 403 286 406 225 405 223 404 287 406 225 407 288 405 223 408 226 407 288 406 225 408 226 409 289 407 288 408 226 410 228 409 289 413 229 411 290 410 228 412 291 410 228 408 226 413 229 410 228 412 291 414 292 415 293 413 229 413 229 415 293 411 290 414 292 416 294 415 293 417 295 416 294 414 292 418 0 416 294 417 295 418 0 419 0 416 294 420 235 419 0 418 0 420 235 421 234 419 0 422 296 421 234 420 235 422 296 423 297 421 234 424 298 423 297 422 296 424 298 425 298 423 297 427 299 426 240 425 298 427 299 425 298 424 298 428 300 426 240 427 299 428 300 431 242 426 240 428 300 429 301 431 242 430 301 429 301 428 300 432 302 429 301 430 301 433 303 434 302 432 302 432 302 434 302 429 301 433 303 435 303 434 302 436 304 435 303 433 303 436 304 437 249 435 303 436 304 438 250 437 249 439 250 438 250 436 304 440 305 438 250 439 250 440 305 441 253 438 250 443 254 442 306 441 253 443 254 441 253 440 305 444 256 445 256 443 254 443 254 445 256 442 306 449 307 447 307 446 308 448 308 449 307 446 308 449 307 450 309 447 307 449 307 451 309 450 309 451 309 452 310 450 309 452 310 453 311 454 310 452 310 454 310 450 309 453 311 455 311 454 310 457 312 456 312 455 311 453 311 457 312 455 311 457 312 458 313 456 312 458 313 459 313 456 312 461 314 460 315 462 315 461 314 462 315 463 314 465 316 461 314 463 314 465 316 463 314 464 316 466 317 465 316 464 316 467 318 466 317 468 317 466 317 464 316 468 317 467 318 468 317 469 318 471 319 469 318 470 319 471 319 467 318 469 318 473 320 472 321 474 321 473 320 474 321 475 320 477 322 475 320 476 322 477 322 473 320 475 320 478 323 477 322 476 322 479 324 478 323 480 323 478 323 476 322 480 323 479 324 480 323 481 324 482 325 479 324 481 324 482 325 481 324 483 325 484 326 482 325 483 325 484 326 483 325 485 326 488 327 487 328 486 327 488 327 489 328 487 328 489 328 490 329 487 328 490 329 492 329 487 328 490 329 491 330 492 329 491 330 493 330 492 329 495 331 494 331 493 330 491 330 495 331 493 330 495 331 496 332 494 331 496 332 497 332 494 331 501 333 499 334 498 335 501 333 498 335 500 336 503 337 499 334 501 333 501 333 504 338 502 339 503 337 501 333 502 339 501 333 500 336 504 338 502 339 504 338 505 340 502 339 505 340 506 341 508 342 506 341 507 343 502 339 506 341 508 342 509 344 502 339 508 342 509 344 508 342 511 345 508 342 507 343 510 346 508 342 510 346 511 345 509 344 511 345 512 347 514 348 512 347 513 349 514 348 509 344 512 347 516 350 514 348 513 349 515 351 509 344 514 348 517 352 515 351 514 348 517 352 514 348 516 350 517 352 518 353 515 351 519 354 518 353 517 352 520 355 517 352 516 350 521 356 519 354 517 352 521 356 517 352 520 355 521 356 522 357 519 354 521 356 523 358 522 357 525 359 523 358 521 356 524 360 521 356 520 355 525 359 521 356 524 360 526 361 525 359 524 360 526 361 528 362 525 359 525 359 527 363 523 358 525 359 528 362 527 363 530 364 529 365 528 362 530 364 528 362 526 361 530 364 531 366 529 365 534 367 531 366 530 364 530 364 532 368 533 369 530 364 526 361 532 368 534 367 530 364 533 369 536 370 531 366 534 367 534 367 533 369 535 371 536 370 534 367 535 371 536 370 537 372 531 366 539 373 537 372 536 370 536 370 535 371 538 374 539 373 536 370 538 374 540 375 541 376 539 373 540 375 539 373 542 377 539 373 541 376 537 372 539 373 538 374 542 377 542 377 538 374 543 378 542 377 543 378 544 379 545 380 542 377 544 379 540 375 542 377 545 380 545 380 544 379 546 381 547 382 545 380 546 381 548 383 540 375 545 380 548 383 545 380 547 382 548 383 550 384 549 385 548 383 549 385 540 375 551 386 550 384 548 383 551 386 548 383 547 382 551 386 547 382 552 387 553 388 551 386 552 387 553 388 554 389 551 386 551 386 554 389 550 384 553 388 555 390 554 389 559 391 556 392 555 390 553 388 557 393 555 390 558 394 555 390 557 393 559 391 555 390 558 394 559 391 558 394 556 392 558 394 557 393 560 395 558 394 560 395 561 396 562 397 558 394 561 396 562 397 556 392 558 394 562 397 563 398 556 392 566 399 563 398 562 397 562 397 561 396 564 400 565 401 562 397 564 400 566 399 562 397 565 401 566 399 567 402 563 398 569 403 567 402 566 399 568 404 566 399 565 401 569 403 566 399 568 404 570 405 567 402 569 403 570 405 569 403 568 404 571 406 570 405 575 407 572 408 570 405 571 406 572 408 573 409 570 405 570 405 573 409 567 402 570 405 568 404 574 410 570 405 574 410 575 407 575 407 574 410 576 411 577 412 575 407 576 411 571 406 575 407 577 412 577 412 576 411 580 413 579 414 571 406 577 412 578 415 577 412 580 413 579 414 577 412 578 415 582 416 580 413 581 417 582 416 578 415 580 413 583 418 578 415 582 416 584 419 582 416 581 417 585 420 583 418 582 416 585 420 582 416 584 419 587 421 585 420 584 419 585 420 589 422 586 423 585 420 586 423 583 418 588 424 585 420 587 421 588 424 590 425 585 420 585 420 590 425 589 422 592 426 591 427 590 425 592 426 590 425 588 424 592 426 588 424 587 421 592 426 587 421 594 428 592 426 593 429 591 427 595 430 593 429 592 426 595 430 592 426 594 428 595 430 594 428 596 431 597 432 595 430 596 431 597 432 598 433 595 430 595 430 598 433 593 429 597 432 599 434 598 433 600 435 599 434 601 436 602 437 601 436 599 434 602 437 599 434 597 432 602 437 597 432 603 438 602 437 603 438 605 439 602 437 605 439 604 440 602 437 604 440 601 436 605 439 603 438 606 441 605 439 606 441 609 442 605 439 609 442 607 443 605 439 607 443 608 444 605 439 608 444 604 440 609 442 606 441 610 445 609 442 610 445 607 443 612 446 610 445 611 447 607 443 610 445 612 446 614 448 613 449 606 441 603 438 614 448 606 441 603 438 613 449 614 448 615 450 616 451 613 449 596 431 615 450 613 449 603 438 596 431 613 449 594 428 617 452 616 451 596 431 594 428 616 451 596 431 616 451 615 450 618 453 581 417 617 452 587 421 618 453 617 452 594 428 587 421 617 452 618 453 584 419 581 417 587 421 584 419 618 453 597 432 596 431 603 438 579 414 589 422 573 409 586 423 589 422 579 414 586 423 579 414 583 418 583 418 579 414 578 415 579 414 573 409 572 408 579 414 572 408 571 406 574 410 619 454 576 411 565 401 620 455 619 454 574 410 565 401 619 454 564 400 621 456 620 455 565 401 564 400 620 455 561 396 622 457 621 456 564 400 561 396 621 456 560 395 623 458 622 457 561 396 560 395 622 457 625 459 624 460 623 458 560 395 625 459 623 458 625 459 626 461 624 460 625 459 547 382 626 461 552 387 547 382 625 459 560 395 552 387 625 459 626 461 627 462 624 460 626 461 546 381 627 462 547 382 546 381 626 461 544 379 628 463 627 462 546 381 544 379 627 462 544 379 629 464 628 463 543 378 630 465 629 464 544 379 543 378 629 464 632 466 631 467 630 465 543 378 632 466 630 465 535 371 633 468 632 466 538 374 535 371 632 466 538 374 632 466 543 378 632 466 633 468 631 467 633 468 634 469 631 467 533 369 634 469 633 468 535 371 533 369 633 468 634 469 524 360 636 470 532 368 524 360 634 469 533 369 532 368 634 469 634 469 635 471 631 467 634 469 637 472 635 471 634 469 636 470 637 472 639 473 638 474 637 472 636 470 639 473 637 472 639 473 640 475 638 474 639 473 516 350 640 475 520 355 516 350 639 473 524 360 520 355 639 473 524 360 639 473 636 470 516 350 513 349 640 475 568 404 565 401 574 410 557 393 552 387 560 395 553 388 552 387 557 393 540 375 549 385 541 376 526 361 524 360 532 368 519 354 522 357 641 476 518 353 641 476 642 477 519 354 641 476 518 353 503 337 642 477 499 334 518 353 642 477 503 337 518 353 503 337 643 478 518 353 643 478 515 351 643 478 502 339 509 344 503 337 502 339 643 478 515 351 643 478 509 344 647 479 644 479 645 479 646 0 644 0 647 0 647 0 645 0 649 0 648 0 646 0 647 0 649 480 645 480 650 480 649 481 650 481 651 481 651 0 650 0 652 0 651 482 652 482 653 482 653 0 652 0 655 0 654 483 653 483 655 483 654 484 655 484 656 484 658 0 656 0 657 0 658 485 654 485 656 485 659 486 658 486 657 486 659 0 657 0 660 0 661 487 659 487 660 487 662 488 661 488 663 488 661 0 660 0 663 0 662 0 663 0 664 0 666 489 664 489 665 489 666 490 662 490 664 490 667 491 666 491 665 491 668 0 666 0 667 0 670 492 668 492 667 492 669 0 668 0 670 0 671 0 669 0 670 0 672 0 673 0 671 0 671 493 673 493 669 493 672 494 674 494 673 494 675 0 674 0 672 0 675 495 676 495 674 495 677 0 676 0 675 0 677 496 678 496 676 496 680 0 679 0 678 0 680 0 678 0 677 0 681 497 679 497 680 497 681 498 682 498 683 498 681 0 683 0 679 0 682 0 684 0 683 0 684 0 685 0 683 0 687 0 686 0 685 0 684 499 687 499 685 499 687 0 688 0 686 0 688 0 689 0 690 0 688 0 690 0 686 0 690 500 689 500 691 500 689 0 692 0 691 0 691 501 692 501 693 501 693 502 695 502 694 502 692 503 695 503 693 503 695 0 696 0 694 0 696 504 697 504 698 504 694 505 696 505 698 505 698 0 697 0 648 0 697 0 646 0 648 0 701 506 699 507 700 506 701 506 702 507 699 507 703 508 701 506 700 506 704 509 703 508 705 508 703 508 700 506 705 508 704 509 705 508 706 509 708 510 706 509 707 510 708 510 704 509 706 509 709 511 708 510 707 510 709 511 707 510 710 511 711 512 709 511 710 511 712 513 711 512 713 512 711 512 710 511 713 512 712 513 713 512 714 513 716 514 714 513 715 514 716 514 712 513 714 513 717 515 716 514 715 514 717 515 715 514 718 515 719 516 717 515 718 515 720 517 719 516 721 516 719 516 718 515 721 516 720 517 721 516 722 517 724 518 722 517 723 518 724 518 720 517 722 517 725 519 724 518 723 518 725 519 723 518 726 519 727 520 725 519 726 519 728 521 727 520 729 520 727 520 726 519 729 520 728 521 729 520 730 521 732 522 730 521 731 522 732 522 728 521 730 521 733 523 732 522 731 522 733 523 731 522 735 523 734 524 733 523 735 523 734 524 735 523 736 524 738 525 736 524 737 525 738 525 734 524 736 524 739 526 738 525 737 525 739 526 737 525 740 526 741 527 739 526 740 526 741 527 740 526 743 527 742 528 741 527 743 527 742 528 743 527 744 528 746 529 744 528 745 529 746 529 742 528 744 528 747 530 746 529 745 529 747 530 745 529 748 530 749 531 747 530 748 530 749 531 748 530 751 531 750 532 749 531 751 531 750 532 751 531 752 532 750 532 752 532 753 533 755 534 753 533 754 534 755 534 756 533 753 533 756 533 750 532 753 533 757 535 755 534 754 534 757 535 754 534 758 535 761 536 759 537 760 536 761 536 762 537 759 537 763 538 761 536 760 536 764 539 763 538 765 538 763 538 760 536 765 538 764 539 765 538 766 539 764 539 766 539 767 540 769 541 767 540 768 541 769 541 770 540 767 540 770 540 764 539 767 540 771 542 769 541 768 541 771 542 768 541 772 543 771 542 772 543 773 544 774 544 771 542 773 544 775 545 774 544 773 544 775 545 773 544 777 545 776 546 775 545 777 545 776 546 777 545 778 546 776 546 778 546 779 547 781 548 779 547 780 548 781 548 782 547 779 547 782 547 776 546 779 547 781 548 780 548 783 549 784 549 781 548 783 549 785 550 784 549 783 549 785 550 783 549 786 550 785 550 786 550 787 551 788 551 785 550 787 551 789 552 788 551 787 551 789 552 787 551 790 552 791 553 789 552 790 552 791 553 790 552 792 553 793 554 791 553 792 553 794 555 793 554 795 554 793 554 792 553 795 554 794 555 795 554 796 555 798 556 796 555 797 556 798 556 794 555 796 555 799 557 798 556 797 556 800 558 799 557 801 557 799 557 797 556 801 557 800 558 801 557 802 558 800 558 802 558 803 559 805 560 803 559 804 561 805 560 800 558 803 559 806 561 805 560 804 561 807 562 806 561 804 561 807 562 804 561 809 562 808 563 807 562 809 562 808 563 809 562 810 563 812 564 810 563 811 564 812 564 808 563 810 563 813 565 812 564 811 564 814 566 813 565 815 565 813 565 811 564 815 565 814 566 815 565 816 566 818 33 820 33 817 33 820 567 819 567 817 567 820 33 821 33 819 33 822 568 820 568 818 568 823 33 822 33 818 33 824 33 822 33 823 33 825 33 824 33 823 33 826 569 824 569 825 569 827 570 826 570 825 570 828 571 826 571 827 571 829 572 828 572 830 572 830 573 828 573 827 573 831 574 829 574 830 574 832 575 833 575 831 575 833 576 829 576 831 576 834 33 833 33 832 33 835 33 834 33 832 33 835 33 836 33 834 33 838 577 837 577 836 577 838 578 836 578 835 578 839 579 837 579 838 579 840 580 841 580 839 580 839 33 841 33 837 33 840 33 842 33 841 33 840 33 843 33 842 33 843 33 844 33 842 33 844 581 846 581 845 581 843 33 846 33 844 33 846 582 847 582 845 582 847 33 848 33 849 33 845 583 847 583 849 583 849 584 848 584 850 584 848 585 851 585 850 585 850 33 851 33 852 33 851 586 854 586 852 586 852 33 854 33 853 33 854 587 855 587 853 587 855 588 856 588 857 588 853 589 855 589 857 589 857 33 856 33 858 33 856 590 859 590 858 590 858 33 859 33 860 33 859 591 862 591 860 591 860 33 862 33 861 33 862 33 863 33 861 33 863 592 864 592 865 592 861 33 863 33 865 33 865 593 864 593 866 593 864 594 867 594 866 594 866 595 867 595 868 595 868 33 867 33 870 33 869 596 868 596 870 596 869 33 870 33 871 33 873 33 871 33 872 33 873 597 869 597 871 597 821 33 873 33 872 33 821 33 872 33 819 33 875 598 874 598 876 599 878 599 876 599 877 600 875 598 876 599 878 599 878 599 877 600 879 600 879 600 877 600 881 601 879 600 881 601 880 601 880 601 881 601 882 602 883 602 882 602 884 603 880 601 882 602 883 602 886 603 884 603 885 604 883 602 884 603 886 603 886 603 885 604 887 604 887 604 885 604 889 605 887 604 889 605 888 605 888 605 889 605 890 606 891 606 890 606 892 607 888 605 890 606 891 606 894 607 892 607 893 608 891 606 892 607 894 607 894 607 893 608 895 608 895 608 893 608 896 609 896 609 899 610 897 610 896 609 893 608 898 609 896 609 898 609 899 610 897 610 899 610 900 551 902 551 900 551 901 611 897 610 900 551 902 551 902 551 901 611 903 611 903 611 901 611 904 612 903 611 904 612 905 612 905 612 907 613 906 613 905 612 904 612 907 613 906 613 907 613 908 614 910 614 908 614 909 615 906 613 908 614 910 614 910 614 909 615 911 615 911 615 909 615 912 616 911 615 912 616 913 616 913 616 915 617 914 617 913 616 912 616 915 617 914 617 915 617 916 618 918 618 916 618 917 619 914 617 916 618 918 618 918 618 917 619 919 619 919 619 917 619 921 620 919 619 921 620 920 620 920 620 921 620 922 621 924 621 922 621 923 622 920 620 922 621 924 621 924 621 923 622 925 622 925 622 923 622 926 623 925 622 926 623 927 623 929 33 932 33 928 33 928 33 931 33 930 33 932 33 931 33 928 33 933 624 932 624 929 624 935 625 933 625 929 625 935 33 934 33 933 33 936 626 934 626 935 626 936 627 937 627 938 627 936 33 938 33 934 33 937 628 939 628 938 628 937 33 941 33 939 33 939 33 941 33 940 33 941 629 942 629 940 629 942 33 943 33 944 33 940 630 942 630 944 630 944 33 943 33 945 33 943 33 947 33 945 33 945 33 947 33 946 33 947 631 948 631 946 631 948 33 949 33 950 33 946 632 948 632 950 632 950 33 949 33 951 33 951 633 952 633 953 633 949 33 952 33 951 33 952 33 955 33 953 33 953 634 955 634 954 634 955 33 956 33 954 33 956 33 957 33 958 33 954 635 956 635 958 635 958 33 957 33 959 33 957 636 961 636 959 636 959 33 961 33 960 33 961 33 962 33 960 33 964 637 962 637 963 637 960 33 962 33 964 33 964 33 963 33 965 33 965 638 963 638 967 638 966 639 965 639 967 639 968 640 966 640 967 640 969 641 970 641 968 641 970 642 966 642 968 642 971 33 970 33 969 33 973 33 971 33 969 33 972 643 971 643 973 643 974 644 972 644 973 644 975 645 976 645 974 645 976 646 972 646 974 646 977 647 976 647 975 647 978 33 977 33 979 33 979 33 977 33 975 33 980 648 978 648 979 648 930 649 981 649 980 649 981 650 978 650 980 650 931 33 981 33 930 33 983 0 986 0 982 0 982 0 985 0 984 0 986 0 985 0 982 0 987 0 986 0 983 0 989 0 987 0 983 0 988 651 987 651 989 651 990 0 988 0 989 0 991 652 992 652 990 652 992 653 988 653 990 653 991 0 993 0 992 0 994 654 993 654 991 654 994 655 995 655 993 655 997 656 995 656 994 656 997 0 996 0 995 0 998 657 996 657 997 657 999 658 1000 658 998 658 998 0 1000 0 996 0 999 0 1001 0 1000 0 1002 659 1001 659 999 659 1002 0 1003 0 1001 0 1004 660 1003 660 1002 660 1004 0 1005 0 1003 0 1007 661 1006 661 1005 661 1004 0 1007 0 1005 0 1007 662 1008 662 1009 662 1007 0 1009 0 1006 0 1009 0 1010 0 1011 0 1008 0 1010 0 1009 0 1010 0 1012 0 1011 0 1011 663 1012 663 1013 663 1012 664 1014 664 1013 664 1012 0 1015 0 1014 0 1015 0 1016 0 1014 0 1014 665 1016 665 1017 665 1016 0 1018 0 1017 0 1016 666 1019 666 1018 666 1018 0 1019 0 1020 0 1018 667 1020 667 1021 667 1021 668 1023 668 1022 668 1021 0 1020 0 1023 0 1022 0 1023 0 1024 0 1026 0 1024 0 1025 0 1022 669 1024 669 1026 669 1026 670 1025 670 1027 670 1027 0 1025 0 1029 0 1027 671 1029 671 1028 671 1028 672 1029 672 1030 672 1032 0 1030 0 1031 0 1028 673 1030 673 1032 673 1033 0 1032 0 1031 0 984 0 1033 0 1031 0 985 0 1033 0 984 0 1035 674 1036 675 1034 676 1035 674 1037 677 1036 675 1038 678 1037 677 1035 674 1038 678 1039 679 1037 677 1041 680 1040 681 1039 679 1041 680 1039 679 1038 678 1042 682 1040 681 1041 680 1043 683 1044 684 1042 682 1042 682 1044 684 1040 681 1043 683 1045 685 1044 684 1047 686 1046 687 1045 685 1047 686 1045 685 1043 683 1048 688 1046 687 1047 686 1049 689 1050 690 1048 688 1048 688 1050 690 1046 687 1049 689 1051 691 1050 690 1052 692 1053 693 1051 691 1052 692 1051 691 1049 689 1054 694 1053 693 1052 692 1054 694 1055 695 1053 693 1057 696 1056 697 1055 695 1057 696 1055 695 1054 694 1058 698 1056 697 1057 696 1059 699 1060 700 1058 698 1058 698 1060 700 1056 697 1059 699 1061 701 1060 700 1063 702 1062 703 1061 701 1063 702 1061 701 1059 699 1064 704 1062 703 1063 702 1065 705 1066 706 1064 704 1064 704 1066 706 1062 703 1065 705 1067 707 1066 706 1069 708 1068 709 1067 707 1069 708 1067 707 1065 705 1070 710 1068 709 1069 708 1070 710 1071 711 1068 709 1072 712 1071 711 1070 710 1072 712 1073 713 1071 711 1074 714 1073 713 1072 712 1075 715 1076 716 1074 714 1074 714 1076 716 1073 713 1075 715 1077 717 1076 716 1079 718 1078 719 1077 717 1079 718 1077 717 1075 715 1080 720 1078 719 1079 718 1081 721 1082 722 1080 720 1080 720 1082 722 1078 719 1081 721 1083 723 1082 722 1085 724 1084 725 1083 723 1085 724 1083 723 1081 721 1086 726 1084 725 1085 724 1086 726 1087 727 1084 725 1088 728 1087 727 1086 726 1088 728 1089 729 1087 727 1090 730 1089 729 1088 728 1094 731 1092 732 1091 733 1094 731 1091 733 1093 734 1094 731 1095 735 1096 736 1094 731 1099 737 1095 735 1094 731 1096 736 1092 732 1094 731 1097 738 1098 739 1094 731 1093 734 1097 738 1094 731 1098 739 1099 737 1099 737 1104 740 1100 741 1099 737 1100 741 1101 742 1095 735 1099 737 1101 742 1099 737 1102 743 1104 740 1103 744 1102 743 1099 737 1098 739 1103 744 1099 737 1104 740 1107 745 1105 746 1100 741 1104 740 1105 746 1104 740 1106 747 1107 745 1108 748 1106 747 1104 740 1102 743 1108 748 1104 740 1108 748 1109 749 1106 747 1110 750 1109 749 1108 748 1103 744 1108 748 1102 743 1103 744 1110 750 1108 748 1110 750 1111 751 1112 752 1103 744 1111 751 1110 750 1110 750 1112 752 1109 749 1112 752 1111 751 1116 753 1112 752 1113 754 1109 749 1112 752 1115 755 1113 754 1112 752 1116 753 1114 756 1112 752 1114 756 1115 755 1115 755 1117 757 1113 754 1115 755 1114 756 1117 757 1114 756 1118 758 1117 757 1120 759 1113 754 1119 760 1109 749 1113 754 1120 759 1109 749 1120 759 1119 760 1122 761 1119 760 1121 762 1123 763 1119 760 1122 761 1109 749 1119 760 1123 763 1123 763 1122 761 1124 764 1123 763 1124 764 1125 765 1106 747 1123 763 1125 765 1109 749 1123 763 1106 747 1125 765 1124 764 1127 766 1125 765 1128 767 1126 768 1107 745 1125 765 1126 768 1106 747 1125 765 1107 745 1125 765 1127 766 1128 767 1128 767 1131 769 1129 770 1128 767 1129 770 1130 771 1126 768 1128 767 1130 771 1128 767 1127 766 1131 769 1131 769 1133 772 1132 773 1131 769 1132 773 1134 774 1127 766 1133 772 1131 769 1129 770 1131 769 1134 774 1134 774 1132 773 1135 775 1134 774 1135 775 1137 776 1136 777 1134 774 1137 776 1130 771 1134 774 1136 777 1130 771 1129 770 1134 774 1137 776 1135 775 1139 778 1138 779 1137 776 1140 780 1136 777 1137 776 1138 779 1137 776 1139 778 1140 780 1140 780 1143 781 1141 782 1140 780 1141 782 1142 783 1144 784 1140 780 1142 783 1140 780 1139 778 1143 781 1138 779 1140 780 1144 784 1145 785 1144 784 1142 783 1146 786 1144 784 1145 785 1146 786 1138 779 1144 784 1147 787 1146 786 1145 785 1148 788 1146 786 1147 787 1148 788 1138 779 1146 786 1149 789 1148 788 1147 787 1151 790 1148 788 1149 789 1150 791 1136 777 1148 788 1151 790 1150 791 1148 788 1148 788 1136 777 1138 779 1152 792 1151 790 1149 789 1155 793 1151 790 1152 792 1153 794 1150 791 1151 790 1154 795 1153 794 1151 790 1155 793 1154 795 1151 790 1156 796 1154 795 1155 793 1157 797 1156 796 1155 793 1157 797 1155 793 1158 798 1155 793 1152 792 1158 798 1157 797 1158 798 1159 799 1152 792 1160 800 1158 798 1161 801 1163 802 1160 800 1162 803 1161 801 1160 800 1152 792 1162 803 1160 800 1165 804 1164 805 1163 802 1166 806 1165 804 1163 802 1161 801 1166 806 1163 802 1166 806 1167 807 1165 804 1166 806 1168 808 1167 807 1147 787 1168 808 1166 806 1161 801 1147 787 1166 806 1168 808 1169 809 1167 807 1168 808 1145 785 1169 809 1147 787 1145 785 1168 808 1169 809 1142 783 1170 810 1145 785 1142 783 1169 809 1169 809 1170 810 1171 811 1167 807 1169 809 1171 811 1171 811 1172 812 1173 813 1171 811 1170 810 1172 812 1174 814 1171 811 1173 813 1167 807 1171 811 1174 814 1175 815 1174 814 1176 816 1165 804 1174 814 1175 815 1165 804 1167 807 1174 814 1174 814 1173 813 1176 816 1176 816 1179 817 1177 818 1178 819 1176 816 1177 818 1176 816 1173 813 1179 817 1175 815 1176 816 1178 819 1179 817 1181 820 1180 821 1177 818 1179 817 1180 821 1173 813 1181 820 1179 817 1181 820 1182 822 1183 823 1173 813 1182 822 1181 820 1181 820 1184 824 1180 821 1181 820 1183 823 1184 824 1184 824 1183 823 1185 825 1184 824 1185 825 1186 826 1180 821 1184 824 1186 826 1186 826 1185 825 1187 827 1186 826 1187 827 1188 828 1189 829 1186 826 1188 828 1180 821 1186 826 1189 829 1190 830 1180 821 1189 829 1190 830 1189 829 1191 831 1191 831 1189 829 1192 832 1189 829 1188 828 1192 832 1192 832 1195 833 1193 834 1196 835 1192 832 1193 834 1192 832 1194 836 1195 833 1192 832 1188 828 1194 836 1191 831 1192 832 1196 835 1191 831 1196 835 1197 837 1196 835 1193 834 1197 837 1190 830 1197 837 1198 838 1190 830 1191 831 1197 837 1177 818 1190 830 1198 838 1178 819 1177 818 1198 838 1178 819 1198 838 1164 805 1200 839 1193 834 1195 833 1195 833 1194 836 1201 840 1195 833 1202 841 1199 842 1200 839 1195 833 1199 842 1195 833 1201 840 1202 841 1202 841 1201 840 1203 843 1204 844 1202 841 1203 843 1204 844 1199 842 1202 841 1204 844 1203 843 1205 845 1204 844 1205 845 1206 846 1204 844 1206 846 1199 842 1205 845 1207 847 1206 846 1208 848 1210 849 1207 847 1209 850 1208 848 1207 847 1205 845 1209 850 1207 847 1212 851 1211 852 1210 849 1208 848 1212 851 1210 849 1212 851 1213 853 1211 852 1212 851 1215 854 1213 853 1208 848 1216 855 1212 851 1212 851 1214 856 1215 854 1212 851 1216 855 1214 856 1216 855 1217 857 1214 856 1218 858 1217 857 1216 855 1208 848 1218 858 1216 855 1218 858 1219 859 1217 857 1220 860 1219 859 1218 858 1209 850 1218 858 1208 848 1221 861 1220 860 1218 858 1209 850 1221 861 1218 858 1203 843 1220 860 1221 861 1205 845 1221 861 1209 850 1205 845 1203 843 1221 861 1220 860 1222 862 1219 859 1223 863 1222 862 1220 860 1224 864 1223 863 1220 860 1203 843 1224 864 1220 860 1201 840 1223 863 1224 864 1201 840 1224 864 1203 843 1223 863 1227 865 1222 862 1223 863 1225 866 1227 865 1226 867 1225 866 1223 863 1201 840 1226 867 1223 863 1227 865 1229 868 1228 869 1222 862 1227 865 1228 869 1225 866 1229 868 1227 865 1229 868 1230 870 1233 871 1231 872 1230 870 1229 868 1229 868 1234 873 1228 869 1225 866 1231 872 1229 868 1229 868 1233 871 1232 874 1229 868 1232 874 1234 873 1234 873 1232 874 1235 875 1228 869 1234 873 1235 875 1237 876 1235 875 1236 877 1238 878 1235 875 1237 876 1228 869 1235 875 1238 878 1238 878 1237 876 1236 877 1239 879 1238 878 1241 880 1240 881 1238 878 1239 879 1240 881 1228 869 1238 878 1238 878 1236 877 1241 880 1241 880 1242 882 1243 883 1241 880 1236 877 1242 882 1241 880 1243 883 1245 884 1244 885 1241 880 1245 884 1239 879 1241 880 1244 885 1245 884 1243 883 1247 886 1246 887 1245 884 1247 886 1244 885 1245 884 1246 887 1247 886 1250 888 1248 889 1251 890 1247 886 1248 889 1247 886 1249 891 1250 888 1243 883 1249 891 1247 886 1246 887 1247 886 1251 890 1251 890 1248 889 1253 892 1252 893 1251 890 1253 892 1246 887 1251 890 1252 893 1253 892 1248 889 1255 894 1254 895 1253 892 1256 896 1252 893 1253 892 1254 895 1253 892 1255 894 1256 896 1256 896 1255 894 1257 897 1258 898 1256 896 1257 897 1254 895 1256 896 1258 898 1259 899 1258 898 1261 900 1254 895 1258 898 1259 899 1258 898 1257 897 1260 901 1258 898 1260 901 1261 900 1261 900 1260 901 1264 902 1262 903 1261 900 1263 904 1262 903 1259 899 1261 900 1263 904 1261 900 1264 902 1264 902 1267 905 1265 906 1268 907 1264 902 1265 906 1264 902 1266 908 1267 905 1260 901 1266 908 1264 902 1263 904 1264 902 1268 907 1268 907 1265 906 1269 909 1263 904 1268 907 1270 910 1268 907 1269 909 1270 910 1263 904 1270 910 1271 911 1269 909 1272 912 1270 910 1274 913 1273 914 1272 912 1275 915 1274 913 1272 912 1269 909 1275 915 1272 912 1275 915 1277 916 1274 913 1275 915 1276 917 1277 916 1265 906 1276 917 1275 915 1269 909 1265 906 1275 915 1277 916 1278 918 1280 919 1277 916 1279 920 1278 918 1276 917 1279 920 1277 916 1274 913 1277 916 1280 919 1280 919 1283 921 1281 922 1282 923 1280 919 1281 922 1280 919 1278 918 1283 921 1274 913 1280 919 1282 923 1283 921 1287 924 1284 925 1281 922 1283 921 1284 925 1283 921 1285 926 1286 927 1278 918 1285 926 1283 921 1283 921 1286 927 1287 924 1287 924 1286 927 1288 928 1287 924 1288 928 1289 929 1284 925 1287 924 1289 929 1289 929 1288 928 1290 930 1289 929 1290 930 1292 931 1291 932 1289 929 1292 931 1284 925 1289 929 1291 932 1292 931 1290 930 1294 933 1293 934 1292 931 1294 933 1291 932 1292 931 1293 934 1294 933 1299 935 1295 936 1297 937 1294 933 1295 936 1294 933 1296 938 1298 939 1290 930 1296 938 1294 933 1293 934 1294 933 1297 937 1294 933 1298 939 1299 935 1299 935 1302 940 1300 941 1295 936 1299 935 1300 941 1299 935 1298 939 1301 942 1299 935 1301 942 1302 940 1298 939 1303 943 1301 942 1305 944 1304 945 1303 943 1298 939 1305 944 1303 943 1305 944 1306 946 1304 945 1307 947 1306 946 1305 944 1296 938 1305 944 1298 939 1296 938 1307 947 1305 944 1307 947 1308 948 1306 946 1309 949 1308 948 1307 947 1309 949 1307 947 1296 938 1290 930 1309 949 1296 938 1288 928 1309 949 1290 930 1310 950 1311 951 1309 949 1288 928 1310 950 1309 949 1309 949 1311 951 1308 948 1311 951 1312 952 1308 948 1313 953 1312 952 1311 951 1310 950 1313 953 1311 951 1313 953 1314 954 1312 952 1315 955 1314 954 1313 953 1316 956 1313 953 1310 950 1316 956 1315 955 1313 953 1317 957 1315 955 1316 956 1286 927 1316 956 1310 950 1317 957 1316 956 1286 927 1317 957 1320 958 1315 955 1285 926 1317 957 1286 927 1319 959 1317 957 1285 926 1318 960 1320 958 1317 957 1319 959 1318 960 1317 957 1320 958 1321 961 1315 955 1322 962 1321 961 1320 958 1318 960 1322 962 1320 958 1324 963 1322 962 1318 960 1323 964 1325 965 1322 962 1324 963 1323 964 1322 962 1322 962 1325 965 1321 961 1326 966 1325 965 1323 964 1326 966 1327 967 1325 965 1330 968 1328 969 1327 967 1329 970 1327 967 1326 966 1330 968 1327 967 1329 970 1332 971 1328 969 1330 968 1331 972 1330 968 1329 970 1333 973 1330 968 1331 972 1333 973 1332 971 1330 968 1334 974 1332 971 1333 973 1257 897 1333 973 1331 972 1255 894 1333 973 1257 897 1255 894 1334 974 1333 973 1248 889 1334 974 1255 894 1250 888 1335 975 1334 974 1248 889 1250 888 1334 974 1334 974 1328 969 1332 971 1334 974 1335 975 1328 969 1249 891 1336 976 1335 975 1249 891 1335 975 1250 888 1243 883 1336 976 1249 891 1242 882 1336 976 1243 883 1242 882 1236 877 1336 976 1331 972 1329 970 1337 977 1331 972 1337 977 1338 978 1339 979 1331 972 1338 978 1257 897 1331 972 1339 979 1266 908 1339 979 1338 978 1260 901 1339 979 1266 908 1260 901 1257 897 1339 979 1338 978 1337 977 1340 980 1338 978 1340 980 1341 981 1267 905 1338 978 1341 981 1266 908 1338 978 1267 905 1341 981 1324 963 1342 982 1343 983 1341 981 1342 982 1341 981 1340 980 1324 963 1267 905 1341 981 1343 983 1343 983 1342 982 1279 920 1276 917 1343 983 1279 920 1265 906 1343 983 1276 917 1265 906 1267 905 1343 983 1279 920 1342 982 1278 918 1342 982 1319 959 1278 918 1342 982 1324 963 1319 959 1337 977 1326 966 1340 980 1340 980 1323 964 1324 963 1340 980 1326 966 1323 964 1337 977 1329 970 1326 966 1324 963 1318 960 1319 959 1315 955 1321 961 1314 954 1278 918 1319 959 1285 926 1308 948 1312 952 1344 984 1308 948 1344 984 1345 985 1306 946 1345 985 1346 986 1308 948 1345 985 1306 946 1306 946 1346 986 1304 945 1286 927 1310 950 1288 928 1348 987 1300 941 1347 988 1348 987 1295 936 1300 941 1351 989 1295 936 1348 987 1348 987 1347 988 1350 990 1348 987 1350 990 1349 991 1351 989 1348 987 1349 991 1351 989 1349 991 1352 992 1351 989 1352 992 1297 937 1351 989 1297 937 1295 936 1293 934 1297 937 1352 992 1353 993 1293 934 1352 992 1353 993 1352 992 1354 994 1356 995 1354 994 1355 996 1353 993 1354 994 1293 934 1291 932 1293 934 1354 994 1356 995 1291 932 1354 994 1357 997 1291 932 1356 995 1357 997 1356 995 1355 996 1357 997 1284 925 1291 932 1281 922 1284 925 1357 997 1358 998 1281 922 1357 997 1358 998 1357 997 1355 996 1282 923 1281 922 1358 998 1282 923 1358 998 1273 914 1358 998 1355 996 1273 914 1274 913 1282 923 1273 914 1360 999 1271 911 1359 1000 1262 903 1263 904 1271 911 1360 999 1262 903 1271 911 1360 999 1361 1001 1259 899 1362 1002 1361 1001 1360 999 1362 1002 1360 999 1359 1000 1360 999 1259 899 1262 903 1362 1002 1365 1003 1361 1001 1364 1004 1362 1002 1359 1000 1363 1005 1365 1003 1362 1002 1364 1004 1363 1005 1362 1002 1365 1003 1254 895 1361 1001 1365 1003 1252 893 1254 895 1366 1006 1252 893 1365 1003 1363 1005 1366 1006 1365 1003 1214 856 1366 1006 1363 1005 1367 1007 1246 887 1366 1006 1214 856 1367 1007 1366 1006 1366 1006 1246 887 1252 893 1367 1007 1244 885 1246 887 1217 857 1244 885 1367 1007 1217 857 1367 1007 1214 856 1364 1004 1359 1000 1213 853 1215 854 1364 1004 1213 853 1215 854 1363 1005 1364 1004 1215 854 1214 856 1363 1005 1361 1001 1254 895 1259 899 1217 857 1239 879 1244 885 1222 862 1228 869 1240 881 1219 859 1240 881 1239 879 1222 862 1240 881 1219 859 1219 859 1239 879 1217 857 1231 872 1368 1008 1230 870 1369 1009 1368 1008 1231 872 1370 1010 1231 872 1225 866 1370 1010 1369 1009 1231 872 1371 1011 1369 1009 1370 1010 1226 867 1370 1010 1225 866 1373 1012 1370 1010 1226 867 1372 1013 1371 1011 1370 1010 1373 1012 1372 1013 1370 1010 1187 827 1372 1013 1373 1012 1194 836 1373 1012 1201 840 1187 827 1373 1012 1194 836 1373 1012 1226 867 1201 840 1374 1014 1371 1011 1372 1013 1375 1015 1374 1014 1372 1013 1187 827 1375 1015 1372 1013 1376 1016 1374 1014 1375 1015 1377 1017 1376 1016 1375 1015 1185 825 1375 1015 1187 827 1185 825 1377 1017 1375 1015 1378 1018 1376 1016 1377 1017 1183 823 1377 1017 1185 825 1183 823 1378 1018 1377 1017 1378 1018 1380 1019 1376 1016 1182 822 1378 1018 1183 823 1379 1020 1380 1019 1378 1018 1182 822 1379 1020 1378 1018 1380 1019 1381 1021 1376 1016 1382 1022 1381 1021 1380 1019 1379 1020 1382 1022 1380 1019 1383 1023 1382 1022 1379 1020 1383 1023 1384 1024 1382 1022 1382 1022 1384 1024 1381 1021 1385 1025 1384 1024 1383 1023 1385 1025 1386 1026 1384 1024 1139 778 1387 1027 1386 1026 1143 781 1386 1026 1385 1025 1139 778 1386 1026 1143 781 1132 773 1133 772 1387 1027 1135 775 1387 1027 1139 778 1132 773 1387 1027 1135 775 1388 1028 1385 1025 1383 1023 1143 781 1385 1025 1388 1028 1388 1028 1389 1029 1172 812 1170 810 1388 1028 1172 812 1388 1028 1383 1023 1389 1029 1142 783 1388 1028 1170 810 1141 782 1143 781 1388 1028 1142 783 1141 782 1388 1028 1389 1029 1379 1020 1182 822 1172 812 1389 1029 1182 822 1389 1029 1383 1023 1379 1020 1376 1016 1381 1021 1390 1030 1371 1011 1390 1030 1391 1031 1374 1014 1390 1030 1371 1011 1376 1016 1390 1030 1374 1014 1371 1011 1391 1031 1368 1008 1371 1011 1368 1008 1369 1009 1200 839 1199 842 1193 834 1188 828 1187 827 1194 836 1177 818 1180 821 1190 830 1173 813 1172 812 1182 822 1175 815 1178 819 1164 805 1165 804 1175 815 1164 805 1162 803 1149 789 1147 787 1152 792 1149 789 1162 803 1162 803 1147 787 1161 801 1101 742 1159 799 1096 736 1101 742 1157 797 1159 799 1101 742 1156 796 1157 797 1156 796 1105 746 1154 795 1100 741 1105 746 1156 796 1101 742 1100 741 1156 796 1105 746 1153 794 1154 795 1153 794 1126 768 1130 771 1105 746 1126 768 1153 794 1153 794 1130 771 1150 791 1150 791 1130 771 1136 777 1127 766 1121 762 1133 772 1124 764 1121 762 1127 766 1105 746 1107 745 1126 768 1122 761 1121 762 1124 764 1103 744 1392 1032 1111 751 1098 739 1097 738 1392 1032 1098 739 1392 1032 1103 744 1095 735 1101 742 1096 736 1393 1033 1394 1034 1395 1035 1395 1035 1394 1034 1396 1036 1395 1035 1396 1036 1397 1037 1397 1037 1399 1038 1398 1039 1397 1037 1396 1036 1399 1038 1398 1039 1399 1038 1400 1040 1401 1041 1400 1040 1402 1042 1398 1039 1400 1040 1401 1041 1403 1043 1402 1042 1404 1044 1401 1041 1402 1042 1403 1043 1405 1045 1404 1044 1406 1046 1403 1043 1404 1044 1405 1045 1407 1047 1406 1046 1408 1048 1405 1045 1406 1046 1407 1047 1409 1049 1408 1048 1410 1050 1407 1047 1408 1048 1409 1049 1412 1051 1410 1050 1411 1052 1409 1049 1410 1050 1412 1051 1412 1051 1411 1052 1413 1053 1413 1053 1411 1052 1415 1054 1413 1053 1415 1054 1414 1055 1414 1055 1415 1054 1416 1056 1418 1057 1416 1056 1417 1058 1414 1055 1416 1056 1418 1057 1418 1057 1417 1058 1419 1059 1419 1059 1417 1058 1420 1060 1419 1059 1420 1060 1422 1061 1419 1059 1423 1062 1421 1063 1419 1059 1422 1061 1423 1062 1427 1064 1425 1065 1424 1066 1427 1064 1424 1066 1426 1067 1427 1064 1426 1067 1428 1068 1427 1064 1428 1068 1429 1069 1427 1064 1429 1069 1425 1065 1429 1069 1428 1068 1430 1070 1429 1069 1430 1070 1431 1071 1429 1069 1431 1071 1425 1065 1431 1071 1430 1070 1432 1072 1431 1071 1432 1072 1433 1073 1431 1071 1433 1073 1425 1065 1433 1073 1432 1072 1434 1074 1433 1073 1434 1074 1435 1075 1433 1073 1435 1075 1425 1065 1435 1075 1437 1076 1436 1077 1435 1075 1436 1077 1425 1065 1435 1075 1434 1074 1437 1076 1438 1078 1436 1077 1439 1079 1438 1078 1425 1065 1436 1077 1440 1080 1442 1081 1439 1079 1449 1082 1440 1080 1439 1079 1447 1083 1439 1079 1441 1084 1446 1085 1439 1079 1442 1081 1443 1086 1438 1078 1439 1079 1444 1087 1443 1086 1439 1079 1445 1088 1444 1087 1439 1079 1446 1085 1445 1088 1439 1079 1448 1089 1439 1079 1447 1083 1449 1082 1439 1079 1448 1089 1449 1082 1441 1084 1440 1080 1449 1082 1448 1089 1441 1084 1448 1089 1447 1083 1441 1084 1446 1085 1425 1065 1445 1088 1446 1085 1442 1081 1425 1065 1445 1088 1425 1065 1444 1087 1444 1087 1425 1065 1443 1086 1443 1086 1425 1065 1438 1078 1450 1090 1440 1080 1441 1084 1454 1091 1450 1090 1441 1084 1452 1092 1441 1084 1451 1093 1453 1094 1441 1084 1452 1092 1454 1091 1441 1084 1453 1094 1455 1095 1450 1090 1454 1091 1455 1095 1454 1091 1453 1094 1455 1095 1456 1096 1450 1090 1455 1095 1453 1094 1457 1097 1459 1098 1456 1096 1455 1095 1458 1099 1455 1095 1457 1097 1459 1098 1455 1095 1458 1099 1460 1100 1459 1098 1458 1099 1460 1100 1456 1096 1459 1098 1461 1101 1460 1100 1464 1102 1462 1103 1460 1100 1461 1101 1462 1103 1463 1104 1460 1100 1460 1100 1458 1099 1464 1102 1460 1100 1463 1104 1456 1096 1464 1102 1458 1099 1465 1105 1466 1106 1464 1102 1465 1105 1461 1101 1464 1102 1466 1106 1466 1106 1465 1105 1467 1107 1468 1108 1466 1106 1467 1107 1469 1109 1461 1101 1466 1106 1469 1109 1466 1106 1468 1108 1469 1109 1468 1108 1470 1110 1469 1109 1470 1110 1463 1104 1469 1109 1463 1104 1462 1103 1469 1109 1462 1103 1461 1101 1481 1111 1471 1112 1470 1110 1473 1113 1472 1114 1470 1110 1477 1115 1470 1110 1472 1114 1474 1116 1473 1113 1470 1110 1475 1117 1474 1116 1470 1110 1476 1118 1475 1117 1470 1110 1468 1108 1476 1118 1470 1110 1478 1119 1470 1110 1477 1115 1479 1120 1470 1110 1478 1119 1482 1121 1470 1110 1479 1120 1480 1122 1470 1110 1482 1121 1483 1123 1470 1110 1480 1122 1481 1111 1470 1110 1483 1123 1481 1111 1483 1123 1484 1124 1483 1123 1480 1122 1484 1124 1486 1125 1484 1124 1485 1126 1477 1115 1472 1114 1484 1124 1478 1119 1477 1115 1484 1124 1479 1120 1478 1119 1484 1124 1482 1121 1479 1120 1484 1124 1480 1122 1482 1121 1484 1124 1481 1111 1484 1124 1471 1112 1487 1127 1484 1124 1486 1125 1488 1128 1484 1124 1487 1127 1489 1129 1484 1124 1488 1128 1489 1129 1490 1130 1484 1124 1490 1130 1471 1112 1484 1124 1492 1131 1491 1132 1490 1130 1492 1131 1490 1130 1489 1129 1492 1131 1488 1128 1493 1133 1494 1134 1492 1131 1493 1133 1495 1135 1492 1131 1494 1134 1495 1135 1491 1132 1492 1131 1492 1131 1489 1129 1488 1128 1496 1136 1495 1135 1494 1134 1496 1136 1491 1132 1495 1135 1496 1136 1497 1137 1491 1132 1502 1138 1497 1137 1496 1136 1496 1136 1499 1139 1498 1140 1500 1141 1496 1136 1498 1140 1496 1136 1494 1134 1499 1139 1501 1142 1496 1136 1500 1141 1502 1138 1496 1136 1501 1142 1503 1143 1497 1137 1502 1138 1503 1143 1502 1138 1501 1142 1503 1143 1505 1144 1497 1137 1503 1143 1500 1141 1504 1145 1506 1146 1503 1143 1504 1145 1503 1143 1501 1142 1500 1141 1507 1147 1505 1144 1503 1143 1507 1147 1503 1143 1506 1146 1508 1148 1505 1144 1507 1147 1508 1148 1507 1147 1506 1146 1508 1148 1509 1149 1505 1144 1508 1148 1510 1150 1509 1149 1508 1148 1511 1151 1510 1150 1508 1148 1506 1146 1511 1151 1511 1151 1504 1145 1513 1152 1506 1146 1504 1145 1511 1151 1511 1151 1513 1152 1512 1153 1510 1150 1511 1151 1512 1153 1513 1152 1500 1141 1515 1154 1504 1145 1500 1141 1513 1152 1513 1152 1515 1154 1514 1155 1516 1156 1513 1152 1514 1155 1512 1153 1513 1152 1516 1156 1517 1157 1512 1153 1516 1156 1517 1157 1516 1156 1521 1158 1518 1159 1516 1156 1525 1160 1519 1161 1516 1156 1518 1159 1520 1162 1516 1156 1519 1161 1521 1158 1516 1156 1520 1162 1516 1156 1522 1163 1526 1164 1516 1156 1523 1165 1522 1163 1516 1156 1524 1166 1523 1165 1516 1156 1514 1155 1524 1166 1516 1156 1526 1164 1525 1160 1528 1167 1527 1168 1526 1164 1522 1163 1528 1167 1526 1164 1528 1167 1529 1169 1527 1168 1528 1167 1530 1170 1529 1169 1528 1167 1531 1171 1530 1170 1528 1167 1532 1172 1531 1171 1515 1154 1532 1172 1528 1167 1514 1155 1515 1154 1528 1167 1523 1165 1528 1167 1522 1163 1524 1166 1528 1167 1523 1165 1514 1155 1528 1167 1524 1166 1532 1172 1533 1173 1531 1171 1498 1140 1499 1139 1532 1172 1515 1154 1498 1140 1532 1172 1532 1172 1499 1139 1533 1173 1533 1173 1535 1174 1534 1175 1533 1173 1534 1175 1537 1176 1533 1173 1485 1126 1527 1168 1529 1169 1533 1173 1527 1168 1533 1173 1493 1133 1535 1174 1533 1173 1536 1177 1485 1126 1499 1139 1493 1133 1533 1173 1530 1170 1533 1173 1529 1169 1531 1171 1533 1173 1530 1170 1533 1173 1537 1176 1536 1177 1537 1176 1486 1125 1536 1177 1534 1175 1486 1125 1537 1176 1536 1177 1486 1125 1485 1126 1535 1174 1486 1125 1534 1175 1493 1133 1486 1125 1535 1174 1518 1159 1525 1160 1509 1149 1539 1178 1509 1149 1525 1160 1539 1178 1525 1160 1538 1179 1540 1180 1509 1149 1539 1178 1540 1180 1539 1178 1538 1179 1541 1181 1509 1149 1540 1180 1541 1181 1540 1180 1538 1179 1542 1182 1541 1181 1538 1179 1542 1182 1509 1149 1541 1181 1543 1183 1542 1182 1538 1179 1543 1183 1509 1149 1542 1182 1544 1184 1509 1149 1543 1183 1544 1184 1543 1183 1538 1179 1545 1185 1509 1149 1544 1184 1545 1185 1544 1184 1538 1179 1546 1186 1509 1149 1545 1185 1546 1186 1545 1185 1538 1179 1546 1186 1547 1187 1509 1149 1546 1186 1538 1179 1547 1187 1548 1188 1547 1187 1538 1179 1549 1189 1548 1188 1550 1190 1551 1191 1550 1190 1548 1188 1551 1191 1548 1188 1538 1179 1551 1191 1552 1192 1550 1190 1551 1191 1538 1179 1552 1192 1552 1192 1553 1193 1550 1190 1552 1192 1538 1179 1553 1193 1553 1193 1554 1194 1550 1190 1553 1193 1538 1179 1554 1194 1554 1194 1555 1195 1550 1190 1554 1194 1538 1179 1555 1195 1555 1195 1538 1179 1550 1190 1558 1196 1550 1190 1556 1197 1557 1198 1549 1189 1550 1190 1557 1198 1550 1190 1560 1199 1559 1200 1550 1190 1558 1196 1560 1199 1550 1190 1559 1200 1562 1201 1560 1199 1559 1200 1561 1202 1557 1198 1560 1199 1561 1202 1560 1199 1562 1201 1562 1201 1558 1196 1563 1203 1564 1204 1562 1201 1563 1203 1565 1205 1562 1201 1564 1204 1562 1201 1559 1200 1558 1196 1565 1205 1561 1202 1562 1201 1566 1206 1561 1202 1565 1205 1567 1207 1565 1205 1564 1204 1567 1207 1566 1206 1565 1205 1567 1207 1569 1208 1566 1206 1567 1207 1568 1209 1570 1210 1567 1207 1564 1204 1568 1209 1567 1207 1570 1210 1569 1208 1581 1211 1571 1212 1570 1210 1573 1213 1572 1214 1570 1210 1577 1215 1570 1210 1572 1214 1574 1216 1573 1213 1570 1210 1575 1217 1574 1216 1570 1210 1576 1218 1575 1217 1570 1210 1568 1209 1576 1218 1570 1210 1578 1219 1570 1210 1577 1215 1582 1220 1570 1210 1578 1219 1579 1221 1570 1210 1582 1220 1583 1222 1570 1210 1579 1221 1580 1223 1570 1210 1583 1222 1581 1211 1570 1210 1580 1223 1583 1222 1579 1221 1584 1224 1580 1223 1583 1222 1584 1224 1587 1225 1584 1224 1585 1226 1586 1227 1571 1212 1584 1224 1581 1211 1584 1224 1571 1212 1577 1215 1572 1214 1584 1224 1590 1228 1586 1227 1584 1224 1578 1219 1577 1215 1584 1224 1582 1220 1578 1219 1584 1224 1579 1221 1582 1220 1584 1224 1581 1211 1580 1223 1584 1224 1588 1229 1584 1224 1587 1225 1589 1230 1584 1224 1588 1229 1590 1228 1584 1224 1589 1230 1591 1231 1590 1228 1589 1230 1591 1231 1586 1227 1590 1228 1591 1231 1589 1230 1593 1232 1591 1231 1592 1233 1586 1227 1591 1231 1593 1232 1592 1233 1593 1232 1589 1230 1588 1229 1593 1232 1594 1234 1592 1233 1593 1232 1587 1225 1594 1234 1593 1232 1588 1229 1587 1225 1594 1234 1595 1235 1592 1233 1594 1234 1587 1225 1595 1235 1595 1235 1596 1236 1592 1233 1595 1235 1587 1225 1596 1236 1596 1236 1597 1237 1592 1233 1596 1236 1587 1225 1597 1237 1597 1237 1587 1225 1585 1226 1597 1237 1585 1226 1592 1233 1598 1238 1592 1233 1585 1226 1599 1239 1592 1233 1598 1238 1600 1240 1592 1233 1599 1239 1601 1241 1592 1233 1600 1240 1603 1242 1592 1233 1601 1241 1602 1243 1592 1233 1603 1242 1602 1243 1604 1244 1592 1233 1606 1245 1604 1244 1605 1246 1602 1243 1605 1246 1604 1244 1607 1247 1606 1245 1609 1248 1608 1249 1606 1245 1605 1246 1608 1249 1609 1248 1606 1245 1611 1250 1609 1248 1610 1251 1614 1252 1609 1248 1611 1250 1612 1253 1605 1246 1609 1248 1616 1254 1607 1247 1609 1248 1613 1255 1612 1253 1609 1248 1617 1256 1613 1255 1609 1248 1608 1249 1617 1256 1609 1248 1615 1257 1609 1248 1614 1252 1616 1254 1609 1248 1615 1257 1608 1249 1605 1246 1617 1256 1617 1256 1605 1246 1613 1255 1616 1254 1610 1251 1607 1247 1616 1254 1615 1257 1610 1251 1615 1257 1614 1252 1610 1251 1614 1252 1611 1250 1610 1251 1613 1255 1605 1246 1612 1253 1620 1258 1610 1251 1618 1259 1619 1260 1607 1247 1610 1251 1621 1261 1619 1260 1610 1251 1622 1262 1610 1251 1620 1258 1621 1261 1610 1251 1622 1262 1623 1263 1622 1262 1620 1258 1623 1263 1621 1261 1622 1262 1623 1263 1619 1260 1621 1261 1623 1263 1624 1264 1619 1260 1626 1265 1624 1264 1623 1263 1623 1263 1620 1258 1625 1266 1627 1267 1623 1263 1625 1266 1626 1265 1623 1263 1627 1267 1627 1267 1625 1266 1628 1268 1629 1269 1627 1267 1628 1268 1630 1270 1626 1265 1627 1267 1630 1270 1627 1267 1629 1269 1630 1270 1624 1264 1626 1265 1630 1270 1631 1271 1624 1264 1633 1272 1631 1271 1630 1270 1632 1273 1630 1270 1629 1269 1633 1272 1630 1270 1632 1273 1634 1274 1633 1272 1632 1273 1634 1274 1631 1271 1633 1272 1634 1274 1632 1273 1637 1275 1634 1274 1635 1276 1631 1271 1634 1274 1636 1277 1635 1276 1634 1274 1637 1275 1636 1277 1637 1275 1629 1269 1638 1278 1632 1273 1629 1269 1637 1275 1636 1277 1637 1275 1638 1278 1638 1278 1639 1279 1642 1280 1638 1278 1641 1281 1639 1279 1638 1278 1642 1280 1640 1282 1644 1283 1638 1278 1640 1282 1638 1278 1643 1284 1641 1281 1638 1278 1629 1269 1643 1284 1645 1285 1638 1278 1644 1283 1646 1286 1638 1278 1645 1285 1636 1277 1638 1278 1646 1286 1646 1286 1645 1285 1635 1276 1636 1277 1646 1286 1635 1276 1645 1285 1644 1283 1635 1276 1644 1283 1640 1282 1635 1276 1643 1284 1628 1268 1641 1281 1629 1269 1628 1268 1643 1284 1639 1279 1628 1268 1642 1280 1628 1268 1618 1259 1642 1280 1641 1281 1628 1268 1639 1279 1648 1287 1640 1282 1647 1288 1648 1287 1635 1276 1640 1282 1649 1289 1648 1287 1647 1288 1649 1289 1635 1276 1648 1287 1650 1290 1635 1276 1649 1289 1650 1290 1649 1289 1647 1288 1650 1290 1647 1288 1651 1291 1650 1290 1651 1291 1635 1276 1652 1292 1651 1291 1647 1288 1653 1293 1652 1292 1647 1288 1654 1294 1652 1292 1653 1293 1654 1294 1655 1295 1652 1292 1656 1296 1655 1295 1654 1294 1656 1296 1657 1297 1655 1295 1656 1296 1658 1298 1657 1297 1660 1299 1659 1300 1658 1298 1656 1296 1660 1299 1658 1298 1660 1299 1654 1294 1661 1301 1656 1296 1654 1294 1660 1299 1660 1299 1661 1301 1659 1300 1661 1301 1654 1294 1662 1302 1661 1301 1662 1302 1663 1303 1661 1301 1663 1303 1664 1304 1661 1301 1664 1304 1659 1300 1663 1303 1665 1305 1664 1304 1663 1303 1666 1306 1665 1305 1663 1303 1667 1307 1666 1306 1663 1303 1668 1308 1667 1307 1669 1309 1647 1288 1668 1308 1670 1310 1669 1309 1668 1308 1663 1303 1670 1310 1668 1308 1671 1311 1669 1309 1670 1310 1663 1303 1671 1311 1670 1310 1662 1302 1669 1309 1671 1311 1663 1303 1662 1302 1671 1311 1672 1312 1647 1288 1669 1309 1654 1294 1672 1312 1669 1309 1654 1294 1669 1309 1662 1302 1673 1313 1647 1288 1672 1312 1654 1294 1673 1313 1672 1312 1653 1293 1647 1288 1673 1313 1654 1294 1653 1293 1673 1313 1628 1268 1674 1314 1618 1259 1628 1268 1675 1315 1674 1314 1628 1268 1676 1316 1675 1315 1628 1268 1625 1266 1676 1316 1676 1316 1620 1258 1675 1315 1625 1266 1620 1258 1676 1316 1675 1315 1620 1258 1674 1314 1674 1314 1620 1258 1618 1259 1598 1238 1585 1226 1605 1246 1599 1239 1598 1238 1605 1246 1600 1240 1599 1239 1605 1246 1601 1241 1600 1240 1605 1246 1603 1242 1601 1241 1605 1246 1602 1243 1603 1242 1605 1246 1576 1218 1677 1317 1575 1217 1568 1209 1677 1317 1576 1218 1677 1317 1678 1318 1680 1319 1677 1317 1679 1320 1678 1318 1677 1317 1563 1203 1679 1320 1677 1317 1556 1197 1572 1214 1573 1213 1677 1317 1572 1214 1564 1204 1563 1203 1677 1317 1677 1317 1680 1319 1556 1197 1568 1209 1564 1204 1677 1317 1574 1216 1677 1317 1573 1213 1575 1217 1677 1317 1574 1216 1680 1319 1558 1196 1556 1197 1678 1318 1558 1196 1680 1319 1679 1320 1558 1196 1678 1318 1563 1203 1558 1196 1679 1320 1561 1202 1569 1208 1549 1189 1566 1206 1569 1208 1561 1202 1561 1202 1549 1189 1557 1198 1521 1158 1520 1162 1509 1149 1517 1157 1521 1158 1509 1149 1520 1162 1519 1161 1509 1149 1519 1161 1518 1159 1509 1149 1510 1150 1517 1157 1509 1149 1510 1150 1512 1153 1517 1157 1500 1141 1498 1140 1515 1154 1494 1134 1493 1133 1499 1139 1493 1133 1487 1127 1486 1125 1493 1133 1488 1128 1487 1127 1468 1108 1467 1107 1476 1118 1476 1118 1467 1107 1475 1117 1475 1117 1467 1107 1474 1116 1474 1116 1467 1107 1473 1113 1473 1113 1467 1107 1472 1114 1467 1107 1681 1321 1472 1114 1682 1322 1451 1093 1681 1321 1683 1323 1682 1322 1681 1321 1467 1107 1683 1323 1681 1321 1684 1324 1682 1322 1683 1323 1467 1107 1684 1324 1683 1323 1685 1325 1682 1322 1684 1324 1467 1107 1685 1325 1684 1324 1465 1105 1682 1322 1685 1325 1467 1107 1465 1105 1685 1325 1458 1099 1457 1097 1682 1322 1465 1105 1458 1099 1682 1322 1682 1322 1687 1326 1686 1327 1682 1322 1686 1327 1451 1093 1682 1322 1688 1328 1687 1326 1682 1322 1457 1097 1688 1328 1688 1328 1452 1092 1687 1326 1457 1097 1452 1092 1688 1328 1687 1326 1452 1092 1686 1327 1686 1327 1452 1092 1451 1093 1457 1097 1453 1094 1452 1092 1690 1329 1689 1330 1691 1331 1694 1332 1691 1331 1692 1333 1693 1334 1690 1329 1691 1331 1694 1332 1693 1334 1691 1331 1696 1335 1693 1334 1694 1332 1695 1336 1694 1332 1692 1333 1697 1337 1694 1332 1695 1336 1697 1337 1696 1335 1694 1332 1699 1338 1696 1335 1697 1337 1698 1339 1697 1337 1695 1336 1700 1340 1697 1337 1698 1339 1700 1340 1699 1338 1697 1337 1702 1341 1699 1338 1700 1340 1701 1342 1700 1340 1698 1339 1702 1341 1700 1340 1701 1342 1702 1341 1703 1343 1699 1338 1705 1344 1703 1343 1702 1341 1704 1345 1702 1341 1701 1342 1707 1346 1702 1341 1704 1345 1706 1347 1705 1344 1702 1341 1707 1346 1706 1347 1702 1341 1708 1348 1707 1346 1704 1345 1710 1349 1707 1346 1708 1348 1709 1350 1706 1347 1707 1346 1710 1349 1709 1350 1707 1346 1710 1349 1708 1348 1711 1351 1712 1352 1709 1350 1710 1349 1713 1353 1710 1349 1711 1351 1713 1353 1712 1352 1710 1349 1714 1354 1712 1352 1713 1353 1715 1355 1714 1354 1713 1353 1715 1355 1713 1353 1716 1356 1713 1353 1711 1351 1716 1356 1715 1355 1716 1356 1717 1357 1719 1358 1717 1357 1718 1359 1719 1358 1715 1355 1717 1357 1719 1358 1720 1360 1714 1354 1721 1361 1720 1360 1719 1358 1722 1362 1721 1361 1719 1358 1722 1362 1719 1358 1718 1359 1719 1358 1714 1354 1715 1355 1722 1362 1718 1359 1723 1363 1724 1364 1722 1362 1723 1363 1724 1364 1721 1361 1722 1362 1724 1364 1726 1365 1725 1366 1728 1367 1724 1364 1725 1366 1724 1364 1723 1363 1726 1365 1724 1364 1727 1368 1721 1361 1728 1367 1727 1368 1724 1364 1730 1369 1728 1367 1725 1366 1728 1367 1729 1370 1727 1368 1730 1369 1729 1370 1728 1367 1730 1369 1731 1371 1729 1370 1733 1372 1731 1371 1730 1369 1730 1369 1725 1366 1732 1373 1733 1372 1730 1369 1732 1373 1733 1372 1732 1373 1736 1374 1733 1372 1734 1375 1731 1371 1735 1376 1734 1375 1733 1372 1735 1376 1733 1372 1736 1374 1735 1376 1736 1374 1737 1377 1739 1378 1737 1377 1738 1379 1739 1378 1735 1376 1737 1377 1739 1378 1740 1380 1742 1381 1741 1382 1740 1380 1739 1378 1741 1382 1739 1378 1738 1379 1739 1378 1742 1381 1735 1376 1742 1381 1743 1383 1744 1384 1740 1380 1743 1383 1742 1381 1735 1376 1742 1381 1734 1375 1742 1381 1744 1384 1734 1375 1744 1384 1745 1385 1747 1386 1746 1387 1745 1385 1744 1384 1734 1375 1744 1384 1748 1388 1743 1383 1746 1387 1744 1384 1744 1384 1747 1386 1748 1388 1748 1388 1749 1389 1750 1390 1748 1388 1747 1386 1749 1389 1748 1388 1750 1390 1729 1370 1731 1371 1748 1388 1729 1370 1734 1375 1748 1388 1731 1371 1750 1390 1749 1389 1751 1391 1729 1370 1750 1390 1752 1392 1750 1390 1751 1391 1752 1392 1752 1392 1751 1391 1753 1393 1727 1368 1752 1392 1753 1393 1729 1370 1752 1392 1727 1368 1753 1393 1756 1394 1720 1360 1721 1361 1753 1393 1720 1360 1753 1393 1754 1395 1755 1396 1751 1391 1754 1395 1753 1393 1727 1368 1753 1393 1721 1361 1753 1393 1755 1396 1756 1394 1756 1394 1755 1396 1757 1397 1720 1360 1756 1394 1757 1397 1757 1397 1758 1398 1759 1399 1755 1396 1758 1398 1757 1397 1720 1360 1757 1397 1714 1354 1714 1354 1757 1397 1712 1352 1757 1397 1759 1399 1760 1400 1757 1397 1760 1400 1712 1352 1760 1400 1759 1399 1761 1401 1712 1352 1760 1400 1761 1401 1761 1401 1762 1402 1705 1344 1759 1399 1762 1402 1761 1401 1709 1350 1761 1401 1706 1347 1712 1352 1761 1401 1709 1350 1761 1401 1705 1344 1706 1347 1762 1402 1763 1403 1765 1404 1764 1405 1763 1403 1762 1402 1759 1399 1764 1405 1762 1402 1762 1402 1765 1404 1705 1344 1765 1404 1766 1406 1767 1407 1763 1403 1766 1406 1765 1404 1705 1344 1765 1404 1767 1407 1767 1407 1769 1408 1768 1409 1703 1343 1767 1407 1768 1409 1766 1406 1769 1408 1767 1407 1705 1344 1767 1407 1703 1343 1769 1408 1771 1410 1770 1411 1769 1408 1770 1411 1768 1409 1769 1408 1772 1412 1771 1410 1766 1406 1772 1412 1769 1408 1766 1406 1773 1413 1772 1412 1775 1414 1774 1415 1773 1413 1775 1414 1773 1413 1766 1406 1763 1403 1775 1414 1766 1406 1764 1405 1775 1414 1763 1403 1776 1416 1777 1417 1775 1414 1764 1405 1776 1416 1775 1414 1775 1414 1777 1417 1774 1415 1779 1418 1778 1419 1777 1417 1779 1418 1777 1417 1776 1416 1780 1420 1779 1418 1776 1416 1781 1421 1778 1419 1779 1418 1782 1422 1779 1418 1780 1420 1782 1422 1781 1421 1779 1418 1782 1422 1780 1420 1758 1398 1755 1396 1782 1422 1758 1398 1783 1423 1781 1421 1782 1422 1754 1395 1782 1422 1755 1396 1754 1395 1783 1423 1782 1422 1783 1423 1784 1424 1781 1421 1785 1425 1784 1424 1783 1423 1785 1425 1783 1423 1754 1395 1785 1425 1786 1426 1784 1424 1787 1427 1786 1426 1785 1425 1751 1391 1785 1425 1754 1395 1749 1389 1785 1425 1751 1391 1788 1428 1787 1427 1785 1425 1749 1389 1788 1428 1785 1425 1789 1429 1787 1427 1788 1428 1747 1386 1788 1428 1749 1389 1747 1386 1789 1429 1788 1428 1789 1429 1790 1430 1787 1427 1791 1431 1790 1430 1789 1429 1745 1385 1789 1429 1747 1386 1745 1385 1791 1431 1789 1429 1791 1431 1792 1432 1790 1430 1793 1433 1792 1432 1791 1431 1746 1387 1791 1431 1745 1385 1746 1387 1793 1433 1791 1431 1793 1433 1794 1434 1792 1432 1795 1435 1794 1434 1793 1433 1796 1436 1793 1433 1746 1387 1796 1436 1795 1435 1793 1433 1797 1437 1796 1436 1746 1387 1799 1438 1796 1436 1797 1437 1798 1439 1795 1435 1796 1436 1799 1438 1798 1439 1796 1436 1800 1440 1799 1438 1797 1437 1801 1441 1798 1439 1799 1438 1802 1442 1799 1438 1800 1440 1802 1442 1801 1441 1799 1438 1804 1443 1801 1441 1802 1442 1803 1444 1802 1442 1800 1440 1805 1445 1802 1442 1803 1444 1805 1445 1804 1443 1802 1442 1807 1446 1804 1443 1805 1445 1806 1447 1805 1445 1809 1448 1808 1449 1805 1445 1806 1447 1808 1449 1807 1446 1805 1445 1805 1445 1803 1444 1809 1448 1809 1448 1803 1444 1810 1450 1809 1448 1810 1450 1741 1382 1809 1448 1741 1382 1812 1451 1809 1448 1812 1451 1811 1452 1806 1447 1809 1448 1811 1452 1741 1382 1738 1379 1812 1451 1806 1447 1811 1452 1813 1453 1808 1449 1813 1453 1814 1454 1808 1449 1806 1447 1813 1453 1808 1449 1814 1454 1815 1455 1816 1456 1808 1449 1815 1455 1817 1457 1816 1456 1815 1455 1817 1457 1815 1455 1818 1458 1820 1459 1818 1458 1819 1460 1820 1459 1817 1457 1818 1458 1820 1459 1821 1461 1823 1462 1822 1463 1821 1461 1820 1459 1822 1463 1820 1459 1819 1460 1820 1459 1823 1462 1817 1457 1823 1462 1825 1464 1824 1465 1817 1457 1823 1462 1824 1465 1821 1461 1825 1464 1823 1462 1825 1464 1829 1466 1824 1465 1825 1464 1826 1467 1828 1468 1827 1469 1826 1467 1825 1464 1821 1461 1827 1469 1825 1464 1825 1464 1828 1468 1829 1466 1829 1466 1828 1468 1830 1470 1829 1466 1830 1470 1831 1471 1824 1465 1829 1466 1831 1471 1831 1471 1830 1470 1832 1472 1807 1446 1831 1471 1804 1443 1824 1465 1831 1471 1807 1446 1831 1471 1832 1472 1804 1443 1832 1472 1833 1473 1834 1474 1830 1470 1833 1473 1832 1472 1804 1443 1832 1472 1801 1441 1832 1472 1834 1474 1801 1441 1834 1474 1835 1475 1836 1476 1833 1473 1835 1475 1834 1474 1801 1441 1834 1474 1798 1439 1834 1474 1836 1476 1798 1439 1798 1439 1836 1476 1837 1477 1835 1475 1839 1478 1836 1476 1836 1476 1838 1479 1837 1477 1836 1476 1839 1478 1838 1479 1835 1475 1840 1480 1839 1478 1842 1481 1841 1482 1840 1480 1842 1481 1840 1480 1835 1475 1833 1473 1842 1481 1835 1475 1844 1483 1842 1481 1833 1473 1843 1484 1841 1482 1842 1481 1844 1483 1843 1484 1842 1481 1830 1470 1844 1483 1833 1473 1845 1485 1843 1484 1844 1483 1845 1485 1844 1483 1830 1470 1828 1468 1845 1485 1830 1470 1845 1485 1846 1486 1843 1484 1847 1487 1846 1486 1845 1485 1848 1488 1845 1485 1828 1468 1848 1488 1847 1487 1845 1485 1849 1489 1847 1487 1848 1488 1826 1467 1848 1488 1828 1468 1850 1490 1848 1488 1826 1467 1850 1490 1849 1489 1848 1488 1852 1491 1849 1489 1850 1490 1851 1492 1850 1490 1826 1467 1853 1493 1850 1490 1851 1492 1853 1493 1852 1491 1850 1490 1854 1494 1853 1493 1851 1492 1856 1495 1853 1493 1854 1494 1855 1496 1852 1491 1853 1493 1856 1495 1855 1496 1853 1493 1856 1495 1854 1494 1857 1497 1858 1498 1856 1495 1857 1497 1859 1499 1855 1496 1856 1495 1859 1499 1856 1495 1858 1498 1861 1500 1859 1499 1858 1498 1859 1499 1860 1501 1855 1496 1863 1502 1860 1501 1859 1499 1862 1503 1859 1499 1861 1500 1862 1503 1863 1502 1859 1499 1863 1502 1865 1504 1864 1505 1863 1502 1864 1505 1860 1501 1862 1503 1866 1506 1863 1502 1863 1502 1866 1506 1865 1504 1862 1503 1867 1507 1866 1506 1868 1508 1867 1507 1862 1503 1868 1508 1869 1509 1867 1507 1868 1508 1870 1510 1869 1509 1868 1508 1871 1511 1870 1510 1868 1508 1872 1512 1871 1511 1868 1508 1875 1513 1872 1512 1874 1514 1873 1515 1872 1512 1875 1513 1874 1514 1872 1512 1875 1513 1858 1498 1874 1514 1875 1513 1861 1500 1858 1498 1868 1508 1861 1500 1875 1513 1874 1514 1858 1498 1857 1497 1874 1514 1857 1497 1822 1463 1874 1514 1822 1463 1873 1515 1822 1463 1876 1516 1873 1515 1822 1463 1819 1460 1876 1516 1868 1508 1862 1503 1861 1500 1864 1505 1865 1504 1877 1517 1879 1518 1877 1517 1878 1519 1864 1505 1877 1517 1879 1518 1879 1518 1880 1520 1881 1521 1879 1518 1878 1519 1880 1520 1864 1505 1879 1518 1881 1521 1881 1521 1882 1522 1883 1523 1880 1520 1882 1522 1881 1521 1864 1505 1881 1521 1860 1501 1860 1501 1881 1521 1884 1524 1881 1521 1883 1523 1884 1524 1884 1524 1883 1523 1852 1491 1855 1496 1884 1524 1852 1491 1860 1501 1884 1524 1855 1496 1882 1522 1887 1525 1883 1523 1883 1523 1887 1525 1885 1526 1883 1523 1885 1526 1886 1527 1883 1523 1886 1527 1852 1491 1882 1522 1888 1528 1887 1525 1880 1520 1889 1529 1888 1528 1880 1520 1888 1528 1882 1522 1880 1520 1890 1530 1889 1529 1880 1520 1878 1519 1890 1530 1886 1527 1891 1531 1849 1489 1852 1491 1886 1527 1849 1489 1886 1527 1885 1526 1891 1531 1849 1489 1891 1531 1892 1532 1847 1487 1892 1532 1893 1533 1849 1489 1892 1532 1847 1487 1846 1486 1893 1533 1894 1534 1847 1487 1893 1533 1846 1486 1843 1484 1894 1534 1841 1482 1846 1486 1894 1534 1843 1484 1857 1497 1854 1494 1827 1469 1822 1463 1857 1497 1821 1461 1857 1497 1827 1469 1821 1461 1854 1494 1851 1492 1827 1469 1827 1469 1851 1492 1826 1467 1837 1477 1838 1479 1895 1535 1792 1432 1895 1535 1896 1536 1794 1434 1895 1535 1792 1432 1837 1477 1895 1535 1794 1434 1790 1430 1896 1536 1897 1537 1792 1432 1896 1536 1790 1430 1787 1427 1897 1537 1898 1538 1790 1430 1897 1537 1787 1427 1787 1427 1898 1538 1899 1539 1784 1424 1899 1539 1900 1540 1786 1426 1899 1539 1784 1424 1787 1427 1899 1539 1786 1426 1784 1424 1900 1540 1901 1541 1781 1421 1901 1541 1778 1419 1784 1424 1901 1541 1781 1421 1795 1435 1837 1477 1794 1434 1798 1439 1837 1477 1795 1435 1816 1456 1824 1465 1807 1446 1817 1457 1824 1465 1816 1456 1816 1456 1807 1446 1808 1449 1741 1382 1810 1450 1740 1380 1803 1444 1800 1440 1810 1450 1810 1450 1797 1437 1740 1380 1810 1450 1800 1440 1797 1437 1740 1380 1797 1437 1743 1383 1797 1437 1746 1387 1743 1383 1780 1420 1776 1416 1764 1405 1758 1398 1780 1420 1764 1405 1770 1411 1771 1410 1902 1542 1903 1543 1902 1542 1690 1329 1770 1411 1902 1542 1903 1543 1696 1335 1903 1543 1693 1334 1768 1409 1903 1543 1696 1335 1768 1409 1770 1411 1903 1543 1903 1543 1690 1329 1693 1334 1699 1338 1768 1409 1696 1335 1703 1343 1768 1409 1699 1338 1758 1398 1764 1405 1759 1399 1708 1348 1904 1544 1711 1351 1708 1348 1905 1545 1904 1544 1907 1546 1906 1547 1905 1545 1708 1348 1907 1546 1905 1545 1907 1546 1704 1345 1701 1342 1708 1348 1704 1345 1907 1546 1907 1546 1908 1548 1906 1547 1907 1546 1701 1342 1908 1548 1908 1548 1909 1549 1906 1547 1908 1548 1911 1550 1909 1549 1908 1548 1701 1342 1910 1551 1908 1548 1910 1551 1911 1550 1911 1550 1910 1551 1912 1552 1911 1550 1912 1552 1913 1553 1911 1550 1913 1553 1914 1554 1911 1550 1914 1554 1909 1549 1913 1553 1915 1555 1914 1554 1913 1553 1916 1556 1915 1555 1913 1553 1917 1557 1916 1556 1912 1552 1918 1558 1917 1557 1913 1553 1912 1552 1917 1557 1695 1336 1919 1559 1918 1558 1920 1560 1695 1336 1918 1558 1912 1552 1920 1560 1918 1558 1698 1339 1695 1336 1920 1560 1698 1339 1920 1560 1912 1552 1695 1336 1692 1333 1919 1559 1910 1551 1698 1339 1912 1552 1701 1342 1698 1339 1910 1551 1924 1561 1922 1562 1921 1563 1924 1561 1921 1563 1923 1564 1925 1565 1924 1561 1923 1564 1925 1565 1927 1566 1924 1561 1924 1561 1926 1567 1922 1562 1924 1561 1927 1566 1926 1567 1927 1566 1929 1568 1926 1567 1928 1569 1929 1568 1927 1566 1925 1565 1928 1569 1927 1566 1929 1568 1930 1570 1926 1567 1929 1568 1931 1571 1930 1570 1929 1568 1933 1572 1931 1571 1932 1573 1934 1574 1929 1568 1928 1569 1932 1573 1929 1568 1929 1568 1934 1574 1933 1572 1934 1574 1935 1575 1933 1572 1934 1574 1936 1576 1935 1575 1938 1577 1936 1576 1934 1574 1937 1578 1938 1577 1934 1574 1937 1578 1934 1574 1932 1573 1939 1579 1941 1580 1938 1577 1940 1581 1939 1579 1938 1577 1940 1581 1938 1577 1937 1578 1938 1577 1941 1580 1936 1576 1941 1580 1943 1582 1936 1576 1942 1583 1944 1584 1941 1580 1939 1579 1942 1583 1941 1580 1941 1580 1944 1584 1943 1582 1944 1584 1946 1585 1943 1582 1945 1586 1947 1587 1944 1584 1942 1583 1945 1586 1944 1584 1944 1584 1947 1587 1946 1585 1947 1587 1948 1588 1951 1589 1947 1587 1949 1590 1948 1588 1950 1591 1949 1590 1947 1587 1947 1587 1951 1589 1946 1585 1945 1586 1950 1591 1947 1587 1951 1589 1953 1592 1952 1593 1951 1589 1952 1593 1954 1594 1948 1588 1953 1592 1951 1589 1955 1595 1951 1589 1954 1594 1946 1585 1951 1589 1955 1595 1943 1582 1946 1585 1955 1595 1956 1596 1955 1595 1957 1597 1943 1582 1955 1595 1956 1596 1955 1595 1958 1598 1957 1597 1955 1595 1954 1594 1958 1598 1954 1594 1959 1599 1958 1598 1952 1593 1960 1600 1959 1599 1954 1594 1952 1593 1959 1599 1962 1601 1961 1602 1960 1600 1952 1593 1962 1601 1960 1600 1962 1601 1964 1603 1961 1602 1963 1604 1964 1603 1962 1601 1953 1592 1963 1604 1962 1601 1953 1592 1962 1601 1952 1593 1964 1603 1965 1605 1961 1602 1964 1603 1967 1606 1965 1605 1966 1607 1967 1606 1964 1603 1963 1604 1966 1607 1964 1603 1967 1606 1968 1608 1969 1609 1970 1610 1968 1608 1967 1606 1967 1606 1969 1609 1965 1605 1966 1607 1970 1610 1967 1606 1970 1610 1971 1611 1968 1608 1972 1612 1971 1611 1970 1610 1973 1613 1972 1612 1970 1610 1973 1613 1970 1610 1966 1607 1973 1613 1974 1614 1972 1612 1975 1615 1974 1614 1973 1613 1963 1604 1973 1613 1966 1607 1977 1616 1975 1615 1973 1613 1976 1617 1973 1613 1963 1604 1977 1616 1973 1613 1976 1617 1977 1616 1978 1618 1975 1615 1979 1619 1978 1618 1977 1616 1980 1620 1977 1616 1976 1617 1981 1621 1979 1619 1977 1616 1981 1621 1977 1616 1980 1620 1983 1622 1981 1621 1980 1620 1982 1623 1979 1619 1981 1621 1983 1622 1982 1623 1981 1621 1983 1622 1980 1620 1949 1590 1985 1624 1983 1622 1949 1590 1984 1625 1982 1623 1983 1622 1986 1626 1984 1625 1983 1622 1986 1626 1983 1622 1985 1624 1987 1627 1986 1626 1985 1624 1987 1627 1989 1628 1986 1626 1986 1626 1988 1629 1984 1625 1986 1626 1989 1628 1988 1629 1987 1627 1990 1630 1989 1628 1987 1627 1991 1631 1990 1630 1994 1632 1992 1633 1991 1631 1993 1634 1991 1631 1987 1627 1994 1632 1991 1631 1993 1634 1994 1632 1997 1635 1995 1636 1996 1637 1994 1632 1995 1636 1996 1637 1998 1638 1994 1632 1994 1632 1993 1634 1997 1635 1994 1632 1998 1638 1992 1633 2000 1639 1999 1640 1998 1638 2000 1639 1998 1638 1996 1637 2000 1639 1996 1637 2001 1641 2000 1639 2001 1641 2002 1642 2003 1643 1999 1640 2000 1639 2003 1643 2000 1639 2002 1642 2003 1643 2004 1644 1999 1640 2003 1643 2008 1645 2004 1644 2003 1643 2002 1642 2005 1646 2003 1643 2005 1646 2006 1647 2003 1643 2006 1647 2007 1648 2003 1643 2007 1648 2008 1645 2005 1646 2009 1649 2006 1647 2011 1650 2010 1651 2009 1649 2005 1646 2011 1650 2009 1649 2011 1650 2012 1652 2010 1651 2011 1650 2013 1653 2012 1652 2005 1646 2013 1653 2011 1650 2013 1653 1940 1581 2014 1654 2012 1652 2013 1653 2014 1654 2002 1642 1940 1581 2013 1653 2005 1646 2002 1642 2013 1653 2014 1654 1932 1573 1928 1569 2012 1652 2014 1654 1928 1569 2014 1654 1937 1578 1932 1573 2014 1654 1940 1581 1937 1578 2012 1652 1925 1565 2015 1655 2012 1652 1928 1569 1925 1565 2012 1652 2015 1655 2010 1651 1925 1565 1923 1564 2015 1655 2002 1642 2001 1641 1940 1581 1996 1637 1995 1636 2001 1641 2001 1641 1995 1636 1939 1579 2001 1641 1939 1579 1940 1581 1997 1635 1945 1586 1942 1583 1995 1636 1997 1635 1942 1583 1993 1634 2016 1656 1997 1635 1997 1635 2016 1656 1945 1586 2016 1656 1985 1624 1950 1591 1987 1627 1985 1624 2016 1656 2016 1656 1950 1591 1945 1586 1993 1634 1987 1627 2016 1656 1995 1636 1942 1583 1939 1579 1982 1623 1988 1629 2017 1657 1984 1625 1988 1629 1982 1623 1982 1623 2017 1657 2018 1658 2019 1659 2018 1658 2020 1660 1982 1623 2018 1658 2019 1659 2022 1661 2020 1660 2021 1662 2023 1663 2020 1660 2022 1661 2019 1659 2020 1660 2023 1663 2023 1663 2022 1661 1978 1618 2019 1659 2023 1663 1978 1618 2022 1661 2025 1664 2024 1665 1978 1618 2022 1661 2024 1665 2022 1661 2027 1666 2025 1664 2022 1661 2021 1662 2026 1667 2022 1661 2026 1667 2027 1666 2027 1666 2028 1668 2029 1669 2027 1666 2026 1667 2028 1668 2027 1666 2029 1669 2025 1664 2029 1669 2031 1670 2030 1671 2029 1669 2030 1671 2033 1672 2029 1669 2032 1673 2031 1670 2029 1669 2028 1668 2032 1673 2025 1664 2029 1669 2033 1672 2033 1672 2030 1671 2035 1674 2033 1672 2035 1674 2034 1675 2025 1664 2033 1672 2034 1675 2035 1674 2036 1676 2037 1677 2030 1671 2036 1676 2035 1674 2034 1675 2035 1674 2037 1677 2037 1677 2036 1676 2038 1678 2037 1677 2038 1678 2041 1679 2037 1677 2041 1679 2039 1680 2040 1681 2037 1677 2039 1680 2034 1675 2037 1677 2040 1681 2041 1679 2042 1682 2044 1683 2041 1679 2043 1684 2042 1682 2038 1678 2043 1684 2041 1679 2039 1680 2041 1679 2044 1683 2044 1683 2042 1682 2045 1685 2046 1686 2044 1683 2045 1685 2039 1680 2044 1683 2046 1686 2048 1687 2039 1680 2046 1686 2047 1688 2046 1686 2049 1689 2048 1687 2046 1686 2047 1688 2046 1686 2045 1685 2049 1689 2047 1688 2049 1689 2050 1690 1968 1608 2050 1690 1969 1609 1968 1608 2047 1688 2050 1690 1971 1611 2048 1687 2047 1688 2040 1681 2039 1680 2048 1687 2051 1691 2040 1681 2048 1687 2051 1691 2048 1687 1971 1611 1972 1612 2051 1691 1971 1611 2052 1692 2040 1681 2051 1691 1974 1614 2052 1692 2051 1691 1974 1614 2051 1691 1972 1612 2025 1664 2034 1675 2052 1692 2024 1665 2025 1664 2052 1692 2024 1665 2052 1692 1974 1614 2052 1692 2034 1675 2040 1681 1971 1611 2047 1688 1968 1608 2042 1682 2053 1693 2045 1685 2042 1682 2054 1694 2053 1693 2056 1695 2055 1696 2054 1694 2042 1682 2056 1695 2054 1694 2056 1695 2058 1697 2055 1696 2057 1698 2058 1697 2056 1695 2043 1684 2057 1698 2056 1695 2043 1684 2056 1695 2042 1682 2058 1697 2059 1699 2055 1696 2058 1697 2061 1700 2059 1699 2060 1701 2061 1700 2058 1697 2057 1698 2060 1701 2058 1697 2061 1700 2062 1702 2063 1703 2064 1704 2062 1702 2061 1700 2061 1700 2063 1703 2059 1699 2060 1701 2064 1704 2061 1700 2064 1704 2065 1705 2062 1702 2064 1704 2066 1706 2065 1705 2068 1707 2066 1706 2064 1704 2067 1708 2064 1704 2060 1701 2067 1708 2068 1707 2064 1704 2069 1709 2066 1706 2068 1707 2070 1710 2069 1709 2068 1707 2070 1710 2068 1707 2067 1708 2071 1711 2069 1709 2070 1710 2072 1712 2070 1710 2067 1708 2073 1713 2071 1711 2070 1710 2073 1713 2070 1710 2072 1712 2074 1714 2071 1711 2073 1713 2075 1715 2073 1713 2072 1712 2076 1716 2074 1714 2073 1713 2076 1716 2073 1713 2075 1715 2076 1716 2078 1717 2077 1718 2076 1716 2077 1718 2074 1714 2079 1719 2078 1717 2076 1716 2079 1719 2076 1716 2075 1715 2079 1719 2080 1720 2078 1717 2031 1670 2080 1720 2079 1719 2079 1719 2075 1715 2081 1721 2030 1671 2079 1719 2081 1721 2031 1670 2079 1719 2030 1671 2081 1721 2082 1722 2036 1676 2030 1671 2081 1721 2036 1676 2081 1721 2075 1715 2082 1722 2082 1722 2084 1723 2083 1724 2036 1676 2082 1722 2083 1724 2075 1715 2072 1712 2082 1722 2082 1722 2072 1712 2084 1723 2084 1723 2060 1701 2057 1698 2043 1684 2084 1723 2057 1698 2072 1712 2067 1708 2084 1723 2083 1724 2084 1723 2043 1684 2084 1723 2067 1708 2060 1701 2038 1678 2083 1724 2043 1684 2036 1676 2083 1724 2038 1678 2031 1670 2032 1673 2080 1720 2074 1714 2077 1718 2085 1725 2087 1726 2085 1725 2086 1727 2074 1714 2085 1725 2087 1726 2087 1726 2088 1728 2071 1711 2074 1714 2087 1726 2071 1711 2087 1726 2089 1729 2088 1728 2087 1726 2086 1727 2089 1729 2089 1729 2090 1730 2088 1728 2089 1729 2091 1731 2090 1730 2089 1729 2086 1727 2091 1731 2093 1732 2091 1731 2092 1733 2090 1730 2091 1731 2093 1732 2093 1732 2094 1734 2097 1735 2093 1732 2095 1736 2094 1734 2093 1732 2096 1737 2095 1736 2093 1732 2092 1733 2096 1737 2090 1730 2093 1732 2097 1735 2097 1735 2094 1734 2100 1738 2097 1735 2100 1738 2098 1739 2099 1740 2097 1735 2098 1739 2090 1730 2097 1735 2099 1740 2100 1738 2101 1741 2103 1742 2100 1738 2102 1743 2101 1741 2094 1734 2102 1743 2100 1738 2098 1739 2100 1738 2103 1742 2103 1742 2101 1741 2106 1744 2103 1742 2106 1744 2104 1745 2105 1746 2103 1742 2104 1745 2098 1739 2103 1742 2105 1746 2106 1744 2108 1747 2107 1748 2106 1744 2107 1748 2109 1749 2101 1741 2108 1747 2106 1744 2104 1745 2106 1744 2109 1749 2109 1749 2107 1748 2112 1750 2109 1749 2112 1750 2110 1751 2111 1752 2109 1749 2110 1751 2104 1745 2109 1749 2111 1752 2107 1748 2113 1753 2112 1750 2107 1748 2114 1754 2113 1753 2108 1747 2115 1755 2114 1754 2108 1747 2114 1754 2107 1748 2117 1756 2116 1757 2115 1755 2117 1756 2115 1755 2108 1747 2101 1741 2117 1756 2108 1747 2118 1758 2116 1757 2117 1756 2101 1741 2118 1758 2117 1756 2119 1759 2120 1760 2118 1758 2119 1759 2118 1758 2102 1743 2120 1760 2121 1761 2118 1758 2102 1743 2118 1758 2101 1741 2118 1758 2121 1761 2116 1757 2120 1760 2122 1762 2121 1761 2120 1760 2123 1763 2122 1762 2125 1764 2124 1765 2123 1763 2125 1764 2123 1763 2120 1760 2125 1764 2126 1766 2124 1765 2127 1767 2126 1766 2125 1764 2119 1759 2125 1764 2120 1760 2127 1767 2125 1764 2119 1759 2127 1767 2128 1768 2126 1766 2094 1734 2127 1767 2119 1759 2127 1767 2096 1737 2128 1768 2095 1736 2127 1767 2094 1734 2095 1736 2096 1737 2127 1767 2094 1734 2119 1759 2102 1743 2130 1769 2104 1745 2111 1752 2129 1770 2111 1752 2131 1771 2130 1769 2111 1752 2129 1770 2111 1752 2110 1751 2131 1771 2129 1770 2131 1771 2132 1772 2062 1702 2132 1772 2063 1703 2062 1702 2129 1770 2132 1772 2065 1705 2130 1769 2129 1770 2105 1746 2104 1745 2130 1769 2066 1706 2105 1746 2130 1769 2066 1706 2130 1769 2065 1705 2065 1705 2129 1770 2062 1702 2066 1706 2098 1739 2105 1746 2099 1740 2098 1739 2133 1773 2088 1728 2099 1740 2133 1773 2088 1728 2090 1730 2099 1740 2133 1773 2098 1739 2066 1706 2069 1709 2133 1773 2066 1706 2088 1728 2133 1773 2069 1709 2071 1711 2088 1728 2069 1709 1978 1618 2024 1665 1974 1614 2019 1659 1978 1618 1979 1619 1982 1623 2019 1659 1979 1619 1985 1624 1949 1590 1950 1591 1980 1620 1976 1617 2134 1774 1949 1590 1980 1620 2134 1774 2134 1774 1963 1604 1953 1592 1948 1588 2134 1774 1953 1592 1949 1590 2134 1774 1948 1588 2134 1774 1976 1617 1963 1604 1978 1618 1974 1614 1975 1615 1956 1596 1957 1597 2135 1775 1935 1575 2135 1775 2136 1776 1935 1575 1956 1596 2135 1775 1933 1572 2136 1776 1931 1571 1933 1572 1935 1575 2136 1776 1936 1576 1943 1582 1956 1596 1936 1576 1956 1596 1935 1575 2140 1777 2138 1778 2137 1779 2140 1777 2137 1779 2139 1780 2140 1777 2139 1780 2141 1781 2140 1777 2141 1781 2142 1782 2143 1783 2140 1777 2142 1782 2143 1783 2138 1778 2140 1777 2143 1783 2142 1782 2144 1784 2146 1785 2143 1783 2144 1784 2143 1783 2145 1786 2138 1778 2146 1785 2145 1786 2143 1783 2146 1785 2144 1784 2148 1787 2146 1785 2147 1788 2145 1786 2149 1789 2147 1788 2146 1785 2149 1789 2146 1785 2148 1787 2149 1789 2150 1790 2147 1788 2152 1791 2150 1790 2149 1789 2149 1789 2148 1787 2151 1792 2152 1791 2149 1789 2151 1792 2152 1791 2155 1793 2150 1790 2152 1791 2151 1792 2153 1794 2154 1795 2152 1791 2153 1794 2154 1795 2155 1793 2152 1791 2154 1795 2156 1796 2155 1793 2158 1797 2157 1798 2156 1796 2158 1797 2156 1796 2154 1795 2158 1797 2154 1795 2159 1799 2161 1800 2157 1798 2158 1797 2160 1801 2158 1797 2159 1799 2161 1800 2158 1797 2160 1801 2162 1802 2161 1800 2160 1801 2162 1802 2163 1803 2161 1800 2161 1800 2163 1803 2157 1798 2162 1802 2164 1804 2163 1803 2162 1802 2165 1805 2164 1804 2168 1806 2166 1807 2165 1805 2167 1808 2165 1805 2162 1802 2168 1806 2165 1805 2167 1808 2168 1806 2167 1808 2169 1809 2168 1806 2169 1809 2170 1810 2171 1811 2166 1807 2168 1806 2171 1811 2168 1806 2170 1810 2171 1811 2172 1812 2166 1807 2174 1813 2172 1812 2171 1811 2171 1811 2170 1810 2173 1814 2174 1813 2171 1811 2173 1814 2174 1813 2173 1814 2175 1815 2176 1816 2174 1813 2175 1815 2174 1813 2177 1817 2172 1812 2176 1816 2177 1817 2174 1813 2176 1816 2178 1818 2177 1817 2180 1819 2179 1820 2178 1818 2180 1819 2178 1818 2176 1816 2180 1819 2176 1816 2181 1821 2182 1822 2179 1820 2180 1819 2182 1822 2180 1819 2181 1821 2182 1822 2181 1821 2183 1823 2184 1824 2182 1822 2183 1823 2184 1824 2185 1825 2182 1822 2182 1822 2185 1825 2179 1820 2184 1824 2186 1826 2185 1825 2187 1827 2186 1826 2184 1824 2187 1827 2188 1828 2186 1826 2190 1829 2189 1830 2188 1828 2190 1829 2188 1828 2187 1827 2190 1829 2191 1831 2192 1832 2190 1829 2187 1827 2191 1831 2193 1833 2189 1830 2190 1829 2193 1833 2190 1829 2192 1832 2193 1833 2194 1834 2189 1830 2197 1835 2194 1834 2193 1833 2193 1833 2192 1832 2195 1836 2196 1837 2193 1833 2195 1836 2197 1835 2193 1833 2196 1837 2197 1835 2198 1838 2194 1834 2199 1839 2197 1835 2196 1837 2200 1840 2198 1838 2197 1835 2200 1840 2197 1835 2199 1839 2201 1841 2200 1840 2199 1839 2202 1842 2200 1840 2201 1841 2202 1842 2203 1843 2200 1840 2200 1840 2203 1843 2198 1838 2202 1842 2204 1844 2203 1843 2202 1842 2205 1845 2204 1844 2207 1846 2205 1845 2202 1842 2207 1846 2206 1847 2205 1845 2207 1846 2201 1841 2208 1848 2209 1849 2207 1846 2208 1848 2210 1850 2207 1846 2209 1849 2210 1850 2206 1847 2207 1846 2207 1846 2202 1842 2201 1841 2211 1851 2210 1850 2209 1849 2211 1851 2206 1847 2210 1850 2211 1851 2212 1852 2206 1847 2215 1853 2212 1852 2211 1851 2211 1851 2209 1849 2213 1854 2214 1855 2211 1851 2213 1854 2215 1853 2211 1851 2214 1855 2215 1853 2216 1856 2212 1852 2215 1853 2217 1857 2216 1856 2219 1858 2217 1857 2215 1853 2218 1859 2215 1853 2214 1855 2219 1858 2215 1853 2218 1859 2219 1858 2220 1860 2217 1857 2219 1858 2221 1861 2220 1860 2219 1858 2218 1859 2221 1861 2218 1859 2222 1862 2221 1861 2218 1859 2223 1863 2222 1862 2225 1864 2224 1865 2223 1863 2218 1859 2225 1864 2223 1863 2225 1864 2226 1866 2224 1865 2225 1864 2227 1867 2226 1866 2218 1859 2214 1855 2225 1864 2225 1864 2214 1855 2227 1867 2227 1867 2213 1854 2230 1868 2214 1855 2213 1854 2227 1867 2227 1867 2229 1869 2228 1870 2226 1866 2227 1867 2228 1870 2227 1867 2230 1868 2229 1869 2230 1868 2232 1871 2231 1872 2230 1868 2231 1872 2229 1869 2213 1854 2232 1871 2230 1868 2232 1871 2233 1873 2231 1872 2209 1849 2234 1874 2232 1871 2213 1854 2209 1849 2232 1871 2232 1871 2234 1874 2233 1873 2234 1874 2235 1875 2233 1873 2208 1848 2201 1841 2234 1874 2209 1849 2208 1848 2234 1874 2234 1874 2201 1841 2235 1875 2235 1875 2199 1839 2237 1876 2201 1841 2199 1839 2235 1875 2235 1875 2237 1876 2236 1877 2233 1873 2235 1875 2236 1877 2237 1876 2239 1878 2238 1879 2237 1876 2238 1879 2240 1880 2199 1839 2239 1878 2237 1876 2236 1877 2237 1876 2240 1880 2240 1880 2238 1879 2241 1881 2236 1877 2240 1880 2241 1881 2241 1881 2238 1879 2245 1882 2241 1881 2244 1883 2242 1884 2243 1885 2241 1881 2242 1884 2236 1877 2241 1881 2243 1885 2241 1881 2245 1882 2244 1883 2245 1882 2247 1886 2246 1887 2245 1882 2246 1887 2244 1883 2238 1879 2247 1886 2245 1882 2247 1886 2249 1888 2246 1887 2248 1889 2250 1890 2247 1886 2238 1879 2248 1889 2247 1886 2247 1886 2250 1890 2249 1888 2250 1890 2252 1891 2249 1888 2251 1892 2253 1893 2250 1890 2248 1889 2251 1892 2250 1890 2250 1890 2253 1893 2252 1891 2253 1893 2254 1894 2256 1895 2255 1896 2254 1894 2253 1893 2253 1893 2256 1895 2252 1891 2251 1892 2255 1896 2253 1893 2256 1895 2257 1897 2259 1898 2256 1895 2258 1899 2257 1897 2254 1894 2258 1899 2256 1895 2252 1891 2256 1895 2259 1898 2259 1898 2260 1900 2261 1901 2259 1898 2257 1897 2260 1900 2252 1891 2259 1898 2261 1901 2252 1891 2261 1901 2262 1902 2249 1888 2262 1902 2263 1903 2249 1888 2252 1891 2262 1902 2246 1887 2263 1903 2264 1904 2246 1887 2249 1888 2263 1903 2244 1883 2264 1904 2265 1905 2244 1883 2246 1887 2264 1904 2242 1884 2265 1905 2266 1906 2242 1884 2244 1883 2265 1905 2268 1907 2266 1906 2267 1908 2268 1907 2242 1884 2266 1906 2269 1909 2268 1907 2267 1908 2243 1885 2242 1884 2268 1907 2269 1909 2243 1885 2268 1907 2270 1910 2243 1885 2269 1909 2272 1911 2270 1910 2269 1909 2271 1912 2269 1909 2273 1913 2272 1911 2269 1909 2271 1912 2269 1909 2267 1908 2273 1913 2271 1912 2273 1913 2274 1914 2276 1915 2274 1914 2275 1916 2276 1915 2271 1912 2274 1914 2277 1917 2271 1912 2276 1915 2278 1918 2277 1917 2276 1915 2278 1918 2276 1915 2275 1916 2279 1919 2277 1917 2278 1918 2280 1920 2279 1919 2278 1918 2280 1920 2278 1918 2281 1921 2278 1918 2275 1916 2281 1921 2280 1920 2281 1921 2282 1922 2280 1920 2282 1922 2283 1923 2280 1920 2283 1923 2284 1924 2280 1920 2284 1924 2285 1925 2226 1866 2285 1925 2224 1865 2286 1926 2280 1920 2285 1925 2226 1866 2286 1926 2285 1925 2286 1926 2279 1919 2280 1920 2226 1866 2279 1919 2286 1926 2228 1870 2277 1917 2279 1919 2226 1866 2228 1870 2279 1919 2229 1869 2272 1911 2277 1917 2228 1870 2229 1869 2277 1917 2277 1917 2272 1911 2271 1912 2231 1872 2270 1910 2272 1911 2229 1869 2231 1872 2272 1911 2233 1873 2243 1885 2270 1910 2231 1872 2233 1873 2270 1910 2257 1897 2287 1927 2260 1900 2289 1928 2288 1929 2287 1927 2290 1930 2289 1928 2287 1927 2257 1897 2290 1930 2287 1927 2291 1931 2289 1928 2290 1930 2258 1899 2291 1931 2290 1930 2258 1899 2290 1930 2257 1897 2292 1932 2294 1933 2291 1931 2293 1934 2292 1932 2291 1931 2293 1934 2291 1931 2258 1899 2291 1931 2294 1933 2289 1928 2294 1933 2295 1935 2298 1936 2296 1937 2295 1935 2294 1933 2294 1933 2297 1938 2289 1928 2292 1932 2296 1937 2294 1933 2294 1933 2298 1936 2297 1938 2298 1936 2299 1939 2297 1938 2298 1936 2300 1940 2299 1939 2298 1936 2301 1941 2300 1940 2295 1935 2301 1941 2298 1936 2301 1941 2304 1942 2300 1940 2302 1943 2304 1942 2301 1941 2303 1944 2302 1943 2301 1941 2303 1944 2301 1941 2295 1935 2304 1942 2307 1945 2305 1946 2300 1940 2304 1942 2305 1946 2306 1947 2308 1948 2304 1942 2302 1943 2306 1947 2304 1942 2304 1942 2308 1948 2307 1945 2308 1948 2309 1949 2311 1950 2310 1951 2309 1949 2308 1948 2308 1948 2311 1950 2307 1945 2306 1947 2310 1951 2308 1948 2311 1950 2312 1952 2315 1953 2311 1950 2313 1954 2312 1952 2311 1950 2314 1955 2313 1954 2309 1949 2314 1955 2311 1950 2316 1956 2311 1950 2315 1953 2307 1945 2311 1950 2316 1956 2305 1946 2307 1945 2316 1956 2317 1957 2316 1956 2318 1958 2305 1946 2316 1956 2317 1957 2316 1956 2315 1953 2318 1958 2317 1957 2318 1958 2319 1959 2315 1953 2320 1960 2318 1958 2315 1953 2321 1961 2320 1960 2312 1952 2322 1962 2321 1961 2315 1953 2312 1952 2321 1961 2324 1963 2323 1964 2322 1962 2312 1952 2324 1963 2322 1962 2324 1963 2326 1965 2323 1964 2325 1966 2327 1967 2324 1963 2312 1952 2325 1966 2324 1963 2324 1963 2327 1967 2326 1965 2327 1967 2330 1968 2326 1965 2328 1969 2331 1970 2327 1967 2329 1971 2328 1969 2327 1967 2329 1971 2327 1967 2325 1966 2327 1967 2331 1970 2330 1968 2331 1970 2333 1972 2332 1973 2331 1970 2332 1973 2330 1968 2334 1974 2333 1972 2331 1970 2328 1969 2334 1974 2331 1970 2335 1975 2337 1976 2334 1974 2336 1977 2335 1975 2334 1974 2336 1977 2334 1974 2328 1969 2334 1974 2337 1976 2333 1972 2337 1976 2339 1978 2333 1972 2338 1979 2340 1980 2337 1976 2335 1975 2338 1979 2337 1976 2337 1976 2340 1980 2339 1978 2340 1980 2342 1981 2339 1978 2341 1982 2344 1983 2340 1980 2338 1979 2341 1982 2340 1980 2340 1980 2343 1984 2342 1981 2340 1980 2344 1983 2343 1984 2344 1983 2345 1985 2343 1984 2344 1983 2346 1986 2345 1985 2144 1784 2346 1986 2344 1983 2148 1787 2144 1784 2344 1983 2148 1787 2344 1983 2341 1982 2346 1986 2347 1987 2348 1988 2142 1782 2347 1987 2346 1986 2346 1986 2348 1988 2345 1985 2144 1784 2142 1782 2346 1986 2345 1985 2348 1988 2349 1989 2351 1990 2349 1989 2350 1991 2345 1985 2349 1989 2351 1990 2351 1990 2350 1991 2352 1992 2342 1981 2351 1990 2352 1992 2342 1981 2345 1985 2351 1990 2352 1992 2350 1991 2353 1993 2352 1992 2353 1993 2356 1994 2352 1992 2356 1994 2354 1995 2355 1996 2352 1992 2354 1995 2342 1981 2352 1992 2355 1996 2339 1978 2342 1981 2355 1996 2357 1997 2355 1996 2354 1995 2339 1978 2355 1996 2357 1997 2332 1973 2339 1978 2357 1997 2332 1973 2357 1997 2358 1998 2357 1997 2354 1995 2358 1998 2332 1973 2358 1998 2359 1999 2330 1968 2359 1999 2360 2000 2330 1968 2332 1973 2359 1999 2330 1968 2360 2000 2323 1964 2142 1782 2141 1781 2347 1987 2343 1984 2345 1985 2342 1981 2338 1979 2148 1787 2341 1982 2333 1972 2339 1978 2332 1973 2151 1792 2148 1787 2338 1979 2153 1794 2151 1792 2338 1979 2153 1794 2338 1979 2335 1975 2361 2001 2335 1975 2336 1977 2362 2002 2336 1977 2328 1969 2159 1799 2361 2001 2336 1977 2159 1799 2336 1977 2362 2002 2362 2002 2328 1969 2329 1971 2314 1955 2362 2002 2329 1971 2160 1801 2159 1799 2362 2002 2363 2003 2362 2002 2314 1955 2160 1801 2362 2002 2363 2003 2364 2004 2363 2003 2314 1955 2365 2005 2160 1801 2363 2003 2365 2005 2363 2003 2364 2004 2169 1809 2365 2005 2364 2004 2162 1802 2160 1801 2365 2005 2167 1808 2162 1802 2365 2005 2167 1808 2365 2005 2169 1809 2364 2004 2314 1955 2309 1949 2310 1951 2364 2004 2309 1949 2169 1809 2364 2004 2310 1951 2154 1795 2153 1794 2361 2001 2159 1799 2154 1795 2361 2001 2361 2001 2153 1794 2335 1975 2326 1965 2330 1968 2323 1964 2313 1954 2329 1971 2325 1966 2314 1955 2329 1971 2313 1954 2313 1954 2325 1966 2312 1952 2299 1939 2319 1959 2366 2006 2299 1939 2317 1957 2319 1959 2297 1938 2366 2006 2367 2007 2297 1938 2299 1939 2366 2006 2289 1928 2367 2007 2288 1929 2289 1928 2297 1938 2367 2007 2300 1940 2317 1957 2299 1939 2300 1940 2305 1946 2317 1957 2170 1810 2169 1809 2310 1951 2170 1810 2310 1951 2306 1947 2173 1814 2170 1810 2306 1947 2173 1814 2306 1947 2302 1943 2368 2008 2303 1944 2295 1935 2175 1815 2173 1814 2303 1944 2369 2009 2175 1815 2303 1944 2369 2009 2303 1944 2368 2008 2303 1944 2173 1814 2302 1943 2176 1816 2175 1815 2369 2009 2181 1821 2176 1816 2369 2009 2370 2010 2369 2009 2368 2008 2181 1821 2369 2009 2370 2010 2370 2010 2296 1937 2292 1932 2371 2011 2370 2010 2292 1932 2371 2011 2181 1821 2370 2010 2370 2010 2368 2008 2296 1937 2371 2011 2292 1932 2293 1934 2372 2012 2371 2011 2293 1934 2183 1823 2181 1821 2371 2011 2373 2013 2183 1823 2371 2011 2373 2013 2371 2011 2372 2012 2191 1831 2373 2013 2372 2012 2184 1824 2183 1823 2373 2013 2191 1831 2184 1824 2373 2013 2372 2012 2293 1934 2254 1894 2374 2014 2372 2012 2254 1894 2191 1831 2372 2012 2374 2014 2374 2014 2254 1894 2255 1896 2251 1892 2374 2014 2255 1896 2192 1832 2191 1831 2374 2014 2375 2015 2374 2014 2251 1892 2192 1832 2374 2014 2375 2015 2248 1889 2375 2015 2251 1892 2195 1836 2192 1832 2375 2015 2376 2016 2375 2015 2248 1889 2195 1836 2375 2015 2376 2016 2239 1878 2376 2016 2248 1889 2196 1837 2195 1836 2376 2016 2196 1837 2376 2016 2239 1878 2368 2008 2295 1935 2296 1937 2254 1894 2293 1934 2258 1899 2239 1878 2248 1889 2238 1879 2233 1873 2236 1877 2243 1885 2199 1839 2196 1837 2239 1878 2187 1827 2184 1824 2191 1831 2379 2017 2377 2018 2378 2019 2379 2017 2380 2020 2377 2018 2381 2021 2382 2022 2380 2020 2381 2021 2380 2020 2379 2017 2384 2023 2383 2024 2382 2022 2384 2023 2382 2022 2381 2021 2384 2023 2385 2025 2386 2026 2384 2023 2381 2021 2385 2025 2387 2027 2383 2024 2384 2023 2387 2027 2384 2023 2386 2026 2387 2027 2388 2028 2383 2024 2391 2029 2388 2028 2387 2027 2387 2027 2386 2026 2389 2030 2390 2031 2387 2027 2389 2030 2391 2029 2387 2027 2390 2031 2392 2032 2391 2029 2390 2031 2391 2029 2393 2033 2388 2028 2392 2032 2393 2033 2391 2029 2392 2032 2394 2034 2393 2033 2395 2035 2394 2034 2392 2032 2395 2035 2396 2036 2394 2034 2397 2037 2396 2036 2395 2035 2397 2037 2398 2038 2396 2036 2399 2039 2398 2038 2397 2037 2399 2039 2400 2040 2398 2038 2401 2041 2402 2042 2400 2040 2401 2041 2400 2040 2399 2039 2404 2043 2403 2044 2402 2042 2404 2043 2402 2042 2401 2041 2404 2043 2401 2041 2405 2045 2404 2043 2405 2045 2406 2046 2407 2047 2403 2044 2404 2043 2407 2047 2404 2043 2406 2046 2407 2047 2408 2048 2403 2044 2410 2049 2408 2048 2407 2047 2407 2047 2406 2046 2409 2050 2410 2049 2407 2047 2409 2050 2410 2049 2412 2051 2408 2048 2410 2049 2409 2050 2411 2052 2413 2053 2410 2049 2411 2052 2414 2054 2412 2051 2410 2049 2414 2054 2410 2049 2413 2053 2415 2055 2414 2054 2413 2053 2415 2055 2416 2056 2414 2054 2414 2054 2416 2056 2412 2051 2415 2055 2417 2057 2416 2056 2418 2058 2417 2057 2415 2055 2418 2058 2419 2059 2417 2057 2420 2060 2419 2059 2418 2058 2420 2060 2421 2061 2419 2059 2422 2062 2421 2061 2420 2060 2422 2062 2423 2063 2421 2061 2425 2064 2424 2065 2423 2063 2425 2064 2423 2063 2422 2062 2425 2064 2422 2062 2426 2066 2428 2067 2424 2065 2425 2064 2427 2068 2425 2064 2426 2066 2428 2067 2425 2064 2427 2068 2428 2067 2429 2069 2424 2065 2430 2070 2429 2069 2428 2067 2430 2070 2428 2067 2427 2068 2430 2070 2427 2068 2431 2071 2432 2072 2430 2070 2431 2071 2430 2070 2434 2073 2429 2069 2433 2074 2430 2070 2432 2072 2433 2074 2434 2073 2430 2070 2433 2074 2435 2075 2434 2073 2436 2076 2435 2075 2433 2074 2436 2076 2437 2077 2435 2075 2436 2076 2438 2078 2437 2077 2439 2079 2438 2078 2436 2076 2440 2080 2438 2078 2439 2079 2440 2080 2441 2081 2438 2078 2442 2082 2441 2081 2440 2080 2442 2082 2443 2083 2441 2081 2444 2084 2443 2083 2442 2082 2444 2084 2445 2085 2443 2083 2446 2086 2445 2085 2444 2084 2446 2086 2447 2087 2445 2085 2448 2088 2447 2087 2449 2089 2446 2086 2449 2089 2447 2087 2451 2090 2450 2091 2449 2089 2446 2086 2451 2090 2449 2089 2451 2090 2453 2092 2452 2093 2451 2090 2452 2093 2450 2091 2446 2086 2453 2092 2451 2090 2453 2092 2442 2082 2454 2094 2453 2092 2454 2094 2456 2095 2444 2084 2442 2082 2453 2092 2453 2092 2456 2095 2455 2096 2452 2093 2453 2092 2455 2096 2446 2086 2444 2084 2453 2092 2456 2095 2458 2097 2457 2098 2456 2095 2457 2098 2459 2099 2454 2094 2458 2097 2456 2095 2455 2096 2456 2095 2459 2099 2459 2099 2457 2098 2462 2100 2459 2099 2462 2100 2460 2101 2461 2102 2459 2099 2460 2101 2455 2096 2459 2099 2461 2102 2462 2100 2463 2103 2464 2104 2457 2098 2463 2103 2462 2100 2460 2101 2462 2100 2464 2104 2464 2104 2465 2105 2468 2106 2464 2104 2466 2107 2465 2105 2464 2104 2463 2103 2466 2107 2467 2108 2464 2104 2468 2106 2460 2101 2464 2104 2467 2108 2467 2108 2468 2106 2469 2109 2471 2110 2469 2109 2470 2111 2471 2110 2467 2108 2469 2109 2472 2112 2467 2108 2471 2110 2473 2113 2472 2112 2471 2110 2473 2113 2471 2110 2470 2111 2473 2113 2476 2114 2474 2115 2475 2116 2473 2113 2474 2115 2475 2116 2472 2112 2473 2113 2473 2113 2477 2117 2476 2114 2473 2113 2470 2111 2477 2117 2475 2116 2474 2115 2478 2118 2479 2119 2475 2116 2478 2118 2479 2119 2472 2112 2475 2116 2479 2119 2478 2118 2480 2120 2452 2093 2479 2119 2480 2120 2452 2093 2455 2096 2479 2119 2479 2119 2461 2102 2472 2112 2479 2119 2455 2096 2461 2102 2452 2093 2480 2120 2481 2121 2452 2093 2481 2121 2450 2091 2461 2102 2460 2101 2472 2112 2472 2112 2460 2101 2467 2108 2466 2107 2482 2122 2465 2105 2463 2103 2484 2123 2466 2107 2466 2107 2483 2124 2482 2122 2466 2107 2484 2123 2483 2124 2484 2123 2487 2125 2483 2124 2485 2126 2488 2127 2484 2123 2486 2128 2485 2126 2484 2123 2486 2128 2484 2123 2463 2103 2484 2123 2488 2127 2487 2125 2488 2127 2489 2129 2492 2130 2490 2131 2489 2129 2488 2127 2488 2127 2491 2132 2487 2125 2485 2126 2490 2131 2488 2127 2488 2127 2492 2130 2491 2132 2492 2130 2494 2133 2493 2134 2492 2130 2493 2134 2491 2132 2489 2129 2494 2133 2492 2130 2494 2133 2496 2135 2493 2134 2495 2136 2497 2137 2494 2133 2489 2129 2495 2136 2494 2133 2494 2133 2497 2137 2496 2135 2497 2137 2499 2138 2496 2135 2498 2139 2499 2138 2497 2137 2495 2136 2498 2139 2497 2137 2499 2138 2500 2140 2503 2141 2502 2142 2500 2140 2499 2138 2499 2138 2503 2141 2501 2143 2496 2135 2499 2138 2501 2143 2498 2139 2502 2142 2499 2138 2503 2141 2504 2144 2506 2145 2503 2141 2505 2146 2504 2144 2500 2140 2505 2146 2503 2141 2501 2143 2503 2141 2506 2145 2506 2145 2504 2144 2507 2147 2506 2145 2507 2147 2508 2148 2501 2143 2506 2145 2508 2148 2501 2143 2508 2148 2509 2149 2496 2135 2509 2149 2510 2150 2496 2135 2501 2143 2509 2149 2493 2134 2510 2150 2511 2151 2493 2134 2496 2135 2510 2150 2491 2132 2511 2151 2512 2152 2491 2132 2493 2134 2511 2151 2487 2125 2512 2152 2513 2153 2487 2125 2491 2132 2512 2152 2483 2124 2513 2153 2482 2122 2483 2124 2487 2125 2513 2153 2515 2154 2514 2155 2507 2147 2504 2144 2515 2154 2507 2147 2515 2154 2516 2156 2514 2155 2515 2154 2518 2157 2516 2156 2517 2158 2518 2157 2515 2154 2505 2146 2517 2158 2515 2154 2505 2146 2515 2154 2504 2144 2518 2157 2520 2159 2516 2156 2519 2160 2520 2159 2518 2157 2517 2158 2519 2160 2518 2157 2520 2159 2521 2161 2522 2162 2523 2163 2521 2161 2520 2159 2520 2159 2522 2162 2516 2156 2519 2160 2523 2163 2520 2159 2523 2163 2524 2164 2521 2161 2523 2163 2525 2165 2524 2164 2526 2166 2525 2165 2523 2163 2527 2167 2526 2166 2523 2163 2527 2167 2523 2163 2519 2160 2528 2168 2526 2166 2527 2167 2517 2158 2527 2167 2519 2160 2530 2169 2528 2168 2527 2167 2529 2170 2527 2167 2517 2158 2530 2169 2527 2167 2529 2170 2530 2169 2413 2053 2528 2168 2531 2171 2413 2053 2530 2169 2532 2172 2530 2169 2529 2170 2533 2173 2531 2171 2530 2169 2533 2173 2530 2169 2532 2172 2534 2174 2533 2173 2532 2172 2420 2060 2533 2173 2534 2174 2420 2060 2418 2058 2533 2173 2418 2058 2531 2171 2533 2173 2534 2174 2532 2172 2535 2175 2536 2176 2534 2174 2535 2175 2536 2176 2420 2060 2534 2174 2426 2066 2536 2176 2537 2177 2426 2066 2422 2062 2536 2176 2422 2062 2420 2060 2536 2176 2536 2176 2535 2175 2537 2177 2537 2177 2535 2175 2502 2142 2498 2139 2537 2177 2502 2142 2538 2178 2537 2177 2498 2139 2426 2066 2537 2177 2538 2178 2539 2179 2538 2178 2498 2139 2427 2068 2426 2066 2538 2178 2427 2068 2538 2178 2539 2179 2539 2179 2498 2139 2495 2136 2489 2129 2539 2179 2495 2136 2431 2071 2427 2068 2539 2179 2540 2180 2539 2179 2489 2129 2431 2071 2539 2179 2540 2180 2490 2131 2540 2180 2489 2129 2432 2072 2431 2071 2540 2180 2541 2181 2540 2180 2490 2131 2432 2072 2540 2180 2541 2181 2542 2182 2541 2181 2490 2131 2543 2183 2432 2072 2541 2181 2543 2183 2541 2181 2542 2182 2436 2076 2432 2072 2543 2183 2544 2184 2543 2183 2542 2182 2545 2185 2436 2076 2543 2183 2545 2185 2543 2183 2544 2184 2458 2097 2545 2185 2544 2184 2439 2079 2436 2076 2545 2185 2440 2080 2439 2079 2545 2185 2546 2186 2545 2185 2458 2097 2440 2080 2545 2185 2546 2186 2454 2094 2546 2186 2458 2097 2442 2082 2440 2080 2546 2186 2442 2082 2546 2186 2454 2094 2544 2184 2542 2182 2486 2128 2458 2097 2544 2184 2486 2128 2542 2182 2490 2131 2485 2126 2486 2128 2542 2182 2485 2126 2535 2175 2547 2187 2500 2140 2502 2142 2535 2175 2500 2140 2535 2175 2532 2172 2547 2187 2547 2187 2517 2158 2505 2146 2500 2140 2547 2187 2505 2146 2532 2172 2529 2170 2547 2187 2547 2187 2529 2170 2517 2158 2415 2055 2413 2053 2531 2171 2418 2058 2415 2055 2531 2171 2528 2168 2548 2188 2526 2166 2528 2168 2411 2052 2548 2188 2413 2053 2411 2052 2528 2168 2548 2188 2549 2189 2526 2166 2411 2052 2409 2050 2548 2188 2548 2188 2409 2050 2549 2189 2549 2189 2550 2190 2525 2165 2526 2166 2549 2189 2525 2165 2409 2050 2551 2191 2549 2189 2549 2189 2551 2191 2550 2190 2551 2191 2405 2045 2552 2192 2406 2046 2405 2045 2551 2191 2551 2191 2552 2192 2550 2190 2409 2050 2406 2046 2551 2191 2552 2192 2553 2193 2556 2194 2552 2192 2554 2195 2553 2193 2552 2192 2555 2196 2554 2195 2405 2045 2555 2196 2552 2192 2550 2190 2552 2192 2556 2194 2556 2194 2553 2193 2557 2197 2550 2190 2556 2194 2557 2197 2557 2197 2553 2193 2561 2198 2557 2197 2560 2199 2558 2200 2559 2201 2557 2197 2558 2200 2550 2190 2557 2197 2559 2201 2557 2197 2561 2198 2560 2199 2561 2198 2562 2202 2560 2199 2553 2193 2562 2202 2561 2198 2562 2202 2565 2203 2563 2204 2560 2199 2562 2202 2563 2204 2564 2205 2566 2206 2562 2202 2553 2193 2564 2205 2562 2202 2562 2202 2566 2206 2565 2203 2566 2206 2568 2207 2565 2203 2567 2208 2569 2209 2566 2206 2564 2205 2567 2208 2566 2206 2566 2206 2569 2209 2568 2207 2569 2209 2570 2210 2572 2211 2571 2212 2570 2210 2569 2209 2569 2209 2572 2211 2568 2207 2567 2208 2571 2212 2569 2209 2572 2211 2574 2213 2573 2214 2572 2211 2573 2214 2575 2215 2570 2210 2574 2213 2572 2211 2568 2207 2572 2211 2575 2215 2575 2215 2573 2214 2577 2216 2575 2215 2577 2216 2576 2217 2578 2218 2575 2215 2576 2217 2568 2207 2575 2215 2578 2218 2578 2218 2576 2217 2579 2219 2580 2220 2578 2218 2579 2219 2580 2220 2568 2207 2578 2218 2580 2220 2579 2219 2581 2221 2563 2204 2580 2220 2581 2221 2565 2203 2568 2207 2580 2220 2563 2204 2565 2203 2580 2220 2563 2204 2581 2221 2582 2222 2560 2199 2563 2204 2582 2222 2560 2199 2582 2222 2583 2223 2560 2199 2583 2223 2584 2224 2558 2200 2584 2224 2585 2225 2558 2200 2560 2199 2584 2224 2521 2161 2585 2225 2586 2226 2587 2227 2558 2200 2585 2225 2521 2161 2587 2227 2585 2225 2559 2201 2558 2200 2587 2227 2524 2164 2559 2201 2587 2227 2524 2164 2587 2227 2521 2161 2521 2161 2586 2226 2522 2162 2573 2214 2588 2228 2577 2216 2590 2229 2589 2230 2588 2228 2573 2214 2590 2229 2588 2228 2573 2214 2591 2231 2590 2229 2591 2231 2592 2232 2590 2229 2590 2229 2592 2232 2589 2230 2593 2233 2594 2234 2592 2232 2591 2231 2593 2233 2592 2232 2592 2232 2594 2234 2589 2230 2594 2234 2596 2235 2595 2236 2594 2234 2595 2236 2598 2237 2597 2238 2596 2235 2594 2234 2593 2233 2597 2238 2594 2234 2594 2234 2598 2237 2589 2230 2597 2238 2599 2239 2596 2235 2600 2240 2599 2239 2597 2238 2593 2233 2600 2240 2597 2238 2601 2241 2604 2242 2600 2240 2603 2243 2601 2241 2600 2240 2602 2244 2600 2240 2593 2233 2603 2243 2600 2240 2602 2244 2600 2240 2604 2242 2599 2239 2601 2241 2605 2245 2604 2242 2607 2246 2606 2247 2605 2245 2607 2246 2605 2245 2601 2241 2379 2017 2606 2247 2607 2246 2385 2025 2607 2246 2601 2241 2381 2021 2379 2017 2607 2246 2381 2021 2607 2246 2385 2025 2379 2017 2378 2019 2606 2247 2385 2025 2601 2241 2603 2243 2608 2248 2603 2243 2602 2244 2386 2026 2385 2025 2603 2243 2386 2026 2603 2243 2608 2248 2608 2248 2602 2244 2609 2249 2610 2250 2608 2248 2609 2249 2389 2030 2386 2026 2608 2248 2389 2030 2608 2248 2610 2250 2610 2250 2609 2249 2611 2251 2612 2252 2610 2250 2611 2251 2390 2031 2389 2030 2610 2250 2390 2031 2610 2250 2612 2252 2612 2252 2611 2251 2570 2210 2571 2212 2612 2252 2570 2210 2613 2253 2390 2031 2612 2252 2613 2253 2612 2252 2571 2212 2392 2032 2390 2031 2613 2253 2395 2035 2392 2032 2613 2253 2614 2254 2613 2253 2571 2212 2395 2035 2613 2253 2614 2254 2614 2254 2571 2212 2567 2208 2615 2255 2614 2254 2567 2208 2615 2255 2395 2035 2614 2254 2615 2255 2567 2208 2616 2256 2554 2195 2615 2255 2616 2256 2397 2037 2395 2035 2615 2255 2399 2039 2397 2037 2615 2255 2555 2196 2615 2255 2554 2195 2399 2039 2615 2255 2555 2196 2616 2256 2567 2208 2564 2205 2554 2195 2616 2256 2564 2205 2611 2251 2591 2231 2574 2213 2570 2210 2611 2251 2574 2213 2611 2251 2609 2249 2591 2231 2609 2249 2593 2233 2591 2231 2609 2249 2602 2244 2593 2233 2574 2213 2591 2231 2573 2214 2554 2195 2564 2205 2553 2193 2524 2164 2550 2190 2559 2201 2401 2041 2399 2039 2555 2196 2401 2041 2555 2196 2405 2045 2525 2165 2550 2190 2524 2164 2457 2098 2486 2128 2463 2103 2458 2097 2486 2128 2457 2098 2436 2076 2433 2074 2432 2072 2619 2257 2618 2258 2617 2259 2619 2257 2620 2260 2618 2258 2619 2257 2621 2261 2620 2260 2622 2262 2621 2261 2619 2257 2622 2262 2619 2257 2623 2263 2622 2262 2623 2263 2625 2264 2624 2265 2625 2264 2623 2263 2627 2266 2625 2264 2626 2267 2622 2262 2625 2264 2627 2266 2627 2266 2630 2268 2628 2269 2627 2266 2628 2269 2629 2270 2622 2262 2627 2266 2629 2270 2627 2266 2626 2267 2630 2268 2630 2268 2633 2271 2631 2272 2630 2268 2631 2272 2628 2269 2630 2268 2632 2273 2633 2271 2630 2268 2626 2267 2632 2273 2633 2271 2636 2274 2634 2275 2633 2271 2634 2275 2631 2272 2633 2271 2635 2276 2636 2274 2633 2271 2632 2273 2635 2276 2636 2274 2639 2277 2634 2275 2636 2274 2637 2278 2638 2279 2636 2274 2635 2276 2637 2278 2636 2274 2638 2279 2639 2277 2638 2279 2640 2280 2639 2277 2642 2281 2641 2282 2640 2280 2638 2279 2642 2281 2640 2280 2642 2281 2643 2283 2644 2284 2642 2281 2645 2285 2643 2283 2642 2281 2644 2284 2641 2282 2638 2279 2645 2285 2642 2281 2638 2279 2637 2278 2645 2285 2644 2284 2643 2283 2648 2286 2644 2284 2648 2286 2646 2287 2644 2284 2646 2287 2647 2288 2644 2284 2647 2288 2641 2282 2646 2287 2648 2286 2649 2289 2651 2290 2649 2289 2650 2291 2646 2287 2649 2289 2651 2290 2651 2290 2652 2292 2653 2293 2651 2290 2654 2294 2652 2292 2646 2287 2651 2290 2653 2293 2651 2290 2650 2291 2654 2294 2654 2294 2655 2295 2652 2292 2654 2294 2657 2296 2655 2295 2654 2294 2650 2291 2656 2297 2654 2294 2656 2297 2657 2296 2657 2296 2658 2298 2655 2295 2657 2296 2660 2299 2658 2298 2657 2296 2656 2297 2659 2300 2657 2296 2659 2300 2660 2299 2660 2299 2662 2301 2658 2298 2660 2299 2659 2300 2661 2302 2660 2299 2661 2302 2663 2303 2660 2299 2663 2303 2662 2301 2663 2303 2661 2302 2664 2304 2663 2303 2664 2304 2666 2305 2663 2303 2665 2306 2667 2307 2663 2303 2666 2305 2665 2306 2663 2303 2667 2307 2662 2301 2665 2306 2668 2308 2667 2307 2670 2309 2669 2310 2668 2308 2666 2305 2670 2309 2668 2308 2666 2305 2668 2308 2665 2306 2670 2309 2671 2311 2669 2310 2672 2312 2671 2311 2670 2309 2666 2305 2672 2312 2670 2309 2672 2312 2673 2313 2675 2314 2666 2305 2673 2313 2672 2312 2672 2312 2674 2315 2671 2311 2672 2312 2675 2314 2674 2315 2674 2315 2675 2314 2676 2316 2678 2317 2676 2316 2677 2318 2674 2315 2676 2316 2678 2317 2678 2317 2679 2319 2681 2320 2678 2317 2680 2321 2679 2319 2678 2317 2677 2318 2680 2321 2674 2315 2678 2317 2681 2320 2681 2320 2679 2319 2683 2322 2671 2311 2681 2320 2682 2323 2674 2315 2681 2320 2671 2311 2681 2320 2683 2322 2682 2323 2679 2319 2684 2324 2683 2322 2685 2325 2686 2326 2684 2324 2679 2319 2685 2325 2684 2324 2687 2327 2688 2328 2686 2326 2685 2325 2687 2327 2686 2326 2690 2329 2689 2330 2688 2328 2687 2327 2690 2329 2688 2328 2690 2329 2691 2331 2689 2330 2692 2332 2691 2331 2690 2329 2693 2333 2692 2332 2690 2329 2693 2333 2690 2329 2687 2327 2693 2333 2695 2334 2694 2335 2693 2333 2694 2335 2692 2332 2696 2336 2695 2334 2693 2333 2696 2336 2693 2333 2687 2327 2680 2321 2697 2337 2696 2336 2680 2321 2696 2336 2685 2325 2696 2336 2697 2337 2695 2334 2696 2336 2687 2327 2685 2325 2680 2321 2677 2318 2697 2337 2692 2332 2694 2335 2698 2338 2700 2339 2698 2338 2699 2340 2692 2332 2698 2338 2700 2339 2700 2339 2699 2340 2701 2341 2700 2339 2701 2341 2702 2342 2700 2339 2702 2342 2691 2331 2692 2332 2700 2339 2691 2331 2702 2342 2704 2343 2703 2344 2691 2331 2702 2342 2703 2344 2702 2342 2705 2345 2704 2343 2701 2341 2705 2345 2702 2342 2701 2341 2706 2346 2705 2345 2706 2346 2707 2347 2705 2345 2705 2345 2707 2347 2704 2343 2706 2346 2708 2348 2707 2347 2710 2349 2709 2350 2708 2348 2706 2346 2710 2349 2708 2348 2710 2349 2711 2351 2709 2350 2710 2349 2712 2352 2711 2351 2710 2349 2713 2353 2712 2352 2706 2346 2713 2353 2710 2349 2713 2353 2714 2354 2712 2352 2706 2346 2715 2355 2713 2353 2701 2341 2699 2340 2715 2355 2701 2341 2715 2355 2706 2346 2691 2331 2703 2344 2689 2330 2680 2321 2685 2325 2679 2319 2671 2311 2682 2323 2669 2310 2666 2305 2664 2304 2673 2313 2646 2287 2653 2293 2647 2288 2622 2262 2629 2270 2621 2261 2717 2356 2716 2357 2718 2358 2720 2359 2716 2357 2717 2356 2720 2359 2719 2360 2716 2357 2723 2361 2719 2360 2720 2359 2720 2359 2721 2362 2722 2363 2720 2359 2717 2356 2721 2362 2723 2361 2720 2359 2722 2363 2723 2361 2727 2364 2719 2360 2723 2361 2722 2363 2724 2365 2725 2366 2723 2361 2724 2365 2725 2366 2726 2367 2723 2361 2723 2361 2726 2367 2727 2364 2725 2366 2728 2368 2726 2367 2730 2369 2729 2370 2728 2368 2730 2369 2728 2368 2725 2366 2730 2369 2731 2371 2732 2372 2730 2369 2725 2366 2731 2371 2733 2373 2729 2370 2730 2369 2733 2373 2730 2369 2732 2372 2733 2373 2734 2374 2729 2370 2736 2375 2734 2374 2733 2373 2733 2373 2732 2372 2735 2376 2736 2375 2733 2373 2735 2376 2737 2377 2738 2378 2736 2375 2737 2377 2736 2375 2739 2379 2736 2375 2738 2378 2734 2374 2736 2375 2735 2376 2739 2379 2737 2377 2739 2379 2740 2380 2742 2381 2737 2377 2740 2380 2742 2381 2740 2380 2741 2382 2742 2381 2743 2383 2744 2384 2745 2385 2743 2383 2742 2381 2742 2381 2744 2384 2737 2377 2745 2385 2742 2381 2741 2382 2745 2385 2749 2386 2743 2383 2745 2385 2741 2382 2746 2387 2747 2388 2745 2385 2746 2387 2747 2388 2748 2389 2745 2385 2745 2385 2748 2389 2749 2386 2747 2388 2750 2390 2748 2389 2752 2391 2751 2392 2750 2390 2752 2391 2750 2390 2747 2388 2752 2391 2753 2393 2754 2394 2752 2391 2747 2388 2753 2393 2755 2395 2752 2391 2754 2394 2755 2395 2751 2392 2752 2391 2755 2395 2756 2396 2751 2392 2757 2397 2756 2396 2755 2395 2757 2397 2755 2395 2754 2394 2757 2397 2758 2398 2756 2396 2760 2399 2758 2398 2757 2397 2757 2397 2754 2394 2759 2400 2760 2399 2757 2397 2759 2400 2761 2401 2760 2399 2763 2402 2761 2401 2762 2403 2760 2399 2760 2399 2762 2403 2758 2398 2760 2399 2759 2400 2763 2402 2761 2401 2763 2402 2764 2404 2766 2405 2764 2404 2765 2406 2766 2405 2761 2401 2764 2404 2767 2407 2766 2405 2765 2406 2766 2405 2769 2408 2761 2401 2767 2407 2768 2409 2766 2405 2766 2405 2768 2409 2769 2408 2761 2401 2769 2408 2770 2410 2761 2401 2770 2410 2762 2403 2767 2407 2771 2411 2768 2409 2773 2412 2772 2413 2771 2411 2773 2412 2771 2411 2767 2407 2773 2412 2774 2414 2775 2415 2773 2412 2767 2407 2774 2414 2776 2416 2773 2412 2775 2415 2776 2416 2772 2413 2773 2412 2776 2416 2775 2415 2777 2417 2779 2418 2776 2416 2777 2417 2776 2416 2778 2419 2772 2413 2779 2418 2778 2419 2776 2416 2779 2418 2780 2420 2778 2419 2782 2421 2780 2420 2779 2418 2779 2418 2777 2417 2781 2422 2782 2421 2779 2418 2781 2422 2782 2421 2783 2423 2784 2424 2786 2425 2783 2423 2782 2421 2782 2421 2784 2424 2780 2420 2782 2421 2781 2422 2785 2426 2786 2425 2782 2421 2785 2426 2787 2427 2789 2428 2786 2425 2787 2427 2786 2425 2788 2429 2786 2425 2789 2428 2783 2423 2786 2425 2785 2426 2788 2429 2787 2427 2790 2430 2789 2428 2792 2431 2791 2432 2790 2430 2792 2431 2790 2430 2787 2427 2792 2431 2795 2433 2793 2434 2794 2435 2792 2431 2793 2434 2792 2431 2787 2427 2795 2433 2794 2435 2791 2432 2792 2431 2787 2427 2788 2429 2795 2433 2794 2435 2793 2434 2796 2436 2794 2435 2796 2436 2797 2437 2794 2435 2797 2437 2798 2438 2794 2435 2798 2438 2799 2439 2794 2435 2799 2439 2791 2432 2767 2407 2765 2406 2774 2414 2747 2388 2746 2387 2753 2393 2737 2377 2744 2384 2738 2378 2725 2366 2724 2365 2731 2371 2717 2356 2800 2440 2721 2362 2801 2441 2802 2442 2800 2440 2717 2356 2801 2441 2800 2440 2801 2441 2803 2443 2802 2442 2801 2441 2804 2444 2803 2443 2805 2445 2806 2446 2804 2444 2801 2441 2805 2445 2804 2444 2717 2356 2718 2358 2805 2445 2717 2356 2805 2445 2801 2441 2810 33 2807 33 2808 33 2809 2447 2807 2447 2810 2447 2810 33 2808 33 2812 33 2811 33 2809 33 2810 33 2812 33 2808 33 2813 33 2812 2448 2813 2448 2814 2448 2814 2449 2813 2449 2816 2449 2814 2450 2816 2450 2815 2450 2815 33 2816 33 2817 33 2819 2451 2817 2451 2818 2451 2819 33 2815 33 2817 33 2820 33 2819 33 2818 33 2820 2452 2818 2452 2821 2452 2822 33 2820 33 2821 33 2824 33 2822 33 2821 33 2823 2453 2822 2453 2824 2453 2825 33 2823 33 2824 33 2826 2454 2827 2454 2825 2454 2827 2455 2823 2455 2825 2455 2828 2456 2827 2456 2826 2456 2829 2457 2828 2457 2826 2457 2830 2458 2828 2458 2829 2458 2831 2459 2830 2459 2832 2459 2832 33 2830 33 2829 33 2833 33 2831 33 2832 33 2834 33 2835 33 2833 33 2835 2460 2831 2460 2833 2460 2836 2461 2835 2461 2834 2461 2837 2462 2836 2462 2834 2462 2837 33 2838 33 2836 33 2840 33 2839 33 2838 33 2840 2463 2838 2463 2837 2463 2841 2464 2839 2464 2840 2464 2842 2465 2843 2465 2841 2465 2841 33 2843 33 2839 33 2842 2466 2844 2466 2843 2466 2842 33 2845 33 2844 33 2845 2467 2846 2467 2844 2467 2848 33 2847 33 2846 33 2845 33 2848 33 2846 33 2848 33 2849 33 2847 33 2849 2468 2850 2468 2851 2468 2849 2469 2851 2469 2847 2469 2850 2470 2852 2470 2851 2470 2850 33 2853 33 2852 33 2853 33 2854 33 2852 33 2853 2471 2856 2471 2854 2471 2854 2472 2856 2472 2855 2472 2856 2473 2857 2473 2855 2473 2857 2474 2858 2474 2859 2474 2855 33 2857 33 2859 33 2859 33 2858 33 2811 33 2858 33 2809 33 2811 33 2863 2475 2861 2476 2860 2476 2863 2475 2860 2476 2862 2475 2864 2477 2863 2475 2862 2475 2864 2477 2862 2475 2865 2477 2866 2478 2864 2477 2865 2477 2866 2478 2865 2477 2867 2478 2868 2479 2866 2478 2867 2478 2868 2479 2867 2478 2869 2479 2870 2480 2868 2479 2869 2479 2871 2481 2870 2480 2872 2480 2870 2480 2869 2479 2872 2480 2871 2481 2872 2480 2873 2481 2871 2481 2873 2481 2874 2482 2876 2483 2874 2482 2875 2483 2876 2483 2877 2482 2874 2482 2877 2482 2871 2481 2874 2482 2878 2484 2876 2483 2875 2483 2879 2485 2878 2484 2880 2484 2878 2484 2875 2483 2880 2484 2879 2485 2880 2484 2881 2485 2883 2486 2881 2485 2882 2486 2883 2486 2879 2485 2881 2485 2884 2487 2883 2486 2882 2486 2884 2487 2882 2486 2885 2487 2886 2488 2884 2487 2885 2487 2887 2489 2886 2488 2889 2489 2886 2488 2885 2487 2888 2488 2886 2488 2888 2488 2889 2489 2891 2490 2889 2489 2890 2490 2891 2490 2887 2489 2889 2489 2892 2491 2891 2490 2890 2490 2892 2491 2890 2490 2894 2491 2893 2492 2892 2491 2894 2491 2893 2492 2894 2491 2895 2492 2896 2493 2895 2492 2897 2493 2896 2493 2893 2492 2895 2492 2898 2494 2897 2493 2899 2494 2898 2494 2896 2493 2897 2493 2900 2495 2899 2494 2901 2495 2900 2495 2898 2494 2899 2494 2903 2496 2901 2495 2902 2496 2903 2496 2900 2495 2901 2495 2904 2497 2903 2496 2902 2496 2904 2497 2907 2497 2905 2498 2906 2498 2904 2497 2905 2498 2904 2497 2902 2496 2907 2497 2908 2499 2906 2498 2905 2498 2908 2499 2905 2498 2910 2499 2909 2500 2908 2499 2911 2500 2908 2499 2910 2499 2911 2500 2913 2501 2911 2500 2912 2501 2913 2501 2909 2500 2911 2500 2914 2502 2913 2501 2912 2501 2914 2502 2912 2501 2915 2502 2916 2503 2914 2502 2915 2502 2916 2503 2915 2502 2917 2503 2920 2504 2919 2505 2918 2505 2920 2504 2921 2504 2919 2505 2922 2506 2921 2504 2920 2504 2922 2506 2924 2506 2921 2504 2923 2507 2924 2506 2922 2506 2923 2507 2925 2507 2924 2506 2927 2508 2926 2508 2925 2507 2927 2508 2925 2507 2923 2507 2928 2509 2926 2508 2927 2508 2929 2510 2930 2509 2928 2509 2928 2509 2930 2509 2926 2508 2929 2510 2931 2510 2930 2509 2932 2511 2931 2510 2929 2510 2932 2511 2933 2511 2931 2510 2935 2512 2934 2512 2933 2511 2935 2512 2933 2511 2932 2511 2936 2513 2934 2512 2935 2512 2937 2514 2938 2513 2936 2513 2936 2513 2938 2513 2934 2512 2937 2514 2939 2514 2938 2513 2940 2515 2939 2514 2937 2514 2940 2515 2941 2515 2939 2514 2943 2516 2942 2516 2941 2515 2943 2516 2941 2515 2940 2515 2944 2517 2942 2516 2943 2516 2945 2518 2946 2517 2944 2517 2944 2517 2946 2517 2942 2516 2945 2518 2947 2518 2946 2517 2948 2519 2947 2518 2945 2518 2948 2519 2949 2519 2947 2518 2951 2520 2950 2520 2949 2519 2951 2520 2949 2519 2948 2519 2952 2521 2950 2520 2951 2520 2952 2521 2953 2521 2950 2520 2954 2522 2953 2521 2952 2521 2954 2522 2957 2523 2955 2522 2954 2522 2955 2522 2953 2521 2956 2523 2957 2523 2954 2522 2956 2523 2958 2524 2957 2523 2959 2525 2960 2525 2958 2524 2959 2525 2958 2524 2961 2524 2961 2524 2958 2524 2956 2523 2962 2526 2960 2525 2959 2525 2962 2526 2963 2526 2960 2525 2964 2527 2963 2526 2962 2526 2964 2527 2965 2527 2963 2526 2967 2528 2966 2528 2965 2527 2967 2528 2965 2527 2964 2527 2968 2529 2966 2528 2967 2528 2969 2530 2970 2529 2968 2529 2968 2529 2970 2529 2966 2528 2969 2530 2971 2530 2970 2529 2975 2531 2972 2532 2973 2533 2976 2534 2974 2535 2972 2532 2976 2534 2972 2532 2975 2531 2977 2536 2976 2534 2975 2531 2979 2537 2976 2534 2977 2536 2978 2538 2974 2535 2976 2534 2979 2537 2978 2538 2976 2534 2980 2539 2979 2537 2977 2536 2983 2540 2979 2537 2980 2539 2981 2541 2978 2538 2979 2537 2982 2542 2981 2541 2979 2537 2983 2540 2982 2542 2979 2537 2984 2543 2983 2540 2980 2539 2985 2544 2982 2542 2983 2540 2985 2544 2983 2540 2984 2543 2987 2545 2985 2544 2984 2543 2985 2544 2986 2546 2982 2542 2988 2547 2986 2546 2985 2544 2989 2548 2985 2544 2987 2545 2989 2548 2988 2547 2985 2544 2991 2549 2988 2547 2989 2548 2990 2550 2989 2548 2987 2545 2993 2551 2989 2548 2990 2550 2992 2552 2991 2549 2989 2548 2993 2551 2992 2552 2989 2548 2995 2553 2992 2552 2993 2551 2994 2554 2993 2551 2998 2555 2997 2556 2993 2551 2994 2554 2996 2557 2995 2553 2993 2551 2997 2556 2996 2557 2993 2551 2993 2551 2990 2550 2998 2555 2998 2555 3003 2558 2999 2559 2998 2555 2999 2559 3002 2560 2998 2555 3001 2561 3000 2562 2994 2554 2998 2555 3000 2562 2998 2555 3002 2560 3001 2561 2998 2555 2990 2550 3003 2558 3003 2558 2984 2543 3004 2563 3003 2558 2987 2545 2984 2543 3003 2558 3004 2563 3005 2564 2999 2559 3003 2558 3005 2564 2990 2550 2987 2545 3003 2558 3005 2564 3004 2563 3006 2565 2999 2559 3005 2564 3008 2566 3005 2564 3006 2565 3007 2567 3005 2564 3007 2567 3008 2566 2999 2559 3008 2566 3002 2560 3007 2567 3009 2568 3008 2566 3011 2569 3010 2570 3009 2568 3007 2567 3011 2569 3009 2568 3011 2569 3012 2571 3013 2572 3011 2569 3015 2573 3012 2571 3011 2569 3013 2572 3010 2570 3011 2569 3014 2574 3015 2573 3006 2565 3014 2574 3011 2569 3007 2567 3006 2565 3011 2569 3015 2573 3016 2575 3017 2576 3015 2573 3018 2577 3016 2575 3012 2571 3015 2573 3017 2576 3019 2578 3018 2577 3015 2573 3014 2574 3019 2578 3015 2573 3019 2578 3020 2579 3022 2580 3021 2581 3020 2579 3019 2578 3006 2565 3019 2578 3014 2574 3006 2565 3021 2581 3019 2578 3019 2578 3022 2580 3018 2577 3022 2580 3023 2582 3024 2583 2977 2536 3023 2582 3022 2580 3018 2577 3022 2580 3025 2584 3020 2579 2977 2536 3022 2580 3022 2580 3024 2583 3025 2584 3025 2584 3024 2583 3026 2585 3025 2584 3026 2585 3027 2586 3016 2575 3025 2584 3027 2586 3018 2577 3025 2584 3016 2575 3027 2586 3026 2585 3029 2587 3016 2575 3027 2586 3028 2588 3028 2588 3027 2586 3029 2587 3029 2587 3030 2589 3032 2590 3026 2585 3030 2589 3029 2587 3031 2591 3029 2587 3033 2592 3028 2588 3029 2587 3031 2591 3029 2587 3032 2590 3033 2592 3033 2592 3032 2590 3035 2593 3034 2594 3033 2592 3036 2595 3031 2591 3033 2592 3034 2594 3033 2592 3035 2593 3036 2595 3036 2595 3035 2593 3037 2596 3036 2595 3037 2596 3038 2597 3036 2595 3038 2597 3039 2598 3040 2599 3036 2595 3039 2598 3034 2594 3036 2595 3040 2599 3041 2600 3040 2599 3039 2598 3042 2601 3040 2599 3041 2600 3042 2601 3034 2594 3040 2599 3043 2602 3042 2601 3041 2600 3044 2603 3034 2594 3042 2601 3045 2604 3042 2601 3043 2602 3045 2604 3044 2603 3042 2601 3045 2604 3043 2602 3050 2605 3045 2604 3047 2606 3046 2607 3049 2608 3045 2604 3046 2607 3048 2609 3044 2603 3045 2604 3045 2604 3050 2605 3047 2606 3049 2608 3048 2609 3045 2604 3043 2602 3051 2610 3050 2605 3053 2611 3052 2612 3051 2610 3043 2602 3053 2611 3051 2610 3053 2611 3055 2613 3052 2612 3053 2611 3041 2600 3054 2614 3043 2602 3041 2600 3053 2611 3053 2611 3054 2614 3055 2613 3055 2613 3057 2615 3052 2612 3055 2613 3054 2614 3056 2616 3055 2613 3056 2616 3057 2615 3057 2615 3058 2617 3060 2618 3057 2615 3056 2616 3058 2617 3057 2615 3059 2619 3052 2612 3057 2615 3060 2618 3059 2619 3058 2617 3061 2620 3060 2618 3063 2621 3062 2622 3061 2620 3058 2617 3063 2621 3061 2620 3063 2621 3064 2623 3065 2624 3058 2617 3064 2623 3063 2621 3063 2621 3065 2624 3062 2622 3065 2624 3066 2625 3067 2626 3064 2623 3066 2625 3065 2624 3065 2624 3068 2627 3062 2622 3065 2624 3067 2626 3069 2628 3065 2624 3069 2628 3068 2627 3069 2628 3070 2629 3071 2630 3069 2628 3067 2626 3070 2629 3069 2628 3071 2630 3068 2627 3070 2629 3072 2631 3071 2630 3070 2629 3073 2632 3072 2631 3070 2629 3074 2633 3073 2632 3076 2634 3075 2635 3074 2633 3070 2629 3076 2634 3074 2633 3076 2634 3077 2636 3075 2635 3078 2637 3077 2636 3076 2634 3067 2626 3076 2634 3070 2629 3067 2626 3078 2637 3076 2634 3078 2637 3079 2638 3081 2639 3080 2640 3079 2638 3078 2637 3080 2640 3078 2637 3067 2626 3078 2637 3081 2639 3077 2636 3081 2639 3082 2641 3083 2642 3081 2639 3084 2643 3082 2641 3077 2636 3081 2639 3083 2642 3079 2638 3084 2643 3081 2639 3084 2643 3086 2644 3085 2645 3084 2643 3085 2645 3082 2641 3087 2646 3086 2644 3084 2643 3079 2638 3087 2646 3084 2643 3087 2646 3088 2647 3086 2644 3089 2648 3088 2647 3087 2646 3091 2649 3087 2646 3079 2638 3090 2650 3089 2648 3087 2646 3091 2649 3090 2650 3087 2646 3092 2651 3090 2650 3091 2649 3093 2652 3092 2651 3091 2649 3080 2640 3091 2649 3079 2638 3093 2652 3091 2649 3080 2640 3064 2623 3093 2652 3080 2640 3094 2653 3093 2652 3064 2623 3094 2653 3092 2651 3093 2652 3096 2654 3094 2653 3064 2623 3094 2653 3095 2655 3092 2651 3097 2656 3095 2655 3094 2653 3056 2616 3094 2653 3096 2654 3056 2616 3097 2656 3094 2653 3097 2656 3098 2657 3095 2655 3039 2598 3098 2657 3097 2656 3054 2614 3097 2656 3056 2616 3054 2614 3039 2598 3097 2656 3098 2657 3099 2658 3095 2655 3038 2597 3099 2658 3098 2657 3039 2598 3038 2597 3098 2657 3099 2658 3100 2659 3101 2660 3037 2596 3100 2659 3099 2658 3038 2597 3037 2596 3099 2658 3099 2658 3101 2660 3102 2661 3099 2658 3102 2661 3095 2655 3102 2661 3101 2660 3103 2662 3095 2655 3102 2661 3104 2663 3102 2661 3103 2662 3104 2663 3104 2663 3089 2648 3090 2650 3092 2651 3104 2663 3090 2650 3104 2663 3103 2662 3089 2648 3095 2655 3104 2663 3092 2651 3103 2662 3106 2664 3105 2665 3103 2662 3105 2665 3089 2648 3101 2660 3106 2664 3103 2662 3101 2660 3107 2666 3106 2664 3100 2659 3108 2667 3107 2666 3100 2659 3107 2666 3101 2660 3109 2668 3108 2667 3100 2659 3109 2668 3110 2669 3108 2667 3112 2670 3111 2671 3110 2669 3112 2670 3110 2669 3109 2668 3113 2672 3111 2671 3112 2670 3032 2590 3113 2672 3112 2670 3032 2590 3112 2670 3035 2593 3035 2593 3112 2670 3109 2668 3030 2589 3113 2672 3032 2590 3114 2673 3115 2674 3113 2672 3030 2589 3114 2673 3113 2672 3113 2672 3115 2674 3111 2671 3114 2673 3116 2675 3115 2674 3118 2676 3116 2675 3114 2673 3118 2676 3117 2677 3116 2675 3026 2585 3118 2676 3114 2673 3119 2678 3117 2677 3118 2676 3024 2583 3118 2676 3026 2585 3024 2583 3119 2678 3118 2676 3119 2678 2973 2533 3117 2677 2975 2531 2973 2533 3119 2678 3023 2582 3119 2678 3024 2583 3023 2582 2975 2531 3119 2678 3026 2585 3114 2673 3030 2589 3037 2596 3109 2668 3100 2659 3035 2593 3109 2668 3037 2596 3088 2647 3105 2665 3120 2679 3089 2648 3105 2665 3088 2647 3088 2647 3120 2679 3121 2680 3086 2644 3121 2680 3122 2681 3088 2647 3121 2680 3086 2644 3086 2644 3122 2681 3085 2645 3058 2617 3096 2654 3064 2623 3056 2616 3096 2654 3058 2617 3077 2636 3083 2642 3075 2635 3066 2625 3080 2640 3067 2626 3064 2623 3080 2640 3066 2625 3041 2600 3039 2598 3054 2614 3123 2682 3048 2609 3049 2608 3123 2682 3049 2608 3046 2607 3123 2682 3017 2576 3048 2609 3012 2571 3017 2576 3123 2682 3012 2571 3123 2682 3124 2683 3123 2682 3046 2607 3124 2683 3012 2571 3124 2683 3013 2572 3048 2609 3028 2588 3031 2591 3016 2575 3028 2588 3048 2609 3017 2576 3016 2575 3048 2609 3048 2609 3031 2591 3044 2603 3044 2603 3031 2591 3034 2594 2977 2536 2975 2531 3023 2582 3021 2581 2980 2539 3020 2579 2984 2543 2980 2539 3021 2581 3004 2563 3021 2581 3006 2565 3004 2563 2984 2543 3021 2581 2980 2539 2977 2536 3020 2579 2997 2556 3000 2562 3125 2684 2997 2556 2994 2554 3000 2562 3127 2685 3125 2684 3126 2686 3127 2685 2997 2556 3125 2684 3128 2687 3129 2688 3127 2685 3128 2687 3127 2685 3126 2686 3127 2685 2996 2557 2997 2556 3127 2685 3129 2688 2996 2557 3129 2688 3130 2689 2996 2557 3131 2690 3130 2689 3129 2688 3128 2687 3131 2690 3129 2688 3131 2690 3132 2691 3130 2689 3133 2692 3132 2691 3131 2690 3134 2693 3131 2690 3128 2687 3134 2693 3133 2692 3131 2690 3136 2694 3133 2692 3134 2693 3135 2695 3134 2693 3128 2687 3138 2696 3134 2693 3135 2695 3137 2697 3136 2694 3134 2693 3138 2696 3137 2697 3134 2693 3138 2696 3139 2698 3141 2699 3138 2696 3135 2695 3139 2698 3140 2700 3137 2697 3138 2696 3140 2700 3138 2696 3141 2699 3140 2700 3141 2699 3142 2701 3140 2700 3142 2701 3143 2702 3140 2700 3143 2702 3144 2703 3140 2700 3144 2703 3145 2704 3147 2705 3145 2704 3146 2706 3148 2707 3145 2704 3147 2705 3140 2700 3145 2704 3148 2707 3148 2707 3136 2694 3137 2697 3148 2707 3147 2705 3136 2694 3140 2700 3148 2707 3137 2697 3147 2705 3151 2708 3136 2694 3147 2705 3146 2706 3149 2709 3147 2705 3149 2709 3150 2710 3147 2705 3150 2710 3151 2708 3151 2708 3152 2711 3153 2712 3151 2708 3154 2713 3152 2711 3136 2694 3151 2708 3153 2712 3155 2714 3154 2713 3151 2708 3150 2710 3155 2714 3151 2708 3155 2714 3156 2715 3158 2716 3150 2710 3156 2715 3155 2714 3155 2714 3158 2716 3157 2717 3155 2714 3157 2717 3154 2713 3157 2717 3158 2716 3159 2718 3157 2717 3159 2718 3160 2719 3157 2717 3160 2719 3161 2720 3163 2721 3161 2720 3162 2722 3157 2717 3161 2720 3163 2721 3163 2721 3162 2722 3164 2723 3157 2717 3163 2721 3154 2713 3154 2713 3163 2721 3164 2723 3164 2723 3165 2724 3166 2725 3164 2723 3167 2726 3165 2724 3152 2711 3164 2723 3166 2725 3164 2723 3162 2722 3167 2726 3154 2713 3164 2723 3152 2711 3165 2724 3167 2726 3168 2727 3171 2728 3168 2727 3169 2729 3170 2730 3168 2727 3171 2728 3165 2724 3168 2727 3170 2730 3171 2728 3176 2731 3172 2732 3173 2733 3171 2728 3172 2732 3171 2728 3169 2729 3175 2734 3174 2735 3171 2728 3173 2733 3174 2735 3170 2730 3171 2728 3171 2728 3175 2734 3176 2731 3176 2731 3178 2736 3177 2737 3172 2732 3176 2731 3177 2737 3176 2731 3175 2734 3178 2736 3177 2737 3178 2736 3179 2738 3181 2739 3179 2738 3180 2740 3177 2737 3179 2738 3181 2739 2986 2546 3181 2739 2982 2542 3182 2741 3181 2739 2986 2546 3182 2741 3177 2737 3181 2739 3181 2739 3180 2740 2981 2541 3181 2739 2981 2541 2982 2542 3172 2732 3177 2737 3182 2741 2988 2547 3182 2741 2986 2546 2991 2549 3182 2741 2988 2547 2991 2549 3172 2732 3182 2741 2981 2541 3180 2740 3183 2742 2978 2538 3183 2742 2974 2535 2981 2541 3183 2742 2978 2538 3166 2725 3170 2730 3174 2735 3184 2743 3174 2735 3186 2744 3185 2745 3174 2735 3184 2743 3185 2745 3166 2725 3174 2735 3174 2735 3173 2733 3186 2744 3186 2744 3172 2732 2991 2549 3186 2744 3173 2733 3172 2732 2995 2553 3186 2744 2991 2549 3130 2689 3186 2744 2995 2553 3130 2689 3184 2743 3186 2744 3153 2712 3166 2725 3185 2745 3132 2691 3185 2745 3184 2743 3133 2692 3185 2745 3132 2691 3133 2692 3153 2712 3185 2745 3132 2691 3184 2743 3130 2689 3166 2725 3165 2724 3170 2730 3153 2712 3152 2711 3166 2725 3150 2710 3149 2709 3156 2715 3136 2694 3153 2712 3133 2692 3128 2687 3187 2746 3139 2698 3135 2695 3128 2687 3139 2698 3128 2687 3126 2686 3187 2746 3130 2689 2995 2553 2996 2557 2995 2553 2991 2549 2992 2552 3190 2747 3189 2748 3188 2749 3190 2747 3188 2749 3191 2750 3194 2751 3191 2750 3192 2752 3193 2753 3190 2747 3191 2750 3194 2751 3193 2753 3191 2750 3195 2754 3193 2753 3194 2751 3197 2755 3195 2754 3194 2751 3196 2756 3194 2751 3198 2757 3197 2755 3194 2751 3196 2756 3194 2751 3192 2752 3198 2757 3200 2758 3198 2757 3199 2759 3200 2758 3196 2756 3198 2757 3201 2760 3200 2758 3199 2759 3203 2761 3200 2758 3201 2760 3202 2762 3196 2756 3200 2758 3203 2761 3202 2762 3200 2758 3204 2763 3202 2762 3203 2761 3205 2764 3204 2763 3203 2761 3207 2765 3205 2764 3203 2761 3206 2766 3203 2761 3201 2760 3207 2765 3203 2761 3206 2766 3207 2765 3206 2766 3208 2767 3209 2768 3207 2765 3208 2767 3211 2769 3207 2765 3209 2768 3210 2770 3205 2764 3207 2765 3211 2769 3210 2770 3207 2765 3213 2771 3211 2769 3209 2768 3212 2772 3210 2770 3211 2769 3213 2771 3212 2772 3211 2769 3213 2771 3209 2768 3217 2773 3215 2774 3212 2772 3213 2771 3214 2775 3213 2771 3217 2773 3216 2776 3213 2771 3214 2775 3216 2776 3215 2774 3213 2771 3217 2773 3209 2768 3208 2767 3217 2773 3218 2777 3219 2778 3217 2773 3208 2767 3218 2777 3220 2779 3217 2773 3219 2778 3214 2775 3217 2773 3220 2779 3221 2780 3214 2775 3220 2779 3221 2780 3220 2779 3222 2781 3222 2781 3220 2779 3219 2778 3224 2782 3221 2780 3222 2781 3223 2783 3222 2781 3225 2784 3224 2782 3222 2781 3223 2783 3222 2781 3219 2778 3225 2784 3225 2784 3219 2778 3226 2785 3225 2784 3226 2785 3229 2786 3223 2783 3225 2784 3228 2787 3227 2788 3225 2784 3229 2786 3228 2787 3225 2784 3227 2788 3229 2786 3226 2785 3230 2789 3227 2788 3229 2786 3230 2789 3227 2788 3230 2789 3231 2790 3226 2785 3232 2791 3230 2789 3234 2792 3233 2793 3232 2791 3235 2794 3234 2792 3232 2791 3226 2785 3235 2794 3232 2791 3219 2778 3235 2794 3226 2785 3218 2777 3234 2792 3235 2794 3219 2778 3218 2777 3235 2794 3234 2792 3236 2795 3233 2793 3208 2767 3236 2795 3234 2792 3218 2777 3208 2767 3234 2792 3206 2766 3201 2760 3236 2795 3208 2767 3206 2766 3236 2795 3236 2795 3201 2760 3233 2793 3201 2760 3199 2759 3233 2793 3239 2796 3231 2790 3237 2797 3238 2798 3227 2788 3231 2790 3239 2796 3238 2798 3231 2790 3240 2799 3239 2796 3237 2797 3241 2800 3238 2798 3239 2796 3241 2800 3239 2796 3240 2799 3243 2801 3241 2800 3240 2799 3241 2800 3242 2802 3238 2798 3244 2803 3242 2802 3241 2800 3245 2804 3241 2800 3243 2801 3245 2804 3244 2803 3241 2800 3246 2805 3244 2803 3245 2804 3248 2806 3246 2805 3245 2804 3247 2807 3245 2804 3243 2801 3248 2806 3245 2804 3247 2807 3250 2808 3246 2805 3248 2806 3249 2809 3248 2806 3247 2807 3251 2810 3248 2806 3249 2809 3251 2810 3250 2808 3248 2806 3252 2811 3251 2810 3249 2809 3251 2810 3253 2812 3250 2808 3252 2811 3254 2813 3251 2810 3251 2810 3254 2813 3253 2812 3256 2814 3255 2815 3254 2813 3256 2814 3254 2813 3252 2811 3256 2814 3257 2816 3255 2815 3259 2817 3257 2816 3256 2814 3256 2814 3260 2818 3258 2819 3259 2817 3256 2814 3258 2819 3256 2814 3252 2811 3260 2818 3260 2818 3249 2809 3262 2820 3252 2811 3249 2809 3260 2818 3260 2818 3262 2820 3261 2821 3258 2819 3260 2818 3261 2821 3262 2820 3247 2807 3263 2822 3249 2809 3247 2807 3262 2820 3261 2821 3262 2820 3264 2823 3262 2820 3263 2822 3264 2823 3264 2823 3263 2822 3265 2824 3264 2823 3265 2824 3266 2825 3267 2826 3264 2823 3266 2825 3268 2827 3264 2823 3267 2826 3261 2821 3264 2823 3268 2827 3269 2828 3268 2827 3267 2826 3270 2829 3261 2821 3268 2827 3270 2829 3268 2827 3269 2828 3258 2819 3261 2821 3270 2829 3272 2830 3258 2819 3270 2829 3271 2831 3270 2829 3269 2828 3272 2830 3270 2829 3271 2831 3259 2817 3258 2819 3272 2830 3272 2830 3271 2831 3273 2832 3259 2817 3272 2830 3273 2832 3271 2831 3274 2833 3273 2832 3259 2817 3273 2832 3275 2834 3259 2817 3275 2834 3276 2835 3277 2836 3257 2816 3276 2835 3259 2817 3276 2835 3257 2816 3271 2831 3278 2837 3274 2833 3280 2838 3279 2839 3278 2837 3271 2831 3280 2838 3278 2837 3280 2838 3281 2840 3279 2839 3280 2838 3269 2828 3281 2840 3271 2831 3269 2828 3280 2838 3281 2840 3284 2841 3279 2839 3281 2840 3282 2842 3283 2843 3281 2840 3269 2828 3282 2842 3281 2840 3283 2843 3284 2841 3279 2839 3284 2841 3285 2844 3282 2842 3286 2845 3283 2843 3267 2826 3287 2846 3286 2845 3282 2842 3267 2826 3286 2845 3265 2824 3237 2797 3287 2846 3266 2825 3265 2824 3287 2846 3267 2826 3266 2825 3287 2846 3269 2828 3267 2826 3282 2842 3265 2824 3240 2799 3237 2797 3263 2822 3240 2799 3265 2824 3263 2822 3243 2801 3240 2799 3247 2807 3243 2801 3263 2822 3289 2847 3253 2812 3288 2848 3250 2808 3253 2812 3289 2847 3289 2847 3290 2849 3246 2805 3250 2808 3289 2847 3246 2805 3289 2847 3288 2848 3290 2849 3290 2849 3292 2850 3246 2805 3290 2849 3291 2851 3293 2852 3290 2849 3288 2848 3291 2851 3290 2849 3293 2852 3292 2850 3293 2852 3223 2783 3294 2853 3244 2803 3293 2852 3294 2853 3293 2852 3224 2782 3223 2783 3291 2851 3224 2782 3293 2852 3292 2850 3293 2852 3244 2803 3294 2853 3228 2787 3242 2802 3294 2853 3223 2783 3228 2787 3244 2803 3294 2853 3242 2802 3246 2805 3292 2850 3244 2803 3291 2851 3296 2854 3224 2782 3291 2851 3295 2855 3296 2854 3291 2851 3288 2848 3295 2855 3296 2854 3297 2856 3224 2782 3296 2854 3295 2855 3297 2856 3224 2782 3297 2856 3221 2780 3297 2856 3295 2855 3298 2857 3297 2856 3298 2857 3216 2776 3297 2856 3216 2776 3214 2775 3297 2856 3214 2775 3221 2780 3215 2774 3298 2857 3299 2858 3216 2776 3298 2857 3215 2774 3301 2859 3299 2858 3300 2860 3212 2772 3299 2858 3301 2859 3215 2774 3299 2858 3212 2772 3301 2859 3300 2860 3302 2861 3212 2772 3301 2859 3210 2770 3301 2859 3302 2861 3210 2770 3302 2861 3300 2860 3305 2862 3302 2861 3303 2863 3304 2864 3302 2861 3305 2862 3303 2863 3210 2770 3302 2861 3304 2864 3305 2862 3300 2860 3308 2865 3305 2862 3306 2866 3303 2863 3305 2862 3307 2867 3306 2866 3305 2862 3308 2865 3307 2867 3307 2867 3308 2865 3309 2868 3311 2869 3309 2868 3310 2870 3307 2867 3309 2868 3311 2869 3311 2869 3310 2870 3312 2871 3311 2869 3312 2871 3313 2872 3307 2867 3311 2869 3313 2872 3313 2872 3315 2873 3314 2874 3306 2866 3313 2872 3314 2874 3313 2872 3312 2871 3316 2875 3307 2867 3313 2872 3306 2866 3313 2872 3316 2875 3315 2873 3316 2875 3317 2876 3318 2877 3312 2871 3317 2876 3316 2875 3316 2875 3318 2877 3315 2873 3318 2877 3319 2878 3321 2879 3317 2876 3319 2878 3318 2877 3318 2877 3321 2879 3320 2880 3315 2873 3318 2877 3320 2880 3321 2879 3323 2881 3322 2882 3321 2879 3322 2882 3325 2883 3319 2878 3323 2881 3321 2879 3321 2879 3325 2883 3324 2884 3320 2880 3321 2879 3324 2884 3325 2883 3328 2885 3326 2886 3325 2883 3326 2886 3327 2887 3324 2884 3325 2883 3327 2887 3322 2882 3328 2885 3325 2883 3328 2885 3331 2888 3329 2889 3328 2885 3329 2889 3326 2886 3328 2885 3330 2890 3331 2888 3332 2891 3330 2890 3328 2885 3322 2882 3332 2891 3328 2885 3323 2881 3333 2892 3332 2891 3323 2881 3332 2891 3322 2882 3333 2892 3330 2890 3332 2891 3333 2892 3334 2893 3330 2890 3335 2894 3334 2893 3333 2892 3336 2895 3335 2894 3333 2892 3336 2895 3333 2892 3323 2881 3337 2896 3335 2894 3336 2895 3338 2897 3336 2895 3323 2881 3339 2898 3337 2896 3336 2895 3339 2898 3336 2895 3338 2897 3339 2898 3340 2899 3337 2896 3339 2898 3341 2900 3340 2899 3342 2901 3341 2900 3339 2898 3342 2901 3339 2898 3338 2897 3342 2901 3338 2897 3317 2876 3312 2871 3342 2901 3317 2876 3342 2901 3343 2902 3341 2900 3312 2871 3343 2902 3342 2901 3312 2871 3310 2870 3343 2902 3337 2896 3340 2899 3344 2903 3346 2904 3344 2903 3345 2905 3347 2906 3344 2903 3346 2904 3337 2896 3344 2903 3347 2906 3347 2906 3346 2904 3335 2894 3337 2896 3347 2906 3335 2894 3335 2894 3346 2904 3349 2907 3346 2904 3345 2905 3350 2908 3346 2904 3348 2909 3349 2907 3346 2904 3350 2908 3348 2909 3350 2908 3345 2905 3351 2910 3350 2908 3351 2910 3352 2911 3350 2908 3352 2911 3348 2909 3352 2911 3353 2912 3354 2913 3355 2914 3353 2912 3352 2911 3352 2911 3354 2913 3356 2915 3351 2910 3355 2914 3352 2911 3348 2909 3352 2911 3356 2915 3356 2915 3354 2913 3357 2916 3356 2915 3357 2916 3358 2917 3359 2918 3356 2915 3358 2917 3360 2919 3356 2915 3359 2918 3348 2909 3356 2915 3360 2919 3334 2893 3360 2919 3359 2918 3348 2909 3360 2919 3334 2893 3359 2918 3358 2917 3361 2920 3330 2890 3359 2918 3331 2888 3334 2893 3359 2918 3330 2890 3359 2918 3361 2920 3362 2921 3359 2918 3362 2921 3331 2888 3362 2921 3363 2922 3329 2889 3362 2921 3361 2920 3363 2922 3331 2888 3362 2921 3329 2889 3364 2923 3365 2924 3363 2922 3361 2920 3364 2923 3363 2922 3367 2925 3366 2926 3365 2924 3368 2927 3367 2925 3365 2924 3364 2923 3368 2927 3365 2924 3369 2928 3367 2925 3368 2927 3357 2916 3369 2928 3368 2927 3357 2916 3368 2927 3364 2923 3369 2928 3370 2929 3367 2925 3371 2930 3370 2929 3369 2928 3354 2913 3369 2928 3357 2916 3354 2913 3371 2930 3369 2928 3371 2930 3372 2931 3370 2929 3373 2932 3372 2931 3371 2930 3353 2912 3373 2932 3371 2930 3353 2912 3371 2930 3354 2913 3373 2932 3375 2933 3372 2931 3374 2934 3375 2933 3373 2932 3355 2914 3374 2934 3373 2932 3355 2914 3373 2932 3353 2912 3375 2933 3376 2935 3377 2936 3378 2937 3376 2935 3375 2933 3375 2933 3377 2936 3372 2931 3374 2934 3378 2937 3375 2933 3378 2937 3379 2938 3376 2935 3374 2934 3380 2939 3378 2937 3378 2937 3380 2939 3379 2938 3379 2938 3380 2939 3381 2940 3374 2934 3382 2941 3380 2939 3351 2910 3345 2905 3382 2941 3355 2914 3382 2941 3374 2934 3351 2910 3382 2941 3355 2914 3384 2942 3381 2940 3383 2943 3385 2944 3381 2940 3384 2942 3379 2938 3381 2940 3385 2944 3379 2938 3385 2944 3386 2945 3385 2944 3384 2942 3386 2945 3386 2945 3387 2946 3388 2947 3384 2942 3387 2946 3386 2945 3386 2945 3388 2947 3389 2948 3377 2936 3386 2945 3389 2948 3376 2935 3386 2945 3377 2936 3379 2938 3386 2945 3376 2935 3389 2948 3391 2949 3390 2950 3392 2951 3389 2948 3390 2950 3389 2948 3388 2947 3391 2949 3377 2936 3389 2948 3392 2951 3392 2951 3390 2950 3394 2952 3392 2951 3394 2952 3393 2953 3370 2929 3392 2951 3393 2953 3372 2931 3377 2936 3392 2951 3372 2931 3392 2951 3370 2929 3394 2952 3395 2954 3396 2955 3390 2950 3395 2954 3394 2952 3394 2952 3396 2955 3366 2926 3393 2953 3394 2952 3366 2926 3398 2956 3397 2957 3396 2955 3395 2954 3398 2956 3396 2955 3399 2958 3401 2959 3398 2956 3400 2960 3399 2958 3398 2956 3391 2949 3400 2960 3398 2956 3391 2949 3398 2956 3395 2954 3398 2956 3401 2959 3397 2957 3401 2959 3403 2961 3402 2962 3401 2959 3402 2962 3397 2957 3399 2958 3403 2961 3401 2959 3403 2961 3404 2963 3402 2962 3403 2961 3405 2964 3404 2963 3406 2965 3405 2964 3403 2961 3407 2966 3406 2965 3403 2961 3408 2967 3407 2966 3403 2961 3408 2967 3403 2961 3399 2958 3409 2968 3408 2967 3399 2958 3411 2969 3408 2967 3409 2968 3410 2970 3407 2966 3408 2967 3411 2969 3410 2970 3408 2967 3388 2947 3411 2969 3409 2968 3387 2946 3411 2969 3388 2947 3412 2971 3410 2970 3411 2969 3384 2942 3412 2971 3411 2969 3384 2942 3411 2969 3387 2946 3412 2971 3383 2943 3413 2972 3384 2942 3383 2943 3412 2971 3412 2971 3413 2972 3410 2970 3413 2972 3414 2973 3415 2974 3413 2972 3383 2943 3414 2973 3413 2972 3415 2974 3410 2970 3415 2974 3414 2973 3416 2975 3415 2974 3416 2975 3417 2976 3410 2970 3415 2974 3417 2976 3417 2976 3418 2977 3406 2965 3417 2976 3406 2965 3407 2966 3410 2970 3417 2976 3407 2966 3416 2975 3418 2977 3417 2976 3418 2977 3419 2978 3406 2965 3418 2977 3420 2979 3419 2978 3416 2975 3420 2979 3418 2977 3420 2979 3421 2980 3419 2978 3420 2979 3423 2981 3421 2980 3422 2982 3423 2981 3420 2979 3416 2975 3422 2982 3420 2979 3423 2981 3425 2983 3424 2984 3423 2981 3424 2984 3421 2980 3426 2985 3425 2983 3423 2981 3422 2982 3426 2985 3423 2981 3426 2985 3428 2986 3427 2987 3426 2985 3427 2987 3429 2988 3422 2982 3428 2986 3426 2985 3426 2985 3429 2988 3425 2983 3429 2988 3427 2987 3432 2989 3429 2988 3430 2990 3425 2983 3429 2988 3431 2991 3430 2990 3429 2988 3432 2989 3431 2991 3427 2987 3433 2992 3432 2989 3425 2983 3430 2990 3434 2993 3424 2984 3434 2993 3435 2994 3425 2983 3434 2993 3424 2984 3437 2995 3435 2994 3436 2996 3424 2984 3435 2994 3437 2995 3437 2995 3436 2996 3438 2997 3439 2998 3437 2995 3438 2997 3421 2980 3424 2984 3437 2995 3421 2980 3437 2995 3439 2998 3440 2999 3421 2980 3439 2998 3440 2999 3439 2998 3441 3000 3439 2998 3438 2997 3441 3000 3441 3000 3442 3001 3443 3002 3441 3000 3438 2997 3442 3001 3444 3003 3441 3000 3443 3002 3440 2999 3441 3000 3444 3003 3444 3003 3443 3002 3445 3004 3404 2963 3444 3003 3445 3004 3404 2963 3440 2999 3444 3003 3404 2963 3445 3004 3446 3005 3402 2962 3446 3005 3397 2957 3402 2962 3404 2963 3446 3005 3438 2997 3447 3006 3442 3001 3438 2997 3436 2996 3447 3006 3419 2978 3421 2980 3440 2999 3405 2964 3440 2999 3404 2963 3406 2965 3419 2978 3440 2999 3406 2965 3440 2999 3405 2964 3422 2982 3448 3007 3428 2986 3416 2975 3414 2973 3448 3007 3416 2975 3448 3007 3422 2982 3409 2968 3399 2958 3400 2960 3391 2949 3409 2968 3400 2960 3388 2947 3409 2968 3391 2949 3390 2950 3391 2949 3395 2954 3367 2925 3393 2953 3366 2926 3370 2929 3393 2953 3367 2925 3358 2917 3364 2923 3361 2920 3358 2917 3357 2916 3364 2923 3349 2907 3348 2909 3334 2893 3335 2894 3349 2907 3334 2893 3338 2897 3323 2881 3319 2878 3317 2876 3338 2897 3319 2878 3324 2884 3327 2887 3189 2748 3190 2747 3324 2884 3189 2748 3320 2880 3324 2884 3190 2747 3449 3008 3320 2880 3190 2747 3315 2873 3320 2880 3449 3008 3195 2754 3315 2873 3449 3008 3195 2754 3449 3008 3193 2753 3449 3008 3190 2747 3193 2753 3314 2874 3315 2873 3195 2754 3306 2866 3314 2874 3450 3009 3197 2755 3314 2874 3195 2754 3450 3009 3314 2874 3197 2755 3204 2763 3450 3009 3197 2755 3303 2863 3306 2866 3450 3009 3303 2863 3450 3009 3204 2763 3304 2864 3303 2863 3205 2764 3210 2770 3304 2864 3205 2764 3303 2863 3204 2763 3205 2764 3242 2802 3228 2787 3227 2788 3242 2802 3227 2788 3238 2798 3204 2763 3197 2755 3202 2762 3202 2762 3197 2755 3196 2756 3455 33 3451 33 3452 33 3454 33 3453 33 3451 33 3454 3010 3451 3010 3455 3010 3455 3011 3452 3011 3456 3011 3456 3012 3452 3012 3458 3012 3456 3013 3458 3013 3457 3013 3457 33 3458 33 3459 33 3461 33 3459 33 3460 33 3457 3014 3459 3014 3461 3014 3462 3015 3461 3015 3460 3015 3463 3016 3462 3016 3460 3016 3464 33 3462 33 3463 33 3466 33 3464 33 3463 33 3465 3017 3464 3017 3466 3017 3467 33 3465 33 3466 33 3468 3018 3469 3018 3467 3018 3469 33 3465 33 3467 33 3470 3019 3469 3019 3468 3019 3471 3020 3470 3020 3468 3020 3472 33 3470 33 3471 33 3473 3021 3472 3021 3471 3021 3473 3022 3474 3022 3472 3022 3476 33 3475 33 3474 33 3476 3023 3474 3023 3473 3023 3477 3024 3475 3024 3476 3024 3478 3025 3479 3025 3477 3025 3477 33 3479 33 3475 33 3478 33 3480 33 3479 33 3481 3026 3480 3026 3478 3026 3481 33 3482 33 3480 33 3484 33 3483 33 3482 33 3484 33 3482 33 3481 33 3485 3027 3483 3027 3484 3027 3485 3028 3488 3028 3486 3028 3485 33 3486 33 3483 33 3485 33 3487 33 3488 33 3487 33 3489 33 3488 33 3488 33 3489 33 3490 33 3490 33 3492 33 3491 33 3489 33 3492 33 3490 33 3492 33 3493 33 3491 33 3493 33 3494 33 3495 33 3491 3029 3493 3029 3495 3029 3495 3030 3494 3030 3496 3030 3494 33 3498 33 3496 33 3496 3031 3498 3031 3497 3031 3498 3032 3499 3032 3497 3032 3501 3033 3499 3033 3500 3033 3497 3034 3499 3034 3501 3034 3501 3035 3500 3035 3502 3035 3502 33 3500 33 3453 33 3502 3036 3453 3036 3454 3036 3507 3037 3503 3037 3504 3037 3505 0 3506 0 3503 0 3505 3038 3503 3038 3507 3038 3507 3039 3504 3039 3508 3039 3508 0 3504 0 3509 0 3508 3040 3509 3040 3510 3040 3510 3041 3512 3041 3511 3041 3510 0 3509 0 3512 0 3513 3042 3511 3042 3512 3042 3515 0 3513 0 3514 0 3515 3043 3516 3043 3513 3043 3516 0 3511 0 3513 0 3517 3044 3515 3044 3514 3044 3518 3045 3515 3045 3517 3045 3519 0 3518 0 3520 0 3520 3046 3518 3046 3517 3046 3521 3047 3519 3047 3520 3047 3523 0 3521 0 3522 0 3523 0 3524 0 3521 0 3524 0 3519 0 3521 0 3525 3048 3523 3048 3522 3048 3525 0 3526 0 3523 0 3528 0 3527 0 3526 0 3528 3049 3526 3049 3525 3049 3529 3050 3527 3050 3528 3050 3530 3051 3531 3051 3529 3051 3529 0 3531 0 3527 0 3530 3052 3532 3052 3531 3052 3534 3053 3532 3053 3530 3053 3534 0 3533 0 3532 0 3535 3054 3533 3054 3534 3054 3536 3055 3537 3055 3535 3055 3535 0 3537 0 3533 0 3536 0 3538 0 3537 0 3536 0 3539 0 3538 0 3538 3056 3539 3056 3540 3056 3539 0 3542 0 3540 0 3540 3057 3542 3057 3541 3057 3542 3058 3543 3058 3544 3058 3542 0 3544 0 3541 0 3544 3059 3545 3059 3546 3059 3543 3060 3545 3060 3544 3060 3545 0 3547 0 3546 0 3546 3061 3547 3061 3548 3061 3547 3062 3550 3062 3548 3062 3548 0 3550 0 3549 0 3550 0 3551 0 3549 0 3553 0 3551 0 3552 0 3549 3063 3551 3063 3553 3063 3553 3064 3552 3064 3554 3064 3554 0 3552 0 3506 0 3554 3065 3506 3065 3505 3065 3557 3066 3555 3066 3556 2518 3558 2518 3557 3066 3556 2518 3558 2518 3556 2518 3559 3067 3560 3067 3558 2518 3559 3067 3561 3068 3560 3067 3562 3068 3560 3067 3559 3067 3562 3068 3561 3068 3562 3068 3563 3069 3566 2522 3563 3069 3564 2522 3565 3069 3561 3068 3563 3069 3566 2522 3565 3069 3563 3069 3566 2522 3564 2522 3567 3070 3568 3070 3566 2522 3567 3070 3569 2524 3568 3070 3567 3070 3569 2524 3572 2524 3570 3071 3571 3071 3569 2524 3570 3071 3569 2524 3567 3070 3572 2524 3573 2526 3571 3071 3570 3071 3573 2526 3570 3071 3574 2526 3575 2527 3573 2526 3574 2526 3575 2527 3574 2526 3576 2527 3575 2527 3576 2527 3578 2528 3577 2528 3575 2527 3578 2528 3580 2529 3578 2528 3579 2529 3580 2529 3577 2528 3578 2528 3581 3072 3580 2529 3582 3072 3580 2529 3579 2529 3582 3072 3581 3072 3582 3072 3583 2504 3586 2504 3581 3072 3583 2504 3585 3073 3583 2504 3584 3074 3585 3073 3586 2504 3583 2504 3585 3073 3584 3074 3587 2507 3588 2507 3585 3073 3587 2507 3589 3075 3588 2507 3587 2507 3589 3075 3587 2507 3590 3075 3589 3075 3590 3075 3591 3076 3592 3076 3589 3075 3591 3076 3593 2510 3592 3076 3591 3076 3594 3077 3593 2510 3595 2510 3593 2510 3591 3076 3595 2510 3594 3077 3595 2510 3596 3077 3598 3078 3596 3077 3597 3078 3598 3078 3594 3077 3596 3077 3598 3078 3597 3078 3599 2513 3600 2513 3598 3078 3599 2513 3601 2514 3600 2513 3599 2513 3601 2514 3604 2514 3602 2515 3603 2515 3601 2514 3602 2515 3601 2514 3599 2513 3604 2514 3605 3079 3603 2515 3602 2515 3605 3079 3602 2515 3606 3079 3607 3080 3605 3079 3606 3079 3607 3080 3606 3079 3608 3080 3611 3081 3609 3082 3610 3083 3612 3084 3611 3081 3613 3085 3614 3086 3613 3085 3611 3081 3614 3086 3611 3081 3610 3083 3614 3086 3610 3083 3615 3087 3614 3086 3615 3087 3617 3088 3614 3086 3617 3088 3616 3089 3614 3086 3616 3089 3613 3085 3617 3088 3622 3090 3618 3091 3617 3088 3618 3091 3616 3089 3617 3088 3615 3087 3619 3092 3617 3088 3619 3092 3620 3093 3617 3088 3620 3093 3621 3094 3617 3088 3621 3094 3622 3090 3621 3094 3623 3095 3622 3090 3625 3096 3624 3097 3623 3095 3621 3094 3625 3096 3623 3095 3625 3096 3629 3098 3626 3099 3625 3096 3626 3099 3624 3097 3621 3094 3627 3100 3625 3096 3625 3096 3627 3100 3628 3101 3625 3096 3628 3101 3629 3098 3626 3099 3629 3098 3630 3102 3626 3099 3630 3102 3632 3103 3632 3103 3630 3102 3631 3104 3632 3103 3633 3105 3634 3106 3632 3103 3631 3104 3633 3105 3626 3099 3632 3103 3635 3107 3632 3103 3634 3106 3635 3107 3626 3099 3635 3107 3636 3108 3626 3099 3636 3108 3624 3097 3633 3105 3637 3109 3634 3106 3633 3105 3638 3110 3637 3109 3639 3111 3640 3112 3638 3110 3633 3105 3639 3111 3638 3110 3642 3113 3641 3114 3640 3112 3639 3111 3642 3113 3640 3112 3642 3113 3643 3115 3645 3116 3639 3111 3643 3115 3642 3113 3642 3113 3645 3116 3644 3117 3642 3113 3644 3117 3646 3118 3642 3113 3646 3118 3647 3119 3642 3113 3647 3119 3641 3114 3646 3118 3648 3120 3647 3119 3650 3121 3649 3122 3648 3120 3646 3118 3650 3121 3648 3120 3650 3121 3651 3123 3654 3124 3650 3121 3655 3125 3651 3123 3650 3121 3652 3126 3653 3127 3646 3118 3652 3126 3650 3121 3650 3121 3653 3127 3655 3125 3650 3121 3654 3124 3649 3122 3651 3123 3655 3125 3656 3128 3658 3129 3656 3128 3657 3130 3651 3123 3656 3128 3658 3129 3658 3129 3657 3130 3659 3131 3658 3129 3659 3131 3660 3132 3658 3129 3660 3132 3661 3133 3651 3123 3658 3129 3662 3134 3658 3129 3661 3133 3662 3134 3651 3123 3662 3134 3654 3124 3660 3132 3663 3135 3661 3133 3660 3132 3664 3136 3663 3135 3665 3137 3666 3138 3664 3136 3660 3132 3665 3137 3664 3136 3668 3139 3667 3140 3666 3138 3665 3137 3668 3139 3666 3138 3668 3139 3669 3141 3670 3142 3665 3137 3669 3141 3668 3139 3668 3139 3670 3142 3671 3143 3668 3139 3671 3143 3673 3144 3668 3139 3672 3145 3667 3140 3668 3139 3673 3144 3672 3145 3673 3144 3676 3146 3674 3147 3673 3144 3674 3147 3675 3148 3673 3144 3675 3148 3672 3145 3673 3144 3671 3143 3676 3146 3674 3147 3676 3146 3677 3149 3675 3148 3674 3147 3678 3150 3665 3137 3679 3151 3669 3141 3660 3132 3659 3131 3679 3151 3660 3132 3679 3151 3665 3137 3646 3118 3644 3117 3652 3126 3639 3111 3680 3152 3643 3115 3633 3105 3681 3153 3680 3152 3633 3105 3680 3152 3639 3111 3633 3105 3631 3104 3681 3153 3621 3094 3620 3093 3627 3100 3684 3154 3682 3155 3683 3156 3685 3157 3682 3155 3684 3154 3686 3158 3682 3155 3685 3157 3686 3158 3687 3159 3682 3155 3686 3158 3688 3160 3687 3159 3689 3161 3688 3160 3686 3158 3690 3162 3688 3160 3689 3161 3690 3162 3691 3163 3688 3160 3693 3164 3692 3165 3691 3163 3693 3164 3691 3163 3690 3162 3694 3166 3693 3164 3696 3167 3694 3166 3692 3165 3693 3164 3693 3164 3690 3162 3695 3168 3693 3164 3695 3168 3696 3167 3696 3167 3698 3169 3697 3170 3700 3171 3696 3167 3697 3170 3696 3167 3699 3172 3698 3169 3696 3167 3695 3168 3699 3172 3694 3166 3696 3167 3700 3171 3701 3173 3700 3171 3697 3170 3702 3174 3694 3166 3700 3171 3702 3174 3700 3171 3701 3173 3702 3174 3703 3175 3694 3166 3704 3176 3702 3174 3701 3173 3702 3174 3705 3177 3703 3175 3704 3176 3706 3178 3702 3174 3702 3174 3706 3178 3705 3177 3708 3179 3707 3180 3706 3178 3708 3179 3706 3178 3704 3176 3708 3179 3709 3181 3707 3180 3711 3182 3709 3181 3708 3179 3710 3183 3708 3179 3713 3184 3711 3182 3708 3179 3710 3183 3708 3179 3704 3176 3712 3185 3708 3179 3712 3185 3713 3184 3713 3184 3712 3185 3714 3186 3710 3183 3713 3184 3714 3186 3710 3183 3714 3186 3715 3187 3712 3185 3716 3188 3714 3186 3712 3185 3717 3189 3716 3188 3701 3173 3697 3170 3717 3189 3712 3185 3701 3173 3717 3189 3719 3190 3715 3187 3718 3191 3719 3190 3710 3183 3715 3187 3720 3192 3710 3183 3719 3190 3722 3193 3720 3192 3719 3190 3721 3194 3719 3190 3718 3191 3722 3193 3719 3190 3721 3194 3722 3193 3723 3195 3720 3192 3724 3196 3723 3195 3722 3193 3724 3196 3722 3193 3721 3194 3724 3196 3725 3197 3723 3195 3724 3196 3728 3198 3725 3197 3724 3196 3726 3199 3727 3200 3724 3196 3729 3201 3726 3199 3724 3196 3721 3194 3729 3201 3724 3196 3727 3200 3728 3198 3729 3201 3731 3202 3730 3203 3729 3201 3730 3203 3732 3204 3729 3201 3721 3194 3731 3202 3729 3201 3732 3204 3733 3205 3729 3201 3733 3205 3726 3199 3732 3204 3730 3203 3734 3206 3721 3194 3718 3191 3731 3202 3735 3207 3725 3197 3728 3198 3720 3192 3723 3195 3736 3208 3720 3192 3736 3208 3709 3181 3720 3192 3709 3181 3711 3182 3720 3192 3711 3182 3710 3183 3704 3176 3701 3173 3712 3185 3694 3166 3703 3175 3692 3165 3738 3209 3737 3210 3699 3172 3695 3168 3738 3209 3699 3172 3738 3209 3686 3158 3739 3211 3738 3209 3739 3211 3740 3212 3689 3161 3686 3158 3738 3209 3738 3209 3740 3212 3737 3210 3690 3162 3689 3161 3738 3209 3690 3162 3738 3209 3695 3168 3739 3211 3741 3213 3740 3212 3743 3214 3742 3215 3741 3213 3739 3211 3743 3214 3741 3213 3743 3214 3684 3154 3744 3216 3743 3214 3744 3216 3742 3215 3685 3157 3684 3154 3743 3214 3686 3158 3685 3157 3743 3214 3686 3158 3743 3214 3739 3211 3744 3216 3745 3217 3747 3218 3744 3216 3746 3219 3745 3217 3684 3154 3746 3219 3744 3216 3744 3216 3747 3218 3742 3215 3745 3217 3748 3220 3747 3218 3750 3221 3749 3222 3748 3220 3745 3217 3750 3221 3748 3220 3750 3221 3752 3223 3749 3222 3751 3224 3752 3223 3750 3221 3746 3219 3751 3224 3750 3221 3746 3219 3750 3221 3745 3217 3752 3223 3753 3225 3749 3222 3752 3223 3754 3226 3753 3225 3752 3223 3755 3227 3754 3226 3756 3228 3755 3227 3752 3223 3751 3224 3756 3228 3752 3223 3751 3224 3759 3229 3756 3228 3756 3228 3758 3230 3757 3231 3756 3228 3757 3231 3755 3227 3756 3228 3759 3229 3758 3230 3751 3224 3760 3232 3759 3229 3746 3219 3760 3232 3751 3224 3684 3154 3760 3232 3746 3219 3684 3154 3683 3156 3760 3232 3755 3227 3757 3231 3761 3233 3763 3234 3761 3233 3762 3235 3764 3236 3761 3233 3763 3234 3755 3227 3761 3233 3764 3236 3764 3236 3763 3234 3765 3237 3764 3236 3765 3237 3766 3238 3755 3227 3764 3236 3766 3238 3766 3238 3765 3237 3768 3239 3766 3238 3768 3239 3767 3240 3754 3226 3766 3238 3767 3240 3755 3227 3766 3238 3754 3226 3765 3237 3769 3241 3768 3239 3771 3242 3770 3243 3769 3241 3765 3237 3771 3242 3769 3241 3771 3242 3772 3244 3770 3243 3771 3242 3773 3245 3772 3244 3774 3246 3773 3245 3771 3242 3763 3234 3774 3246 3771 3242 3763 3234 3771 3242 3765 3237 3763 3234 3776 3247 3774 3246 3774 3246 3775 3248 3773 3245 3774 3246 3776 3247 3775 3248 3763 3234 3762 3235 3776 3247 3773 3245 3775 3248 3777 3249 3773 3245 3777 3249 3779 3250 3778 3251 3777 3249 3780 3252 3779 3250 3777 3249 3778 3251 3778 3251 3780 3252 3781 3253 3781 3253 3782 3254 3783 3255 3784 3256 3781 3253 3783 3255 3778 3251 3781 3253 3784 3256 3778 3251 3784 3256 3787 3257 3784 3256 3786 3258 3785 3259 3784 3256 3785 3259 3787 3257 3784 3256 3783 3255 3786 3258 3787 3257 3789 3260 3788 3261 3791 3262 3787 3257 3788 3261 3787 3257 3790 3263 3789 3260 3787 3257 3785 3259 3790 3263 3778 3251 3787 3257 3791 3262 3791 3262 3788 3261 3792 3264 3793 3265 3791 3262 3792 3264 3779 3250 3778 3251 3791 3262 3779 3250 3791 3262 3793 3265 3793 3265 3792 3264 3794 3266 3773 3245 3779 3250 3793 3265 3772 3244 3793 3265 3794 3266 3773 3245 3793 3265 3772 3244 3772 3244 3794 3266 3770 3243 3788 3261 3789 3260 3795 3267 3754 3226 3767 3240 3753 3225 3799 3268 3797 3269 3796 3270 3799 3268 3796 3270 3798 3271 3799 3268 3798 3271 3800 3272 3799 3268 3800 3272 3801 3273 3802 3274 3797 3269 3799 3268 3802 3274 3799 3268 3801 3273 3802 3274 3803 3275 3797 3269 3805 3276 3803 3275 3802 3274 3802 3274 3801 3273 3804 3277 3805 3276 3802 3274 3804 3277 3806 3278 3807 3279 3805 3276 3806 3278 3805 3276 3808 3280 3805 3276 3807 3279 3803 3275 3805 3276 3804 3277 3808 3280 3808 3280 3810 3281 3809 3282 3811 3283 3808 3280 3809 3282 3808 3280 3804 3277 3810 3281 3806 3278 3808 3280 3811 3283 3811 3283 3809 3282 3812 3284 3813 3285 3811 3283 3812 3284 3814 3286 3806 3278 3811 3283 3814 3286 3811 3283 3813 3285 3814 3286 3816 3287 3806 3278 3815 3288 3814 3286 3813 3285 3815 3288 3817 3289 3814 3286 3814 3286 3817 3289 3816 3287 3815 3288 3818 3290 3817 3289 3820 3291 3819 3292 3818 3290 3820 3291 3818 3290 3815 3288 3821 3293 3820 3291 3822 3294 3821 3293 3819 3292 3820 3291 3822 3294 3820 3291 3824 3295 3820 3291 3815 3288 3823 3296 3820 3291 3823 3296 3824 3295 3824 3295 3823 3296 3826 3297 3824 3295 3826 3297 3825 3298 3822 3294 3824 3295 3825 3298 3823 3296 3827 3299 3826 3297 3823 3296 3813 3285 3827 3299 3813 3285 3812 3284 3827 3299 3822 3294 3825 3298 3828 3300 3830 3301 3828 3300 3829 3302 3830 3301 3822 3294 3828 3300 3831 3303 3822 3294 3830 3301 3832 3304 3830 3301 3829 3302 3832 3304 3831 3303 3830 3301 3832 3304 3829 3302 3833 3305 3835 3306 3832 3304 3833 3305 3834 3307 3831 3303 3832 3304 3836 3308 3834 3307 3832 3304 3836 3308 3832 3304 3835 3306 3837 3309 3836 3308 3835 3306 3838 3310 3836 3308 3837 3309 3838 3310 3840 3311 3836 3308 3836 3308 3840 3311 3839 3312 3836 3308 3839 3312 3834 3307 3838 3310 3841 3313 3840 3311 3843 3314 3842 3315 3841 3313 3843 3314 3841 3313 3838 3310 3843 3314 3838 3310 3837 3309 3843 3314 3837 3309 3844 3316 3845 3317 3843 3314 3844 3316 3845 3317 3842 3315 3843 3314 3845 3317 3844 3316 3846 3318 3847 3319 3845 3317 3846 3318 3847 3319 3848 3320 3845 3317 3845 3317 3848 3320 3842 3315 3847 3319 3849 3321 3848 3320 3850 3322 3851 3323 3849 3321 3850 3322 3849 3321 3847 3319 3850 3322 3852 3324 3851 3323 3853 3325 3852 3324 3850 3322 3854 3326 3852 3324 3853 3325 3854 3326 3855 3327 3852 3324 3857 3328 3856 3329 3855 3327 3857 3328 3855 3327 3854 3326 3858 3330 3857 3328 3860 3331 3858 3330 3856 3329 3857 3328 3857 3328 3854 3326 3859 3332 3857 3328 3859 3332 3860 3331 3860 3331 3859 3332 3861 3333 3862 3334 3860 3331 3861 3333 3858 3330 3860 3331 3862 3334 3862 3334 3861 3333 3863 3335 3864 3336 3862 3334 3863 3335 3865 3337 3858 3330 3862 3334 3865 3337 3862 3334 3864 3336 3865 3337 3867 3338 3858 3330 3866 3339 3865 3337 3864 3336 3866 3339 3868 3340 3865 3337 3865 3337 3868 3340 3867 3338 3866 3339 3869 3341 3868 3340 3871 3342 3870 3343 3869 3341 3871 3342 3869 3341 3866 3339 3872 3344 3870 3343 3871 3342 3872 3344 3871 3342 3874 3345 3871 3342 3866 3339 3873 3346 3871 3342 3873 3346 3874 3345 3874 3345 3876 3347 3875 3348 3877 3349 3874 3345 3875 3348 3874 3345 3873 3346 3876 3347 3872 3344 3874 3345 3877 3349 3879 3350 3872 3344 3877 3349 3878 3351 3877 3349 3875 3348 3879 3350 3877 3349 3878 3351 3879 3350 3880 3352 3872 3344 3879 3350 3881 3353 3880 3352 3879 3350 3884 3354 3881 3353 3879 3350 3878 3351 3882 3355 3879 3350 3882 3355 3883 3356 3879 3350 3883 3356 3884 3354 3878 3351 3885 3357 3882 3355 3878 3351 3886 3358 3885 3357 3878 3351 3875 3348 3886 3358 3872 3344 3880 3352 3870 3343 3873 3346 3887 3359 3876 3347 3873 3346 3888 3360 3887 3359 3864 3336 3863 3335 3888 3360 3873 3346 3864 3336 3888 3360 3866 3339 3864 3336 3873 3346 3858 3330 3867 3338 3856 3329 3859 3332 3889 3361 3861 3333 3859 3332 3890 3362 3889 3361 3892 3363 3891 3364 3890 3362 3893 3365 3892 3363 3890 3362 3859 3332 3893 3365 3890 3362 3853 3325 3892 3363 3893 3365 3854 3326 3893 3365 3859 3332 3854 3326 3853 3325 3893 3365 3850 3322 3894 3366 3892 3363 3853 3325 3850 3322 3892 3363 3892 3363 3894 3366 3891 3364 3894 3366 3895 3367 3891 3364 3894 3366 3896 3368 3895 3367 3894 3366 3846 3318 3896 3368 3847 3319 3846 3318 3894 3366 3850 3322 3847 3319 3894 3366 3846 3318 3897 3369 3896 3368 3844 3316 3898 3370 3897 3369 3846 3318 3844 3316 3897 3369 3837 3309 3899 3371 3898 3370 3844 3316 3837 3309 3898 3370 3835 3306 3833 3305 3899 3371 3837 3309 3835 3306 3899 3371 3831 3303 3839 3312 3900 3372 3834 3307 3839 3312 3831 3303 3831 3303 3900 3372 3901 3373 3821 3293 3901 3373 3819 3292 3831 3303 3901 3373 3821 3293 3831 3303 3821 3293 3822 3294 3815 3288 3813 3285 3823 3296 3806 3278 3816 3287 3807 3279 3804 3277 3902 3374 3810 3281 3801 3273 3903 3375 3902 3374 3804 3277 3801 3273 3902 3374 3801 3273 3800 3272 3903 3375 3906 3376 3905 3377 3904 3378 3907 3379 3905 3377 3906 3376 3908 3380 3907 3379 3906 3376 3908 3380 3906 3376 3909 3381 3908 3380 3909 3381 3910 3382 3913 3383 3910 3382 3911 3384 3912 3385 3908 3380 3910 3382 3913 3383 3912 3385 3910 3382 3913 3383 3915 3386 3912 3385 3914 3387 3913 3383 3911 3384 3914 3387 3916 3388 3913 3383 3913 3383 3916 3388 3915 3386 3916 3388 3918 3389 3917 3390 3916 3388 3917 3390 3915 3386 3916 3388 3919 3391 3918 3389 3916 3388 3920 3392 3919 3391 3916 3388 3921 3393 3920 3392 3914 3387 3921 3393 3916 3388 3923 3394 3921 3393 3922 3395 3914 3387 3922 3395 3921 3393 3914 3387 3924 3396 3922 3395 3914 3387 3911 3384 3924 3396 3918 3389 3919 3391 3925 3397 3926 3398 3925 3397 3928 3399 3927 3400 3925 3397 3926 3398 3918 3389 3925 3397 3927 3400 3926 3398 3928 3399 3929 3401 3931 3402 3929 3401 3930 3403 3926 3398 3929 3401 3931 3402 3931 3402 3933 3404 3932 3405 3926 3398 3931 3402 3932 3405 3931 3402 3930 3403 3933 3404 3933 3404 3935 3406 3934 3407 3933 3404 3934 3407 3937 3408 3933 3404 3930 3403 3935 3406 3933 3404 3937 3408 3936 3409 3932 3405 3933 3404 3936 3409 3937 3408 3938 3410 3939 3411 3934 3407 3938 3410 3937 3408 3936 3409 3937 3408 3939 3411 3939 3411 3941 3412 3940 3413 3939 3411 3940 3413 3942 3414 3939 3411 3938 3410 3941 3412 3943 3415 3939 3411 3942 3414 3936 3409 3939 3411 3943 3415 3943 3415 3942 3414 3944 3416 3945 3417 3943 3415 3944 3416 3932 3405 3936 3409 3943 3415 3946 3418 3943 3415 3945 3417 3932 3405 3943 3415 3946 3418 3948 3419 3932 3405 3946 3418 3947 3420 3946 3418 3945 3417 3948 3419 3946 3418 3947 3420 3926 3398 3932 3405 3948 3419 3949 3421 3948 3419 3947 3420 3950 3422 3948 3419 3949 3421 3950 3422 3926 3398 3948 3419 3917 3390 3950 3422 3949 3421 3927 3400 3926 3398 3950 3422 3917 3390 3927 3400 3950 3422 3949 3421 3947 3420 3951 3423 3952 3424 3949 3421 3951 3423 3953 3425 3949 3421 3952 3424 3917 3390 3949 3421 3953 3425 3954 3426 3953 3425 3952 3424 3915 3386 3917 3390 3953 3425 3915 3386 3953 3425 3954 3426 3954 3426 3952 3424 3955 3427 3912 3385 3954 3426 3955 3427 3912 3385 3915 3386 3954 3426 3955 3427 3957 3428 3956 3429 3908 3380 3955 3427 3956 3429 3912 3385 3955 3427 3908 3380 3955 3427 3952 3424 3957 3428 3957 3428 3958 3430 3960 3431 3952 3424 3958 3430 3957 3428 3957 3428 3959 3432 3961 3433 3957 3428 3960 3431 3959 3432 3956 3429 3957 3428 3961 3433 3956 3429 3961 3433 3905 3377 3958 3430 3962 3434 3960 3431 3963 3435 3965 3436 3962 3434 3964 3437 3963 3435 3962 3434 3958 3430 3964 3437 3962 3434 3963 3435 3966 3438 3965 3436 3968 3439 3967 3440 3966 3438 3963 3435 3968 3439 3966 3438 3944 3416 3969 3441 3968 3439 3945 3417 3944 3416 3968 3439 3945 3417 3968 3439 3963 3435 3968 3439 3969 3441 3967 3440 3942 3414 3970 3442 3969 3441 3944 3416 3942 3414 3969 3441 3969 3441 3970 3442 3967 3440 3970 3442 3971 3443 3974 3444 3970 3442 3972 3445 3971 3443 3940 3413 3972 3445 3970 3442 3970 3442 3973 3446 3967 3440 3970 3442 3974 3444 3973 3446 3942 3414 3940 3413 3970 3442 3971 3443 3975 3447 3974 3444 3977 3448 3976 3449 3975 3447 3971 3443 3977 3448 3975 3447 3977 3448 3978 3450 3976 3449 3979 3451 3978 3450 3977 3448 3972 3445 3979 3451 3977 3448 3972 3445 3977 3448 3971 3443 3979 3451 3980 3452 3978 3450 3981 3453 3980 3452 3979 3451 3982 3454 3981 3453 3979 3451 3982 3454 3979 3451 3972 3445 3982 3454 3983 3455 3981 3453 3984 3456 3983 3455 3982 3454 3941 3412 3982 3454 3972 3445 3938 3410 3984 3456 3982 3454 3938 3410 3982 3454 3941 3412 3985 3457 3983 3455 3984 3456 3986 3458 3984 3456 3938 3410 3986 3458 3985 3457 3984 3456 3934 3407 3986 3458 3938 3410 3986 3458 3988 3459 3987 3460 3986 3458 3987 3460 3985 3457 3934 3407 3988 3459 3986 3458 3934 3407 3935 3406 3988 3459 3985 3457 3987 3460 3989 3461 3991 3462 3989 3461 3990 3463 3985 3457 3989 3461 3991 3462 3991 3462 3992 3464 3983 3455 3985 3457 3991 3462 3983 3455 3991 3462 3990 3463 3993 3465 3991 3462 3993 3465 3992 3464 3993 3465 3990 3463 3995 3466 3993 3465 3994 3467 3992 3464 3993 3465 3996 3468 3994 3467 3993 3465 3995 3466 3996 3468 3996 3468 3997 3469 3994 3467 3996 3468 3998 3470 3997 3469 3996 3468 3999 3471 3998 3470 3996 3468 3995 3466 3999 3471 3998 3470 3999 3471 4000 3472 4002 3473 4000 3472 4001 3474 3998 3470 4000 3472 4002 3473 4002 3473 4001 3474 4003 3475 4002 3473 4003 3475 4005 3476 4002 3473 4005 3476 4004 3477 3998 3470 4002 3473 4004 3477 4005 3476 4007 3478 4006 3479 4005 3476 4006 3479 4008 3480 4003 3475 4007 3478 4005 3476 4004 3477 4005 3476 4008 3480 4008 3480 4006 3479 4009 3481 4010 3482 4008 3480 4009 3481 4004 3477 4008 3480 4010 3482 4010 3482 4009 3481 4011 3483 4012 3484 4010 3482 4011 3483 3997 3469 4004 3477 4010 3482 4013 3485 4010 3482 4012 3484 3997 3469 4010 3482 4013 3485 4014 3486 4013 3485 4012 3484 3994 3467 4013 3485 4014 3486 3994 3467 3997 3469 4013 3485 4014 3486 4012 3484 4015 3487 4016 3488 4014 3486 4015 3487 3992 3464 3994 3467 4014 3486 3992 3464 4014 3486 4016 3488 4016 3488 4015 3487 3980 3452 3981 3453 4016 3488 3980 3452 3983 3455 3992 3464 4016 3488 3983 3455 4016 3488 3981 3453 4015 3487 4018 3489 4017 3490 3978 3450 4015 3487 4017 3490 3980 3452 4015 3487 3978 3450 4015 3487 4012 3484 4018 3489 4018 3489 4019 3491 4021 3492 4012 3484 4019 3491 4018 3489 4018 3489 4021 3492 4020 3493 4017 3490 4018 3489 4020 3493 4019 3491 4022 3494 4021 3492 4024 3495 4023 3496 4022 3494 4019 3491 4024 3495 4022 3494 4024 3495 4025 3497 4026 3498 4009 3481 4025 3497 4024 3495 4019 3491 4009 3481 4024 3495 4024 3495 4026 3498 4023 3496 4026 3498 4027 3499 4028 3500 4025 3497 4027 3499 4026 3498 4026 3498 4028 3500 4023 3496 4027 3499 4029 3501 4028 3500 4031 3502 4030 3503 4029 3501 4027 3499 4031 3502 4029 3501 4031 3502 4032 3504 4030 3503 4033 3505 4032 3504 4031 3502 4034 3506 4033 3505 4031 3502 4034 3506 4031 3502 4027 3499 4025 3497 4034 3506 4027 3499 4035 3507 4033 3505 4034 3506 4006 3479 4035 3507 4034 3506 4006 3479 4034 3506 4025 3497 4035 3507 4036 3508 4038 3509 4037 3510 4036 3508 4035 3507 4007 3478 4037 3510 4035 3507 4007 3478 4035 3507 4006 3479 4035 3507 4038 3509 4033 3505 4038 3509 4039 3511 4033 3505 4038 3509 4040 3512 4039 3511 4036 3508 4040 3512 4038 3509 4040 3512 4042 3513 4039 3511 4041 3514 4044 3515 4040 3512 4036 3508 4041 3514 4040 3512 4040 3512 4043 3516 4042 3513 4040 3512 4044 3515 4043 3516 4044 3515 4046 3517 4045 3518 4044 3515 4045 3518 4043 3516 4048 3519 4046 3517 4044 3515 4047 3520 4044 3515 4041 3514 4047 3520 4048 3519 4044 3515 4048 3519 4049 3521 4052 3522 4047 3520 4049 3521 4048 3519 4048 3519 4050 3523 4046 3517 4048 3519 4051 3524 4050 3523 4048 3519 4052 3522 4051 3524 4050 3523 4051 3524 4053 3525 4055 3526 4053 3525 4054 3527 4050 3523 4053 3525 4055 3526 4055 3526 4054 3527 4056 3528 4055 3526 4056 3528 4058 3529 4055 3526 4058 3529 4057 3530 4050 3523 4055 3526 4057 3530 4058 3529 4060 3531 4059 3532 4058 3529 4059 3532 4061 3533 4056 3528 4060 3531 4058 3529 4057 3530 4058 3529 4061 3533 4061 3533 4062 3534 4063 3535 4061 3533 4059 3532 4062 3534 4064 3536 4061 3533 4063 3535 4057 3530 4061 3533 4064 3536 4064 3536 4063 3535 4065 3537 4045 3518 4064 3536 4065 3537 4045 3518 4057 3530 4064 3536 4065 3537 4069 3538 4066 3539 4067 3540 4065 3537 4066 3539 4068 3541 4065 3537 4067 3540 4045 3518 4065 3537 4068 3541 4065 3537 4063 3535 4069 3538 4063 3535 4072 3542 4069 3538 4066 3539 4069 3538 4070 3543 4069 3538 4071 3544 4070 3543 4069 3538 4072 3542 4071 3544 4072 3542 4074 3545 4073 3546 4072 3542 4073 3546 4071 3544 4062 3534 4074 3545 4072 3542 4063 3535 4062 3534 4072 3542 4062 3534 4075 3547 4074 3545 4059 3532 4075 3547 4062 3534 4059 3532 4076 3548 4075 3547 4060 3531 4077 3549 4076 3548 4060 3531 4076 3548 4059 3532 4079 3550 4078 3551 4077 3549 4079 3550 4077 3549 4060 3531 4079 3550 4080 3552 4078 3551 4079 3550 4081 3553 4080 3552 4056 3528 4079 3550 4060 3531 4079 3550 4054 3527 4081 3553 4056 3528 4054 3527 4079 3550 4081 3553 4082 3554 4080 3552 4066 3539 4070 3543 4083 3555 4067 3540 4083 3555 4084 3556 4067 3540 4066 3539 4083 3555 4086 3557 4084 3556 4085 3558 4086 3557 4067 3540 4084 3556 4032 3504 4086 3557 4085 3558 4042 3513 4067 3540 4086 3557 4032 3504 4042 3513 4086 3557 4032 3504 4085 3558 4030 3503 4042 3513 4068 3541 4067 3540 4043 3516 4045 3518 4068 3541 4043 3516 4068 3541 4042 3513 4046 3517 4057 3530 4045 3518 4050 3523 4057 3530 4046 3517 4088 3559 4087 3560 4049 3521 4088 3559 4049 3521 4047 3520 4088 3559 4041 3514 4036 3508 4037 3510 4088 3559 4036 3508 4089 3561 4088 3559 4037 3510 4089 3561 4087 3560 4088 3559 4088 3559 4047 3520 4041 3514 4089 3561 4090 3562 4087 3560 4091 3563 4090 3562 4089 3561 4091 3563 4089 3561 4037 3510 4091 3563 4037 3510 4007 3478 4003 3475 4091 3563 4007 3478 4091 3563 4092 3564 4090 3562 4003 3475 4092 3564 4091 3563 4003 3475 4001 3474 4092 3564 4039 3511 4042 3513 4032 3504 4033 3505 4039 3511 4032 3504 4009 3481 4006 3479 4025 3497 4017 3490 4020 3493 4093 3565 3978 3450 4093 3565 3976 3449 3978 3450 4017 3490 4093 3565 4011 3483 4009 3481 4019 3491 4012 3484 4011 3483 4019 3491 3998 3470 4004 3477 3997 3469 3941 3412 3972 3445 3940 3413 4094 3566 3963 3435 3964 3437 3951 3423 4094 3566 3964 3437 3951 3423 3964 3437 3958 3430 3947 3420 3945 3417 4094 3566 3951 3423 3947 3420 4094 3566 4094 3566 3945 3417 3963 3435 3952 3424 3951 3423 3958 3430 3907 3379 3956 3429 3905 3377 3908 3380 3956 3429 3907 3379 3918 3389 3927 3400 3917 3390 4095 3567 4098 3568 4096 3569 4097 3567 4098 3568 4095 3567 4098 3568 4099 3570 4100 3570 4098 3568 4100 3570 4096 3569 4099 3570 4101 3571 4100 3570 4099 3570 4103 3571 4101 3571 4103 3571 4102 3572 4101 3571 4103 3571 4104 3573 4102 3572 4104 3573 4105 3574 4102 3572 4104 3573 4106 3575 4105 3574 4106 3575 4107 3576 4105 3574 4106 3575 4108 3576 4107 3576 4108 3576 4110 3577 4107 3576 4108 3576 4109 3578 4110 3577 4109 3578 4111 3579 4110 3577 4113 3579 4112 3580 4111 3579 4109 3578 4113 3579 4111 3579 4113 3579 4114 3580 4112 3580 4114 3580 4115 3581 4116 3582 4114 3580 4116 3582 4112 3580 4115 3581 4117 3583 4116 3582 4119 3583 4118 3584 4117 3583 4115 3581 4119 3583 4117 3583 4119 3583 4120 3585 4118 3584 4120 3585 4121 3586 4118 3584 4120 3585 4122 3587 4121 3586 4122 3587 4123 3588 4121 3586 4122 3587 4124 3588 4123 3588 4124 3588 4125 3589 4123 3588 4124 3588 4126 3590 4125 3589 4126 3590 4127 3591 4128 3592 4126 3590 4128 3592 4125 3589 4127 3591 4129 3593 4128 3592 4131 3593 4130 3594 4129 3593 4127 3591 4131 3593 4129 3593 4131 3593 4132 3594 4130 3594 4132 3594 4134 3595 4130 3594 4132 3594 4133 3596 4134 3595 4133 3596 4135 3597 4134 3595 4136 3597 4137 3598 4135 3597 4133 3596 4136 3597 4135 3597 4139 3598 4138 3599 4137 3598 4136 3597 4139 3598 4137 3598 4139 3598 4140 3599 4138 3599 4140 3599 4141 3600 4138 3599 4140 3599 4142 3600 4141 3600 4142 3600 4143 3601 4144 3602 4142 3600 4144 3602 4141 3600 4143 3601 4145 3603 4144 3602 4147 3603 4146 3604 4145 3603 4143 3601 4147 3603 4145 3603 4147 3603 4148 3604 4146 3604 4152 3605 4150 3606 4149 3607 4152 3605 4149 3607 4151 3608 4155 3609 4150 3606 4152 3605 4152 3605 4151 3608 4153 3610 4152 3605 4153 3610 4154 3611 4155 3609 4152 3605 4154 3611 4155 3609 4154 3611 4156 3612 4157 3613 4155 3609 4156 3612 4155 3609 4159 3614 4150 3606 4158 3615 4155 3609 4157 3613 4158 3615 4160 3616 4155 3609 4155 3609 4160 3616 4159 3614 4158 3615 4161 3617 4160 3616 4163 3618 4162 3619 4161 3617 4163 3618 4161 3617 4158 3615 4163 3618 4157 3613 4164 3620 4163 3618 4158 3615 4157 3613 4165 3621 4163 3618 4164 3620 4166 3622 4162 3619 4163 3618 4166 3622 4163 3618 4165 3621 4167 3623 4166 3622 4165 3621 4167 3623 4162 3619 4166 3622 4167 3623 4168 3624 4162 3619 4170 3625 4168 3624 4167 3623 4167 3623 4165 3621 4169 3626 4170 3625 4167 3623 4169 3626 4170 3625 4169 3626 4171 3627 4172 3628 4170 3625 4171 3627 4170 3625 4173 3629 4168 3624 4172 3628 4173 3629 4170 3625 4172 3628 4174 3630 4173 3629 4176 3631 4175 3632 4174 3630 4176 3631 4174 3630 4172 3628 4178 3633 4175 3632 4176 3631 4176 3631 4179 3634 4177 3635 4178 3633 4176 3631 4177 3635 4176 3631 4172 3628 4179 3634 4179 3634 4171 3627 4180 3636 4172 3628 4171 3627 4179 3634 4177 3635 4179 3634 4180 3636 4180 3636 4171 3627 4184 3637 4180 3636 4183 3638 4181 3639 4182 3640 4180 3636 4181 3639 4177 3635 4180 3636 4182 3640 4180 3636 4184 3637 4183 3638 4184 3637 4185 3641 4183 3638 4184 3637 4186 3642 4185 3641 4184 3637 4169 3626 4186 3642 4171 3627 4169 3626 4184 3637 4186 3642 4187 3643 4185 3641 4169 3626 4187 3643 4186 3642 4187 3643 4189 3644 4188 3645 4185 3641 4187 3643 4188 3645 4165 3621 4190 3646 4187 3643 4169 3626 4165 3621 4187 3643 4187 3643 4190 3646 4189 3644 4190 3646 4157 3613 4192 3647 4164 3620 4157 3613 4190 3646 4190 3646 4191 3648 4189 3644 4165 3621 4164 3620 4190 3646 4190 3646 4192 3647 4191 3648 4192 3647 4193 3649 4191 3648 4157 3613 4193 3649 4192 3647 4193 3649 4195 3650 4194 3651 4191 3648 4193 3649 4194 3651 4156 3612 4196 3652 4193 3649 4157 3613 4156 3612 4193 3649 4193 3649 4196 3652 4195 3650 4196 3652 4197 3653 4195 3650 4196 3652 4153 3610 4197 3653 4154 3611 4153 3610 4196 3652 4156 3612 4154 3611 4196 3652 4195 3650 4197 3653 4198 3654 4195 3650 4198 3654 4199 3655 4201 3656 4199 3655 4200 3657 4202 3658 4199 3655 4201 3656 4195 3650 4199 3655 4202 3658 4203 3659 4202 3658 4201 3656 4194 3651 4195 3650 4202 3658 4204 3660 4202 3658 4203 3659 4194 3651 4202 3658 4204 3660 4205 3661 4204 3660 4203 3659 4191 3648 4194 3651 4204 3660 4191 3648 4204 3660 4205 3661 4205 3661 4203 3659 4206 3662 4207 3663 4205 3661 4206 3662 4189 3644 4191 3648 4205 3661 4189 3644 4205 3661 4207 3663 4207 3663 4206 3662 4208 3664 4209 3665 4207 3663 4208 3664 4188 3645 4189 3644 4207 3663 4188 3645 4207 3663 4209 3665 4209 3665 4208 3664 4210 3666 4211 3667 4209 3665 4210 3666 4185 3641 4188 3645 4209 3665 4185 3641 4209 3665 4211 3667 4211 3667 4210 3666 4212 3668 4213 3669 4211 3667 4212 3668 4183 3638 4185 3641 4211 3667 4214 3670 4211 3667 4213 3669 4183 3638 4211 3667 4214 3670 4215 3671 4214 3670 4213 3669 4181 3639 4183 3638 4214 3670 4181 3639 4214 3670 4215 3671 4215 3671 4213 3669 4216 3672 4217 3673 4215 3671 4216 3672 4217 3673 4181 3639 4215 3671 4217 3673 4216 3672 4218 3674 4220 3675 4217 3673 4218 3674 4219 3676 4181 3639 4217 3673 4221 3677 4219 3676 4217 3673 4221 3677 4217 3673 4220 3675 4222 3678 4219 3676 4221 3677 4224 3679 4222 3678 4221 3677 4223 3680 4221 3677 4220 3675 4224 3679 4221 3677 4223 3680 4225 3681 4222 3678 4224 3679 4226 3682 4224 3679 4223 3680 4226 3682 4225 3681 4224 3679 4226 3682 4223 3680 4227 3683 4228 3684 4226 3682 4227 3683 4230 3685 4226 3682 4228 3684 4229 3686 4225 3681 4226 3682 4231 3687 4229 3686 4226 3682 4231 3687 4226 3682 4230 3685 4233 3688 4231 3687 4230 3685 4232 3689 4229 3686 4231 3687 4234 3690 4232 3689 4231 3687 4234 3690 4231 3687 4233 3688 4236 3691 4234 3690 4233 3688 4235 3692 4232 3689 4234 3690 4236 3691 4235 3692 4234 3690 4237 3693 4235 3692 4236 3691 4239 3694 4237 3693 4236 3691 4238 3695 4236 3691 4240 3696 4239 3694 4236 3691 4238 3695 4236 3691 4233 3688 4240 3696 4240 3696 4233 3688 4241 3697 4240 3696 4241 3697 4242 3698 4243 3699 4240 3696 4242 3698 4244 3700 4240 3696 4243 3699 4238 3695 4240 3696 4244 3700 4247 3701 4244 3700 4243 3699 4246 3702 4238 3695 4244 3700 4245 3703 4244 3700 4247 3701 4246 3702 4244 3700 4245 3703 4247 3701 4243 3699 4248 3704 4249 3705 4247 3701 4248 3704 4250 3706 4245 3703 4247 3701 4250 3706 4247 3701 4249 3705 4252 3707 4250 3706 4249 3705 4251 3708 4245 3703 4250 3706 4253 3709 4251 3708 4250 3706 4253 3709 4250 3706 4252 3707 4254 3710 4257 3711 4253 3709 4256 3712 4254 3710 4253 3709 4255 3713 4253 3709 4252 3707 4256 3712 4253 3709 4255 3713 4253 3709 4257 3711 4251 3708 4257 3711 4246 3702 4251 3708 4257 3711 4259 3714 4258 3715 4257 3711 4258 3715 4261 3716 4254 3710 4260 3717 4257 3711 4257 3711 4260 3717 4259 3714 4257 3711 4261 3716 4246 3702 4261 3716 4258 3715 4239 3694 4261 3716 4238 3695 4246 3702 4261 3716 4239 3694 4238 3695 4256 3712 4262 3718 4260 3717 4256 3712 4260 3717 4254 3710 4256 3712 4263 3719 4262 3718 4266 3720 4264 3721 4263 3719 4265 3722 4263 3719 4256 3712 4266 3720 4263 3719 4265 3722 4266 3720 4267 3723 4264 3721 4270 3724 4267 3723 4266 3720 4266 3720 4271 3725 4268 3726 4269 3727 4266 3720 4268 3726 4270 3724 4266 3720 4269 3727 4266 3720 4265 3722 4271 3725 4271 3725 4255 3713 4272 3728 4268 3726 4271 3725 4272 3728 4265 3722 4256 3712 4271 3725 4271 3725 4256 3712 4255 3713 4272 3728 4276 3729 4273 3730 4274 3731 4272 3728 4273 3730 4275 3732 4272 3728 4274 3731 4268 3726 4272 3728 4275 3732 4272 3728 4277 3733 4276 3729 4272 3728 4255 3713 4277 3733 4277 3733 4278 3734 4276 3729 4255 3713 4252 3707 4277 3733 4277 3733 4252 3707 4278 3734 4278 3734 4249 3705 4279 3735 4252 3707 4249 3705 4278 3734 4276 3729 4278 3734 4279 3735 4279 3735 4249 3705 4283 3736 4279 3735 4282 3737 4280 3738 4281 3739 4279 3735 4280 3738 4276 3729 4279 3735 4281 3739 4279 3735 4283 3736 4282 3737 4283 3736 4284 3740 4282 3737 4283 3736 4248 3704 4284 3740 4249 3705 4248 3704 4283 3736 4284 3740 4286 3741 4285 3742 4284 3740 4285 3742 4287 3743 4248 3704 4286 3741 4284 3740 4282 3737 4284 3740 4287 3743 4282 3737 4287 3743 4288 3744 4280 3738 4288 3744 4289 3745 4280 3738 4282 3737 4288 3744 4291 3746 4289 3745 4290 3747 4291 3746 4280 3738 4289 3745 4281 3739 4280 3738 4291 3746 4293 3748 4281 3739 4291 3746 4292 3749 4291 3746 4294 3750 4293 3748 4291 3746 4292 3749 4291 3746 4290 3747 4294 3750 4296 3751 4294 3750 4295 3752 4296 3751 4292 3749 4294 3750 4298 3753 4292 3749 4296 3751 4296 3751 4295 3752 4297 3754 4299 3755 4296 3751 4297 3754 4299 3755 4298 3753 4296 3751 4302 3756 4299 3755 4297 3754 4300 3757 4299 3755 4302 3756 4300 3757 4301 3758 4299 3755 4301 3758 4298 3753 4299 3755 4302 3756 4303 3759 4305 3760 4302 3756 4297 3754 4303 3759 4304 3761 4300 3757 4302 3756 4304 3761 4302 3756 4305 3760 4307 3762 4305 3760 4306 3763 4307 3762 4304 3761 4305 3760 4307 3762 4308 3764 4304 3761 4309 3765 4308 3764 4307 3762 4311 3766 4309 3765 4307 3762 4310 3767 4307 3762 4306 3763 4311 3766 4307 3762 4310 3767 4311 3766 4310 3767 4312 3768 4313 3769 4311 3766 4312 3768 4313 3769 4309 3765 4311 3766 4313 3769 4314 3770 4309 3765 4316 3771 4314 3770 4313 3769 4313 3769 4312 3768 4315 3772 4316 3771 4313 3769 4315 3772 4316 3771 4317 3773 4314 3770 4316 3771 4318 3774 4317 3773 4320 3775 4318 3774 4316 3771 4316 3771 4315 3772 4319 3776 4320 3775 4316 3771 4319 3776 4321 3777 4318 3774 4320 3775 4321 3777 4320 3775 4323 3778 4320 3775 4319 3776 4322 3779 4320 3775 4322 3779 4323 3778 4325 3780 4324 3781 4323 3778 4321 3777 4323 3778 4324 3781 4327 3782 4324 3781 4326 3783 4321 3777 4324 3781 4327 3782 4327 3782 4328 3784 4318 3774 4321 3777 4327 3782 4318 3774 4327 3782 4326 3783 4328 3784 4328 3784 4330 3785 4329 3786 4328 3784 4329 3786 4333 3787 4328 3784 4326 3783 4330 3785 4328 3784 4332 3788 4331 3789 4318 3774 4328 3784 4331 3789 4328 3784 4333 3787 4332 3788 4333 3787 4270 3724 4269 3727 4333 3787 4269 3727 4332 3788 4333 3787 4329 3786 4267 3723 4333 3787 4267 3723 4270 3724 4332 3788 4269 3727 4335 3790 4332 3788 4335 3790 4334 3791 4331 3789 4332 3788 4334 3791 4335 3790 4275 3732 4274 3731 4335 3790 4274 3731 4336 3792 4335 3790 4268 3726 4275 3732 4269 3727 4268 3726 4335 3790 4334 3791 4335 3790 4336 3792 4336 3792 4274 3731 4298 3753 4336 3792 4298 3753 4301 3758 4300 3757 4336 3792 4301 3758 4337 3793 4336 3792 4300 3757 4334 3791 4336 3792 4337 3793 4338 3794 4337 3793 4300 3757 4339 3795 4334 3791 4337 3793 4339 3795 4337 3793 4338 3794 4314 3770 4339 3795 4338 3794 4331 3789 4334 3791 4339 3795 4317 3773 4331 3789 4339 3795 4317 3773 4339 3795 4314 3770 4338 3794 4300 3757 4308 3764 4314 3770 4338 3794 4308 3764 4318 3774 4331 3789 4317 3773 4314 3770 4308 3764 4309 3765 4310 3767 4340 3796 4312 3768 4310 3767 4342 3797 4340 3796 4340 3796 4342 3797 4341 3798 4310 3767 4306 3763 4342 3797 4308 3764 4300 3757 4304 3761 4298 3753 4293 3748 4292 3749 4274 3731 4293 3748 4298 3753 4273 3730 4276 3729 4293 3748 4274 3731 4273 3730 4293 3748 4293 3748 4276 3729 4281 3739 4286 3741 4343 3799 4285 3742 4286 3741 4345 3800 4343 3799 4344 3801 4345 3800 4286 3741 4248 3704 4344 3801 4286 3741 4345 3800 4347 3802 4343 3799 4346 3803 4348 3804 4345 3800 4344 3801 4346 3803 4345 3800 4345 3800 4348 3804 4347 3802 4348 3804 4349 3805 4351 3806 4350 3807 4349 3805 4348 3804 4346 3803 4350 3807 4348 3804 4348 3804 4351 3806 4347 3802 4352 3808 4353 3809 4351 3806 4349 3805 4352 3808 4351 3806 4354 3810 4355 3811 4353 3809 4352 3808 4354 3810 4353 3809 4354 3810 4356 3812 4355 3811 4354 3810 4358 3813 4356 3812 4358 3813 4357 3814 4356 3812 4358 3813 4218 3674 4357 3814 4220 3675 4218 3674 4358 3813 4223 3680 4220 3675 4358 3813 4223 3680 4358 3813 4354 3810 4216 3672 4359 3815 4357 3814 4218 3674 4216 3672 4357 3814 4216 3672 4360 3816 4359 3815 4213 3669 4361 3817 4360 3816 4216 3672 4213 3669 4360 3816 4212 3668 4362 3818 4361 3817 4213 3669 4212 3668 4361 3817 4208 3664 4363 3819 4362 3818 4210 3666 4208 3664 4362 3818 4212 3668 4210 3666 4362 3818 4206 3662 4364 3820 4363 3819 4208 3664 4206 3662 4363 3819 4203 3659 4365 3821 4364 3820 4206 3662 4203 3659 4364 3820 4203 3659 4366 3822 4365 3821 4201 3656 4367 3823 4366 3822 4203 3659 4201 3656 4366 3822 4201 3656 4200 3657 4367 3823 4227 3683 4223 3680 4354 3810 4227 3683 4354 3810 4352 3808 4228 3684 4227 3683 4352 3808 4228 3684 4352 3808 4349 3805 4350 3807 4228 3684 4349 3805 4241 3697 4228 3684 4350 3807 4242 3698 4241 3697 4350 3807 4242 3698 4350 3807 4346 3803 4344 3801 4242 3698 4346 3803 4243 3699 4242 3698 4344 3801 4248 3704 4243 3699 4344 3801 4239 3694 4258 3715 4368 3824 4239 3694 4368 3824 4369 3825 4235 3692 4369 3825 4370 3826 4237 3693 4369 3825 4235 3692 4239 3694 4369 3825 4237 3693 4235 3692 4370 3826 4371 3827 4374 3828 4371 3827 4372 3829 4373 3830 4371 3827 4374 3828 4235 3692 4371 3827 4373 3830 4374 3828 4376 3831 4375 3832 4374 3828 4375 3832 4377 3833 4374 3828 4372 3829 4376 3831 4232 3689 4374 3828 4377 3833 4373 3830 4374 3828 4232 3689 4377 3833 4378 3834 4225 3681 4377 3833 4375 3832 4378 3834 4377 3833 4225 3681 4229 3686 4232 3689 4377 3833 4229 3686 4375 3832 4379 3835 4378 3834 4378 3834 4379 3835 4222 3678 4378 3834 4222 3678 4225 3681 4379 3835 4182 3640 4222 3678 4178 3633 4177 3635 4379 3835 4375 3832 4178 3633 4379 3835 4379 3835 4177 3635 4182 3640 4375 3832 4376 3831 4380 3836 4178 3633 4380 3836 4175 3632 4375 3832 4380 3836 4178 3633 4235 3692 4373 3830 4232 3689 4251 3708 4246 3702 4245 3703 4233 3688 4230 3685 4241 3697 4241 3697 4230 3685 4228 3684 4222 3678 4182 3640 4219 3676 4182 3640 4181 3639 4219 3676 4384 3837 4382 3838 4381 3839 4384 3837 4381 3839 4383 3840 4384 3837 4383 3840 4385 3841 4384 3837 4385 3841 4386 3842 4384 3837 4386 3842 4382 3838 4386 3842 4385 3841 4387 3843 4386 3842 4387 3843 4382 3838 4387 3843 4391 3844 4388 3845 4387 3843 4388 3845 4389 3846 4390 3847 4387 3843 4389 3846 4390 3847 4382 3838 4387 3843 4387 3843 4385 3841 4391 3844 4392 3848 4390 3847 4393 3849 4392 3848 4382 3838 4390 3847 4390 3847 4389 3846 4394 3850 4390 3847 4394 3850 4393 3849 4394 3850 4395 3851 4396 3852 4394 3850 4389 3846 4395 3851 4397 3853 4393 3849 4394 3850 4397 3853 4394 3850 4396 3852 4397 3853 4398 3854 4400 3855 4397 3853 4396 3852 4398 3854 4399 3856 4393 3849 4397 3853 4399 3856 4397 3853 4400 3855 4403 3857 4400 3855 4393 3849 4402 3858 4399 3856 4400 3855 4408 3859 4401 3860 4400 3855 4404 3861 4400 3855 4398 3854 4403 3857 4402 3858 4400 3855 4405 3862 4400 3855 4404 3861 4406 3863 4400 3855 4405 3862 4407 3864 4400 3855 4406 3863 4408 3859 4400 3855 4407 3864 4408 3859 4407 3864 4401 3860 4407 3864 4406 3863 4401 3860 4406 3863 4405 3862 4401 3860 4405 3862 4404 3861 4401 3860 4404 3861 4409 3865 4401 3860 4404 3861 4410 3866 4409 3865 4404 3861 4398 3854 4410 3866 4398 3854 4411 3867 4410 3866 4409 3865 4410 3866 4412 3868 4410 3866 4411 3867 4413 3869 4410 3866 4413 3869 4412 3868 4411 3867 4414 3870 4413 3869 4415 3871 4417 3872 4414 3870 4411 3867 4415 3871 4414 3870 4414 3870 4417 3872 4416 3873 4395 3851 4418 3874 4417 3872 4395 3851 4417 3872 4415 3871 4389 3846 4418 3874 4395 3851 4389 3846 4388 3845 4418 3874 4396 3852 4395 3851 4415 3871 4396 3852 4415 3871 4411 3867 4409 3865 4412 3868 4419 3875 4421 3876 4419 3875 4420 3877 4421 3876 4409 3865 4419 3875 4421 3876 4401 3860 4409 3865 4423 3878 4421 3876 4420 3877 4422 3879 4401 3860 4421 3876 4422 3879 4421 3876 4424 3880 4423 3878 4424 3880 4421 3876 4432 3881 4424 3880 4401 3860 4425 3882 4434 3883 4424 3880 4425 3882 4424 3880 4429 3884 4426 3885 4422 3879 4424 3880 4430 3886 4426 3885 4424 3880 4433 3887 4424 3880 4423 3878 4427 3888 4424 3880 4433 3887 4428 3889 4424 3880 4427 3888 4429 3884 4424 3880 4428 3889 4431 3890 4430 3886 4424 3880 4432 3881 4431 3890 4424 3880 4423 3878 4437 3891 4434 3883 4433 3887 4423 3878 4434 3883 4443 3892 4435 3893 4434 3883 4436 3894 4434 3883 4437 3891 4438 3895 4434 3883 4436 3894 4427 3888 4433 3887 4434 3883 4428 3889 4427 3888 4434 3883 4429 3884 4428 3889 4434 3883 4425 3882 4429 3884 4434 3883 4439 3896 4434 3883 4438 3895 4440 3897 4434 3883 4439 3896 4441 3898 4434 3883 4440 3897 4442 3899 4434 3883 4441 3898 4443 3892 4434 3883 4442 3899 4444 3900 4435 3893 4443 3892 4444 3900 4443 3892 4442 3899 4446 3901 4435 3893 4444 3900 4444 3900 4442 3899 4445 3902 4446 3901 4444 3900 4445 3902 4446 3901 4449 3903 4435 3893 4446 3901 4445 3902 4447 3904 4448 3905 4446 3901 4447 3904 4448 3905 4449 3903 4446 3901 4451 3906 4450 3907 4449 3903 4451 3906 4449 3903 4448 3905 4454 3908 4450 3907 4451 3906 4451 3906 4455 3909 4452 3910 4453 3911 4451 3906 4452 3910 4454 3908 4451 3906 4453 3911 4451 3906 4448 3905 4455 3909 4455 3909 4447 3904 4456 3912 4448 3905 4447 3904 4455 3909 4452 3910 4455 3909 4456 3912 4456 3912 4457 3913 4460 3914 4456 3912 4447 3904 4457 3913 4456 3912 4460 3914 4458 3915 4459 3916 4456 3912 4458 3915 4452 3910 4456 3912 4459 3916 4460 3914 4461 3917 4462 3918 4457 3913 4461 3917 4460 3914 4458 3915 4460 3914 4462 3918 4462 3918 4461 3917 4463 3919 4458 3915 4462 3918 4463 3919 4463 3919 4461 3917 4464 3920 4458 3915 4463 3919 4464 3920 4458 3915 4464 3920 4465 3921 4461 3917 4436 3894 4464 3920 4466 3922 4458 3915 4465 3921 4467 3923 4466 3922 4465 3921 4467 3923 4465 3921 4468 3924 4471 3925 4468 3924 4469 3926 4470 3927 4467 3923 4468 3924 4471 3925 4470 3927 4468 3924 4471 3925 4472 3928 4470 3927 4471 3925 4473 3929 4472 3928 4474 3930 4473 3929 4471 3925 4475 3931 4471 3925 4469 3926 4478 3932 4474 3930 4471 3925 4476 3933 4471 3925 4475 3931 4477 3934 4471 3925 4476 3933 4478 3932 4471 3925 4477 3934 4479 3935 4474 3930 4478 3932 4480 3936 4478 3932 4477 3934 4481 3937 4479 3935 4478 3932 4481 3937 4478 3932 4480 3936 4483 3938 4481 3937 4480 3936 4482 3939 4479 3935 4481 3937 4483 3938 4482 3939 4481 3937 4483 3938 4480 3936 4484 3940 4486 3941 4483 3938 4484 3940 4485 3942 4482 3939 4483 3938 4486 3941 4485 3942 4483 3938 4486 3941 4484 3940 4487 3943 4488 3944 4485 3942 4486 3941 4489 3945 4486 3941 4487 3943 4491 3946 4488 3944 4486 3941 4490 3947 4486 3941 4489 3945 4491 3946 4486 3941 4490 3947 4492 3948 4491 3946 4490 3947 4492 3948 4494 3949 4491 3946 4491 3946 4494 3949 4493 3950 4491 3946 4493 3950 4488 3944 4495 3951 4496 3952 4494 3949 4495 3951 4494 3949 4492 3948 4498 3953 4496 3952 4495 3951 4499 3954 4497 3955 4496 3952 4499 3954 4496 3952 4498 3953 4500 3956 4497 3955 4499 3954 4500 3956 4499 3954 4502 3957 4499 3954 4498 3953 4501 3958 4499 3954 4501 3958 4502 3957 4502 3957 4501 3958 4503 3959 4502 3957 4503 3959 4504 3960 4505 3961 4502 3957 4504 3960 4500 3956 4502 3957 4505 3961 4505 3961 4504 3960 4506 3962 4507 3963 4505 3961 4506 3962 4509 3964 4500 3956 4505 3961 4508 3965 4505 3961 4507 3963 4509 3964 4505 3961 4508 3965 4509 3964 4497 3955 4500 3956 4509 3964 4510 3966 4497 3955 4511 3967 4509 3964 4508 3965 4512 3968 4510 3966 4509 3964 4512 3968 4509 3964 4511 3967 4514 3969 4510 3966 4512 3968 4513 3970 4512 3968 4511 3967 4514 3969 4512 3968 4513 3970 4514 3969 4515 3971 4510 3966 4517 3972 4515 3971 4514 3969 4516 3973 4514 3969 4513 3970 4517 3972 4514 3969 4516 3973 4518 3974 4517 3972 4516 3973 4518 3974 4515 3971 4517 3972 4518 3974 4519 3975 4515 3971 4521 3976 4519 3975 4518 3974 4518 3974 4516 3973 4520 3977 4521 3976 4518 3974 4520 3977 4521 3976 4520 3977 4522 3978 4523 3979 4521 3976 4522 3978 4523 3979 4519 3975 4521 3976 4524 3980 4523 3979 4526 3981 4524 3980 4525 3982 4523 3979 4523 3979 4522 3978 4526 3981 4523 3979 4525 3982 4519 3975 4526 3981 4522 3978 4527 3983 4528 3984 4526 3981 4527 3983 4524 3980 4526 3981 4528 3984 4528 3984 4527 3983 4529 3985 4530 3986 4528 3984 4529 3985 4532 3987 4524 3980 4528 3984 4531 3988 4528 3984 4530 3986 4532 3987 4528 3984 4531 3988 4533 3989 4532 3987 4531 3988 4533 3989 4534 3990 4532 3987 4532 3987 4534 3990 4525 3982 4532 3987 4525 3982 4524 3980 4535 3991 4534 3990 4533 3989 4535 3991 4536 3992 4534 3990 4537 3993 4536 3992 4535 3991 4537 3993 4538 3994 4536 3992 4539 3995 4536 3992 4538 3994 4541 3996 4540 3997 4539 3995 4541 3996 4539 3995 4538 3994 4544 3998 4540 3997 4541 3996 4541 3996 4543 3999 4542 4000 4544 3998 4541 3996 4542 4000 4541 3996 4538 3994 4543 3999 4544 3998 4542 4000 4545 4001 4544 3998 4545 4001 4546 4002 4547 4003 4540 3997 4544 3998 4547 4003 4544 3998 4546 4002 4547 4003 4548 4004 4540 3997 4547 4003 4546 4002 4549 4005 4550 4006 4548 4004 4547 4003 4550 4006 4547 4003 4549 4005 4550 4006 4551 4007 4548 4004 4553 4008 4551 4007 4550 4006 4550 4006 4549 4005 4552 4009 4553 4008 4550 4006 4552 4009 4553 4008 4554 4010 4557 4011 4553 4008 4552 4009 4554 4010 4553 4008 4555 4012 4551 4007 4553 4008 4556 4013 4555 4012 4553 4008 4558 4014 4556 4013 4553 4008 4557 4011 4558 4014 4554 4010 4559 4015 4557 4011 4561 4016 4560 4017 4559 4015 4554 4010 4561 4016 4559 4015 4561 4016 4564 4018 4562 4019 4561 4016 4562 4019 4560 4017 4554 4010 4563 4020 4561 4016 4561 4016 4563 4020 4564 4018 4567 4021 4564 4018 4565 4022 4566 4023 4571 4024 4564 4018 4568 4025 4566 4023 4564 4018 4570 4026 4564 4018 4567 4021 4569 4027 4568 4025 4564 4018 4563 4020 4569 4027 4564 4018 4562 4019 4564 4018 4570 4026 4572 4028 4574 4029 4571 4024 4549 4005 4572 4028 4571 4024 4569 4027 4571 4024 4568 4025 4563 4020 4571 4024 4569 4027 4552 4009 4549 4005 4571 4024 4552 4009 4571 4024 4563 4020 4573 4030 4546 4002 4571 4024 4574 4029 4573 4030 4571 4024 4568 4025 4571 4024 4566 4023 4574 4029 4546 4002 4573 4030 4572 4028 4546 4002 4574 4029 4549 4005 4546 4002 4572 4028 4570 4026 4567 4021 4565 4022 4562 4019 4570 4026 4565 4022 4576 4031 4565 4022 4575 4032 4562 4019 4565 4022 4560 4017 4577 4033 4565 4022 4576 4031 4560 4017 4565 4022 4577 4033 4554 4010 4552 4009 4563 4020 4578 4034 4542 4000 4546 4002 4579 4035 4578 4034 4546 4002 4580 4036 4579 4035 4546 4002 4545 4001 4580 4036 4546 4002 4545 4001 4542 4000 4580 4036 4580 4036 4542 4000 4579 4035 4579 4035 4542 4000 4578 4034 4543 3999 4581 4037 4542 4000 4543 3999 4538 3994 4581 4037 4581 4037 4582 4038 4542 4000 4581 4037 4538 3994 4582 4038 4582 4038 4538 3994 4583 4039 4582 4038 4583 4039 4542 4000 4583 4039 4538 3994 4542 4000 4585 4040 4584 4041 4538 3994 4586 4042 4585 4040 4538 3994 4587 4043 4586 4042 4538 3994 4537 3993 4587 4043 4538 3994 4587 4043 4589 4044 4588 4045 4587 4043 4588 4045 4586 4042 4587 4043 4535 3991 4589 4044 4537 3993 4535 3991 4587 4043 4589 4044 4590 4046 4588 4045 4535 3991 4591 4047 4589 4044 4589 4044 4591 4047 4590 4046 4591 4047 4531 3988 4590 4046 4533 3989 4531 3988 4591 4047 4535 3991 4533 3989 4591 4047 4590 4046 4530 3986 4593 4048 4590 4046 4531 3988 4530 3986 4590 4046 4593 4048 4592 4049 4588 4045 4590 4046 4592 4049 4593 4048 4594 4050 4595 4051 4593 4048 4529 3985 4594 4050 4530 3986 4529 3985 4593 4048 4592 4049 4593 4048 4595 4051 4595 4051 4594 4050 4596 4052 4592 4049 4595 4051 4596 4052 4596 4052 4594 4050 4597 4053 4592 4049 4596 4052 4597 4053 4592 4049 4597 4053 4584 4041 4594 4050 4598 4054 4597 4053 4599 4055 4601 4056 4598 4054 4594 4050 4599 4055 4598 4054 4601 4056 4600 4057 4598 4054 4601 4056 4602 4058 4600 4057 4601 4056 4603 4059 4602 4058 4601 4056 4604 4060 4603 4059 4605 4061 4604 4060 4601 4056 4527 3983 4605 4061 4601 4056 4606 4062 4601 4056 4599 4055 4607 4063 4601 4056 4606 4062 4527 3983 4601 4056 4607 4063 4594 4050 4607 4063 4606 4062 4529 3985 4527 3983 4607 4063 4529 3985 4607 4063 4594 4050 4594 4050 4606 4062 4599 4055 4522 3978 4608 4064 4605 4061 4527 3983 4522 3978 4605 4061 4605 4061 4608 4064 4604 4060 4608 4064 4609 4065 4604 4060 4520 3977 4610 4066 4608 4064 4522 3978 4520 3977 4608 4064 4608 4064 4610 4066 4609 4065 4610 4066 4612 4067 4611 4068 4610 4066 4611 4068 4609 4065 4516 3973 4612 4067 4610 4066 4520 3977 4516 3973 4610 4066 4612 4067 4613 4069 4611 4068 4513 3970 4613 4069 4612 4067 4516 3973 4513 3970 4612 4067 4613 4069 4507 3963 4614 4070 4511 3967 4507 3963 4613 4069 4611 4068 4613 4069 4614 4070 4513 3970 4511 3967 4613 4069 4614 4070 4616 4071 4615 4072 4617 4073 4614 4070 4615 4072 4614 4070 4507 3963 4621 4074 4614 4070 4619 4075 4616 4071 4618 4076 4614 4070 4617 4073 4611 4068 4614 4070 4618 4076 4614 4070 4620 4077 4619 4075 4614 4070 4621 4074 4620 4077 4621 4074 4622 4078 4620 4077 4621 4074 4506 3962 4622 4078 4507 3963 4506 3962 4621 4074 4622 4078 4623 4079 4616 4071 4619 4075 4622 4078 4616 4071 4506 3962 4626 4080 4622 4078 4620 4077 4622 4078 4619 4075 4622 4078 4624 4081 4623 4079 4622 4078 4625 4082 4624 4081 4622 4078 4626 4080 4625 4082 4626 4080 4627 4083 4625 4082 4504 3960 4627 4083 4626 4080 4506 3962 4504 3960 4626 4080 4627 4083 4628 4084 4631 4085 4627 4083 4629 4086 4628 4084 4627 4083 4631 4085 4623 4079 4624 4081 4627 4083 4623 4079 4627 4083 4630 4087 4629 4086 4627 4083 4632 4088 4630 4087 4503 3959 4632 4088 4627 4083 4504 3960 4503 3959 4627 4083 4625 4082 4627 4083 4624 4081 4632 4088 4634 4089 4630 4087 4633 4090 4634 4089 4632 4088 4503 3959 4633 4090 4632 4088 4634 4089 4489 3945 4635 4091 4634 4089 4635 4091 4636 4092 4637 4093 4489 3945 4634 4089 4630 4087 4634 4089 4636 4092 4633 4090 4637 4093 4634 4089 4637 4093 4490 3947 4489 3945 4492 3948 4490 3947 4637 4093 4495 3951 4492 3948 4637 4093 4495 3951 4637 4093 4633 4090 4636 4092 4638 4094 4640 4095 4636 4092 4635 4091 4638 4094 4636 4092 4639 4096 4631 4085 4628 4084 4636 4092 4631 4085 4636 4092 4640 4095 4639 4096 4629 4086 4636 4092 4628 4084 4630 4087 4636 4092 4629 4086 4640 4095 4641 4097 4639 4096 4638 4094 4641 4097 4640 4095 4641 4097 4484 3940 4645 4098 4487 3943 4484 3940 4641 4097 4635 4091 4487 3943 4641 4097 4635 4091 4641 4097 4638 4094 4641 4097 4643 4099 4639 4096 4641 4097 4642 4100 4643 4099 4641 4097 4644 4101 4642 4100 4641 4097 4645 4098 4644 4101 4645 4098 4646 4102 4644 4101 4484 3940 4646 4102 4645 4098 4480 3936 4477 3934 4646 4102 4484 3940 4480 3936 4646 4102 4642 4100 4646 4102 4643 4099 4644 4101 4646 4102 4642 4100 4646 4102 4475 3931 4469 3926 4646 4102 4476 3933 4475 3931 4646 4102 4477 3934 4476 3933 4646 4102 4469 3926 4643 4099 4489 3945 4487 3943 4635 4091 4501 3958 4495 3951 4633 4090 4501 3958 4633 4090 4503 3959 4609 4065 4618 4076 4617 4073 4609 4065 4611 4068 4618 4076 4609 4065 4617 4073 4615 4072 4609 4065 4615 4072 4600 4057 4602 4058 4609 4065 4600 4057 4603 4059 4609 4065 4602 4058 4604 4060 4609 4065 4603 4059 4647 4103 4592 4049 4584 4041 4648 4104 4592 4049 4647 4103 4649 4105 4592 4049 4648 4104 4588 4045 4592 4049 4649 4105 4585 4040 4649 4105 4648 4104 4586 4042 4588 4045 4649 4105 4586 4042 4649 4105 4585 4040 4585 4040 4648 4104 4647 4103 4585 4040 4647 4103 4584 4041 4511 3967 4508 3965 4507 3963 4498 3953 4495 3951 4501 3958 4485 3942 4493 3950 4650 4106 4488 3944 4493 3950 4485 3942 4652 4107 4650 4106 4651 4108 4482 3939 4650 4106 4652 4107 4485 3942 4650 4106 4482 3939 4482 3939 4652 4107 4479 3935 4652 4107 4654 4109 4653 4110 4652 4107 4653 4110 4479 3935 4652 4107 4651 4108 4654 4109 4654 4109 4655 4111 4653 4110 4654 4109 4651 4108 4656 4112 4654 4109 4656 4112 4655 4111 4656 4112 4450 3907 4454 3908 4656 4112 4454 3908 4655 4111 4656 4112 4651 4108 4450 3907 4655 4111 4454 3908 4453 3911 4655 4111 4658 4113 4657 4114 4653 4110 4655 4111 4657 4114 4655 4111 4453 3911 4658 4113 4658 4113 4659 4115 4467 3923 4658 4113 4459 3916 4659 4115 4453 3911 4459 3916 4658 4113 4657 4114 4658 4113 4467 3923 4659 4115 4458 3915 4660 4116 4467 3923 4659 4115 4660 4116 4459 3916 4458 3915 4659 4115 4467 3923 4660 4116 4466 3922 4660 4116 4458 3915 4466 3922 4657 4114 4467 3923 4473 3929 4474 3930 4657 4114 4473 3929 4653 4110 4657 4114 4474 3930 4479 3935 4653 4110 4474 3930 4473 3929 4467 3923 4472 3928 4472 3928 4467 3923 4470 3927 4661 4117 4441 3898 4461 3917 4457 3913 4661 4117 4461 3917 4461 3917 4438 3895 4436 3894 4461 3917 4439 3896 4438 3895 4461 3917 4440 3897 4439 3896 4461 3917 4441 3898 4440 3897 4445 3902 4442 3899 4661 4117 4447 3904 4445 3902 4661 4117 4447 3904 4661 4117 4457 3913 4661 4117 4442 3899 4441 3898 4453 3911 4452 3910 4459 3916 4423 3878 4420 3877 4437 3891 4432 3881 4401 3860 4431 3890 4431 3890 4401 3860 4430 3886 4430 3886 4401 3860 4426 3885 4426 3885 4401 3860 4422 3879 4398 3854 4396 3852 4411 3867 4403 3857 4393 3849 4402 3858 4402 3858 4393 3849 4399 3856 4662 4118 4393 3849 4382 3838 4662 4118 4392 3848 4393 3849 4662 4118 4382 3838 4392 3848 5380 4119 5379 4120 5383 4121 5382 4122 5379 4120 5380 4119 5381 4123 5384 4124 5379 4120 5382 4122 5381 4123 5379 4120 5381 4123 5385 4125 5384 4124 5386 4126 5385 4125 5381 4123 5386 4126 5387 4127 5385 4125 5389 4128 5388 4129 5387 4127 5389 4128 5387 4127 5386 4126 5390 4130 5389 4128 5386 4126 5391 4131 5388 4129 5389 4128 5392 4132 5389 4128 5390 4130 5392 4132 5391 4131 5389 4128 5393 4133 5392 4132 5390 4130 5394 4134 5391 4131 5392 4132 5395 4135 5392 4132 5393 4133 5395 4135 5394 4134 5392 4132 5396 4136 5395 4135 5393 4133 5397 4137 5394 4134 5395 4135 5398 4138 5395 4135 5396 4136 5398 4138 5397 4137 5395 4135 5399 4139 5398 4138 5396 4136 5400 4140 5397 4137 5398 4138 5401 4141 5398 4138 5399 4139 5401 4141 5400 4140 5398 4138 5402 4142 5401 4141 5399 4139 5404 4143 5401 4141 5402 4142 5403 4144 5400 4140 5401 4141 5404 4143 5403 4144 5401 4141 5405 4145 5404 4143 5402 4142 5406 4146 5403 4144 5404 4143 5407 4147 5404 4143 5405 4145 5407 4147 5406 4146 5404 4143 5407 4147 5405 4145 5408 4148 5407 4147 5409 4149 5406 4146 5407 4147 5408 4148 5409 4149 5406 4146 5409 4149 5410 4150 5406 4146 5410 4150 5411 4151 5412 4152 5411 4151 5413 4153 5406 4146 5411 4151 5412 4152 5414 4154 5413 4153 5415 4155 5412 4152 5413 4153 5414 4154 5414 4154 5415 4155 5416 4156 5416 4156 5415 4155 5417 4157 5419 4158 5417 4157 5418 4159 5416 4156 5417 4157 5419 4158 5419 4158 5418 4159 5420 4160 5419 4158 5420 4160 5422 4161 5416 4156 5419 4158 5421 4162 5421 4162 5419 4158 5422 4161 5422 4161 5424 4163 5394 4134 5397 4137 5422 4161 5394 4134 5422 4161 5423 4164 5424 4163 5422 4161 5420 4160 5423 4164 5421 4162 5422 4161 5397 4137 5424 4163 5426 4165 5391 4131 5394 4134 5424 4163 5391 4131 5424 4163 5425 4166 5426 4165 5423 4164 5425 4166 5424 4163 5391 4131 5426 4165 5388 4129 5423 4164 5420 4160 5425 4166 5400 4140 5421 4162 5397 4137 5414 4154 5421 4162 5400 4140 5414 4154 5416 4156 5421 4162 5403 4144 5414 4154 5400 4140 5412 4152 5414 4154 5403 4144 5406 4146 5412 4152 5403 4144 5405 4145 5427 4167 5408 4148 5429 4168 5428 4169 5427 4167 5405 4145 5429 4168 5427 4167 5429 4168 5430 4170 5428 4169 5429 4168 5431 4171 5430 4170 5429 4168 5402 4142 5431 4171 5405 4145 5402 4142 5429 4168 5431 4171 5433 4172 5432 4173 5430 4170 5431 4171 5432 4173 5431 4171 5399 4139 5433 4172 5402 4142 5399 4139 5431 4171 5433 4172 5435 4174 5434 4175 5432 4173 5433 4172 5434 4175 5433 4172 5396 4136 5435 4174 5399 4139 5396 4136 5433 4172 5435 4174 5437 4176 5436 4177 5434 4175 5435 4174 5436 4177 5435 4174 5393 4133 5437 4176 5396 4136 5393 4133 5435 4174 5437 4176 5382 4122 5438 4178 5436 4177 5437 4176 5438 4178 5437 4176 5390 4130 5382 4122 5393 4133 5390 4130 5437 4176 5436 4177 5438 4178 5439 4179 5439 4179 5438 4178 5440 4180 5438 4178 5382 4122 5380 4119 5438 4178 5380 4119 5440 4180 5440 4180 5383 4121 5441 4181 5440 4180 5380 4119 5383 4121 5440 4180 5441 4181 5442 4182 5439 4179 5440 4180 5442 4182 5439 4179 5442 4182 5443 4183 5445 4184 5443 4183 5444 4185 5445 4184 5439 4179 5443 4183 5446 4186 5439 4179 5445 4184 5447 4187 5445 4184 5444 4185 5447 4187 5446 4186 5445 4184 5448 4188 5446 4186 5447 4187 5449 4189 5448 4188 5447 4187 5449 4189 5447 4187 5451 4190 5447 4187 5444 4185 5450 4191 5447 4187 5450 4191 5451 4190 5449 4189 5451 4190 5452 4192 5453 4193 5452 4192 5454 4194 5453 4193 5449 4189 5452 4192 5430 4170 5454 4194 5428 4169 5430 4170 5453 4193 5454 4194 5453 4193 5448 4188 5449 4189 5453 4193 5432 4173 5448 4188 5430 4170 5432 4173 5453 4193 5448 4188 5434 4175 5446 4186 5432 4173 5434 4175 5448 4188 5446 4186 5436 4177 5439 4179 5434 4175 5436 4177 5446 4186 5390 4130 5386 4126 5382 4122 5382 4122 5386 4126 5381 4123</p>
        </triangles>
        <triangles material="mat_2_003-material" count="1040">
          <input semantic="VERTEX" source="#Mesh69_647-mesh-vertices" offset="0"/>
          <input semantic="NORMAL" source="#Mesh69_647-mesh-normals" offset="1"/>
          <p>1 4195 0 4195 2 4195 3 4196 4 4196 2 4196 4 4197 1 4197 2 4197 3 4198 5 4198 4 4198 3 4199 6 4199 5 4199 4663 4200 4664 4200 4670 4200 4663 4201 4671 4201 4664 4201 4663 4202 4665 4202 4666 4202 4663 4203 4670 4203 4665 4203 4663 4204 4667 4204 4669 4204 4663 4205 4669 4205 4668 4205 4663 4206 4668 4206 4676 4206 4663 4207 4672 4207 4671 4207 4673 4208 4672 4208 4663 4208 4674 4209 4673 4209 4663 4209 4675 4210 4674 4210 4663 4210 4676 4211 4675 4211 4663 4211 4668 4212 4677 4212 4676 4212 4679 4213 4678 4213 4677 4213 4668 4214 4679 4214 4677 4214 4679 4215 4680 4215 4678 4215 4668 4216 4681 4216 4679 4216 4682 4217 4683 4217 4681 4217 4668 4218 4682 4218 4681 4218 4684 4219 4685 4219 4683 4219 4682 4220 4684 4220 4683 4220 4686 4221 4687 4221 4685 4221 4684 4222 4686 4222 4685 4222 4686 4223 4689 4223 4687 4223 4689 4224 4688 4224 4687 4224 4689 4225 4690 4225 4688 4225 4690 4226 4691 4226 4692 4226 4690 4227 4692 4227 4688 4227 4691 4228 4693 4228 4692 4228 4695 4229 4694 4229 4693 4229 4691 4230 4695 4230 4693 4230 4695 4231 4696 4231 4694 4231 4696 4232 4697 4232 4694 4232 4698 4233 4694 4233 4697 4233 4699 4234 4694 4234 4698 4234 4700 4235 4703 4235 4699 4235 4699 4236 4701 4236 4702 4236 4699 4237 4703 4237 4701 4237 4699 4238 4702 4238 4694 4238 4700 4239 4704 4239 4703 4239 4706 4240 4705 4240 4704 4240 4706 4241 4704 4241 4700 4241 4707 4242 4705 4242 4706 4242 4707 4243 4708 4243 4705 4243 4709 4244 4708 4244 4707 4244 4710 4245 4711 4245 4709 4245 4709 4246 4711 4246 4708 4246 4710 4247 4712 4247 4711 4247 4710 4248 4713 4248 4712 4248 4713 4249 4715 4249 4714 4249 4710 4250 4715 4250 4713 4250 4715 4251 4666 4251 4722 4251 4667 4252 4715 4252 4723 4252 4715 4253 4719 4253 4716 4253 4718 4254 4715 4254 4716 4254 4724 4255 4715 4255 4710 4255 4714 4256 4715 4256 4717 4256 4717 4257 4715 4257 4718 4257 4715 4258 4720 4258 4719 4258 4715 4259 4721 4259 4720 4259 4715 4260 4722 4260 4721 4260 4723 4261 4715 4261 4724 4261 4667 4262 4723 4262 4725 4262 4667 4263 4725 4263 4726 4263 4667 4264 4726 4264 4727 4264 4667 4265 4727 4265 4728 4265 4667 4266 4728 4266 4729 4266 4667 4267 4729 4267 4730 4267 4667 4268 4730 4268 4669 4268 4722 4269 4733 4269 4731 4269 4722 4270 4731 4270 4732 4270 4722 4271 4666 4271 4733 4271 4733 4272 4666 4272 4735 4272 4736 4273 4733 4273 4734 4273 4731 4274 4733 4274 4736 4274 4736 4275 4734 4275 4737 4275 4737 4276 4738 4276 4739 4276 4737 4277 4734 4277 4738 4277 4739 4278 4740 4278 4741 4278 4739 4279 4738 4279 4740 4279 4741 4280 4740 4280 4742 4280 4743 4281 4741 4281 4742 4281 4743 4282 4742 4282 4744 4282 4745 4283 4743 4283 4744 4283 4746 4284 4745 4284 4747 4284 4745 4285 4748 4285 4747 4285 4745 4286 4744 4286 4748 4286 4750 4287 4747 4287 4749 4287 4746 4288 4747 4288 4750 4288 4750 4289 4752 4289 4751 4289 4754 4290 4750 4290 4751 4290 4750 4291 4755 4291 4752 4291 4753 4292 4750 4292 4754 4292 4750 4293 4749 4293 4755 4293 4753 4294 4754 4294 4756 4294 4754 4295 4751 4295 4757 4295 4757 4296 4759 4296 4758 4296 4757 4297 4751 4297 4759 4297 4758 4298 4759 4298 4760 4298 4758 4299 4760 4299 4761 4299 4761 4300 4760 4300 4762 4300 4761 4301 4762 4301 4764 4301 4764 4302 4762 4302 4763 4302 4765 4303 4764 4303 4763 4303 4766 4304 4765 4304 4767 4304 4765 4305 4763 4305 4767 4305 4766 4306 4767 4306 4768 4306 4665 4307 4766 4307 4768 4307 4768 4308 4769 4308 4666 4308 4665 4309 4768 4309 4666 4309 4769 4310 4770 4310 4666 4310 4770 4311 4771 4311 4666 4311 4771 4312 4772 4312 4666 4312 4772 4313 4773 4313 4666 4313 4774 4314 4666 4314 4773 4314 4775 4315 4666 4315 4774 4315 4735 4316 4666 4316 4775 4316 4753 4317 4756 4317 4776 4317 4777 4318 4753 4318 4776 4318 4778 4319 4753 4319 4777 4319 4781 4320 4778 4320 4779 4320 4780 4321 4753 4321 4778 4321 4781 4322 4780 4322 4778 4322 4782 4323 4781 4323 4779 4323 4782 4324 4779 4324 4783 4324 4784 4325 4782 4325 4783 4325 4785 4326 4784 4326 4786 4326 4784 4327 4783 4327 4786 4327 4785 4328 4786 4328 4787 4328 4680 4329 4787 4329 4678 4329 4680 4330 4785 4330 4787 4330 4732 4331 4731 4331 4788 4331 4789 4332 4788 4332 4790 4332 4788 4333 4731 4333 4790 4333 4789 4334 4790 4334 4791 4334 4792 4335 4789 4335 4791 4335 4792 4336 4791 4336 4793 4336 4794 4337 4792 4337 4793 4337 4794 4338 4793 4338 4795 4338 4796 4339 4795 4339 4797 4339 4796 4340 4794 4340 4795 4340 4799 4341 4796 4341 4797 4341 4799 4342 4797 4342 4798 4342 4702 4343 4799 4343 4798 4343 4702 4344 4800 4344 4799 4344 4702 4345 4801 4345 4800 4345 4802 4346 4801 4346 4702 4346 4701 4347 4802 4347 4702 4347 4803 4348 4804 4348 4805 4348 4803 4349 4805 4349 4806 4349 4809 4350 4807 4350 4808 4350 4810 4351 4809 4351 4808 4351 4813 4352 4811 4352 4812 4352 4813 4352 4814 4352 4811 4352 4816 33 4817 33 4815 33 4817 33 4818 33 4815 33 4821 4353 4819 4353 4820 4353 4822 4354 4821 4354 4820 4354 4826 4355 4824 4355 4823 4355 4826 4355 4823 4355 4825 4355 4828 4356 4829 4356 4827 4356 4830 4357 4828 4357 4827 4357 4831 4358 4834 4358 4832 4358 4831 4358 4833 4358 4834 4358 4835 4359 4837 4359 4836 4359 4835 4360 4838 4360 4837 4360 4839 4361 4838 4361 4835 4361 4839 4362 4842 4362 4840 4362 4839 4363 4840 4363 4841 4363 4839 4364 4841 4364 4838 4364 4842 4365 4836 4365 4837 4365 4840 4366 4842 4366 4837 4366 4844 4367 4845 4368 4843 4368 4844 4367 4846 4367 4845 4368 4844 4367 4847 4369 4846 4367 4849 4370 4848 4371 4847 4369 4849 4370 4847 4369 4844 4367 4850 4371 4848 4371 4849 4370 4850 4371 4851 4372 4848 4371 4852 4373 4851 4372 4850 4371 4853 4374 4854 4375 4852 4373 4852 4373 4854 4375 4851 4372 4855 4376 4854 4375 4853 4374 4855 4376 4856 4377 4854 4375 4855 4376 4857 4378 4856 4377 4858 4379 4857 4378 4855 4376 4859 4380 4857 4378 4858 4379 4859 4380 4860 4381 4857 4378 4861 4382 4860 4381 4859 4380 4861 4382 4862 4383 4860 4381 4864 4384 4863 4385 4862 4383 4864 4384 4862 4383 4861 4382 4865 4386 4863 4385 4864 4384 4866 4387 4867 4388 4865 4386 4865 4386 4867 4388 4863 4385 4866 4387 4868 4387 4867 4388 4869 4389 4868 4387 4866 4387 4869 4389 4870 4390 4868 4387 4871 4391 4870 4390 4869 4389 4871 4391 4872 4391 4870 4390 4873 4392 4872 4391 4871 4391 4873 4392 4874 4393 4872 4391 4875 4394 4874 4393 4873 4392 4875 4394 4876 4395 4874 4393 4877 4396 4876 4395 4875 4394 4877 4396 4878 4397 4876 4395 4877 4396 4879 286 4878 4397 4882 4398 4880 4399 4879 286 4881 4400 4879 286 4877 4396 4882 4398 4879 286 4881 4400 4882 4398 4884 4401 4880 4399 4883 4402 4884 4401 4882 4398 4885 4403 4884 4401 4883 4402 4885 4403 4886 4403 4884 4401 4887 4404 4886 4403 4885 4403 4887 4404 4888 4405 4886 4403 4887 4404 4889 4406 4888 4405 4890 4407 4889 4406 4887 4404 4891 4408 4889 4406 4890 4407 4891 4408 4892 4409 4889 4406 4891 4408 4893 4410 4892 4409 4896 4411 4894 4411 4893 4410 4895 4412 4893 4410 4891 4408 4896 4411 4893 4410 4895 4412 4898 4413 4899 4414 4897 4368 4898 4413 4900 4415 4899 4414 4901 4416 4900 4415 4898 4413 4901 4416 4902 4417 4900 4415 4903 4418 4902 4417 4901 4416 4903 4418 4904 238 4902 4417 4906 4419 4905 4420 4904 238 4906 4419 4904 238 4903 4418 4907 4421 4905 4420 4906 4419 4907 4421 4908 4422 4905 4420 4909 4376 4908 4422 4907 4421 4909 4376 4910 4423 4908 4422 4911 4424 4910 4423 4909 4376 4912 4425 4914 4426 4911 4424 4911 4424 4913 4427 4910 4423 4911 4424 4914 4426 4913 4427 4915 4428 4914 4426 4912 4425 4915 4428 4916 4429 4914 4426 4917 4430 4916 4429 4915 4428 4917 4430 4918 4431 4916 4429 4919 4432 4918 4431 4917 4430 4919 4432 4920 4433 4918 4431 4922 4434 4921 4435 4920 4433 4922 4434 4920 4433 4919 4432 4923 4390 4924 4436 4922 4434 4922 4434 4924 4436 4921 4435 4923 4390 4925 4437 4924 4436 4926 4391 4925 4437 4923 4390 4927 4392 4925 4437 4926 4391 4927 4392 4928 4438 4925 4437 4929 4395 4928 4438 4927 4392 4929 4395 4930 4395 4928 4438 4931 4439 4930 4395 4929 4395 4931 4439 4932 4440 4930 4395 4933 4441 4932 4440 4931 4439 4933 4441 4934 4442 4932 4440 4933 4441 4935 4443 4934 4442 4937 4444 4936 4445 4935 4443 4937 4444 4935 4443 4933 4441 4938 4446 4936 4445 4937 4444 4939 4447 4936 4445 4938 4446 4940 4448 4941 4449 4939 4447 4939 4447 4941 4449 4936 4445 4940 4448 4942 4450 4941 4449 4940 4448 4943 4451 4942 4450 4944 4406 4943 4451 4940 4448 4945 4408 4943 4451 4944 4406 4945 4408 4946 4452 4943 4451 4945 4408 4947 4453 4946 4452 4948 4412 4947 4453 4945 4408 4949 4411 4947 4453 4948 4412 4949 4411 4950 4454 4947 4453 4952 4455 4953 4456 4951 4456 4952 4455 4954 4455 4953 4456 4952 4455 4955 4457 4954 4455 4956 4458 4955 4457 4952 4455 4956 4458 4957 4459 4955 4457 4958 4459 4957 4459 4956 4458 4958 4459 4959 4372 4957 4459 4960 4373 4959 4372 4958 4459 4960 4373 4961 4375 4959 4372 4964 4376 4962 4377 4961 4375 4963 4374 4961 4375 4960 4373 4964 4376 4961 4375 4963 4374 4964 4376 4966 4460 4962 4377 4965 4461 4966 4460 4964 4376 4967 4462 4968 4463 4966 4460 4967 4462 4966 4460 4965 4461 4969 4464 4968 4463 4967 4462 4969 4464 4970 4465 4968 4463 4971 4466 4970 4465 4969 4464 4971 4466 4972 4466 4970 4465 4973 4467 4972 4466 4971 4466 4973 4467 4974 4468 4972 4466 4975 4469 4974 4468 4973 4467 4975 4469 4976 4387 4974 4468 4977 4389 4976 4387 4975 4469 4977 4389 4978 4470 4976 4387 4980 4391 4979 4391 4978 4470 4980 4391 4978 4470 4977 4389 4981 4471 4979 4391 4980 4391 4982 4472 4983 4471 4981 4471 4981 4471 4983 4471 4979 4391 4982 4472 4984 4473 4983 4471 4985 4474 4984 4473 4982 4472 4985 4474 4986 4475 4984 4473 4985 4474 4987 4476 4986 4475 4988 4477 4987 4476 4985 4474 4989 4478 4987 4476 4988 4477 4989 4478 4990 4479 4987 4476 4989 4478 4991 4401 4990 4479 4992 4402 4991 4401 4989 4478 4993 4403 4991 4401 4992 4402 4993 4403 4994 4403 4991 4401 4996 4404 4995 4405 4994 4403 4996 4404 4994 4403 4993 4403 4997 4480 4998 4407 4996 4404 4996 4404 4998 4407 4995 4405 4999 4481 5000 4481 4998 4407 4999 4481 4998 4407 4997 4480 4999 4481 5001 4482 5000 4481 5002 4410 5001 4482 4999 4481 5003 4483 5001 4482 5002 4410 5003 4483 5004 4483 5001 4482 5018 4484 5005 4484 5006 4484 5007 4485 5005 4485 5008 4485 5012 4486 5005 4486 5007 4486 5013 4487 5008 4487 5005 4487 5009 4488 5014 4488 5005 4488 5015 4489 5009 4489 5005 4489 5010 4490 5005 4490 5011 4490 5019 4491 5005 4491 5010 4491 5011 4492 5005 4492 5012 4492 5014 4493 5013 4493 5005 4493 5016 4494 5015 4494 5005 4494 5017 4495 5016 4495 5005 4495 5018 4496 5017 4496 5005 4496 5019 4497 5020 4497 5025 4497 5019 4498 5026 4498 5020 4498 5019 4499 5021 4499 5028 4499 5019 4500 5022 4500 5021 4500 5019 4501 5029 4501 5022 4501 5019 4502 5023 4502 5030 4502 5019 4503 5010 4503 5023 4503 5019 4504 5025 4504 5024 4504 5031 4505 5019 4505 5024 4505 5019 4506 5027 4506 5026 4506 5019 4507 5028 4507 5027 4507 5019 4508 5030 4508 5029 4508 5031 4509 5034 4509 5006 4509 5031 4510 5032 4510 5041 4510 5031 4511 5033 4511 5032 4511 5031 4512 5024 4512 5033 4512 5031 4513 5035 4513 5034 4513 5031 4514 5036 4514 5035 4514 5031 4515 5037 4515 5036 4515 5031 4516 5038 4516 5037 4516 5031 4517 5042 4517 5038 4517 5031 4518 5039 4518 5042 4518 5031 4519 5040 4519 5039 4519 5031 4520 5041 4520 5040 4520 5034 4521 5044 4521 5006 4521 5034 4522 5043 4522 5045 4522 5034 4523 5045 4523 5044 4523 5047 4524 5046 4524 5045 4524 5043 4525 5047 4525 5045 4525 5047 4526 5048 4526 5046 4526 5048 4527 5049 4527 5050 4527 5048 4528 5050 4528 5046 4528 5049 4529 5051 4529 5050 4529 5052 4530 5053 4530 5051 4530 5049 4531 5052 4531 5051 4531 5052 4532 5054 4532 5053 4532 5055 4533 5056 4533 5054 4533 5052 4534 5055 4534 5054 4534 5057 4535 5058 4535 5056 4535 5055 4536 5057 4536 5056 4536 5057 4537 5060 4537 5058 4537 5060 4538 5059 4538 5058 4538 5060 4539 5061 4539 5059 4539 5062 4540 5059 4540 5061 4540 5062 4541 5063 4541 5065 4541 5064 4542 5063 4542 5062 4542 5062 4543 5065 4543 5059 4543 5065 4541 5063 4541 5068 4541 5065 4544 5067 4544 5066 4544 5065 4545 5068 4545 5067 4545 5063 4546 5069 4546 5068 4546 5070 4547 5071 4547 5069 4547 5063 4548 5070 4548 5069 4548 5073 4549 5072 4549 5071 4549 5070 4550 5073 4550 5071 4550 5073 4551 5074 4551 5072 4551 5074 4552 5075 4552 5076 4552 5074 4553 5076 4553 5072 4553 5075 4554 5077 4554 5076 4554 5079 4555 5078 4555 5077 4555 5075 4556 5079 4556 5077 4556 5079 4557 5080 4557 5078 4557 5080 4558 5081 4558 5082 4558 5080 4559 5082 4559 5078 4559 5081 4560 5083 4560 5082 4560 5084 4561 5086 4561 5083 4561 5084 4562 5083 4562 5085 4562 5081 4563 5085 4563 5083 4563 5023 4564 5010 4564 5086 4564 5023 4565 5086 4565 5084 4565 5066 4566 5067 4566 5087 4566 5089 4567 5087 4567 5088 4567 5090 4568 5087 4568 5089 4568 5066 4569 5087 4569 5090 4569 5089 4570 5088 4570 5091 4570 5091 4571 5092 4571 5093 4571 5091 4572 5088 4572 5092 4572 5018 4573 5093 4573 5094 4573 5093 4574 5092 4574 5094 4574 5018 4575 5094 4575 5017 4575 5064 4576 5095 4576 5097 4576 5096 4577 5095 4577 5064 4577 5064 4578 5097 4578 5063 4578 5098 4579 5095 4579 5096 4579 5099 4580 5100 4580 5098 4580 5098 4581 5100 4581 5095 4581 5099 4582 5101 4582 5100 4582 5103 4583 5102 4583 5101 4583 5103 4584 5101 4584 5099 4584 5103 4585 5024 4585 5102 4585 5033 4586 5024 4586 5103 4586 5044 4587 5104 4587 5006 4587 5104 4588 5105 4588 5006 4588 5105 4589 5106 4589 5006 4589 5106 4590 5107 4590 5006 4590 5107 4591 5108 4591 5006 4591 5108 4592 5109 4592 5006 4592 5109 4593 5110 4593 5006 4593 5110 4594 5111 4594 5006 4594 5111 4595 5112 4595 5006 4595 5112 4596 5018 4596 5006 4596 5114 4597 5115 4598 5113 4599 5114 4597 5116 4600 5115 4598 5117 4601 5116 4600 5114 4597 5117 4601 5118 4602 5116 4600 5119 4603 5118 4602 5117 4601 5119 4603 5120 4418 5118 4602 5122 4419 5121 4420 5120 4418 5122 4419 5120 4418 5119 4603 5123 4421 5121 4420 5122 4419 5124 4376 5125 4422 5123 4421 5123 4421 5125 4422 5121 4420 5124 4376 5126 4423 5125 4422 5127 4604 5126 4423 5124 4376 5127 4604 5128 4605 5126 4423 5127 4604 5129 4606 5128 4605 5130 4607 5129 4606 5127 4604 5131 4608 5129 4606 5130 4607 5131 4608 5132 4609 5129 4606 5133 251 5132 4609 5131 4608 5133 251 5134 4610 5132 4609 5135 4611 5134 4610 5133 251 5135 4611 5136 4612 5134 4610 5138 4434 5137 4435 5136 4612 5138 4434 5136 4612 5135 4611 5139 4389 5140 4436 5138 4434 5138 4434 5140 4436 5137 4435 5139 4389 5141 4613 5140 4436 5142 4391 5141 4613 5139 4389 5143 4471 5141 4613 5142 4391 5143 4471 5144 4614 5141 4613 5145 4473 5144 4614 5143 4471 5145 4473 5146 4473 5144 4614 5147 4475 5146 4473 5145 4473 5147 4475 5148 4475 5146 4473 5149 4615 5148 4475 5147 4475 5149 4615 5150 4615 5148 4475 5149 4615 5151 4616 5150 4615 5153 4617 5152 4445 5151 4616 5153 4617 5151 4616 5149 4615 5154 4446 5152 4445 5153 4617 5155 4447 5152 4445 5154 4446 5155 4447 5157 4449 5152 4445 5156 4448 5157 4449 5155 4447 5156 4448 5158 4450 5157 4449 5156 4448 5159 4407 5158 4450 5160 4618 5159 4407 5156 4448 5161 4481 5159 4407 5160 4618 5161 4481 5162 4619 5159 4407 5161 4481 5163 4620 5162 4619 5164 4410 5163 4620 5161 4481 5165 4483 5163 4620 5164 4410 5165 4483 5166 4621 5163 4620 5167 4622 5170 4622 5168 4622 5169 4623 5167 4623 5168 4623 5172 4624 5171 4624 5169 4624 5172 4625 5169 4625 5168 4625 5173 4626 5172 4626 5168 4626 5173 4627 5168 4627 5175 4627 5174 4628 5173 4628 5175 4628 5175 4629 5168 4629 5176 4629 5175 4630 5176 4630 5177 4630 5179 4631 5175 4631 5178 4631 5180 4632 5175 4632 5179 4632 5180 4633 5181 4633 5175 4633 5181 4634 5174 4634 5175 4634 5182 4635 5183 4635 5180 4635 5182 4636 5180 4636 5179 4636 5182 4637 5179 4637 5184 4637 5182 4638 5184 4638 5186 4638 5185 4639 5182 4639 5186 4639 5185 4640 5186 4640 5187 4640 5189 4641 5187 4641 5188 4641 5185 4642 5187 4642 5189 4642 5191 4643 5189 4643 5190 4643 5185 4644 5189 4644 5191 4644 5191 4645 5190 4645 5192 4645 5194 4646 5193 4646 5196 4646 5193 4647 5195 4647 5196 4647 5199 4648 5194 4648 5196 4648 5198 4649 5196 4649 5197 4649 5198 4650 5199 4650 5196 4650 5199 4651 5200 4651 5194 4651 5198 4652 5197 4652 5201 4652 5202 4653 5198 4653 5201 4653 5202 4654 5201 4654 5203 4654 5204 4655 5202 4655 5203 4655 5204 4656 5205 4656 5202 4656 5204 4657 5203 4657 5206 4657 5207 4658 5204 4658 5206 4658 5207 4659 5208 4659 5204 4659 5207 4660 5206 4660 5210 4660 5209 4661 5207 4661 5213 4661 5207 4662 5210 4662 5211 4662 5207 4663 5211 4663 5212 4663 5207 4664 5212 4664 5213 4664 5215 4665 5213 4665 5214 4665 5209 4666 5213 4666 5215 4666 5209 4667 5215 4667 5216 4667 5215 4668 5214 4668 5217 4668 5203 4669 5201 4669 5218 4669 5220 4670 5219 4670 5222 4670 5219 4671 5221 4671 5222 4671 5224 4672 5222 4672 5223 4672 5225 4673 5222 4673 5224 4673 5225 4674 5226 4674 5222 4674 5226 4675 5220 4675 5222 4675 5226 4676 5227 4676 5220 4676 5228 4677 5225 4677 5224 4677 5229 4634 5228 4634 5224 4634 5230 4678 5229 4678 5224 4678 5230 4679 5224 4679 5231 4679 5232 4680 5230 4680 5231 4680 5232 4681 5233 4681 5230 4681 5232 4682 5231 4682 5234 4682 5232 4683 5234 4683 5236 4683 5235 4684 5232 4684 5236 4684 5235 4685 5236 4685 5237 4685 5239 4686 5237 4686 5238 4686 5235 4687 5237 4687 5239 4687 5241 4688 5239 4688 5240 4688 5235 4689 5239 4689 5241 4689 5241 4690 5240 4690 5242 4690 5231 4691 5224 4691 5243 4691 5224 4692 5223 4692 5244 4692 5245 4693 5247 4693 5246 4693 5248 4694 5245 4694 5246 4694 5249 4695 5248 4695 5246 4695 5249 4696 5250 4696 5248 4696 5251 4697 5249 4697 5246 4697 5251 4698 5246 4698 5252 4698 5251 4699 5252 4699 5253 4699 5254 4700 5251 4700 5253 4700 5255 4701 5256 4701 5254 4701 5255 4702 5254 4702 5257 4702 5254 4703 5253 4703 5257 4703 5257 4704 5253 4704 5258 4704 5255 4705 5257 4705 5259 4705 5261 4706 5255 4706 5259 4706 5261 4707 5259 4707 5260 4707 5261 4708 5265 4708 5262 4708 5261 4709 5262 4709 5263 4709 5264 4710 5261 4710 5263 4710 5261 4711 5260 4711 5265 4711 5261 4712 5266 4712 5255 4712 5264 4713 5263 4713 5267 4713 5264 4714 5267 4714 5268 4714 5267 4715 5263 4715 5269 4715 5267 4716 5269 4716 5270 4716 5273 4717 5271 4718 5272 4719 5274 4720 5273 4717 5272 4719 5274 4720 5272 4719 5275 4721 5276 4722 5274 4720 5275 4721 5276 4722 5275 4721 5278 4723 5277 4724 5276 4722 5278 4723 5277 4724 5278 4723 5279 4725 5281 4726 5279 4725 5280 4727 5281 4726 5277 4724 5279 4725 5282 4728 5281 4726 5280 4727 5282 4728 5280 4727 5283 4729 5284 4730 5282 4728 5283 4729 5284 4730 5283 4729 5286 4731 5285 4732 5284 4730 5286 4731 5285 4732 5286 4731 5287 4733 5289 4734 5287 4733 5288 4735 5289 4734 5285 4732 5287 4733 5290 4736 5289 4734 5288 4735 5290 4736 5288 4735 5291 4737 5292 4738 5290 4736 5291 4737 5292 4738 5291 4737 5294 4739 5293 4740 5292 4738 5294 4739 5293 4740 5294 4739 5295 4741 5297 4742 5293 4740 5295 4741 5297 4742 5295 4741 5296 4743 5298 4744 5297 4742 5296 4743 5298 4744 5296 4743 5299 4745 5300 4746 5298 4744 5299 4745 5301 4747 5300 4746 5302 4748 5300 4746 5299 4745 5302 4748 5301 4747 5302 4748 5303 4749 5305 4750 5301 4747 5303 4749 5305 4750 5303 4749 5304 4751 5306 4752 5305 4750 5304 4751 5306 4752 5304 4751 5307 4753 5308 4754 5306 4752 5307 4753 5309 4755 5308 4754 5310 4756 5308 4754 5307 4753 5310 4756 5309 4755 5310 4756 5311 4757 5313 4758 5311 4757 5312 4759 5313 4758 5309 4755 5311 4757 5314 4760 5313 4758 5312 4759 5314 4760 5312 4759 5315 4761 5316 4762 5314 4760 5315 4761 5317 4763 5316 4762 5318 4764 5316 4762 5315 4761 5318 4764 5317 4763 5318 4764 5319 4765 5320 4766 5319 4765 5321 4767 5320 4766 5317 4763 5319 4765 5323 4768 5321 4767 5322 4769 5323 4768 5320 4766 5321 4767 5324 4770 5323 4768 5322 4769 5327 4771 5325 4718 5326 4772 5328 4773 5327 4771 5326 4772 5328 4773 5326 4772 5329 4774 5330 4775 5328 4773 5329 4774 5330 4775 5329 4774 5332 4723 5331 4724 5330 4775 5332 4723 5331 4724 5332 4723 5333 4776 5334 4777 5333 4776 5335 4778 5334 4777 5331 4724 5333 4776 5336 4779 5335 4778 5337 4780 5336 4779 5334 4777 5335 4778 5338 4781 5337 4780 5339 4782 5338 4781 5336 4779 5337 4780 5340 4783 5339 4782 5341 4784 5340 4783 5338 4781 5339 4782 5342 4785 5341 4784 5343 4786 5342 4785 5340 4783 5341 4784 5344 4787 5343 4786 5345 4788 5344 4787 5342 4785 5343 4786 5347 4789 5345 4788 5346 4790 5347 4789 5344 4787 5345 4788 5348 4791 5347 4789 5346 4790 5348 4791 5346 4790 5349 4792 5350 4793 5348 4791 5349 4792 5350 4793 5349 4792 5351 4794 5352 4795 5350 4793 5351 4794 5352 4795 5351 4794 5353 4796 5354 4797 5352 4795 5353 4796 5354 4797 5353 4796 5356 4798 5355 4799 5354 4797 5356 4798 5355 4799 5356 4798 5357 4800 5359 4801 5357 4800 5358 4802 5359 4801 5355 4799 5357 4800 5360 4803 5359 4801 5358 4802 5360 4803 5358 4802 5361 4804 5362 4805 5360 4803 5361 4804 5362 4805 5361 4804 5364 4806 5363 4807 5362 4805 5364 4806 5363 4807 5364 4806 5365 4808 5366 4809 5363 4807 5365 4808 5366 4809 5365 4808 5367 4810 5369 4811 5367 4810 5368 4761 5369 4811 5366 4809 5367 4810 5370 4812 5369 4811 5368 4761 5371 4813 5370 4812 5372 4814 5370 4812 5368 4761 5372 4814 5371 4813 5372 4814 5373 4815 5375 4816 5371 4813 5373 4815 5375 4816 5373 4815 5374 4817 5376 4818 5375 4816 5374 4817 5376 4818 5374 4817 5377 4769 5378 4770 5376 4818 5377 4769 5568 4819 5569 4819 5571 4819 5568 4820 5571 4820 5570 4820 5571 4821 5573 4821 5572 4821 5571 4822 5572 4822 5574 4822 5571 4823 5569 4823 5573 4823 5574 4824 5572 4824 5575 4824 5574 4825 5575 4825 5576 4825 5577 4826 5574 4826 5576 4826 5573 4827 5578 4827 5572 4827 5573 4828 5579 4828 5578 4828 5579 4829 5580 4829 5581 4829 5579 4830 5581 4830 5578 4830 5580 4831 5582 4831 5581 4831 5580 4831 5583 4831 5582 4831 5583 4832 5584 4832 5582 4832 5583 4833 5585 4833 5584 4833 5583 4834 5586 4834 5585 4834 5586 4835 5587 4835 5585 4835 5583 4836 5588 4836 5586 4836 5590 4837 5589 4838 5591 4839 5590 4837 5591 4839 5592 4840 5593 4841 5590 4837 5592 4840 5593 4841 5592 4840 5594 4842 5596 4843 5594 4842 5595 4844 5596 4843 5593 4841 5594 4842 5597 4845 5596 4843 5595 4844 5598 4846 5597 4845 5600 4847 5597 4845 5595 4844 5599 4848 5597 4845 5599 4848 5600 4847 5598 4846 5600 4847 5601 4849 5603 4849 5601 4849 5602 4850 5603 4849 5598 4846 5601 4849 5604 4851 5603 4849 5602 4850 5604 4851 5602 4850 5605 4852 5606 4853 5604 4851 5605 4852 5606 4853 5605 4852 5608 4854 5607 4855 5606 4853 5608 4854 5607 4855 5608 4854 5609 4856 5611 4857 5609 4856 5610 4858 5611 4857 5607 4855 5609 4856 5612 4859 5611 4857 5610 4858 5613 4860 5612 4859 5614 4861 5612 4859 5610 4858 5614 4861 5617 4862 5616 4862 5615 4862 5617 4863 5618 4863 5616 4863 5619 4864 5622 4865 5620 4864 5619 4864 5621 4865 5622 4865 5621 4865 5623 4866 5622 4865 5621 4865 5625 4866 5623 4866 5625 4866 5624 4867 5623 4866 5625 4866 5626 4867 5624 4867 5626 4867 5627 4868 5628 4868 5626 4867 5628 4868 5624 4867 5627 4868 5629 4869 5628 4868 5631 4869 5630 4870 5629 4869 5627 4868 5631 4869 5629 4869 5631 4869 5632 4870 5630 4870 5632 4870 5633 4871 5634 4871 5632 4870 5634 4871 5630 4870 5633 4871 5635 4872 5634 4871 5637 4872 5636 4873 5635 4872 5633 4871 5637 4872 5635 4872 5637 4872 5638 4873 5636 4873 5638 4873 5640 4874 5639 4874 5638 4873 5639 4874 5636 4873 5640 4874 5641 4875 5642 4875 5640 4874 5642 4875 5639 4874 5641 4875 5643 4876 5642 4875 5645 4876 5644 4877 5643 4876 5641 4875 5645 4876 5643 4876 5645 4876 5646 4877 5644 4877 5646 4877 5647 4878 5648 4878 5646 4877 5648 4878 5644 4877 5647 4878 5649 4879 5648 4878 5651 4879 5650 4880 5649 4879 5647 4878 5651 4879 5649 4879 5651 4879 5652 4880 5650 4880 5652 4880 5653 4881 5654 4881 5652 4880 5654 4881 5650 4880 5653 4881 5655 4882 5654 4881 5653 4881 5657 4882 5655 4882 5657 4882 5656 4883 5655 4882 5657 4882 5658 4883 5656 4883 5658 4883 5659 4884 5660 4884 5658 4883 5660 4884 5656 4883 5659 4884 5661 4885 5660 4884 5663 4886 5662 4886 5661 4885 5664 4885 5663 4886 5661 4885 5659 4884 5664 4885 5661 4885 5663 4886 5665 4887 5662 4886 5665 4887 5666 4888 5667 4887 5665 4887 5667 4887 5662 4886 5666 4888 5668 4888 5667 4887 5669 33 5670 33 5671 33 5669 4889 5671 4889 5672 4889 5673 4890 5672 4890 5671 4890 5674 33 5672 33 5673 33 5675 4891 5674 4891 5673 4891 5676 33 5674 33 5675 33 5677 4892 5676 4892 5675 4892 5678 33 5676 33 5677 33 5679 33 5678 33 5680 33 5680 4893 5678 4893 5677 4893 5681 4894 5679 4894 5680 4894 5682 4895 5683 4895 5681 4895 5683 33 5679 33 5681 33 5684 33 5683 33 5682 33 5685 4896 5684 4896 5682 4896 5686 33 5684 33 5685 33 5687 33 5686 33 5688 33 5688 33 5686 33 5685 33 5689 4897 5687 4897 5688 4897 5689 4898 5690 4898 5687 4898 5691 33 5690 33 5689 33 5691 4899 5692 4899 5690 4899 5693 4900 5692 4900 5691 4900 5693 4901 5694 4901 5692 4901 5695 4902 5694 4902 5693 4902 5696 4903 5697 4903 5695 4903 5695 33 5697 33 5694 33 5696 4904 5698 4904 5697 4904 5698 4905 5700 4905 5699 4905 5696 33 5700 33 5698 33 5700 33 5701 33 5699 33 5699 4906 5701 4906 5702 4906 5701 33 5703 33 5702 33 5702 4907 5703 4907 5704 4907 5703 33 5705 33 5704 33 5704 33 5705 33 5706 33 5705 33 5707 33 5706 33 5706 4908 5707 4908 5708 4908 5707 33 5709 33 5708 33 5708 4909 5709 4909 5710 4909 5709 33 5711 33 5710 33 5711 33 5712 33 5713 33 5710 33 5711 33 5713 33 5713 4910 5712 4910 5714 4910 5714 4911 5716 4911 5715 4911 5714 33 5712 33 5716 33 5715 33 5716 33 5717 33 5716 33 5718 33 5717 33 5717 33 5718 33 5719 33 5779 33 5781 33 5778 33 5778 33 5781 33 5780 33 5781 33 5782 33 5780 33 5780 4912 5782 4912 5783 4912 5783 33 5782 33 5784 33 5786 4913 5785 4913 5790 4913 5787 4914 5785 4914 5788 4914 5789 4915 5785 4915 5787 4915 5791 4916 5785 4916 5789 4916 5790 4917 5785 4917 5791 4917 5786 4918 5790 4918 5792 4918 5786 4919 5792 4919 5793 4919 5786 4920 5793 4920 5794 4920 5786 4921 5794 4921 5795 4921 5795 4922 5794 4922 5796 4922 5795 4923 5796 4923 5797 4923 5795 4924 5797 4924 5798 4924 5795 4925 5798 4925 5799 4925 5798 4926 5800 4926 5799 4926 5800 4927 5801 4927 5799 4927 5801 4928 5802 4928 5803 4928 5799 4929 5801 4929 5803 4929 5803 4930 5802 4930 5804 4930 5804 4931 5806 4931 5805 4931 5802 4932 5806 4932 5804 4932 5806 4933 5807 4933 5805 4933 5805 4934 5807 4934 5809 4934 5807 4935 5808 4935 5809 4935 5809 4936 5808 4936 5810 4936 5810 4937 5812 4937 5811 4937 5808 4938 5812 4938 5810 4938 5812 4939 5813 4939 5811 4939 5812 4940 5814 4940 5813 4940 5814 4941 5815 4941 5813 4941 5814 4942 5816 4942 5815 4942 5816 4943 5817 4943 5818 4943 5816 4944 5818 4944 5815 4944 5817 4945 5819 4945 5818 4945 5820 4946 5821 4946 5819 4946 5820 4947 5819 4947 5817 4947 5823 4948 5822 4948 5821 4948 5823 4949 5821 4949 5820 4949 5824 4950 5822 4950 5823 4950 5825 4951 5822 4951 5824 4951 5826 4952 5788 4952 5825 4952 5788 4953 5822 4953 5825 4953 5827 4954 5788 4954 5826 4954 5787 4955 5788 4955 5827 4955 5829 4956 5830 4957 5828 4958 5829 4956 5831 4959 5830 4957 5831 4959 5832 4960 5830 4957 5831 4959 5833 4961 5832 4960 5833 4961 5834 4962 5832 4960 5834 4962 5835 4963 5832 4960 5834 4962 5836 4964 5835 4963 5834 4962 5838 4965 5836 4964 5838 4965 5837 4966 5836 4964 5838 4965 5839 4967 5837 4966 5839 4967 5840 4968 5837 4966 5840 4968 5841 4969 5837 4966 5840 4968 5842 4456 5841 4969 5840 4968 5843 4970 5842 4456 5843 4970 5844 4971 5842 4456 5844 4971 5845 4971 5842 4456 5844 4971 5846 4972 5845 4971 5844 4971 5847 4973 5846 4972 5847 4973 5848 4974 5846 4972 5847 4973 5849 4975 5848 4974 5849 4975 5850 4976 5848 4974 5849 4975 5851 4977 5850 4976 5851 4977 5852 4978 5850 4976 5852 4978 5853 4979 5855 4980 5852 4978 5854 4981 5850 4976 5852 4978 5855 4980 5854 4981 5853 4979 5856 4982 5855 4980 5853 4979 5857 4983 5856 4982 5857 4983 5858 4984 5856 4982 5857 4983 5859 4985 5858 4984 5859 4985 5860 4986 5858 4984 5859 4985 5861 4987 5860 4986 5861 4987 5862 4988 5860 4986 5864 4989 5863 4990 5862 4988 5861 4987 5864 4989 5862 4988 5864 4989 5865 4991 5863 4990 5865 4991 5866 4992 5863 4990 5865 4991 5867 4993 5866 4992 5867 4993 5868 4994 5869 4995 5867 4993 5869 4995 5866 4992 5871 4996 5870 4997 5869 4995 5868 4994 5871 4996 5869 4995 5871 4996 5872 4998 5870 4997 5871 4996 5873 4999 5872 4998 5873 4999 5874 5000 5872 4998 5873 4999 5875 5001 5874 5000 5875 5001 5876 5002 5874 5000 5876 5002 5877 5002 5874 5000 5876 5002 5878 5003 5877 5002 5876 5002 5879 5004 5878 5003 5879 5004 5880 5005 5878 5003 5879 5004 5881 5006 5880 5005 5882 5007 5883 5007 5886 5007 5884 5008 5885 5008 5882 5008 5884 5009 5882 5009 5886 5009 5886 5010 5883 5010 5887 5010 5886 5011 5887 5011 5888 5011 5886 5012 5888 5012 5890 5012 5889 5013 5886 5013 5890 5013 5889 5014 5890 5014 5891 5014 5889 5015 5891 5015 5892 5015 5889 5016 5892 5016 5893 5016 5894 5017 5889 5017 5893 5017 5895 5018 5889 5018 5894 5018 5897 5019 5889 5019 5895 5019 5897 5020 5895 5020 5896 5020 5899 5021 5897 5021 5896 5021 5898 5022 5897 5022 5901 5022 5900 5023 5897 5023 5899 5023 5901 5024 5897 5024 5900 5024 5902 5025 5898 5025 5901 5025 5903 5026 5898 5026 5902 5026 5904 5027 5898 5027 5903 5027 5904 5028 5905 5028 5898 5028 5905 5029 5906 5029 5907 5029 5905 5030 5907 5030 5898 5030 5906 5031 5908 5031 5907 5031 5908 5032 5909 5032 5907 5032 5909 5033 5910 5033 5907 5033 5907 5034 5910 5034 5911 5034 5907 5035 5911 5035 5884 5035 5911 5036 5912 5036 5884 5036 5912 5037 5913 5037 5884 5037 5884 5038 5913 5038 5885 5038 5914 5039 5915 5039 5917 5039 5914 5040 5916 5040 5915 5040 5919 5041 5920 5041 5918 5041 5918 5042 5920 5042 5921 5042 5919 5043 5922 5043 5920 5043 5922 5044 5923 5044 5920 5044 5924 5045 5925 5045 5926 5045 5926 5046 5925 5046 5927 5046 5929 5047 5930 5047 5928 5047 5929 5048 5931 5048 5930 5048 5932 5049 5933 5049 5935 5049 5932 5050 5935 5050 5934 5050 5936 5051 5937 5051 5938 5051 5937 5052 5939 5052 5938 5052 5943 5053 5940 5053 5941 5053 5942 5053 5940 5053 5943 5053 5947 5054 5945 5054 5944 5054 5946 5055 5947 5055 5944 5055 5950 0 5948 0 5949 0 5951 5056 5950 5056 5952 5056 5952 5057 5950 5057 5949 5057 5953 0 5951 0 5952 0 5954 5058 5955 5058 5953 5058 5955 5059 5951 5059 5953 5059 5956 5060 5955 5060 5954 5060 5957 0 5958 0 5956 0 5957 0 5956 0 5954 0 5958 0 5959 0 5960 0 5957 5061 5959 5061 5958 5061 5960 0 5961 0 5962 0 5959 5062 5961 5062 5960 5062 5961 5063 5963 5063 5962 5063 5962 0 5963 0 5964 0 5964 0 5965 0 5966 0 5963 0 5965 0 5964 0 5965 5064 5967 5064 5966 5064 5966 0 5967 0 5968 0 5967 5065 5970 5065 5968 5065 5968 0 5970 0 5969 0 5970 5066 5971 5066 5969 5066 5971 5067 5972 5067 5973 5067 5969 0 5971 0 5973 0 5973 0 5972 0 5974 0 5972 5068 5976 5068 5974 5068 5974 5069 5976 5069 5975 5069 5976 0 5977 0 5975 0 5975 5070 5977 5070 5978 5070 5977 0 5979 0 5978 0 5978 0 5979 0 5980 0 5979 0 5981 0 5980 0 5980 0 5981 0 5982 0 5981 5071 5983 5071 5982 5071 5985 5072 5982 5072 5983 5072 5984 5073 5985 5073 5983 5073 5986 5074 5985 5074 5984 5074 5987 0 5986 0 5988 0 5988 0 5986 0 5984 0 5989 5075 5987 5075 5988 5075 5990 5076 5991 5076 5989 5076 5991 5077 5987 5077 5989 5077 5992 5078 5991 5078 5990 5078 5994 5079 5992 5079 5990 5079 5993 0 5992 0 5994 0 5995 0 5993 0 5994 0 5996 0 5993 0 5995 0 5997 5080 5996 5080 5995 5080 5997 0 5998 0 5996 0</p>
        </triangles>
        <triangles material="mat_4_001-material" count="189">
          <input semantic="VERTEX" source="#Mesh69_647-mesh-vertices" offset="0"/>
          <input semantic="NORMAL" source="#Mesh69_647-mesh-normals" offset="1"/>
          <p>7 5081 8 5081 11 5081 9 5082 12 5082 7 5082 10 5083 9 5083 7 5083 10 5084 7 5084 11 5084 11 5085 14 5085 13 5085 10 5086 11 5086 13 5086 14 5087 15 5087 13 5087 14 5088 16 5088 15 5088 14 5089 17 5089 16 5089 17 5090 18 5090 16 5090 19 5091 10 5091 13 5091 19 5092 13 5092 20 5092 20 5093 13 5093 21 5093 19 5094 20 5094 22 5094 19 5095 22 5095 23 5095 24 5096 23 5096 25 5096 19 5097 23 5097 24 5097 26 5098 24 5098 27 5098 28 5099 24 5099 26 5099 19 5100 24 5100 28 5100 28 5101 26 5101 29 5101 29 5102 26 5102 30 5102 19 5103 31 5103 10 5103 31 5104 32 5104 10 5104 5455 5105 5457 5106 5456 5107 5456 5107 5457 5106 5458 5108 5456 5107 5458 5108 5459 5109 5459 5109 5458 5108 5460 5110 5459 5109 5460 5110 5461 5111 5461 5111 5460 5110 5462 5112 5464 5113 5462 5112 5463 5114 5461 5111 5462 5112 5464 5113 5464 5113 5463 5114 5465 5115 5465 5115 5467 5116 5466 5117 5465 5115 5463 5114 5467 5116 5466 5117 5467 5116 5468 5118 5466 5117 5468 5118 5469 5119 5469 5119 5468 5118 5470 5120 5469 5119 5470 5120 5471 5121 5471 5121 5470 5120 5472 5122 5471 5121 5472 5122 5473 5123 5473 5123 5472 5122 5474 5124 5473 5123 5474 5124 5475 5125 5475 5125 5474 5124 5476 5126 5475 5125 5476 5126 5477 5127 5477 5127 5476 5126 5478 5128 5480 5129 5478 5128 5479 5130 5477 5127 5478 5128 5480 5129 5480 5129 5479 5130 5481 5131 5481 5131 5479 5130 5482 5132 5481 5131 5482 5132 5483 5133 5483 5133 5485 5134 5484 5135 5483 5133 5482 5132 5485 5134 5484 5135 5485 5134 5486 5136 5484 5135 5486 5136 5487 5137 5487 5137 5486 5136 5488 5138 5487 5137 5488 5138 5489 5139 5489 5139 5488 5138 5490 5140 5489 5139 5490 5140 5492 5141 5492 5141 5490 5140 5491 5142 5492 5141 5491 5142 5493 5143 5493 5143 5491 5142 5494 5144 5493 5143 5494 5144 5495 5145 5495 5145 5494 5144 5496 5146 5495 5145 5496 5146 5497 5147 5497 5147 5496 5146 5498 5148 5498 5148 5496 5146 5499 5149 5498 5148 5499 5149 5500 5150 5500 5150 5499 5149 5501 5151 5500 5150 5501 5151 5502 5152 5502 5152 5501 5151 5503 5153 5502 5152 5503 5153 5504 5154 5504 5154 5506 5155 5505 5156 5504 5154 5503 5153 5506 5155 5505 5156 5506 5155 5507 5157 5509 5158 5507 5157 5508 5159 5505 5156 5507 5157 5509 5158 5510 5160 5512 5161 5511 5162 5512 5161 5513 5163 5511 5162 5512 5161 5514 5164 5513 5163 5514 5164 5515 5165 5513 5163 5514 5164 5516 5166 5515 5165 5516 5166 5517 5167 5518 5168 5519 5169 5517 5167 5516 5166 5516 5166 5518 5168 5515 5165 5517 5167 5520 5170 5518 5168 5521 5171 5522 5172 5520 5170 5517 5167 5521 5171 5520 5170 5521 5171 5523 5173 5522 5172 5523 5173 5524 5174 5522 5172 5523 5173 5525 5175 5524 5174 5525 5175 5526 5176 5524 5174 5525 5175 5527 5177 5526 5176 5527 5177 5528 5178 5526 5176 5527 5177 5529 5179 5528 5178 5529 5179 5530 5180 5528 5178 5532 5181 5531 5182 5530 5180 5529 5179 5532 5181 5530 5180 5532 5181 5533 5183 5531 5182 5533 5183 5535 5184 5534 5185 5533 5183 5534 5185 5531 5182 5535 5184 5537 5186 5536 5187 5535 5184 5536 5187 5534 5185 5537 5186 5538 5188 5539 5189 5537 5186 5539 5189 5536 5187 5538 5188 5540 5190 5539 5189 5540 5190 5541 5191 5539 5189 5540 5190 5542 5192 5541 5191 5542 5192 5543 5193 5541 5191 5542 5192 5544 5194 5543 5193 5544 5194 5545 5195 5543 5193 5544 5194 5546 5196 5545 5195 5546 5196 5547 5197 5545 5195 5549 5198 5548 5199 5547 5197 5546 5196 5549 5198 5547 5197 5549 5198 5550 5200 5548 5199 5550 5200 5551 5201 5548 5199 5550 5200 5552 5202 5551 5201 5552 5202 5553 5203 5554 5204 5552 5202 5554 5204 5551 5201 5553 5203 5555 5205 5554 5204 5553 5203 5556 5206 5555 5205 5556 5206 5557 5207 5555 5205 5556 5206 5558 5208 5557 5207 5558 5208 5559 5209 5557 5207 5558 5208 5560 5210 5559 5209 5560 5210 5561 5211 5559 5209 5560 5210 5562 5212 5561 5211 5562 5212 5563 5213 5561 5211 5565 5214 5564 5215 5563 5213 5562 5212 5565 5214 5563 5213 5565 5214 5567 5216 5566 5217 5565 5214 5566 5217 5564 5215 5720 5218 5721 5219 5724 5220 5723 5221 5722 5222 5720 5218 5723 5221 5720 5218 5724 5220 5723 5221 5724 5220 5725 5223 5727 5224 5725 5223 5726 5225 5727 5224 5723 5221 5725 5223 5728 5226 5727 5224 5726 5225 5728 5226 5726 5225 5730 5227 5729 5228 5728 5226 5730 5227 5729 5228 5730 5227 5731 5229 5732 5230 5731 5229 5733 5231 5732 5230 5729 5228 5731 5229 5735 5232 5733 5231 5734 5233 5735 5232 5732 5230 5733 5231 5736 5234 5735 5232 5734 5233 5736 5234 5734 5233 5738 5235 5737 5236 5736 5234 5738 5235 5737 5236 5738 5235 5739 5237 5740 5238 5737 5236 5739 5237 5740 5238 5739 5237 5741 5239 5742 5240 5740 5238 5741 5239 5742 5240 5741 5239 5743 5241 5745 5242 5742 5240 5743 5241 5745 5242 5743 5241 5744 5243 5746 5244 5745 5242 5744 5243 5747 5245 5746 5244 5748 5246 5746 5244 5744 5243 5748 5246 5747 5245 5748 5246 5749 5247 5751 5248 5749 5247 5750 5249 5751 5248 5747 5245 5749 5247 5752 5250 5751 5248 5750 5249 5752 5250 5750 5249 5753 5251 5754 5252 5752 5250 5753 5251 5755 5253 5754 5252 5756 5254 5754 5252 5753 5251 5756 5254 5755 5253 5756 5254 5757 5255 5759 5256 5757 5255 5758 5257 5759 5256 5755 5253 5757 5255 5760 5258 5759 5256 5758 5257 5760 5258 5758 5257 5761 5259 5762 5260 5760 5258 5761 5259 5763 5261 5762 5260 5764 5262 5762 5260 5761 5259 5764 5262 5763 5261 5764 5262 5765 5263 5767 5264 5765 5263 5766 5265 5767 5264 5763 5261 5765 5263 5768 5266 5767 5264 5766 5265 5768 5266 5766 5265 5769 5267 5771 5268 5768 5266 5769 5267 5770 5269 5768 5266 5771 5268 5771 5268 5769 5267 5772 5270 5773 5271 5770 5269 5771 5268 5774 5272 5770 5269 5773 5271 5773 5271 5775 5273 5774 5272 5777 5274 5775 5273 5776 5275 5777 5274 5774 5272 5775 5273</p>
        </triangles>
      </mesh>
    </geometry>
  </library_geometries>
  <library_visual_scenes>
    <visual_scene id="Scene" name="Scene">
      <node id="link_6_es" name="link_6_es" type="NODE">
        <matrix sid="transform">1 0 0 1.38425 0 -0.4040822 0.9147227 0 0 -0.9147227 -0.4040822 1.515 0 0 0 1</matrix>
        <instance_geometry url="#Mesh69_219-mesh" name="link_6_es">
          <bind_material>
            <technique_common>
              <instance_material symbol="mat_1_006-material" target="#mat_1_006-material"/>
              <instance_material symbol="mat_2_003-material" target="#mat_2_003-material"/>
              <instance_material symbol="mat_4_001-material" target="#mat_4_001-material"/>
              <instance_material symbol="Kuka_black_006-material" target="#Kuka_black_006-material"/>
            </technique_common>
          </bind_material>
        </instance_geometry>
      </node>
      <node id="link_6_rod" name="link_6_rod" type="NODE">
        <matrix sid="transform">1 0 0 1.38425 0 -0.4040822 0.9147227 0 0 -0.9147227 -0.4040822 1.515 0 0 0 1</matrix>
        <instance_geometry url="#Mesh69_608-mesh" name="link_6_rod">
          <bind_material>
            <technique_common>
              <instance_material symbol="mat_1_006-material" target="#mat_1_006-material"/>
              <instance_material symbol="mat_2_003-material" target="#mat_2_003-material"/>
              <instance_material symbol="mat_4_001-material" target="#mat_4_001-material"/>
              <instance_material symbol="Kuka_black_006-material" target="#Kuka_black_006-material"/>
            </technique_common>
          </bind_material>
        </instance_geometry>
      </node>
      <node id="link_6_es_251" name="link_6_es.251" type="NODE">
        <matrix sid="transform">1 0 0 1.38425 0 -0.4040822 0.9147227 0 0 -0.9147227 -0.4040822 1.515 0 0 0 1</matrix>
        <instance_geometry url="#Mesh69_647-mesh" name="link_6_es.251">
          <bind_material>
            <technique_common>
              <instance_material symbol="mat_1_006-material" target="#mat_1_006-material"/>
              <instance_material symbol="mat_2_003-material" target="#mat_2_003-material"/>
              <instance_material symbol="mat_4_001-material" target="#mat_4_001-material"/>
              <instance_material symbol="Kuka_black_006-material" target="#Kuka_black_006-material"/>
            </technique_common>
          </bind_material>
        </instance_geometry>
      </node>
    </visual_scene>
  </library_visual_scenes>
  <scene>
    <instance_visual_scene url="#Scene"/>
  </scene>
</COLLADA>