<?xml version="1.0" encoding="utf-8"?>
<COLLADA xmlns="http://www.collada.org/2005/11/COLLADASchema" version="1.4.1" xmlns:xsi="http://www.w3.org/2001/XMLSchema-instance">
  <asset>
    <contributor>
      <author>Blender User</author>
      <authoring_tool>Blender 3.0.1</authoring_tool>
    </contributor>
    <created>2026-09-01T13:41:01</created>
    <modified>2026-09-01T13:41:01</modified>
    <unit name="meter" meter="1"/>
    <up_axis>Z_UP</up_axis>
  </asset>
  <library_effects>
    <effect id="mat_0-effect">
      <profile_COMMON>
        <technique sid="common">
          <lambert>
            <emission>
              <color sid="emission">0 0 0 1</color>
            </emission>
            <diffuse>
              <color sid="diffuse">0.3139887 0.4019778 0.4286905 1</color>
            </diffuse>
            <reflectivity>
              <float sid="specular">1</float>
            </reflectivity>
            <index_of_refraction>
              <float sid="ior">1.45</float>
            </index_of_refraction>
          </lambert>
        </technique>
      </profile_COMMON>
    </effect>
  </library_effects>
  <library_images/>
  <library_materials>
    <material id="mat_0-material" name="mat_0">
      <instance_effect url="#mat_0-effect"/>
    </material>
  </library_materials>
  <library_geometries>
    <geometry id="_65_031-00_005_23-01umm000_00-mesh" name="865.031-00.005.23-01umm000~00">
      <mesh>
        <source id="_65_031-00_005_23-01umm000_00-mesh-positions">
          <float_array id="_65_031-00_005_23-01umm000_00-mesh-positions-array" count="24738">-440 0 -35 -434.3021 -70.58097 -35 -417.3561 -139.3339 -35 -389.6007 -204.4782 -35 -351.7548 -264.3266 -35 -304.7987 -317.3291 -35 -249.9485 -362.1129 -35 -188.6247 -397.5182 -35 -122.4157 -422.628 -35 -53.03614 -436.7919 -35 17.71702 -439.6432 -35 88.01131 -431.1079 -35 156.0261 -411.4071 -35 220 -381.0512 -35 278.276 -340.8262 -35 329.3447 -291.774 -35 371.8836 -235.165 -35 404.791 -172.4653 -35 427.2144 -105.2989 -35 438.5732 -35.40529 -35 438.5732 35.40529 -35 427.2144 105.2989 -35 404.791 172.4653 -35 371.8836 235.165 -35 329.3447 291.774 -35 278.276 340.8262 -35 220 381.0512 -35 156.0261 411.4071 -35 88.01131 431.1079 -35 17.71702 439.6432 -35 -53.03614 436.7919 -35 -122.4157 422.628 -35 -188.6247 397.5182 -35 -249.9485 362.1129 -35 -304.7987 317.3291 -35 -351.7548 264.3266 -35 -389.6007 204.4782 -35 -417.3561 139.3339 -35 -434.3021 70.58097 -35 -3.4 -390 -35 -3.301202 -389.1864 -35 -3.01055 -388.42 -35 -2.544937 -387.7454 -35 -1.93142 -387.2019 -35 -1.205657 -386.821 -35 -0.4098247 -386.6248 -35 0.4098247 -386.6248 -35 1.205657 -386.821 -35 1.93142 -387.2019 -35 2.544937 -387.7454 -35 3.01055 -388.42 -35 3.301202 -389.1864 -35 3.4 -390 -35 3.301202 -390.8137 -35 3.01055 -391.5801 -35 2.544937 -392.2546 -35 1.93142 -392.7982 -35 1.205657 -393.1791 -35 0.4098247 -393.3752 -35 -0.4098247 -393.3752 -35 -1.205657 -393.1791 -35 -1.93142 -392.7982 -35 -2.544937 -392.2546 -35 -3.01055 -391.5801 -35 -3.301202 -390.8137 -35 -393.4 0 -35 -393.3012 0.8136733 -35 -393.0106 1.580059 -35 -392.5449 2.254617 -35 -391.9314 2.798145 -35 -391.2057 3.179055 -35 -390.4098 3.37521 -35 -389.5902 3.37521 -35 -388.7944 3.179055 -35 -388.0686 2.798145 -35 -387.4551 2.254617 -35 -386.9895 1.580059 -35 -386.6988 0.8136733 -35 -386.6 0 -35 -386.6988 -0.8136733 -35 -386.9895 -1.580059 -35 -387.4551 -2.254617 -35 -388.0686 -2.798145 -35 -388.7944 -3.179055 -35 -389.5902 -3.37521 -35 -390.4098 -3.37521 -35 -391.2057 -3.179055 -35 -391.9314 -2.798145 -35 -392.5449 -2.254617 -35 -393.0106 -1.580059 -35 -393.3012 -0.8136733 -35 -3.4 390 -35 -3.301202 390.8137 -35 -3.01055 391.5801 -35 -2.544937 392.2546 -35 -1.93142 392.7982 -35 -1.205657 393.1791 -35 -0.4098247 393.3752 -35 0.4098247 393.3752 -35 1.205657 393.1791 -35 1.93142 392.7982 -35 2.544937 392.2546 -35 3.01055 391.5801 -35 3.301202 390.8137 -35 3.4 390 -35 3.301202 389.1864 -35 3.01055 388.42 -35 2.544937 387.7454 -35 1.93142 387.2019 -35 1.205657 386.821 -35 0.4098247 386.6248 -35 -0.4098247 386.6248 -35 -1.205657 386.821 -35 -1.93142 387.2019 -35 -2.544937 387.7454 -35 -3.01055 388.42 -35 -3.301202 389.1864 -35 386.6 0 -35 386.6988 0.8136733 -35 386.9895 1.580059 -35 387.4551 2.254617 -35 388.0686 2.798145 -35 388.7944 3.179055 -35 389.5902 3.37521 -35 390.4098 3.37521 -35 391.2057 3.179055 -35 391.9314 2.798145 -35 392.5449 2.254617 -35 393.0106 1.580059 -35 393.3012 0.8136733 -35 393.4 0 -35 393.3012 -0.8136733 -35 393.0106 -1.580059 -35 392.5449 -2.254617 -35 391.9314 -2.798145 -35 391.2057 -3.179055 -35 390.4098 -3.37521 -35 389.5902 -3.37521 -35 388.7944 -3.179055 -35 388.0686 -2.798145 -35 387.4551 -2.254617 -35 386.9895 -1.580059 -35 386.6988 -0.8136733 -35 379.5 -65 -35 379.8051 -62.48719 -35 380.7027 -60.12041 -35 382.1406 -58.03721 -35 384.0353 -56.35867 -35 386.2767 -55.18233 -35 388.7344 -54.57656 -35 391.2656 -54.57656 -35 393.7234 -55.18233 -35 395.9647 -56.35867 -35 397.8594 -58.03721 -35 399.2973 -60.12041 -35 400.1949 -62.48719 -35 400.5 -65 -35 400.1949 -67.51282 -35 399.2973 -69.8796 -35 397.8594 -71.96279 -35 395.9647 -73.64133 -35 393.7234 -74.81768 -35 391.2656 -75.42345 -35 388.7344 -75.42345 -35 386.2767 -74.81768 -35 384.0353 -73.64133 -35 382.1406 -71.96279 -35 380.7027 -69.8796 -35 379.8051 -67.51282 -35 379.5 65 -35 379.8051 67.51282 -35 380.7027 69.8796 -35 382.1406 71.96279 -35 384.0353 73.64133 -35 386.2767 74.81768 -35 388.7344 75.42345 -35 391.2656 75.42345 -35 393.7234 74.81768 -35 395.9647 73.64133 -35 397.8594 71.96279 -35 399.2973 69.8796 -35 400.1949 67.51282 -35 400.5 65 -35 400.1949 62.48719 -35 399.2973 60.12041 -35 397.8594 58.03721 -35 395.9647 56.35867 -35 393.7234 55.18233 -35 391.2656 54.57656 -35 388.7344 54.57656 -35 386.2767 55.18233 -35 384.0353 56.35867 -35 382.1406 58.03721 -35 380.7027 60.12041 -35 379.8051 62.48719 -35 -400.5 -65 -35 -400.1949 -62.48719 -35 -399.2973 -60.12041 -35 -397.8594 -58.03721 -35 -395.9647 -56.35867 -35 -393.7234 -55.18233 -35 -391.2656 -54.57656 -35 -388.7344 -54.57656 -35 -386.2767 -55.18233 -35 -384.0353 -56.35867 -35 -382.1406 -58.03721 -35 -380.7027 -60.12041 -35 -379.8051 -62.48719 -35 -379.5 -65 -35 -379.8051 -67.51282 -35 -380.7027 -69.8796 -35 -382.1406 -71.96279 -35 -384.0353 -73.64133 -35 -386.2767 -74.81768 -35 -388.7344 -75.42345 -35 -391.2656 -75.42345 -35 -393.7234 -74.81768 -35 -395.9647 -73.64133 -35 -397.8594 -71.96279 -35 -399.2973 -69.8796 -35 -400.1949 -67.51282 -35 -400.5 65 -35 -400.1949 67.51282 -35 -399.2973 69.8796 -35 -397.8594 71.96279 -35 -395.9647 73.64133 -35 -393.7234 74.81768 -35 -391.2656 75.42345 -35 -388.7344 75.42345 -35 -386.2767 74.81768 -35 -384.0353 73.64133 -35 -382.1406 71.96279 -35 -380.7027 69.8796 -35 -379.8051 67.51282 -35 -379.5 65 -35 -379.8051 62.48719 -35 -380.7027 60.12041 -35 -382.1406 58.03721 -35 -384.0353 56.35867 -35 -386.2767 55.18233 -35 -388.7344 54.57656 -35 -391.2656 54.57656 -35 -393.7234 55.18233 -35 -395.9647 56.35867 -35 -397.8594 58.03721 -35 -399.2973 60.12041 -35 -400.1949 62.48719 -35 54.5 -390 -35 54.80511 -387.4872 -35 55.70271 -385.1204 -35 57.14064 -383.0372 -35 59.03532 -381.3587 -35 61.27665 -380.1824 -35 63.73436 -379.5766 -35 66.26564 -379.5766 -35 68.72335 -380.1824 -35 70.96469 -381.3587 -35 72.85936 -383.0372 -35 74.29729 -385.1204 -35 75.1949 -387.4872 -35 75.5 -390 -35 75.1949 -392.5128 -35 74.29729 -394.8796 -35 72.85936 -396.9628 -35 70.96469 -398.6413 -35 68.72335 -399.8177 -35 66.26564 -400.4234 -35 63.73436 -400.4234 -35 61.27665 -399.8177 -35 59.03532 -398.6413 -35 57.14064 -396.9628 -35 55.70271 -394.8796 -35 54.80511 -392.5128 -35 -75.5 -390 -35 -75.1949 -387.4872 -35 -74.29729 -385.1204 -35 -72.85936 -383.0372 -35 -70.96469 -381.3587 -35 -68.72335 -380.1824 -35 -66.26564 -379.5766 -35 -63.73436 -379.5766 -35 -61.27665 -380.1824 -35 -59.03532 -381.3587 -35 -57.14064 -383.0372 -35 -55.70271 -385.1204 -35 -54.80511 -387.4872 -35 -54.5 -390 -35 -54.80511 -392.5128 -35 -55.70271 -394.8796 -35 -57.14064 -396.9628 -35 -59.03532 -398.6413 -35 -61.27665 -399.8177 -35 -63.73436 -400.4234 -35 -66.26564 -400.4234 -35 -68.72335 -399.8177 -35 -70.96469 -398.6413 -35 -72.85936 -396.9628 -35 -74.29729 -394.8796 -35 -75.1949 -392.5128 -35 54.5 390 -35 54.80511 392.5128 -35 55.70271 394.8796 -35 57.14064 396.9628 -35 59.03532 398.6413 -35 61.27665 399.8177 -35 63.73436 400.4234 -35 66.26564 400.4234 -35 68.72335 399.8177 -35 70.96469 398.6413 -35 72.85936 396.9628 -35 74.29729 394.8796 -35 75.1949 392.5128 -35 75.5 390 -35 75.1949 387.4872 -35 74.29729 385.1204 -35 72.85936 383.0372 -35 70.96469 381.3587 -35 68.72335 380.1824 -35 66.26564 379.5766 -35 63.73436 379.5766 -35 61.27665 380.1824 -35 59.03532 381.3587 -35 57.14064 383.0372 -35 55.70271 385.1204 -35 54.80511 387.4872 -35 -75.5 390 -35 -75.1949 392.5128 -35 -74.29729 394.8796 -35 -72.85936 396.9628 -35 -70.96469 398.6413 -35 -68.72335 399.8177 -35 -66.26564 400.4234 -35 -63.73436 400.4234 -35 -61.27665 399.8177 -35 -59.03532 398.6413 -35 -57.14064 396.9628 -35 -55.70271 394.8796 -35 -54.80511 392.5128 -35 -54.5 390 -35 -54.80511 387.4872 -35 -55.70271 385.1204 -35 -57.14064 383.0372 -35 -59.03532 381.3587 -35 -61.27665 380.1824 -35 -63.73436 379.5766 -35 -66.26564 379.5766 -35 -68.72335 380.1824 -35 -70.96469 381.3587 -35 -72.85936 383.0372 -35 -74.29729 385.1204 -35 -75.1949 387.4872 -35 308.2336 229.8097 -35 308.6259 233.0405 -35 309.7799 236.0835 -35 311.6287 238.7619 -35 314.0647 240.92 -35 316.9464 242.4324 -35 320.1064 243.2113 -35 323.3609 243.2113 -35 326.5208 242.4324 -35 329.4025 240.92 -35 331.8385 238.7619 -35 333.6873 236.0835 -35 334.8413 233.0405 -35 335.2336 229.8097 -35 334.8413 226.5789 -35 333.6873 223.5359 -35 331.8385 220.8575 -35 329.4025 218.6994 -35 326.5208 217.187 -35 323.3609 216.4081 -35 320.1064 216.4081 -35 316.9464 217.187 -35 314.0647 218.6994 -35 311.6287 220.8575 -35 309.7799 223.5359 -35 308.6259 226.5789 -35 216.3097 321.7336 -35 216.702 324.9644 -35 217.856 328.0074 -35 219.7048 330.6857 -35 222.1408 332.8439 -35 225.0225 334.3563 -35 228.1825 335.1352 -35 231.4369 335.1352 -35 234.5969 334.3563 -35 237.4786 332.8439 -35 239.9146 330.6857 -35 241.7634 328.0074 -35 242.9174 324.9644 -35 243.3097 321.7336 -35 242.9174 318.5028 -35 241.7634 315.4598 -35 239.9146 312.7814 -35 237.4786 310.6233 -35 234.5969 309.1109 -35 231.4369 308.332 -35 228.1825 308.332 -35 225.0225 309.1109 -35 222.1408 310.6233 -35 219.7048 312.7814 -35 217.856 315.4598 -35 216.702 318.5028 -35 -243.3097 321.7336 -35 -242.9174 324.9644 -35 -241.7634 328.0074 -35 -239.9146 330.6857 -35 -237.4786 332.8439 -35 -234.5969 334.3563 -35 -231.4369 335.1352 -35 -228.1825 335.1352 -35 -225.0225 334.3563 -35 -222.1408 332.8439 -35 -219.7048 330.6857 -35 -217.856 328.0074 -35 -216.702 324.9644 -35 -216.3097 321.7336 -35 -216.702 318.5028 -35 -217.856 315.4598 -35 -219.7048 312.7814 -35 -222.1408 310.6233 -35 -225.0225 309.1109 -35 -228.1825 308.332 -35 -231.4369 308.332 -35 -234.5969 309.1109 -35 -237.4786 310.6233 -35 -239.9146 312.7814 -35 -241.7634 315.4598 -35 -242.9174 318.5028 -35 -335.2336 229.8097 -35 -334.8413 233.0405 -35 -333.6873 236.0835 -35 -331.8385 238.7619 -35 -329.4025 240.92 -35 -326.5208 242.4324 -35 -323.3609 243.2113 -35 -320.1064 243.2113 -35 -316.9464 242.4324 -35 -314.0647 240.92 -35 -311.6287 238.7619 -35 -309.7799 236.0835 -35 -308.6259 233.0405 -35 -308.2336 229.8097 -35 -308.6259 226.5789 -35 -309.7799 223.5359 -35 -311.6287 220.8575 -35 -314.0647 218.6994 -35 -316.9464 217.187 -35 -320.1064 216.4081 -35 -323.3609 216.4081 -35 -326.5208 217.187 -35 -329.4025 218.6994 -35 -331.8385 220.8575 -35 -333.6873 223.5359 -35 -334.8413 226.5789 -35 -335.2336 -229.8097 -35 -334.8413 -226.5789 -35 -333.6873 -223.5359 -35 -331.8385 -220.8575 -35 -329.4025 -218.6994 -35 -326.5208 -217.187 -35 -323.3609 -216.4081 -35 -320.1064 -216.4081 -35 -316.9464 -217.187 -35 -314.0647 -218.6994 -35 -311.6287 -220.8575 -35 -309.7799 -223.5359 -35 -308.6259 -226.5789 -35 -308.2336 -229.8097 -35 -308.6259 -233.0405 -35 -309.7799 -236.0835 -35 -311.6287 -238.7619 -35 -314.0647 -240.92 -35 -316.9464 -242.4324 -35 -320.1064 -243.2113 -35 -323.3609 -243.2113 -35 -326.5208 -242.4324 -35 -329.4025 -240.92 -35 -331.8385 -238.7619 -35 -333.6873 -236.0835 -35 -334.8413 -233.0405 -35 -243.3097 -321.7336 -35 -242.9174 -318.5028 -35 -241.7634 -315.4598 -35 -239.9146 -312.7814 -35 -237.4786 -310.6233 -35 -234.5969 -309.1109 -35 -231.4369 -308.332 -35 -228.1825 -308.332 -35 -225.0225 -309.1109 -35 -222.1408 -310.6233 -35 -219.7048 -312.7814 -35 -217.856 -315.4598 -35 -216.702 -318.5028 -35 -216.3097 -321.7336 -35 -216.702 -324.9644 -35 -217.856 -328.0074 -35 -219.7048 -330.6857 -35 -222.1408 -332.8439 -35 -225.0225 -334.3563 -35 -228.1825 -335.1352 -35 -231.4369 -335.1352 -35 -234.5969 -334.3563 -35 -237.4786 -332.8439 -35 -239.9146 -330.6857 -35 -241.7634 -328.0074 -35 -242.9174 -324.9644 -35 216.3097 -321.7336 -35 216.702 -318.5028 -35 217.856 -315.4598 -35 219.7048 -312.7814 -35 222.1408 -310.6233 -35 225.0225 -309.1109 -35 228.1825 -308.332 -35 231.4369 -308.332 -35 234.5969 -309.1109 -35 237.4786 -310.6233 -35 239.9146 -312.7814 -35 241.7634 -315.4598 -35 242.9174 -318.5028 -35 243.3097 -321.7336 -35 242.9174 -324.9644 -35 241.7634 -328.0074 -35 239.9146 -330.6857 -35 237.4786 -332.8439 -35 234.5969 -334.3563 -35 231.4369 -335.1352 -35 228.1825 -335.1352 -35 225.0225 -334.3563 -35 222.1408 -332.8439 -35 219.7048 -330.6857 -35 217.856 -328.0074 -35 216.702 -324.9644 -35 308.2336 -229.8097 -35 308.6259 -226.5789 -35 309.7799 -223.5359 -35 311.6287 -220.8575 -35 314.0647 -218.6994 -35 316.9464 -217.187 -35 320.1064 -216.4081 -35 323.3609 -216.4081 -35 326.5208 -217.187 -35 329.4025 -218.6994 -35 331.8385 -220.8575 -35 333.6873 -223.5359 -35 334.8413 -226.5789 -35 335.2336 -229.8097 -35 334.8413 -233.0405 -35 333.6873 -236.0835 -35 331.8385 -238.7619 -35 329.4025 -240.92 -35 326.5208 -242.4324 -35 323.3609 -243.2113 -35 320.1064 -243.2113 -35 316.9464 -242.4324 -35 314.0647 -240.92 -35 311.6287 -238.7619 -35 309.7799 -236.0835 -35 308.6259 -233.0405 -35 -290.7716 275.7716 -35 -290.3358 279.3614 -35 -289.0535 282.7425 -35 -286.9993 285.7185 -35 -284.2926 288.1164 -35 -281.0907 289.7969 -35 -277.5797 290.6623 -35 -273.9636 290.6623 -35 -270.4526 289.7969 -35 -267.2507 288.1164 -35 -264.544 285.7185 -35 -262.4898 282.7425 -35 -261.2075 279.3614 -35 -260.7716 275.7716 -35 -261.2075 272.1819 -35 -262.4898 268.8008 -35 -264.544 265.8248 -35 -267.2507 263.4269 -35 -270.4526 261.7464 -35 -273.9636 260.881 -35 -277.5797 260.881 -35 -281.0907 261.7464 -35 -284.2926 263.4269 -35 -286.9993 265.8248 -35 -289.0535 268.8008 -35 -290.3358 272.1819 -35 -290.7716 -275.7716 -35 -290.3358 -272.1819 -35 -289.0535 -268.8008 -35 -286.9993 -265.8248 -35 -284.2926 -263.4269 -35 -281.0907 -261.7464 -35 -277.5797 -260.881 -35 -273.9636 -260.881 -35 -270.4526 -261.7464 -35 -267.2507 -263.4269 -35 -264.544 -265.8248 -35 -262.4898 -268.8008 -35 -261.2075 -272.1819 -35 -260.7716 -275.7716 -35 -261.2075 -279.3614 -35 -262.4898 -282.7425 -35 -264.544 -285.7185 -35 -267.2507 -288.1164 -35 -270.4526 -289.7969 -35 -273.9636 -290.6623 -35 -277.5797 -290.6623 -35 -281.0907 -289.7969 -35 -284.2926 -288.1164 -35 -286.9993 -285.7185 -35 -289.0535 -282.7425 -35 -290.3358 -279.3614 -35 260.7716 -275.7716 -35 261.2075 -272.1819 -35 262.4898 -268.8008 -35 264.544 -265.8248 -35 267.2507 -263.4269 -35 270.4526 -261.7464 -35 273.9636 -260.881 -35 277.5797 -260.881 -35 281.0907 -261.7464 -35 284.2926 -263.4269 -35 286.9993 -265.8248 -35 289.0535 -268.8008 -35 290.3358 -272.1819 -35 290.7716 -275.7716 -35 290.3358 -279.3614 -35 289.0535 -282.7425 -35 286.9993 -285.7185 -35 284.2926 -288.1164 -35 281.0907 -289.7969 -35 277.5797 -290.6623 -35 273.9636 -290.6623 -35 270.4526 -289.7969 -35 267.2507 -288.1164 -35 264.544 -285.7185 -35 262.4898 -282.7425 -35 261.2075 -279.3614 -35 260.7716 275.7716 -35 261.2075 279.3614 -35 262.4898 282.7425 -35 264.544 285.7185 -35 267.2507 288.1164 -35 270.4526 289.7969 -35 273.9636 290.6623 -35 277.5797 290.6623 -35 281.0907 289.7969 -35 284.2926 288.1164 -35 286.9993 285.7185 -35 289.0535 282.7425 -35 290.3358 279.3614 -35 290.7716 275.7716 -35 290.3358 272.1819 -35 289.0535 268.8008 -35 286.9993 265.8248 -35 284.2926 263.4269 -35 281.0907 261.7464 -35 277.5797 260.881 -35 273.9636 260.881 -35 270.4526 261.7464 -35 267.2507 263.4269 -35 264.544 265.8248 -35 262.4898 268.8008 -35 261.2075 272.1819 -35 238.7374 -35.35534 -35 238.9916 -33.26132 -35 239.7396 -31.28901 -35 240.9379 -29.55302 -35 242.5168 -28.15423 -35 244.3846 -27.17395 -35 246.4327 -26.66914 -35 248.5421 -26.66914 -35 250.5902 -27.17395 -35 252.4579 -28.15423 -35 254.0368 -29.55302 -35 255.2351 -31.28901 -35 255.9831 -33.26132 -35 256.2374 -35.35534 -35 255.9831 -37.44935 -35 255.2351 -39.42166 -35 254.0368 -41.15766 -35 252.4579 -42.55644 -35 250.5902 -43.53673 -35 248.5421 -44.04154 -35 246.4327 -44.04154 -35 244.3846 -43.53673 -35 242.5168 -42.55644 -35 240.9379 -41.15766 -35 239.7396 -39.42166 -35 238.9916 -37.44935 -35 238.7374 35.35534 -35 238.9916 37.44935 -35 239.7396 39.42166 -35 240.9379 41.15766 -35 242.5168 42.55644 -35 244.3846 43.53673 -35 246.4327 44.04154 -35 248.5421 44.04154 -35 250.5902 43.53673 -35 252.4579 42.55644 -35 254.0368 41.15766 -35 255.2351 39.42166 -35 255.9831 37.44935 -35 256.2374 35.35534 -35 255.9831 33.26132 -35 255.2351 31.28901 -35 254.0368 29.55302 -35 252.4579 28.15423 -35 250.5902 27.17395 -35 248.5421 26.66914 -35 246.4327 26.66914 -35 244.3846 27.17395 -35 242.5168 28.15423 -35 240.9379 29.55302 -35 239.7396 31.28901 -35 238.9916 33.26132 -35 26.60534 247.4874 -35 26.8596 249.5814 -35 27.6076 251.5537 -35 28.80587 253.2897 -35 30.38477 254.6885 -35 32.25254 255.6688 -35 34.30064 256.1736 -35 36.41003 256.1736 -35 38.45813 255.6688 -35 40.3259 254.6885 -35 41.90481 253.2897 -35 43.10308 251.5537 -35 43.85108 249.5814 -35 44.10534 247.4874 -35 43.85108 245.3934 -35 43.10308 243.421 -35 41.90481 241.685 -35 40.3259 240.2863 -35 38.45813 239.306 -35 36.41003 238.8012 -35 34.30064 238.8012 -35 32.25254 239.306 -35 30.38477 240.2863 -35 28.80587 241.685 -35 27.6076 243.421 -35 26.8596 245.3934 -35 -44.10534 247.4874 -35 -43.85108 249.5814 -35 -43.10308 251.5537 -35 -41.90481 253.2897 -35 -40.3259 254.6885 -35 -38.45813 255.6688 -35 -36.41003 256.1736 -35 -34.30064 256.1736 -35 -32.25254 255.6688 -35 -30.38477 254.6885 -35 -28.80587 253.2897 -35 -27.6076 251.5537 -35 -26.8596 249.5814 -35 -26.60534 247.4874 -35 -26.8596 245.3934 -35 -27.6076 243.421 -35 -28.80587 241.685 -35 -30.38477 240.2863 -35 -32.25254 239.306 -35 -34.30064 238.8012 -35 -36.41003 238.8012 -35 -38.45813 239.306 -35 -40.3259 240.2863 -35 -41.90481 241.685 -35 -43.10308 243.421 -35 -43.85108 245.3934 -35 -256.2374 35.35534 -35 -255.9831 37.44935 -35 -255.2351 39.42166 -35 -254.0368 41.15766 -35 -252.4579 42.55644 -35 -250.5902 43.53673 -35 -248.5421 44.04154 -35 -246.4327 44.04154 -35 -244.3846 43.53673 -35 -242.5168 42.55644 -35 -240.9379 41.15766 -35 -239.7396 39.42166 -35 -238.9916 37.44935 -35 -238.7374 35.35534 -35 -238.9916 33.26132 -35 -239.7396 31.28901 -35 -240.9379 29.55302 -35 -242.5168 28.15423 -35 -244.3846 27.17395 -35 -246.4327 26.66914 -35 -248.5421 26.66914 -35 -250.5902 27.17395 -35 -252.4579 28.15423 -35 -254.0368 29.55302 -35 -255.2351 31.28901 -35 -255.9831 33.26132 -35 -256.2374 -35.35534 -35 -255.9831 -33.26132 -35 -255.2351 -31.28901 -35 -254.0368 -29.55302 -35 -252.4579 -28.15423 -35 -250.5902 -27.17395 -35 -248.5421 -26.66914 -35 -246.4327 -26.66914 -35 -244.3846 -27.17395 -35 -242.5168 -28.15423 -35 -240.9379 -29.55302 -35 -239.7396 -31.28901 -35 -238.9916 -33.26132 -35 -238.7374 -35.35534 -35 -238.9916 -37.44935 -35 -239.7396 -39.42166 -35 -240.9379 -41.15766 -35 -242.5168 -42.55644 -35 -244.3846 -43.53673 -35 -246.4327 -44.04154 -35 -248.5421 -44.04154 -35 -250.5902 -43.53673 -35 -252.4579 -42.55644 -35 -254.0368 -41.15766 -35 -255.2351 -39.42166 -35 -255.9831 -37.44935 -35 -44.10534 -247.4874 -35 -43.85108 -245.3934 -35 -43.10308 -243.421 -35 -41.90481 -241.685 -35 -40.3259 -240.2863 -35 -38.45813 -239.306 -35 -36.41003 -238.8012 -35 -34.30064 -238.8012 -35 -32.25254 -239.306 -35 -30.38477 -240.2863 -35 -28.80587 -241.685 -35 -27.6076 -243.421 -35 -26.8596 -245.3934 -35 -26.60534 -247.4874 -35 -26.8596 -249.5814 -35 -27.6076 -251.5537 -35 -28.80587 -253.2897 -35 -30.38477 -254.6885 -35 -32.25254 -255.6688 -35 -34.30064 -256.1736 -35 -36.41003 -256.1736 -35 -38.45813 -255.6688 -35 -40.3259 -254.6885 -35 -41.90481 -253.2897 -35 -43.10308 -251.5537 -35 -43.85108 -249.5814 -35 26.60534 -247.4874 -35 26.8596 -245.3934 -35 27.6076 -243.421 -35 28.80587 -241.685 -35 30.38477 -240.2863 -35 32.25254 -239.306 -35 34.30064 -238.8012 -35 36.41003 -238.8012 -35 38.45813 -239.306 -35 40.3259 -240.2863 -35 41.90481 -241.685 -35 43.10308 -243.421 -35 43.85108 -245.3934 -35 44.10534 -247.4874 -35 43.85108 -249.5814 -35 43.10308 -251.5537 -35 41.90481 -253.2897 -35 40.3259 -254.6885 -35 38.45813 -255.6688 -35 36.41003 -256.1736 -35 34.30064 -256.1736 -35 32.25254 -255.6688 -35 30.38477 -254.6885 -35 28.80587 -253.2897 -35 27.6076 -251.5537 -35 26.8596 -249.5814 -35 -208.75 -150 -35 -208.4957 -147.906 -35 -207.7477 -145.9337 -35 -206.5495 -144.1977 -35 -204.9706 -142.7989 -35 -203.1028 -141.8186 -35 -201.0547 -141.3138 -35 -198.9453 -141.3138 -35 -196.8972 -141.8186 -35 -195.0294 -142.7989 -35 -193.4505 -144.1977 -35 -192.2523 -145.9337 -35 -191.5043 -147.906 -35 -191.25 -150 -35 -191.5043 -152.094 -35 -192.2523 -154.0663 -35 -193.4505 -155.8023 -35 -195.0294 -157.2011 -35 -196.8972 -158.1814 -35 -198.9453 -158.6862 -35 -201.0547 -158.6862 -35 -203.1028 -158.1814 -35 -204.9706 -157.2011 -35 -206.5495 -155.8023 -35 -207.7477 -154.0663 -35 -208.4957 -152.094 -35 -158.75 -200 -35 -158.4957 -197.906 -35 -157.7477 -195.9337 -35 -156.5495 -194.1977 -35 -154.9706 -192.7989 -35 -153.1028 -191.8186 -35 -151.0547 -191.3138 -35 -148.9453 -191.3138 -35 -146.8972 -191.8186 -35 -145.0294 -192.7989 -35 -143.4505 -194.1977 -35 -142.2523 -195.9337 -35 -141.5043 -197.906 -35 -141.25 -200 -35 -141.5043 -202.094 -35 -142.2523 -204.0663 -35 -143.4505 -205.8023 -35 -145.0294 -207.2011 -35 -146.8972 -208.1814 -35 -148.9453 -208.6862 -35 -151.0547 -208.6862 -35 -153.1028 -208.1814 -35 -154.9706 -207.2011 -35 -156.5495 -205.8023 -35 -157.7477 -204.0663 -35 -158.4957 -202.094 -35 141.25 -200 -35 141.5043 -197.906 -35 142.2523 -195.9337 -35 143.4505 -194.1977 -35 145.0294 -192.7989 -35 146.8972 -191.8186 -35 148.9453 -191.3138 -35 151.0547 -191.3138 -35 153.1028 -191.8186 -35 154.9706 -192.7989 -35 156.5495 -194.1977 -35 157.7477 -195.9337 -35 158.4957 -197.906 -35 158.75 -200 -35 158.4957 -202.094 -35 157.7477 -204.0663 -35 156.5495 -205.8023 -35 154.9706 -207.2011 -35 153.1028 -208.1814 -35 151.0547 -208.6862 -35 148.9453 -208.6862 -35 146.8972 -208.1814 -35 145.0294 -207.2011 -35 143.4505 -205.8023 -35 142.2523 -204.0663 -35 141.5043 -202.094 -35 191.25 -150 -35 191.5043 -147.906 -35 192.2523 -145.9337 -35 193.4505 -144.1977 -35 195.0294 -142.7989 -35 196.8972 -141.8186 -35 198.9453 -141.3138 -35 201.0547 -141.3138 -35 203.1028 -141.8186 -35 204.9706 -142.7989 -35 206.5495 -144.1977 -35 207.7477 -145.9337 -35 208.4957 -147.906 -35 208.75 -150 -35 208.4957 -152.094 -35 207.7477 -154.0663 -35 206.5495 -155.8023 -35 204.9706 -157.2011 -35 203.1028 -158.1814 -35 201.0547 -158.6862 -35 198.9453 -158.6862 -35 196.8972 -158.1814 -35 195.0294 -157.2011 -35 193.4505 -155.8023 -35 192.2523 -154.0663 -35 191.5043 -152.094 -35 191.25 150 -35 191.5043 152.094 -35 192.2523 154.0663 -35 193.4505 155.8023 -35 195.0294 157.2011 -35 196.8972 158.1814 -35 198.9453 158.6862 -35 201.0547 158.6862 -35 203.1028 158.1814 -35 204.9706 157.2011 -35 206.5495 155.8023 -35 207.7477 154.0663 -35 208.4957 152.094 -35 208.75 150 -35 208.4957 147.906 -35 207.7477 145.9337 -35 206.5495 144.1977 -35 204.9706 142.7989 -35 203.1028 141.8186 -35 201.0547 141.3138 -35 198.9453 141.3138 -35 196.8972 141.8186 -35 195.0294 142.7989 -35 193.4505 144.1977 -35 192.2523 145.9337 -35 191.5043 147.906 -35 141.25 200 -35 141.5043 202.094 -35 142.2523 204.0663 -35 143.4505 205.8023 -35 145.0294 207.2011 -35 146.8972 208.1814 -35 148.9453 208.6862 -35 151.0547 208.6862 -35 153.1028 208.1814 -35 154.9706 207.2011 -35 156.5495 205.8023 -35 157.7477 204.0663 -35 158.4957 202.094 -35 158.75 200 -35 158.4957 197.906 -35 157.7477 195.9337 -35 156.5495 194.1977 -35 154.9706 192.7989 -35 153.1028 191.8186 -35 151.0547 191.3138 -35 148.9453 191.3138 -35 146.8972 191.8186 -35 145.0294 192.7989 -35 143.4505 194.1977 -35 142.2523 195.9337 -35 141.5043 197.906 -35 -158.75 200 -35 -158.4957 202.094 -35 -157.7477 204.0663 -35 -156.5495 205.8023 -35 -154.9706 207.2011 -35 -153.1028 208.1814 -35 -151.0547 208.6862 -35 -148.9453 208.6862 -35 -146.8972 208.1814 -35 -145.0294 207.2011 -35 -143.4505 205.8023 -35 -142.2523 204.0663 -35 -141.5043 202.094 -35 -141.25 200 -35 -141.5043 197.906 -35 -142.2523 195.9337 -35 -143.4505 194.1977 -35 -145.0294 192.7989 -35 -146.8972 191.8186 -35 -148.9453 191.3138 -35 -151.0547 191.3138 -35 -153.1028 191.8186 -35 -154.9706 192.7989 -35 -156.5495 194.1977 -35 -157.7477 195.9337 -35 -158.4957 197.906 -35 -208.75 150 -35 -208.4957 152.094 -35 -207.7477 154.0663 -35 -206.5495 155.8023 -35 -204.9706 157.2011 -35 -203.1028 158.1814 -35 -201.0547 158.6862 -35 -198.9453 158.6862 -35 -196.8972 158.1814 -35 -195.0294 157.2011 -35 -193.4505 155.8023 -35 -192.2523 154.0663 -35 -191.5043 152.094 -35 -191.25 150 -35 -191.5043 147.906 -35 -192.2523 145.9337 -35 -193.4505 144.1977 -35 -195.0294 142.7989 -35 -196.8972 141.8186 -35 -198.9453 141.3138 -35 -201.0547 141.3138 -35 -203.1028 141.8186 -35 -204.9706 142.7989 -35 -206.5495 144.1977 -35 -207.7477 145.9337 -35 -208.4957 147.906 -35 241.4874 0 -35 241.6617 1.435894 -35 242.1746 2.788339 -35 242.9963 3.978736 -35 244.079 4.937903 -35 245.3597 5.610097 -35 246.7642 5.956253 -35 248.2106 5.956253 -35 249.615 5.610097 -35 250.8958 4.937903 -35 251.9784 3.978736 -35 252.8001 2.788339 -35 253.313 1.435894 -35 253.4874 0 -35 253.313 -1.435894 -35 252.8001 -2.788339 -35 251.9784 -3.978736 -35 250.8958 -4.937903 -35 249.615 -5.610097 -35 248.2106 -5.956253 -35 246.7642 -5.956253 -35 245.3597 -5.610097 -35 244.079 -4.937903 -35 242.9963 -3.978736 -35 242.1746 -2.788339 -35 241.6617 -1.435894 -35 -253.4874 0 -35 -253.313 1.435894 -35 -252.8001 2.788339 -35 -251.9784 3.978736 -35 -250.8958 4.937903 -35 -249.615 5.610097 -35 -248.2106 5.956253 -35 -246.7642 5.956253 -35 -245.3597 5.610097 -35 -244.079 4.937903 -35 -242.9963 3.978736 -35 -242.1746 2.788339 -35 -241.6617 1.435894 -35 -241.4874 0 -35 -241.6617 -1.435894 -35 -242.1746 -2.788339 -35 -242.9963 -3.978736 -35 -244.079 -4.937903 -35 -245.3597 -5.610097 -35 -246.7642 -5.956253 -35 -248.2106 -5.956253 -35 -249.615 -5.610097 -35 -250.8958 -4.937903 -35 -251.9784 -3.978736 -35 -252.8001 -2.788339 -35 -253.313 -1.435894 -35 -6 247.4874 -35 -5.825651 248.9233 -35 -5.312736 250.2757 -35 -4.491065 251.4661 -35 -3.408388 252.4253 -35 -2.127629 253.0975 -35 -0.7232201 253.4436 -35 0.7232201 253.4436 -35 2.127629 253.0975 -35 3.408388 252.4253 -35 4.491065 251.4661 -35 5.312736 250.2757 -35 5.825651 248.9233 -35 6 247.4874 -35 5.825651 246.0515 -35 5.312736 244.699 -35 4.491065 243.5086 -35 3.408388 242.5495 -35 2.127629 241.8773 -35 0.7232201 241.5311 -35 -0.7232201 241.5311 -35 -2.127629 241.8773 -35 -3.408388 242.5495 -35 -4.491065 243.5086 -35 -5.312736 244.699 -35 -5.825651 246.0515 -35 -6 -247.4874 -35 -5.825651 -246.0515 -35 -5.312736 -244.699 -35 -4.491065 -243.5086 -35 -3.408388 -242.5495 -35 -2.127629 -241.8773 -35 -0.7232201 -241.5311 -35 0.7232201 -241.5311 -35 2.127629 -241.8773 -35 3.408388 -242.5495 -35 4.491065 -243.5086 -35 5.312736 -244.699 -35 5.825651 -246.0515 -35 6 -247.4874 -35 5.825651 -248.9233 -35 5.312736 -250.2757 -35 4.491065 -251.4661 -35 3.408388 -252.4253 -35 2.127629 -253.0975 -35 0.7232201 -253.4436 -35 -0.7232201 -253.4436 -35 -2.127629 -253.0975 -35 -3.408388 -252.4253 -35 -4.491065 -251.4661 -35 -5.312736 -250.2757 -35 -5.825651 -248.9233 -35 169 175 -35 169.1743 176.4359 -35 169.6873 177.7883 -35 170.5089 178.9787 -35 171.5916 179.9379 -35 172.8724 180.6101 -35 174.2768 180.9562 -35 175.7232 180.9562 -35 177.1276 180.6101 -35 178.4084 179.9379 -35 179.4911 178.9787 -35 180.3127 177.7883 -35 180.8256 176.4359 -35 181 175 -35 180.8256 173.5641 -35 180.3127 172.2117 -35 179.4911 171.0213 -35 178.4084 170.0621 -35 177.1276 169.3899 -35 175.7232 169.0437 -35 174.2768 169.0437 -35 172.8724 169.3899 -35 171.5916 170.0621 -35 170.5089 171.0213 -35 169.6873 172.2117 -35 169.1743 173.5641 -35 -181 175 -35 -180.8256 176.4359 -35 -180.3127 177.7883 -35 -179.4911 178.9787 -35 -178.4084 179.9379 -35 -177.1276 180.6101 -35 -175.7232 180.9562 -35 -174.2768 180.9562 -35 -172.8724 180.6101 -35 -171.5916 179.9379 -35 -170.5089 178.9787 -35 -169.6873 177.7883 -35 -169.1743 176.4359 -35 -169 175 -35 -169.1743 173.5641 -35 -169.6873 172.2117 -35 -170.5089 171.0213 -35 -171.5916 170.0621 -35 -172.8724 169.3899 -35 -174.2768 169.0437 -35 -175.7232 169.0437 -35 -177.1276 169.3899 -35 -178.4084 170.0621 -35 -179.4911 171.0213 -35 -180.3127 172.2117 -35 -180.8256 173.5641 -35 -181 -175 -35 -180.8256 -173.5641 -35 -180.3127 -172.2117 -35 -179.4911 -171.0213 -35 -178.4084 -170.0621 -35 -177.1276 -169.3899 -35 -175.7232 -169.0437 -35 -174.2768 -169.0437 -35 -172.8724 -169.3899 -35 -171.5916 -170.0621 -35 -170.5089 -171.0213 -35 -169.6873 -172.2117 -35 -169.1743 -173.5641 -35 -169 -175 -35 -169.1743 -176.4359 -35 -169.6873 -177.7883 -35 -170.5089 -178.9787 -35 -171.5916 -179.9379 -35 -172.8724 -180.6101 -35 -174.2768 -180.9562 -35 -175.7232 -180.9562 -35 -177.1276 -180.6101 -35 -178.4084 -179.9379 -35 -179.4911 -178.9787 -35 -180.3127 -177.7883 -35 -180.8256 -176.4359 -35 169 -175 -35 169.1743 -173.5641 -35 169.6873 -172.2117 -35 170.5089 -171.0213 -35 171.5916 -170.0621 -35 172.8724 -169.3899 -35 174.2768 -169.0437 -35 175.7232 -169.0437 -35 177.1276 -169.3899 -35 178.4084 -170.0621 -35 179.4911 -171.0213 -35 180.3127 -172.2117 -35 180.8256 -173.5641 -35 181 -175 -35 180.8256 -176.4359 -35 180.3127 -177.7883 -35 179.4911 -178.9787 -35 178.4084 -179.9379 -35 177.1276 -180.6101 -35 175.7232 -180.9562 -35 174.2768 -180.9562 -35 172.8724 -180.6101 -35 171.5916 -179.9379 -35 170.5089 -178.9787 -35 169.6873 -177.7883 -35 169.1743 -176.4359 -35 -440 0 0 -434.3021 70.58097 0 -417.3561 139.3339 0 -389.6007 204.4782 0 -351.7548 264.3266 0 -304.7987 317.3291 0 -249.9485 362.1129 0 -188.6247 397.5182 0 -122.4157 422.628 0 -53.03614 436.7919 0 17.71702 439.6432 0 88.01131 431.1079 0 156.0261 411.4071 0 220 381.0512 0 278.276 340.8262 0 329.3447 291.774 0 371.8836 235.165 0 404.791 172.4653 0 427.2144 105.2989 0 438.5732 35.40529 0 438.5732 -35.40529 0 427.2144 -105.2989 0 404.791 -172.4653 0 371.8836 -235.165 0 329.3447 -291.774 0 278.276 -340.8262 0 220 -381.0512 0 156.0261 -411.4071 0 88.01131 -431.1079 0 17.71702 -439.6432 0 -53.03614 -436.7919 0 -122.4157 -422.628 0 -188.6247 -397.5182 0 -249.9485 -362.1129 0 -304.7987 -317.3291 0 -351.7548 -264.3266 0 -389.6007 -204.4782 0 -417.3561 -139.3339 0 -434.3021 -70.58097 0 -10 -390 0 -9.709419 -387.6069 0 -8.85456 -385.3528 0 -7.485107 -383.3688 0 -5.680647 -381.7702 0 -3.546049 -380.6499 0 -1.205367 -380.0729 0 1.205367 -380.0729 0 3.546049 -380.6499 0 5.680647 -381.7702 0 7.485107 -383.3688 0 8.85456 -385.3528 0 9.709419 -387.6069 0 10 -390 0 9.709419 -392.3932 0 8.85456 -394.6472 0 7.485107 -396.6312 0 5.680647 -398.2298 0 3.546049 -399.3502 0 1.205367 -399.9271 0 -1.205367 -399.9271 0 -3.546049 -399.3502 0 -5.680647 -398.2298 0 -7.485107 -396.6312 0 -8.85456 -394.6472 0 -9.709419 -392.3932 0 -10 390 0 -9.709419 392.3932 0 -8.85456 394.6472 0 -7.485107 396.6312 0 -5.680647 398.2298 0 -3.546049 399.3502 0 -1.205367 399.9271 0 1.205367 399.9271 0 3.546049 399.3502 0 5.680647 398.2298 0 7.485107 396.6312 0 8.85456 394.6472 0 9.709419 392.3932 0 10 390 0 9.709419 387.6069 0 8.85456 385.3528 0 7.485107 383.3688 0 5.680647 381.7702 0 3.546049 380.6499 0 1.205367 380.0729 0 -1.205367 380.0729 0 -3.546049 380.6499 0 -5.680647 381.7702 0 -7.485107 383.3688 0 -8.85456 385.3528 0 -9.709419 387.6069 0 -400 0 0 -399.7094 2.393157 0 -398.8546 4.647232 0 -397.4851 6.631227 0 -395.6806 8.229839 0 -393.5461 9.350163 0 -391.2054 9.927089 0 -388.7947 9.927089 0 -386.454 9.350163 0 -384.3194 8.229839 0 -382.5149 6.631227 0 -381.1455 4.647232 0 -380.2906 2.393157 0 -380 0 0 -380.2906 -2.393157 0 -381.1455 -4.647232 0 -382.5149 -6.631227 0 -384.3194 -8.229839 0 -386.454 -9.350163 0 -388.7947 -9.927089 0 -391.2054 -9.927089 0 -393.5461 -9.350163 0 -395.6806 -8.229839 0 -397.4851 -6.631227 0 -398.8546 -4.647232 0 -399.7094 -2.393157 0 380 0 0 380.2906 2.393157 0 381.1455 4.647232 0 382.5149 6.631227 0 384.3194 8.229839 0 386.454 9.350163 0 388.7947 9.927089 0 391.2054 9.927089 0 393.5461 9.350163 0 395.6806 8.229839 0 397.4851 6.631227 0 398.8546 4.647232 0 399.7094 2.393157 0 400 0 0 399.7094 -2.393157 0 398.8546 -4.647232 0 397.4851 -6.631227 0 395.6806 -8.229839 0 393.5461 -9.350163 0 391.2054 -9.927089 0 388.7947 -9.927089 0 386.454 -9.350163 0 384.3194 -8.229839 0 382.5149 -6.631227 0 381.1455 -4.647232 0 380.2906 -2.393157 0 379.5 -65 0 379.8051 -62.48719 0 380.7027 -60.12041 0 382.1406 -58.03721 0 384.0353 -56.35867 0 386.2767 -55.18233 0 388.7344 -54.57656 0 391.2656 -54.57656 0 393.7234 -55.18233 0 395.9647 -56.35867 0 397.8594 -58.03721 0 399.2973 -60.12041 0 400.1949 -62.48719 0 400.5 -65 0 400.1949 -67.51282 0 399.2973 -69.8796 0 397.8594 -71.96279 0 395.9647 -73.64133 0 393.7234 -74.81768 0 391.2656 -75.42345 0 388.7344 -75.42345 0 386.2767 -74.81768 0 384.0353 -73.64133 0 382.1406 -71.96279 0 380.7027 -69.8796 0 379.8051 -67.51282 0 379.5 65 0 379.8051 67.51282 0 380.7027 69.8796 0 382.1406 71.96279 0 384.0353 73.64133 0 386.2767 74.81768 0 388.7344 75.42345 0 391.2656 75.42345 0 393.7234 74.81768 0 395.9647 73.64133 0 397.8594 71.96279 0 399.2973 69.8796 0 400.1949 67.51282 0 400.5 65 0 400.1949 62.48719 0 399.2973 60.12041 0 397.8594 58.03721 0 395.9647 56.35867 0 393.7234 55.18233 0 391.2656 54.57656 0 388.7344 54.57656 0 386.2767 55.18233 0 384.0353 56.35867 0 382.1406 58.03721 0 380.7027 60.12041 0 379.8051 62.48719 0 -400.5 -65 0 -400.1949 -62.48719 0 -399.2973 -60.12041 0 -397.8594 -58.03721 0 -395.9647 -56.35867 0 -393.7234 -55.18233 0 -391.2656 -54.57656 0 -388.7344 -54.57656 0 -386.2767 -55.18233 0 -384.0353 -56.35867 0 -382.1406 -58.03721 0 -380.7027 -60.12041 0 -379.8051 -62.48719 0 -379.5 -65 0 -379.8051 -67.51282 0 -380.7027 -69.8796 0 -382.1406 -71.96279 0 -384.0353 -73.64133 0 -386.2767 -74.81768 0 -388.7344 -75.42345 0 -391.2656 -75.42345 0 -393.7234 -74.81768 0 -395.9647 -73.64133 0 -397.8594 -71.96279 0 -399.2973 -69.8796 0 -400.1949 -67.51282 0 -400.5 65 0 -400.1949 67.51282 0 -399.2973 69.8796 0 -397.8594 71.96279 0 -395.9647 73.64133 0 -393.7234 74.81768 0 -391.2656 75.42345 0 -388.7344 75.42345 0 -386.2767 74.81768 0 -384.0353 73.64133 0 -382.1406 71.96279 0 -380.7027 69.8796 0 -379.8051 67.51282 0 -379.5 65 0 -379.8051 62.48719 0 -380.7027 60.12041 0 -382.1406 58.03721 0 -384.0353 56.35867 0 -386.2767 55.18233 0 -388.7344 54.57656 0 -391.2656 54.57656 0 -393.7234 55.18233 0 -395.9647 56.35867 0 -397.8594 58.03721 0 -399.2973 60.12041 0 -400.1949 62.48719 0 54.5 -390 0 54.80511 -387.4872 0 55.70271 -385.1204 0 57.14064 -383.0372 0 59.03532 -381.3587 0 61.27665 -380.1824 0 63.73436 -379.5766 0 66.26564 -379.5766 0 68.72335 -380.1824 0 70.96469 -381.3587 0 72.85936 -383.0372 0 74.29729 -385.1204 0 75.1949 -387.4872 0 75.5 -390 0 75.1949 -392.5128 0 74.29729 -394.8796 0 72.85936 -396.9628 0 70.96469 -398.6413 0 68.72335 -399.8177 0 66.26564 -400.4234 0 63.73436 -400.4234 0 61.27665 -399.8177 0 59.03532 -398.6413 0 57.14064 -396.9628 0 55.70271 -394.8796 0 54.80511 -392.5128 0 -75.5 -390 0 -75.1949 -387.4872 0 -74.29729 -385.1204 0 -72.85936 -383.0372 0 -70.96469 -381.3587 0 -68.72335 -380.1824 0 -66.26564 -379.5766 0 -63.73436 -379.5766 0 -61.27665 -380.1824 0 -59.03532 -381.3587 0 -57.14064 -383.0372 0 -55.70271 -385.1204 0 -54.80511 -387.4872 0 -54.5 -390 0 -54.80511 -392.5128 0 -55.70271 -394.8796 0 -57.14064 -396.9628 0 -59.03532 -398.6413 0 -61.27665 -399.8177 0 -63.73436 -400.4234 0 -66.26564 -400.4234 0 -68.72335 -399.8177 0 -70.96469 -398.6413 0 -72.85936 -396.9628 0 -74.29729 -394.8796 0 -75.1949 -392.5128 0 54.5 390 0 54.80511 392.5128 0 55.70271 394.8796 0 57.14064 396.9628 0 59.03532 398.6413 0 61.27665 399.8177 0 63.73436 400.4234 0 66.26564 400.4234 0 68.72335 399.8177 0 70.96469 398.6413 0 72.85936 396.9628 0 74.29729 394.8796 0 75.1949 392.5128 0 75.5 390 0 75.1949 387.4872 0 74.29729 385.1204 0 72.85936 383.0372 0 70.96469 381.3587 0 68.72335 380.1824 0 66.26564 379.5766 0 63.73436 379.5766 0 61.27665 380.1824 0 59.03532 381.3587 0 57.14064 383.0372 0 55.70271 385.1204 0 54.80511 387.4872 0 -75.5 390 0 -75.1949 392.5128 0 -74.29729 394.8796 0 -72.85936 396.9628 0 -70.96469 398.6413 0 -68.72335 399.8177 0 -66.26564 400.4234 0 -63.73436 400.4234 0 -61.27665 399.8177 0 -59.03532 398.6413 0 -57.14064 396.9628 0 -55.70271 394.8796 0 -54.80511 392.5128 0 -54.5 390 0 -54.80511 387.4872 0 -55.70271 385.1204 0 -57.14064 383.0372 0 -59.03532 381.3587 0 -61.27665 380.1824 0 -63.73436 379.5766 0 -66.26564 379.5766 0 -68.72335 380.1824 0 -70.96469 381.3587 0 -72.85936 383.0372 0 -74.29729 385.1204 0 -75.1949 387.4872 0 286.7336 229.8097 0 287.7506 238.1857 0 290.7426 246.075 0 295.5357 253.019 0 301.8513 258.6141 0 309.3224 262.5353 0 317.5148 264.5545 0 325.9524 264.5545 0 334.1448 262.5353 0 341.6159 258.6141 0 347.9315 253.019 0 352.7246 246.075 0 355.7166 238.1857 0 356.7336 229.8097 0 355.7166 221.4337 0 352.7246 213.5444 0 347.9315 206.6004 0 341.6159 201.0053 0 334.1448 197.0841 0 325.9524 195.0649 0 317.5148 195.0649 0 309.3224 197.0841 0 301.8513 201.0053 0 295.5357 206.6004 0 290.7426 213.5444 0 287.7506 221.4337 0 194.8097 321.7336 0 195.8267 330.1096 0 198.8187 337.9989 0 203.6118 344.9429 0 209.9274 350.538 0 217.3985 354.4592 0 225.5909 356.4784 0 234.0285 356.4784 0 242.2209 354.4592 0 249.692 350.538 0 256.0076 344.9429 0 260.8007 337.9989 0 263.7927 330.1096 0 264.8097 321.7336 0 263.7927 313.3576 0 260.8007 305.4683 0 256.0076 298.5243 0 249.692 292.9291 0 242.2209 289.008 0 234.0285 286.9888 0 225.5909 286.9888 0 217.3985 289.008 0 209.9274 292.9291 0 203.6118 298.5243 0 198.8187 305.4683 0 195.8267 313.3576 0 -264.8097 321.7336 0 -263.7927 330.1096 0 -260.8007 337.9989 0 -256.0076 344.9429 0 -249.692 350.538 0 -242.2209 354.4592 0 -234.0285 356.4784 0 -225.5909 356.4784 0 -217.3985 354.4592 0 -209.9274 350.538 0 -203.6118 344.9429 0 -198.8187 337.9989 0 -195.8267 330.1096 0 -194.8097 321.7336 0 -195.8267 313.3576 0 -198.8187 305.4683 0 -203.6118 298.5243 0 -209.9274 292.9291 0 -217.3985 289.008 0 -225.5909 286.9888 0 -234.0285 286.9888 0 -242.2209 289.008 0 -249.692 292.9291 0 -256.0076 298.5243 0 -260.8007 305.4683 0 -263.7927 313.3576 0 -356.7336 229.8097 0 -355.7166 238.1857 0 -352.7246 246.075 0 -347.9315 253.019 0 -341.6159 258.6141 0 -334.1448 262.5353 0 -325.9524 264.5545 0 -317.5148 264.5545 0 -309.3224 262.5353 0 -301.8513 258.6141 0 -295.5357 253.019 0 -290.7426 246.075 0 -287.7506 238.1857 0 -286.7336 229.8097 0 -287.7506 221.4337 0 -290.7426 213.5444 0 -295.5357 206.6004 0 -301.8513 201.0053 0 -309.3224 197.0841 0 -317.5148 195.0649 0 -325.9524 195.0649 0 -334.1448 197.0841 0 -341.6159 201.0053 0 -347.9315 206.6004 0 -352.7246 213.5444 0 -355.7166 221.4337 0 -356.7336 -229.8097 0 -355.7166 -221.4337 0 -352.7246 -213.5444 0 -347.9315 -206.6004 0 -341.6159 -201.0053 0 -334.1448 -197.0841 0 -325.9524 -195.0649 0 -317.5148 -195.0649 0 -309.3224 -197.0841 0 -301.8513 -201.0053 0 -295.5357 -206.6004 0 -290.7426 -213.5444 0 -287.7506 -221.4337 0 -286.7336 -229.8097 0 -287.7506 -238.1857 0 -290.7426 -246.075 0 -295.5357 -253.019 0 -301.8513 -258.6141 0 -309.3224 -262.5353 0 -317.5148 -264.5545 0 -325.9524 -264.5545 0 -334.1448 -262.5353 0 -341.6159 -258.6141 0 -347.9315 -253.019 0 -352.7246 -246.075 0 -355.7166 -238.1857 0 -264.8097 -321.7336 0 -263.7927 -313.3576 0 -260.8007 -305.4683 0 -256.0076 -298.5243 0 -249.692 -292.9291 0 -242.2209 -289.008 0 -234.0285 -286.9888 0 -225.5909 -286.9888 0 -217.3985 -289.008 0 -209.9274 -292.9291 0 -203.6118 -298.5243 0 -198.8187 -305.4683 0 -195.8267 -313.3576 0 -194.8097 -321.7336 0 -195.8267 -330.1096 0 -198.8187 -337.9989 0 -203.6118 -344.9429 0 -209.9274 -350.538 0 -217.3985 -354.4592 0 -225.5909 -356.4784 0 -234.0285 -356.4784 0 -242.2209 -354.4592 0 -249.692 -350.538 0 -256.0076 -344.9429 0 -260.8007 -337.9989 0 -263.7927 -330.1096 0 194.8097 -321.7336 0 195.8267 -313.3576 0 198.8187 -305.4683 0 203.6118 -298.5243 0 209.9274 -292.9291 0 217.3985 -289.008 0 225.5909 -286.9888 0 234.0285 -286.9888 0 242.2209 -289.008 0 249.692 -292.9291 0 256.0076 -298.5243 0 260.8007 -305.4683 0 263.7927 -313.3576 0 264.8097 -321.7336 0 263.7927 -330.1096 0 260.8007 -337.9989 0 256.0076 -344.9429 0 249.692 -350.538 0 242.2209 -354.4592 0 234.0285 -356.4784 0 225.5909 -356.4784 0 217.3985 -354.4592 0 209.9274 -350.538 0 203.6118 -344.9429 0 198.8187 -337.9989 0 195.8267 -330.1096 0 286.7336 -229.8097 0 287.7506 -221.4337 0 290.7426 -213.5444 0 295.5357 -206.6004 0 301.8513 -201.0053 0 309.3224 -197.0841 0 317.5148 -195.0649 0 325.9524 -195.0649 0 334.1448 -197.0841 0 341.6159 -201.0053 0 347.9315 -206.6004 0 352.7246 -213.5444 0 355.7166 -221.4337 0 356.7336 -229.8097 0 355.7166 -238.1857 0 352.7246 -246.075 0 347.9315 -253.019 0 341.6159 -258.6141 0 334.1448 -262.5353 0 325.9524 -264.5545 0 317.5148 -264.5545 0 309.3224 -262.5353 0 301.8513 -258.6141 0 295.5357 -253.019 0 290.7426 -246.075 0 287.7506 -238.1857 0 -290.7716 275.7716 0 -290.3358 279.3614 0 -289.0535 282.7425 0 -286.9993 285.7185 0 -284.2926 288.1164 0 -281.0907 289.7969 0 -277.5797 290.6623 0 -273.9636 290.6623 0 -270.4526 289.7969 0 -267.2507 288.1164 0 -264.544 285.7185 0 -262.4898 282.7425 0 -261.2075 279.3614 0 -260.7716 275.7716 0 -261.2075 272.1819 0 -262.4898 268.8008 0 -264.544 265.8248 0 -267.2507 263.4269 0 -270.4526 261.7464 0 -273.9636 260.881 0 -277.5797 260.881 0 -281.0907 261.7464 0 -284.2926 263.4269 0 -286.9993 265.8248 0 -289.0535 268.8008 0 -290.3358 272.1819 0 -290.7716 -275.7716 0 -290.3358 -272.1819 0 -289.0535 -268.8008 0 -286.9993 -265.8248 0 -284.2926 -263.4269 0 -281.0907 -261.7464 0 -277.5797 -260.881 0 -273.9636 -260.881 0 -270.4526 -261.7464 0 -267.2507 -263.4269 0 -264.544 -265.8248 0 -262.4898 -268.8008 0 -261.2075 -272.1819 0 -260.7716 -275.7716 0 -261.2075 -279.3614 0 -262.4898 -282.7425 0 -264.544 -285.7185 0 -267.2507 -288.1164 0 -270.4526 -289.7969 0 -273.9636 -290.6623 0 -277.5797 -290.6623 0 -281.0907 -289.7969 0 -284.2926 -288.1164 0 -286.9993 -285.7185 0 -289.0535 -282.7425 0 -290.3358 -279.3614 0 260.7716 -275.7716 0 261.2075 -272.1819 0 262.4898 -268.8008 0 264.544 -265.8248 0 267.2507 -263.4269 0 270.4526 -261.7464 0 273.9636 -260.881 0 277.5797 -260.881 0 281.0907 -261.7464 0 284.2926 -263.4269 0 286.9993 -265.8248 0 289.0535 -268.8008 0 290.3358 -272.1819 0 290.7716 -275.7716 0 290.3358 -279.3614 0 289.0535 -282.7425 0 286.9993 -285.7185 0 284.2926 -288.1164 0 281.0907 -289.7969 0 277.5797 -290.6623 0 273.9636 -290.6623 0 270.4526 -289.7969 0 267.2507 -288.1164 0 264.544 -285.7185 0 262.4898 -282.7425 0 261.2075 -279.3614 0 260.7716 275.7716 0 261.2075 279.3614 0 262.4898 282.7425 0 264.544 285.7185 0 267.2507 288.1164 0 270.4526 289.7969 0 273.9636 290.6623 0 277.5797 290.6623 0 281.0907 289.7969 0 284.2926 288.1164 0 286.9993 285.7185 0 289.0535 282.7425 0 290.3358 279.3614 0 290.7716 275.7716 0 290.3358 272.1819 0 289.0535 268.8008 0 286.9993 265.8248 0 284.2926 263.4269 0 281.0907 261.7464 0 277.5797 260.881 0 273.9636 260.881 0 270.4526 261.7464 0 267.2507 263.4269 0 264.544 265.8248 0 262.4898 268.8008 0 261.2075 272.1819 0 238.7374 -35.35534 0 238.9916 -33.26132 0 239.7396 -31.28901 0 240.9379 -29.55302 0 242.5168 -28.15423 0 244.3846 -27.17395 0 246.4327 -26.66914 0 248.5421 -26.66914 0 250.5902 -27.17395 0 252.4579 -28.15423 0 254.0368 -29.55302 0 255.2351 -31.28901 0 255.9831 -33.26132 0 256.2374 -35.35534 0 255.9831 -37.44935 0 255.2351 -39.42166 0 254.0368 -41.15766 0 252.4579 -42.55644 0 250.5902 -43.53673 0 248.5421 -44.04154 0 246.4327 -44.04154 0 244.3846 -43.53673 0 242.5168 -42.55644 0 240.9379 -41.15766 0 239.7396 -39.42166 0 238.9916 -37.44935 0 238.7374 35.35534 0 238.9916 37.44935 0 239.7396 39.42166 0 240.9379 41.15766 0 242.5168 42.55644 0 244.3846 43.53673 0 246.4327 44.04154 0 248.5421 44.04154 0 250.5902 43.53673 0 252.4579 42.55644 0 254.0368 41.15766 0 255.2351 39.42166 0 255.9831 37.44935 0 256.2374 35.35534 0 255.9831 33.26132 0 255.2351 31.28901 0 254.0368 29.55302 0 252.4579 28.15423 0 250.5902 27.17395 0 248.5421 26.66914 0 246.4327 26.66914 0 244.3846 27.17395 0 242.5168 28.15423 0 240.9379 29.55302 0 239.7396 31.28901 0 238.9916 33.26132 0 26.60534 247.4874 0 26.8596 249.5814 0 27.6076 251.5537 0 28.80587 253.2897 0 30.38477 254.6885 0 32.25254 255.6688 0 34.30064 256.1736 0 36.41003 256.1736 0 38.45813 255.6688 0 40.3259 254.6885 0 41.90481 253.2897 0 43.10308 251.5537 0 43.85108 249.5814 0 44.10534 247.4874 0 43.85108 245.3934 0 43.10308 243.421 0 41.90481 241.685 0 40.3259 240.2863 0 38.45813 239.306 0 36.41003 238.8012 0 34.30064 238.8012 0 32.25254 239.306 0 30.38477 240.2863 0 28.80587 241.685 0 27.6076 243.421 0 26.8596 245.3934 0 -44.10534 247.4874 0 -43.85108 249.5814 0 -43.10308 251.5537 0 -41.90481 253.2897 0 -40.3259 254.6885 0 -38.45813 255.6688 0 -36.41003 256.1736 0 -34.30064 256.1736 0 -32.25254 255.6688 0 -30.38477 254.6885 0 -28.80587 253.2897 0 -27.6076 251.5537 0 -26.8596 249.5814 0 -26.60534 247.4874 0 -26.8596 245.3934 0 -27.6076 243.421 0 -28.80587 241.685 0 -30.38477 240.2863 0 -32.25254 239.306 0 -34.30064 238.8012 0 -36.41003 238.8012 0 -38.45813 239.306 0 -40.3259 240.2863 0 -41.90481 241.685 0 -43.10308 243.421 0 -43.85108 245.3934 0 -256.2374 35.35534 0 -255.9831 37.44935 0 -255.2351 39.42166 0 -254.0368 41.15766 0 -252.4579 42.55644 0 -250.5902 43.53673 0 -248.5421 44.04154 0 -246.4327 44.04154 0 -244.3846 43.53673 0 -242.5168 42.55644 0 -240.9379 41.15766 0 -239.7396 39.42166 0 -238.9916 37.44935 0 -238.7374 35.35534 0 -238.9916 33.26132 0 -239.7396 31.28901 0 -240.9379 29.55302 0 -242.5168 28.15423 0 -244.3846 27.17395 0 -246.4327 26.66914 0 -248.5421 26.66914 0 -250.5902 27.17395 0 -252.4579 28.15423 0 -254.0368 29.55302 0 -255.2351 31.28901 0 -255.9831 33.26132 0 -256.2374 -35.35534 0 -255.9831 -33.26132 0 -255.2351 -31.28901 0 -254.0368 -29.55302 0 -252.4579 -28.15423 0 -250.5902 -27.17395 0 -248.5421 -26.66914 0 -246.4327 -26.66914 0 -244.3846 -27.17395 0 -242.5168 -28.15423 0 -240.9379 -29.55302 0 -239.7396 -31.28901 0 -238.9916 -33.26132 0 -238.7374 -35.35534 0 -238.9916 -37.44935 0 -239.7396 -39.42166 0 -240.9379 -41.15766 0 -242.5168 -42.55644 0 -244.3846 -43.53673 0 -246.4327 -44.04154 0 -248.5421 -44.04154 0 -250.5902 -43.53673 0 -252.4579 -42.55644 0 -254.0368 -41.15766 0 -255.2351 -39.42166 0 -255.9831 -37.44935 0 -44.10534 -247.4874 0 -43.85108 -245.3934 0 -43.10308 -243.421 0 -41.90481 -241.685 0 -40.3259 -240.2863 0 -38.45813 -239.306 0 -36.41003 -238.8012 0 -34.30064 -238.8012 0 -32.25254 -239.306 0 -30.38477 -240.2863 0 -28.80587 -241.685 0 -27.6076 -243.421 0 -26.8596 -245.3934 0 -26.60534 -247.4874 0 -26.8596 -249.5814 0 -27.6076 -251.5537 0 -28.80587 -253.2897 0 -30.38477 -254.6885 0 -32.25254 -255.6688 0 -34.30064 -256.1736 0 -36.41003 -256.1736 0 -38.45813 -255.6688 0 -40.3259 -254.6885 0 -41.90481 -253.2897 0 -43.10308 -251.5537 0 -43.85108 -249.5814 0 26.60534 -247.4874 0 26.8596 -245.3934 0 27.6076 -243.421 0 28.80587 -241.685 0 30.38477 -240.2863 0 32.25254 -239.306 0 34.30064 -238.8012 0 36.41003 -238.8012 0 38.45813 -239.306 0 40.3259 -240.2863 0 41.90481 -241.685 0 43.10308 -243.421 0 43.85108 -245.3934 0 44.10534 -247.4874 0 43.85108 -249.5814 0 43.10308 -251.5537 0 41.90481 -253.2897 0 40.3259 -254.6885 0 38.45813 -255.6688 0 36.41003 -256.1736 0 34.30064 -256.1736 0 32.25254 -255.6688 0 30.38477 -254.6885 0 28.80587 -253.2897 0 27.6076 -251.5537 0 26.8596 -249.5814 0 -208.75 -150 0 -208.4957 -147.906 0 -207.7477 -145.9337 0 -206.5495 -144.1977 0 -204.9706 -142.7989 0 -203.1028 -141.8186 0 -201.0547 -141.3138 0 -198.9453 -141.3138 0 -196.8972 -141.8186 0 -195.0294 -142.7989 0 -193.4505 -144.1977 0 -192.2523 -145.9337 0 -191.5043 -147.906 0 -191.25 -150 0 -191.5043 -152.094 0 -192.2523 -154.0663 0 -193.4505 -155.8023 0 -195.0294 -157.2011 0 -196.8972 -158.1814 0 -198.9453 -158.6862 0 -201.0547 -158.6862 0 -203.1028 -158.1814 0 -204.9706 -157.2011 0 -206.5495 -155.8023 0 -207.7477 -154.0663 0 -208.4957 -152.094 0 -158.75 -200 0 -158.4957 -197.906 0 -157.7477 -195.9337 0 -156.5495 -194.1977 0 -154.9706 -192.7989 0 -153.1028 -191.8186 0 -151.0547 -191.3138 0 -148.9453 -191.3138 0 -146.8972 -191.8186 0 -145.0294 -192.7989 0 -143.4505 -194.1977 0 -142.2523 -195.9337 0 -141.5043 -197.906 0 -141.25 -200 0 -141.5043 -202.094 0 -142.2523 -204.0663 0 -143.4505 -205.8023 0 -145.0294 -207.2011 0 -146.8972 -208.1814 0 -148.9453 -208.6862 0 -151.0547 -208.6862 0 -153.1028 -208.1814 0 -154.9706 -207.2011 0 -156.5495 -205.8023 0 -157.7477 -204.0663 0 -158.4957 -202.094 0 141.25 -200 0 141.5043 -197.906 0 142.2523 -195.9337 0 143.4505 -194.1977 0 145.0294 -192.7989 0 146.8972 -191.8186 0 148.9453 -191.3138 0 151.0547 -191.3138 0 153.1028 -191.8186 0 154.9706 -192.7989 0 156.5495 -194.1977 0 157.7477 -195.9337 0 158.4957 -197.906 0 158.75 -200 0 158.4957 -202.094 0 157.7477 -204.0663 0 156.5495 -205.8023 0 154.9706 -207.2011 0 153.1028 -208.1814 0 151.0547 -208.6862 0 148.9453 -208.6862 0 146.8972 -208.1814 0 145.0294 -207.2011 0 143.4505 -205.8023 0 142.2523 -204.0663 0 141.5043 -202.094 0 191.25 -150 0 191.5043 -147.906 0 192.2523 -145.9337 0 193.4505 -144.1977 0 195.0294 -142.7989 0 196.8972 -141.8186 0 198.9453 -141.3138 0 201.0547 -141.3138 0 203.1028 -141.8186 0 204.9706 -142.7989 0 206.5495 -144.1977 0 207.7477 -145.9337 0 208.4957 -147.906 0 208.75 -150 0 208.4957 -152.094 0 207.7477 -154.0663 0 206.5495 -155.8023 0 204.9706 -157.2011 0 203.1028 -158.1814 0 201.0547 -158.6862 0 198.9453 -158.6862 0 196.8972 -158.1814 0 195.0294 -157.2011 0 193.4505 -155.8023 0 192.2523 -154.0663 0 191.5043 -152.094 0 191.25 150 0 191.5043 152.094 0 192.2523 154.0663 0 193.4505 155.8023 0 195.0294 157.2011 0 196.8972 158.1814 0 198.9453 158.6862 0 201.0547 158.6862 0 203.1028 158.1814 0 204.9706 157.2011 0 206.5495 155.8023 0 207.7477 154.0663 0 208.4957 152.094 0 208.75 150 0 208.4957 147.906 0 207.7477 145.9337 0 206.5495 144.1977 0 204.9706 142.7989 0 203.1028 141.8186 0 201.0547 141.3138 0 198.9453 141.3138 0 196.8972 141.8186 0 195.0294 142.7989 0 193.4505 144.1977 0 192.2523 145.9337 0 191.5043 147.906 0 141.25 200 0 141.5043 202.094 0 142.2523 204.0663 0 143.4505 205.8023 0 145.0294 207.2011 0 146.8972 208.1814 0 148.9453 208.6862 0 151.0547 208.6862 0 153.1028 208.1814 0 154.9706 207.2011 0 156.5495 205.8023 0 157.7477 204.0663 0 158.4957 202.094 0 158.75 200 0 158.4957 197.906 0 157.7477 195.9337 0 156.5495 194.1977 0 154.9706 192.7989 0 153.1028 191.8186 0 151.0547 191.3138 0 148.9453 191.3138 0 146.8972 191.8186 0 145.0294 192.7989 0 143.4505 194.1977 0 142.2523 195.9337 0 141.5043 197.906 0 -158.75 200 0 -158.4957 202.094 0 -157.7477 204.0663 0 -156.5495 205.8023 0 -154.9706 207.2011 0 -153.1028 208.1814 0 -151.0547 208.6862 0 -148.9453 208.6862 0 -146.8972 208.1814 0 -145.0294 207.2011 0 -143.4505 205.8023 0 -142.2523 204.0663 0 -141.5043 202.094 0 -141.25 200 0 -141.5043 197.906 0 -142.2523 195.9337 0 -143.4505 194.1977 0 -145.0294 192.7989 0 -146.8972 191.8186 0 -148.9453 191.3138 0 -151.0547 191.3138 0 -153.1028 191.8186 0 -154.9706 192.7989 0 -156.5495 194.1977 0 -157.7477 195.9337 0 -158.4957 197.906 0 -208.75 150 0 -208.4957 152.094 0 -207.7477 154.0663 0 -206.5495 155.8023 0 -204.9706 157.2011 0 -203.1028 158.1814 0 -201.0547 158.6862 0 -198.9453 158.6862 0 -196.8972 158.1814 0 -195.0294 157.2011 0 -193.4505 155.8023 0 -192.2523 154.0663 0 -191.5043 152.094 0 -191.25 150 0 -191.5043 147.906 0 -192.2523 145.9337 0 -193.4505 144.1977 0 -195.0294 142.7989 0 -196.8972 141.8186 0 -198.9453 141.3138 0 -201.0547 141.3138 0 -203.1028 141.8186 0 -204.9706 142.7989 0 -206.5495 144.1977 0 -207.7477 145.9337 0 -208.4957 147.906 0 241.4874 0 0 241.6617 1.435894 0 242.1746 2.788339 0 242.9963 3.978736 0 244.079 4.937903 0 245.3597 5.610097 0 246.7642 5.956253 0 248.2106 5.956253 0 249.615 5.610097 0 250.8958 4.937903 0 251.9784 3.978736 0 252.8001 2.788339 0 253.313 1.435894 0 253.4874 0 0 253.313 -1.435894 0 252.8001 -2.788339 0 251.9784 -3.978736 0 250.8958 -4.937903 0 249.615 -5.610097 0 248.2106 -5.956253 0 246.7642 -5.956253 0 245.3597 -5.610097 0 244.079 -4.937903 0 242.9963 -3.978736 0 242.1746 -2.788339 0 241.6617 -1.435894 0 -253.4874 0 0 -253.313 1.435894 0 -252.8001 2.788339 0 -251.9784 3.978736 0 -250.8958 4.937903 0 -249.615 5.610097 0 -248.2106 5.956253 0 -246.7642 5.956253 0 -245.3597 5.610097 0 -244.079 4.937903 0 -242.9963 3.978736 0 -242.1746 2.788339 0 -241.6617 1.435894 0 -241.4874 0 0 -241.6617 -1.435894 0 -242.1746 -2.788339 0 -242.9963 -3.978736 0 -244.079 -4.937903 0 -245.3597 -5.610097 0 -246.7642 -5.956253 0 -248.2106 -5.956253 0 -249.615 -5.610097 0 -250.8958 -4.937903 0 -251.9784 -3.978736 0 -252.8001 -2.788339 0 -253.313 -1.435894 0 -6 247.4874 0 -5.825651 248.9233 0 -5.312736 250.2757 0 -4.491065 251.4661 0 -3.408388 252.4253 0 -2.127629 253.0975 0 -0.7232201 253.4436 0 0.7232201 253.4436 0 2.127629 253.0975 0 3.408388 252.4253 0 4.491065 251.4661 0 5.312736 250.2757 0 5.825651 248.9233 0 6 247.4874 0 5.825651 246.0515 0 5.312736 244.699 0 4.491065 243.5086 0 3.408388 242.5495 0 2.127629 241.8773 0 0.7232201 241.5311 0 -0.7232201 241.5311 0 -2.127629 241.8773 0 -3.408388 242.5495 0 -4.491065 243.5086 0 -5.312736 244.699 0 -5.825651 246.0515 0 -6 -247.4874 0 -5.825651 -246.0515 0 -5.312736 -244.699 0 -4.491065 -243.5086 0 -3.408388 -242.5495 0 -2.127629 -241.8773 0 -0.7232201 -241.5311 0 0.7232201 -241.5311 0 2.127629 -241.8773 0 3.408388 -242.5495 0 4.491065 -243.5086 0 5.312736 -244.699 0 5.825651 -246.0515 0 6 -247.4874 0 5.825651 -248.9233 0 5.312736 -250.2757 0 4.491065 -251.4661 0 3.408388 -252.4253 0 2.127629 -253.0975 0 0.7232201 -253.4436 0 -0.7232201 -253.4436 0 -2.127629 -253.0975 0 -3.408388 -252.4253 0 -4.491065 -251.4661 0 -5.312736 -250.2757 0 -5.825651 -248.9233 0 169 175 0 169.1743 176.4359 0 169.6873 177.7883 0 170.5089 178.9787 0 171.5916 179.9379 0 172.8724 180.6101 0 174.2768 180.9562 0 175.7232 180.9562 0 177.1276 180.6101 0 178.4084 179.9379 0 179.4911 178.9787 0 180.3127 177.7883 0 180.8256 176.4359 0 181 175 0 180.8256 173.5641 0 180.3127 172.2117 0 179.4911 171.0213 0 178.4084 170.0621 0 177.1276 169.3899 0 175.7232 169.0437 0 174.2768 169.0437 0 172.8724 169.3899 0 171.5916 170.0621 0 170.5089 171.0213 0 169.6873 172.2117 0 169.1743 173.5641 0 -181 175 0 -180.8256 176.4359 0 -180.3127 177.7883 0 -179.4911 178.9787 0 -178.4084 179.9379 0 -177.1276 180.6101 0 -175.7232 180.9562 0 -174.2768 180.9562 0 -172.8724 180.6101 0 -171.5916 179.9379 0 -170.5089 178.9787 0 -169.6873 177.7883 0 -169.1743 176.4359 0 -169 175 0 -169.1743 173.5641 0 -169.6873 172.2117 0 -170.5089 171.0213 0 -171.5916 170.0621 0 -172.8724 169.3899 0 -174.2768 169.0437 0 -175.7232 169.0437 0 -177.1276 169.3899 0 -178.4084 170.0621 0 -179.4911 171.0213 0 -180.3127 172.2117 0 -180.8256 173.5641 0 -181 -175 0 -180.8256 -173.5641 0 -180.3127 -172.2117 0 -179.4911 -171.0213 0 -178.4084 -170.0621 0 -177.1276 -169.3899 0 -175.7232 -169.0437 0 -174.2768 -169.0437 0 -172.8724 -169.3899 0 -171.5916 -170.0621 0 -170.5089 -171.0213 0 -169.6873 -172.2117 0 -169.1743 -173.5641 0 -169 -175 0 -169.1743 -176.4359 0 -169.6873 -177.7883 0 -170.5089 -178.9787 0 -171.5916 -179.9379 0 -172.8724 -180.6101 0 -174.2768 -180.9562 0 -175.7232 -180.9562 0 -177.1276 -180.6101 0 -178.4084 -179.9379 0 -179.4911 -178.9787 0 -180.3127 -177.7883 0 -180.8256 -176.4359 0 169 -175 0 169.1743 -173.5641 0 169.6873 -172.2117 0 170.5089 -171.0213 0 171.5916 -170.0621 0 172.8724 -169.3899 0 174.2768 -169.0437 0 175.7232 -169.0437 0 177.1276 -169.3899 0 178.4084 -170.0621 0 179.4911 -171.0213 0 180.3127 -172.2117 0 180.8256 -173.5641 0 181 -175 0 180.8256 -176.4359 0 180.3127 -177.7883 0 179.4911 -178.9787 0 178.4084 -179.9379 0 177.1276 -180.6101 0 175.7232 -180.9562 0 174.2768 -180.9562 0 172.8724 -180.6101 0 171.5916 -179.9379 0 170.5089 -178.9787 0 169.6873 -177.7883 0 169.1743 -176.4359 0 -440 0 -35 -434.3021 -70.58097 -35 -417.3561 -139.3339 -35 -389.6007 -204.4782 -35 -351.7548 -264.3266 -35 -304.7987 -317.3291 -35 -249.9485 -362.1129 -35 -188.6247 -397.5182 -35 -122.4157 -422.628 -35 -53.03614 -436.7919 -35 17.71702 -439.6432 -35 88.01131 -431.1079 -35 156.0261 -411.4071 -35 220 -381.0512 -35 278.276 -340.8262 -35 329.3447 -291.774 -35 371.8836 -235.165 -35 404.791 -172.4653 -35 427.2144 -105.2989 -35 438.5732 -35.40529 -35 438.5732 35.40529 -35 427.2144 105.2989 -35 404.791 172.4653 -35 371.8836 235.165 -35 329.3447 291.774 -35 278.276 340.8262 -35 220 381.0512 -35 156.0261 411.4071 -35 88.01131 431.1079 -35 17.71702 439.6432 -35 -53.03614 436.7919 -35 -122.4157 422.628 -35 -188.6247 397.5182 -35 -249.9485 362.1129 -35 -304.7987 317.3291 -35 -351.7548 264.3266 -35 -389.6007 204.4782 -35 -417.3561 139.3339 -35 -434.3021 70.58097 -35 -440 0 -35 -440 0 0 -434.3021 70.58097 0 -417.3561 139.3339 0 -389.6007 204.4782 0 -351.7548 264.3266 0 -304.7987 317.3291 0 -249.9485 362.1129 0 -188.6247 397.5182 0 -122.4157 422.628 0 -53.03614 436.7919 0 17.71702 439.6432 0 88.01131 431.1079 0 156.0261 411.4071 0 220 381.0512 0 278.276 340.8262 0 329.3447 291.774 0 371.8836 235.165 0 404.791 172.4653 0 427.2144 105.2989 0 438.5732 35.40529 0 438.5732 -35.40529 0 427.2144 -105.2989 0 404.791 -172.4653 0 371.8836 -235.165 0 329.3447 -291.774 0 278.276 -340.8262 0 220 -381.0512 0 156.0261 -411.4071 0 88.01131 -431.1079 0 17.71702 -439.6432 0 -53.03614 -436.7919 0 -122.4157 -422.628 0 -188.6247 -397.5182 0 -249.9485 -362.1129 0 -304.7987 -317.3291 0 -351.7548 -264.3266 0 -389.6007 -204.4782 0 -417.3561 -139.3339 0 -434.3021 -70.58097 0 -440 0 0 169 -175 -35 169.1743 -173.5641 -35 169.6873 -172.2117 -35 170.5089 -171.0213 -35 171.5916 -170.0621 -35 172.8724 -169.3899 -35 174.2768 -169.0437 -35 175.7232 -169.0437 -35 177.1276 -169.3899 -35 178.4084 -170.0621 -35 179.4911 -171.0213 -35 180.3127 -172.2117 -35 180.8256 -173.5641 -35 181 -175 -35 180.8256 -176.4359 -35 180.3127 -177.7883 -35 179.4911 -178.9787 -35 178.4084 -179.9379 -35 177.1276 -180.6101 -35 175.7232 -180.9562 -35 174.2768 -180.9562 -35 172.8724 -180.6101 -35 171.5916 -179.9379 -35 170.5089 -178.9787 -35 169.6873 -177.7883 -35 169.1743 -176.4359 -35 169 -175 -35 169 -175 0 169.1743 -173.5641 0 169.6873 -172.2117 0 170.5089 -171.0213 0 171.5916 -170.0621 0 172.8724 -169.3899 0 174.2768 -169.0437 0 175.7232 -169.0437 0 177.1276 -169.3899 0 178.4084 -170.0621 0 179.4911 -171.0213 0 180.3127 -172.2117 0 180.8256 -173.5641 0 181 -175 0 180.8256 -176.4359 0 180.3127 -177.7883 0 179.4911 -178.9787 0 178.4084 -179.9379 0 177.1276 -180.6101 0 175.7232 -180.9562 0 174.2768 -180.9562 0 172.8724 -180.6101 0 171.5916 -179.9379 0 170.5089 -178.9787 0 169.6873 -177.7883 0 169.1743 -176.4359 0 169 -175 0 -181 -175 -35 -180.8256 -173.5641 -35 -180.3127 -172.2117 -35 -179.4911 -171.0213 -35 -178.4084 -170.0621 -35 -177.1276 -169.3899 -35 -175.7232 -169.0437 -35 -174.2768 -169.0437 -35 -172.8724 -169.3899 -35 -171.5916 -170.0621 -35 -170.5089 -171.0213 -35 -169.6873 -172.2117 -35 -169.1743 -173.5641 -35 -169 -175 -35 -169.1743 -176.4359 -35 -169.6873 -177.7883 -35 -170.5089 -178.9787 -35 -171.5916 -179.9379 -35 -172.8724 -180.6101 -35 -174.2768 -180.9562 -35 -175.7232 -180.9562 -35 -177.1276 -180.6101 -35 -178.4084 -179.9379 -35 -179.4911 -178.9787 -35 -180.3127 -177.7883 -35 -180.8256 -176.4359 -35 -181 -175 -35 -181 -175 0 -180.8256 -173.5641 0 -180.3127 -172.2117 0 -179.4911 -171.0213 0 -178.4084 -170.0621 0 -177.1276 -169.3899 0 -175.7232 -169.0437 0 -174.2768 -169.0437 0 -172.8724 -169.3899 0 -171.5916 -170.0621 0 -170.5089 -171.0213 0 -169.6873 -172.2117 0 -169.1743 -173.5641 0 -169 -175 0 -169.1743 -176.4359 0 -169.6873 -177.7883 0 -170.5089 -178.9787 0 -171.5916 -179.9379 0 -172.8724 -180.6101 0 -174.2768 -180.9562 0 -175.7232 -180.9562 0 -177.1276 -180.6101 0 -178.4084 -179.9379 0 -179.4911 -178.9787 0 -180.3127 -177.7883 0 -180.8256 -176.4359 0 -181 -175 0 -181 175 -35 -180.8256 176.4359 -35 -180.3127 177.7883 -35 -179.4911 178.9787 -35 -178.4084 179.9379 -35 -177.1276 180.6101 -35 -175.7232 180.9562 -35 -174.2768 180.9562 -35 -172.8724 180.6101 -35 -171.5916 179.9379 -35 -170.5089 178.9787 -35 -169.6873 177.7883 -35 -169.1743 176.4359 -35 -169 175 -35 -169.1743 173.5641 -35 -169.6873 172.2117 -35 -170.5089 171.0213 -35 -171.5916 170.0621 -35 -172.8724 169.3899 -35 -174.2768 169.0437 -35 -175.7232 169.0437 -35 -177.1276 169.3899 -35 -178.4084 170.0621 -35 -179.4911 171.0213 -35 -180.3127 172.2117 -35 -180.8256 173.5641 -35 -181 175 -35 -181 175 0 -180.8256 176.4359 0 -180.3127 177.7883 0 -179.4911 178.9787 0 -178.4084 179.9379 0 -177.1276 180.6101 0 -175.7232 180.9562 0 -174.2768 180.9562 0 -172.8724 180.6101 0 -171.5916 179.9379 0 -170.5089 178.9787 0 -169.6873 177.7883 0 -169.1743 176.4359 0 -169 175 0 -169.1743 173.5641 0 -169.6873 172.2117 0 -170.5089 171.0213 0 -171.5916 170.0621 0 -172.8724 169.3899 0 -174.2768 169.0437 0 -175.7232 169.0437 0 -177.1276 169.3899 0 -178.4084 170.0621 0 -179.4911 171.0213 0 -180.3127 172.2117 0 -180.8256 173.5641 0 -181 175 0 169 175 -35 169.1743 176.4359 -35 169.6873 177.7883 -35 170.5089 178.9787 -35 171.5916 179.9379 -35 172.8724 180.6101 -35 174.2768 180.9562 -35 175.7232 180.9562 -35 177.1276 180.6101 -35 178.4084 179.9379 -35 179.4911 178.9787 -35 180.3127 177.7883 -35 180.8256 176.4359 -35 181 175 -35 180.8256 173.5641 -35 180.3127 172.2117 -35 179.4911 171.0213 -35 178.4084 170.0621 -35 177.1276 169.3899 -35 175.7232 169.0437 -35 174.2768 169.0437 -35 172.8724 169.3899 -35 171.5916 170.0621 -35 170.5089 171.0213 -35 169.6873 172.2117 -35 169.1743 173.5641 -35 169 175 -35 169 175 0 169.1743 176.4359 0 169.6873 177.7883 0 170.5089 178.9787 0 171.5916 179.9379 0 172.8724 180.6101 0 174.2768 180.9562 0 175.7232 180.9562 0 177.1276 180.6101 0 178.4084 179.9379 0 179.4911 178.9787 0 180.3127 177.7883 0 180.8256 176.4359 0 181 175 0 180.8256 173.5641 0 180.3127 172.2117 0 179.4911 171.0213 0 178.4084 170.0621 0 177.1276 169.3899 0 175.7232 169.0437 0 174.2768 169.0437 0 172.8724 169.3899 0 171.5916 170.0621 0 170.5089 171.0213 0 169.6873 172.2117 0 169.1743 173.5641 0 169 175 0 -6 -247.4874 -35 -5.825651 -246.0515 -35 -5.312736 -244.699 -35 -4.491065 -243.5086 -35 -3.408388 -242.5495 -35 -2.127629 -241.8773 -35 -0.7232201 -241.5311 -35 0.7232201 -241.5311 -35 2.127629 -241.8773 -35 3.408388 -242.5495 -35 4.491065 -243.5086 -35 5.312736 -244.699 -35 5.825651 -246.0515 -35 6 -247.4874 -35 5.825651 -248.9233 -35 5.312736 -250.2757 -35 4.491065 -251.4661 -35 3.408388 -252.4253 -35 2.127629 -253.0975 -35 0.7232201 -253.4436 -35 -0.7232201 -253.4436 -35 -2.127629 -253.0975 -35 -3.408388 -252.4253 -35 -4.491065 -251.4661 -35 -5.312736 -250.2757 -35 -5.825651 -248.9233 -35 -6 -247.4874 -35 -6 -247.4874 0 -5.825651 -246.0515 0 -5.312736 -244.699 0 -4.491065 -243.5086 0 -3.408388 -242.5495 0 -2.127629 -241.8773 0 -0.7232201 -241.5311 0 0.7232201 -241.5311 0 2.127629 -241.8773 0 3.408388 -242.5495 0 4.491065 -243.5086 0 5.312736 -244.699 0 5.825651 -246.0515 0 6 -247.4874 0 5.825651 -248.9233 0 5.312736 -250.2757 0 4.491065 -251.4661 0 3.408388 -252.4253 0 2.127629 -253.0975 0 0.7232201 -253.4436 0 -0.7232201 -253.4436 0 -2.127629 -253.0975 0 -3.408388 -252.4253 0 -4.491065 -251.4661 0 -5.312736 -250.2757 0 -5.825651 -248.9233 0 -6 -247.4874 0 -6 247.4874 -35 -5.825651 248.9233 -35 -5.312736 250.2757 -35 -4.491065 251.4661 -35 -3.408388 252.4253 -35 -2.127629 253.0975 -35 -0.7232201 253.4436 -35 0.7232201 253.4436 -35 2.127629 253.0975 -35 3.408388 252.4253 -35 4.491065 251.4661 -35 5.312736 250.2757 -35 5.825651 248.9233 -35 6 247.4874 -35 5.825651 246.0515 -35 5.312736 244.699 -35 4.491065 243.5086 -35 3.408388 242.5495 -35 2.127629 241.8773 -35 0.7232201 241.5311 -35 -0.7232201 241.5311 -35 -2.127629 241.8773 -35 -3.408388 242.5495 -35 -4.491065 243.5086 -35 -5.312736 244.699 -35 -5.825651 246.0515 -35 -6 247.4874 -35 -6 247.4874 0 -5.825651 248.9233 0 -5.312736 250.2757 0 -4.491065 251.4661 0 -3.408388 252.4253 0 -2.127629 253.0975 0 -0.7232201 253.4436 0 0.7232201 253.4436 0 2.127629 253.0975 0 3.408388 252.4253 0 4.491065 251.4661 0 5.312736 250.2757 0 5.825651 248.9233 0 6 247.4874 0 5.825651 246.0515 0 5.312736 244.699 0 4.491065 243.5086 0 3.408388 242.5495 0 2.127629 241.8773 0 0.7232201 241.5311 0 -0.7232201 241.5311 0 -2.127629 241.8773 0 -3.408388 242.5495 0 -4.491065 243.5086 0 -5.312736 244.699 0 -5.825651 246.0515 0 -6 247.4874 0 -253.4874 0 -35 -253.313 1.435894 -35 -252.8001 2.788339 -35 -251.9784 3.978736 -35 -250.8958 4.937903 -35 -249.615 5.610097 -35 -248.2106 5.956253 -35 -246.7642 5.956253 -35 -245.3597 5.610097 -35 -244.079 4.937903 -35 -242.9963 3.978736 -35 -242.1746 2.788339 -35 -241.6617 1.435894 -35 -241.4874 0 -35 -241.6617 -1.435894 -35 -242.1746 -2.788339 -35 -242.9963 -3.978736 -35 -244.079 -4.937903 -35 -245.3597 -5.610097 -35 -246.7642 -5.956253 -35 -248.2106 -5.956253 -35 -249.615 -5.610097 -35 -250.8958 -4.937903 -35 -251.9784 -3.978736 -35 -252.8001 -2.788339 -35 -253.313 -1.435894 -35 -253.4874 0 -35 -253.4874 0 0 -253.313 1.435894 0 -252.8001 2.788339 0 -251.9784 3.978736 0 -250.8958 4.937903 0 -249.615 5.610097 0 -248.2106 5.956253 0 -246.7642 5.956253 0 -245.3597 5.610097 0 -244.079 4.937903 0 -242.9963 3.978736 0 -242.1746 2.788339 0 -241.6617 1.435894 0 -241.4874 0 0 -241.6617 -1.435894 0 -242.1746 -2.788339 0 -242.9963 -3.978736 0 -244.079 -4.937903 0 -245.3597 -5.610097 0 -246.7642 -5.956253 0 -248.2106 -5.956253 0 -249.615 -5.610097 0 -250.8958 -4.937903 0 -251.9784 -3.978736 0 -252.8001 -2.788339 0 -253.313 -1.435894 0 -253.4874 0 0 241.4874 0 -35 241.6617 1.435894 -35 242.1746 2.788339 -35 242.9963 3.978736 -35 244.079 4.937903 -35 245.3597 5.610097 -35 246.7642 5.956253 -35 248.2106 5.956253 -35 249.615 5.610097 -35 250.8958 4.937903 -35 251.9784 3.978736 -35 252.8001 2.788339 -35 253.313 1.435894 -35 253.4874 0 -35 253.313 -1.435894 -35 252.8001 -2.788339 -35 251.9784 -3.978736 -35 250.8958 -4.937903 -35 249.615 -5.610097 -35 248.2106 -5.956253 -35 246.7642 -5.956253 -35 245.3597 -5.610097 -35 244.079 -4.937903 -35 242.9963 -3.978736 -35 242.1746 -2.788339 -35 241.6617 -1.435894 -35 241.4874 0 -35 241.4874 0 0 241.6617 1.435894 0 242.1746 2.788339 0 242.9963 3.978736 0 244.079 4.937903 0 245.3597 5.610097 0 246.7642 5.956253 0 248.2106 5.956253 0 249.615 5.610097 0 250.8958 4.937903 0 251.9784 3.978736 0 252.8001 2.788339 0 253.313 1.435894 0 253.4874 0 0 253.313 -1.435894 0 252.8001 -2.788339 0 251.9784 -3.978736 0 250.8958 -4.937903 0 249.615 -5.610097 0 248.2106 -5.956253 0 246.7642 -5.956253 0 245.3597 -5.610097 0 244.079 -4.937903 0 242.9963 -3.978736 0 242.1746 -2.788339 0 241.6617 -1.435894 0 241.4874 0 0 -208.75 150 -35 -208.4957 152.094 -35 -207.7477 154.0663 -35 -206.5495 155.8023 -35 -204.9706 157.2011 -35 -203.1028 158.1814 -35 -201.0547 158.6862 -35 -198.9453 158.6862 -35 -196.8972 158.1814 -35 -195.0294 157.2011 -35 -193.4505 155.8023 -35 -192.2523 154.0663 -35 -191.5043 152.094 -35 -191.25 150 -35 -191.5043 147.906 -35 -192.2523 145.9337 -35 -193.4505 144.1977 -35 -195.0294 142.7989 -35 -196.8972 141.8186 -35 -198.9453 141.3138 -35 -201.0547 141.3138 -35 -203.1028 141.8186 -35 -204.9706 142.7989 -35 -206.5495 144.1977 -35 -207.7477 145.9337 -35 -208.4957 147.906 -35 -208.75 150 -35 -208.75 150 0 -208.4957 152.094 0 -207.7477 154.0663 0 -206.5495 155.8023 0 -204.9706 157.2011 0 -203.1028 158.1814 0 -201.0547 158.6862 0 -198.9453 158.6862 0 -196.8972 158.1814 0 -195.0294 157.2011 0 -193.4505 155.8023 0 -192.2523 154.0663 0 -191.5043 152.094 0 -191.25 150 0 -191.5043 147.906 0 -192.2523 145.9337 0 -193.4505 144.1977 0 -195.0294 142.7989 0 -196.8972 141.8186 0 -198.9453 141.3138 0 -201.0547 141.3138 0 -203.1028 141.8186 0 -204.9706 142.7989 0 -206.5495 144.1977 0 -207.7477 145.9337 0 -208.4957 147.906 0 -208.75 150 0 -158.75 200 -35 -158.4957 202.094 -35 -157.7477 204.0663 -35 -156.5495 205.8023 -35 -154.9706 207.2011 -35 -153.1028 208.1814 -35 -151.0547 208.6862 -35 -148.9453 208.6862 -35 -146.8972 208.1814 -35 -145.0294 207.2011 -35 -143.4505 205.8023 -35 -142.2523 204.0663 -35 -141.5043 202.094 -35 -141.25 200 -35 -141.5043 197.906 -35 -142.2523 195.9337 -35 -143.4505 194.1977 -35 -145.0294 192.7989 -35 -146.8972 191.8186 -35 -148.9453 191.3138 -35 -151.0547 191.3138 -35 -153.1028 191.8186 -35 -154.9706 192.7989 -35 -156.5495 194.1977 -35 -157.7477 195.9337 -35 -158.4957 197.906 -35 -158.75 200 -35 -158.75 200 0 -158.4957 202.094 0 -157.7477 204.0663 0 -156.5495 205.8023 0 -154.9706 207.2011 0 -153.1028 208.1814 0 -151.0547 208.6862 0 -148.9453 208.6862 0 -146.8972 208.1814 0 -145.0294 207.2011 0 -143.4505 205.8023 0 -142.2523 204.0663 0 -141.5043 202.094 0 -141.25 200 0 -141.5043 197.906 0 -142.2523 195.9337 0 -143.4505 194.1977 0 -145.0294 192.7989 0 -146.8972 191.8186 0 -148.9453 191.3138 0 -151.0547 191.3138 0 -153.1028 191.8186 0 -154.9706 192.7989 0 -156.5495 194.1977 0 -157.7477 195.9337 0 -158.4957 197.906 0 -158.75 200 0 141.25 200 -35 141.5043 202.094 -35 142.2523 204.0663 -35 143.4505 205.8023 -35 145.0294 207.2011 -35 146.8972 208.1814 -35 148.9453 208.6862 -35 151.0547 208.6862 -35 153.1028 208.1814 -35 154.9706 207.2011 -35 156.5495 205.8023 -35 157.7477 204.0663 -35 158.4957 202.094 -35 158.75 200 -35 158.4957 197.906 -35 157.7477 195.9337 -35 156.5495 194.1977 -35 154.9706 192.7989 -35 153.1028 191.8186 -35 151.0547 191.3138 -35 148.9453 191.3138 -35 146.8972 191.8186 -35 145.0294 192.7989 -35 143.4505 194.1977 -35 142.2523 195.9337 -35 141.5043 197.906 -35 141.25 200 -35 141.25 200 0 141.5043 202.094 0 142.2523 204.0663 0 143.4505 205.8023 0 145.0294 207.2011 0 146.8972 208.1814 0 148.9453 208.6862 0 151.0547 208.6862 0 153.1028 208.1814 0 154.9706 207.2011 0 156.5495 205.8023 0 157.7477 204.0663 0 158.4957 202.094 0 158.75 200 0 158.4957 197.906 0 157.7477 195.9337 0 156.5495 194.1977 0 154.9706 192.7989 0 153.1028 191.8186 0 151.0547 191.3138 0 148.9453 191.3138 0 146.8972 191.8186 0 145.0294 192.7989 0 143.4505 194.1977 0 142.2523 195.9337 0 141.5043 197.906 0 141.25 200 0 191.25 150 -35 191.5043 152.094 -35 192.2523 154.0663 -35 193.4505 155.8023 -35 195.0294 157.2011 -35 196.8972 158.1814 -35 198.9453 158.6862 -35 201.0547 158.6862 -35 203.1028 158.1814 -35 204.9706 157.2011 -35 206.5495 155.8023 -35 207.7477 154.0663 -35 208.4957 152.094 -35 208.75 150 -35 208.4957 147.906 -35 207.7477 145.9337 -35 206.5495 144.1977 -35 204.9706 142.7989 -35 203.1028 141.8186 -35 201.0547 141.3138 -35 198.9453 141.3138 -35 196.8972 141.8186 -35 195.0294 142.7989 -35 193.4505 144.1977 -35 192.2523 145.9337 -35 191.5043 147.906 -35 191.25 150 -35 191.25 150 0 191.5043 152.094 0 192.2523 154.0663 0 193.4505 155.8023 0 195.0294 157.2011 0 196.8972 158.1814 0 198.9453 158.6862 0 201.0547 158.6862 0 203.1028 158.1814 0 204.9706 157.2011 0 206.5495 155.8023 0 207.7477 154.0663 0 208.4957 152.094 0 208.75 150 0 208.4957 147.906 0 207.7477 145.9337 0 206.5495 144.1977 0 204.9706 142.7989 0 203.1028 141.8186 0 201.0547 141.3138 0 198.9453 141.3138 0 196.8972 141.8186 0 195.0294 142.7989 0 193.4505 144.1977 0 192.2523 145.9337 0 191.5043 147.906 0 191.25 150 0 191.25 -150 -35 191.5043 -147.906 -35 192.2523 -145.9337 -35 193.4505 -144.1977 -35 195.0294 -142.7989 -35 196.8972 -141.8186 -35 198.9453 -141.3138 -35 201.0547 -141.3138 -35 203.1028 -141.8186 -35 204.9706 -142.7989 -35 206.5495 -144.1977 -35 207.7477 -145.9337 -35 208.4957 -147.906 -35 208.75 -150 -35 208.4957 -152.094 -35 207.7477 -154.0663 -35 206.5495 -155.8023 -35 204.9706 -157.2011 -35 203.1028 -158.1814 -35 201.0547 -158.6862 -35 198.9453 -158.6862 -35 196.8972 -158.1814 -35 195.0294 -157.2011 -35 193.4505 -155.8023 -35 192.2523 -154.0663 -35 191.5043 -152.094 -35 191.25 -150 -35 191.25 -150 0 191.5043 -147.906 0 192.2523 -145.9337 0 193.4505 -144.1977 0 195.0294 -142.7989 0 196.8972 -141.8186 0 198.9453 -141.3138 0 201.0547 -141.3138 0 203.1028 -141.8186 0 204.9706 -142.7989 0 206.5495 -144.1977 0 207.7477 -145.9337 0 208.4957 -147.906 0 208.75 -150 0 208.4957 -152.094 0 207.7477 -154.0663 0 206.5495 -155.8023 0 204.9706 -157.2011 0 203.1028 -158.1814 0 201.0547 -158.6862 0 198.9453 -158.6862 0 196.8972 -158.1814 0 195.0294 -157.2011 0 193.4505 -155.8023 0 192.2523 -154.0663 0 191.5043 -152.094 0 191.25 -150 0 141.25 -200 -35 141.5043 -197.906 -35 142.2523 -195.9337 -35 143.4505 -194.1977 -35 145.0294 -192.7989 -35 146.8972 -191.8186 -35 148.9453 -191.3138 -35 151.0547 -191.3138 -35 153.1028 -191.8186 -35 154.9706 -192.7989 -35 156.5495 -194.1977 -35 157.7477 -195.9337 -35 158.4957 -197.906 -35 158.75 -200 -35 158.4957 -202.094 -35 157.7477 -204.0663 -35 156.5495 -205.8023 -35 154.9706 -207.2011 -35 153.1028 -208.1814 -35 151.0547 -208.6862 -35 148.9453 -208.6862 -35 146.8972 -208.1814 -35 145.0294 -207.2011 -35 143.4505 -205.8023 -35 142.2523 -204.0663 -35 141.5043 -202.094 -35 141.25 -200 -35 141.25 -200 0 141.5043 -197.906 0 142.2523 -195.9337 0 143.4505 -194.1977 0 145.0294 -192.7989 0 146.8972 -191.8186 0 148.9453 -191.3138 0 151.0547 -191.3138 0 153.1028 -191.8186 0 154.9706 -192.7989 0 156.5495 -194.1977 0 157.7477 -195.9337 0 158.4957 -197.906 0 158.75 -200 0 158.4957 -202.094 0 157.7477 -204.0663 0 156.5495 -205.8023 0 154.9706 -207.2011 0 153.1028 -208.1814 0 151.0547 -208.6862 0 148.9453 -208.6862 0 146.8972 -208.1814 0 145.0294 -207.2011 0 143.4505 -205.8023 0 142.2523 -204.0663 0 141.5043 -202.094 0 141.25 -200 0 -158.75 -200 -35 -158.4957 -197.906 -35 -157.7477 -195.9337 -35 -156.5495 -194.1977 -35 -154.9706 -192.7989 -35 -153.1028 -191.8186 -35 -151.0547 -191.3138 -35 -148.9453 -191.3138 -35 -146.8972 -191.8186 -35 -145.0294 -192.7989 -35 -143.4505 -194.1977 -35 -142.2523 -195.9337 -35 -141.5043 -197.906 -35 -141.25 -200 -35 -141.5043 -202.094 -35 -142.2523 -204.0663 -35 -143.4505 -205.8023 -35 -145.0294 -207.2011 -35 -146.8972 -208.1814 -35 -148.9453 -208.6862 -35 -151.0547 -208.6862 -35 -153.1028 -208.1814 -35 -154.9706 -207.2011 -35 -156.5495 -205.8023 -35 -157.7477 -204.0663 -35 -158.4957 -202.094 -35 -158.75 -200 -35 -158.75 -200 0 -158.4957 -197.906 0 -157.7477 -195.9337 0 -156.5495 -194.1977 0 -154.9706 -192.7989 0 -153.1028 -191.8186 0 -151.0547 -191.3138 0 -148.9453 -191.3138 0 -146.8972 -191.8186 0 -145.0294 -192.7989 0 -143.4505 -194.1977 0 -142.2523 -195.9337 0 -141.5043 -197.906 0 -141.25 -200 0 -141.5043 -202.094 0 -142.2523 -204.0663 0 -143.4505 -205.8023 0 -145.0294 -207.2011 0 -146.8972 -208.1814 0 -148.9453 -208.6862 0 -151.0547 -208.6862 0 -153.1028 -208.1814 0 -154.9706 -207.2011 0 -156.5495 -205.8023 0 -157.7477 -204.0663 0 -158.4957 -202.094 0 -158.75 -200 0 -208.75 -150 -35 -208.4957 -147.906 -35 -207.7477 -145.9337 -35 -206.5495 -144.1977 -35 -204.9706 -142.7989 -35 -203.1028 -141.8186 -35 -201.0547 -141.3138 -35 -198.9453 -141.3138 -35 -196.8972 -141.8186 -35 -195.0294 -142.7989 -35 -193.4505 -144.1977 -35 -192.2523 -145.9337 -35 -191.5043 -147.906 -35 -191.25 -150 -35 -191.5043 -152.094 -35 -192.2523 -154.0663 -35 -193.4505 -155.8023 -35 -195.0294 -157.2011 -35 -196.8972 -158.1814 -35 -198.9453 -158.6862 -35 -201.0547 -158.6862 -35 -203.1028 -158.1814 -35 -204.9706 -157.2011 -35 -206.5495 -155.8023 -35 -207.7477 -154.0663 -35 -208.4957 -152.094 -35 -208.75 -150 -35 -208.75 -150 0 -208.4957 -147.906 0 -207.7477 -145.9337 0 -206.5495 -144.1977 0 -204.9706 -142.7989 0 -203.1028 -141.8186 0 -201.0547 -141.3138 0 -198.9453 -141.3138 0 -196.8972 -141.8186 0 -195.0294 -142.7989 0 -193.4505 -144.1977 0 -192.2523 -145.9337 0 -191.5043 -147.906 0 -191.25 -150 0 -191.5043 -152.094 0 -192.2523 -154.0663 0 -193.4505 -155.8023 0 -195.0294 -157.2011 0 -196.8972 -158.1814 0 -198.9453 -158.6862 0 -201.0547 -158.6862 0 -203.1028 -158.1814 0 -204.9706 -157.2011 0 -206.5495 -155.8023 0 -207.7477 -154.0663 0 -208.4957 -152.094 0 -208.75 -150 0 26.60534 -247.4874 -35 26.8596 -245.3934 -35 27.6076 -243.421 -35 28.80587 -241.685 -35 30.38477 -240.2863 -35 32.25254 -239.306 -35 34.30064 -238.8012 -35 36.41003 -238.8012 -35 38.45813 -239.306 -35 40.3259 -240.2863 -35 41.90481 -241.685 -35 43.10308 -243.421 -35 43.85108 -245.3934 -35 44.10534 -247.4874 -35 43.85108 -249.5814 -35 43.10308 -251.5537 -35 41.90481 -253.2897 -35 40.3259 -254.6885 -35 38.45813 -255.6688 -35 36.41003 -256.1736 -35 34.30064 -256.1736 -35 32.25254 -255.6688 -35 30.38477 -254.6885 -35 28.80587 -253.2897 -35 27.6076 -251.5537 -35 26.8596 -249.5814 -35 26.60534 -247.4874 -35 26.60534 -247.4874 0 26.8596 -245.3934 0 27.6076 -243.421 0 28.80587 -241.685 0 30.38477 -240.2863 0 32.25254 -239.306 0 34.30064 -238.8012 0 36.41003 -238.8012 0 38.45813 -239.306 0 40.3259 -240.2863 0 41.90481 -241.685 0 43.10308 -243.421 0 43.85108 -245.3934 0 44.10534 -247.4874 0 43.85108 -249.5814 0 43.10308 -251.5537 0 41.90481 -253.2897 0 40.3259 -254.6885 0 38.45813 -255.6688 0 36.41003 -256.1736 0 34.30064 -256.1736 0 32.25254 -255.6688 0 30.38477 -254.6885 0 28.80587 -253.2897 0 27.6076 -251.5537 0 26.8596 -249.5814 0 26.60534 -247.4874 0 -44.10534 -247.4874 -35 -43.85108 -245.3934 -35 -43.10308 -243.421 -35 -41.90481 -241.685 -35 -40.3259 -240.2863 -35 -38.45813 -239.306 -35 -36.41003 -238.8012 -35 -34.30064 -238.8012 -35 -32.25254 -239.306 -35 -30.38477 -240.2863 -35 -28.80587 -241.685 -35 -27.6076 -243.421 -35 -26.8596 -245.3934 -35 -26.60534 -247.4874 -35 -26.8596 -249.5814 -35 -27.6076 -251.5537 -35 -28.80587 -253.2897 -35 -30.38477 -254.6885 -35 -32.25254 -255.6688 -35 -34.30064 -256.1736 -35 -36.41003 -256.1736 -35 -38.45813 -255.6688 -35 -40.3259 -254.6885 -35 -41.90481 -253.2897 -35 -43.10308 -251.5537 -35 -43.85108 -249.5814 -35 -44.10534 -247.4874 -35 -44.10534 -247.4874 0 -43.85108 -245.3934 0 -43.10308 -243.421 0 -41.90481 -241.685 0 -40.3259 -240.2863 0 -38.45813 -239.306 0 -36.41003 -238.8012 0 -34.30064 -238.8012 0 -32.25254 -239.306 0 -30.38477 -240.2863 0 -28.80587 -241.685 0 -27.6076 -243.421 0 -26.8596 -245.3934 0 -26.60534 -247.4874 0 -26.8596 -249.5814 0 -27.6076 -251.5537 0 -28.80587 -253.2897 0 -30.38477 -254.6885 0 -32.25254 -255.6688 0 -34.30064 -256.1736 0 -36.41003 -256.1736 0 -38.45813 -255.6688 0 -40.3259 -254.6885 0 -41.90481 -253.2897 0 -43.10308 -251.5537 0 -43.85108 -249.5814 0 -44.10534 -247.4874 0 -256.2374 -35.35534 -35 -255.9831 -33.26132 -35 -255.2351 -31.28901 -35 -254.0368 -29.55302 -35 -252.4579 -28.15423 -35 -250.5902 -27.17395 -35 -248.5421 -26.66914 -35 -246.4327 -26.66914 -35 -244.3846 -27.17395 -35 -242.5168 -28.15423 -35 -240.9379 -29.55302 -35 -239.7396 -31.28901 -35 -238.9916 -33.26132 -35 -238.7374 -35.35534 -35 -238.9916 -37.44935 -35 -239.7396 -39.42166 -35 -240.9379 -41.15766 -35 -242.5168 -42.55644 -35 -244.3846 -43.53673 -35 -246.4327 -44.04154 -35 -248.5421 -44.04154 -35 -250.5902 -43.53673 -35 -252.4579 -42.55644 -35 -254.0368 -41.15766 -35 -255.2351 -39.42166 -35 -255.9831 -37.44935 -35 -256.2374 -35.35534 -35 -256.2374 -35.35534 0 -255.9831 -33.26132 0 -255.2351 -31.28901 0 -254.0368 -29.55302 0 -252.4579 -28.15423 0 -250.5902 -27.17395 0 -248.5421 -26.66914 0 -246.4327 -26.66914 0 -244.3846 -27.17395 0 -242.5168 -28.15423 0 -240.9379 -29.55302 0 -239.7396 -31.28901 0 -238.9916 -33.26132 0 -238.7374 -35.35534 0 -238.9916 -37.44935 0 -239.7396 -39.42166 0 -240.9379 -41.15766 0 -242.5168 -42.55644 0 -244.3846 -43.53673 0 -246.4327 -44.04154 0 -248.5421 -44.04154 0 -250.5902 -43.53673 0 -252.4579 -42.55644 0 -254.0368 -41.15766 0 -255.2351 -39.42166 0 -255.9831 -37.44935 0 -256.2374 -35.35534 0 -256.2374 35.35534 -35 -255.9831 37.44935 -35 -255.2351 39.42166 -35 -254.0368 41.15766 -35 -252.4579 42.55644 -35 -250.5902 43.53673 -35 -248.5421 44.04154 -35 -246.4327 44.04154 -35 -244.3846 43.53673 -35 -242.5168 42.55644 -35 -240.9379 41.15766 -35 -239.7396 39.42166 -35 -238.9916 37.44935 -35 -238.7374 35.35534 -35 -238.9916 33.26132 -35 -239.7396 31.28901 -35 -240.9379 29.55302 -35 -242.5168 28.15423 -35 -244.3846 27.17395 -35 -246.4327 26.66914 -35 -248.5421 26.66914 -35 -250.5902 27.17395 -35 -252.4579 28.15423 -35 -254.0368 29.55302 -35 -255.2351 31.28901 -35 -255.9831 33.26132 -35 -256.2374 35.35534 -35 -256.2374 35.35534 0 -255.9831 37.44935 0 -255.2351 39.42166 0 -254.0368 41.15766 0 -252.4579 42.55644 0 -250.5902 43.53673 0 -248.5421 44.04154 0 -246.4327 44.04154 0 -244.3846 43.53673 0 -242.5168 42.55644 0 -240.9379 41.15766 0 -239.7396 39.42166 0 -238.9916 37.44935 0 -238.7374 35.35534 0 -238.9916 33.26132 0 -239.7396 31.28901 0 -240.9379 29.55302 0 -242.5168 28.15423 0 -244.3846 27.17395 0 -246.4327 26.66914 0 -248.5421 26.66914 0 -250.5902 27.17395 0 -252.4579 28.15423 0 -254.0368 29.55302 0 -255.2351 31.28901 0 -255.9831 33.26132 0 -256.2374 35.35534 0 -44.10534 247.4874 -35 -43.85108 249.5814 -35 -43.10308 251.5537 -35 -41.90481 253.2897 -35 -40.3259 254.6885 -35 -38.45813 255.6688 -35 -36.41003 256.1736 -35 -34.30064 256.1736 -35 -32.25254 255.6688 -35 -30.38477 254.6885 -35 -28.80587 253.2897 -35 -27.6076 251.5537 -35 -26.8596 249.5814 -35 -26.60534 247.4874 -35 -26.8596 245.3934 -35 -27.6076 243.421 -35 -28.80587 241.685 -35 -30.38477 240.2863 -35 -32.25254 239.306 -35 -34.30064 238.8012 -35 -36.41003 238.8012 -35 -38.45813 239.306 -35 -40.3259 240.2863 -35 -41.90481 241.685 -35 -43.10308 243.421 -35 -43.85108 245.3934 -35 -44.10534 247.4874 -35 -44.10534 247.4874 0 -43.85108 249.5814 0 -43.10308 251.5537 0 -41.90481 253.2897 0 -40.3259 254.6885 0 -38.45813 255.6688 0 -36.41003 256.1736 0 -34.30064 256.1736 0 -32.25254 255.6688 0 -30.38477 254.6885 0 -28.80587 253.2897 0 -27.6076 251.5537 0 -26.8596 249.5814 0 -26.60534 247.4874 0 -26.8596 245.3934 0 -27.6076 243.421 0 -28.80587 241.685 0 -30.38477 240.2863 0 -32.25254 239.306 0 -34.30064 238.8012 0 -36.41003 238.8012 0 -38.45813 239.306 0 -40.3259 240.2863 0 -41.90481 241.685 0 -43.10308 243.421 0 -43.85108 245.3934 0 -44.10534 247.4874 0 26.60534 247.4874 -35 26.8596 249.5814 -35 27.6076 251.5537 -35 28.80587 253.2897 -35 30.38477 254.6885 -35 32.25254 255.6688 -35 34.30064 256.1736 -35 36.41003 256.1736 -35 38.45813 255.6688 -35 40.3259 254.6885 -35 41.90481 253.2897 -35 43.10308 251.5537 -35 43.85108 249.5814 -35 44.10534 247.4874 -35 43.85108 245.3934 -35 43.10308 243.421 -35 41.90481 241.685 -35 40.3259 240.2863 -35 38.45813 239.306 -35 36.41003 238.8012 -35 34.30064 238.8012 -35 32.25254 239.306 -35 30.38477 240.2863 -35 28.80587 241.685 -35 27.6076 243.421 -35 26.8596 245.3934 -35 26.60534 247.4874 -35 26.60534 247.4874 0 26.8596 249.5814 0 27.6076 251.5537 0 28.80587 253.2897 0 30.38477 254.6885 0 32.25254 255.6688 0 34.30064 256.1736 0 36.41003 256.1736 0 38.45813 255.6688 0 40.3259 254.6885 0 41.90481 253.2897 0 43.10308 251.5537 0 43.85108 249.5814 0 44.10534 247.4874 0 43.85108 245.3934 0 43.10308 243.421 0 41.90481 241.685 0 40.3259 240.2863 0 38.45813 239.306 0 36.41003 238.8012 0 34.30064 238.8012 0 32.25254 239.306 0 30.38477 240.2863 0 28.80587 241.685 0 27.6076 243.421 0 26.8596 245.3934 0 26.60534 247.4874 0 238.7374 35.35534 -35 238.9916 37.44935 -35 239.7396 39.42166 -35 240.9379 41.15766 -35 242.5168 42.55644 -35 244.3846 43.53673 -35 246.4327 44.04154 -35 248.5421 44.04154 -35 250.5902 43.53673 -35 252.4579 42.55644 -35 254.0368 41.15766 -35 255.2351 39.42166 -35 255.9831 37.44935 -35 256.2374 35.35534 -35 255.9831 33.26132 -35 255.2351 31.28901 -35 254.0368 29.55302 -35 252.4579 28.15423 -35 250.5902 27.17395 -35 248.5421 26.66914 -35 246.4327 26.66914 -35 244.3846 27.17395 -35 242.5168 28.15423 -35 240.9379 29.55302 -35 239.7396 31.28901 -35 238.9916 33.26132 -35 238.7374 35.35534 -35 238.7374 35.35534 0 238.9916 37.44935 0 239.7396 39.42166 0 240.9379 41.15766 0 242.5168 42.55644 0 244.3846 43.53673 0 246.4327 44.04154 0 248.5421 44.04154 0 250.5902 43.53673 0 252.4579 42.55644 0 254.0368 41.15766 0 255.2351 39.42166 0 255.9831 37.44935 0 256.2374 35.35534 0 255.9831 33.26132 0 255.2351 31.28901 0 254.0368 29.55302 0 252.4579 28.15423 0 250.5902 27.17395 0 248.5421 26.66914 0 246.4327 26.66914 0 244.3846 27.17395 0 242.5168 28.15423 0 240.9379 29.55302 0 239.7396 31.28901 0 238.9916 33.26132 0 238.7374 35.35534 0 238.7374 -35.35534 -35 238.9916 -33.26132 -35 239.7396 -31.28901 -35 240.9379 -29.55302 -35 242.5168 -28.15423 -35 244.3846 -27.17395 -35 246.4327 -26.66914 -35 248.5421 -26.66914 -35 250.5902 -27.17395 -35 252.4579 -28.15423 -35 254.0368 -29.55302 -35 255.2351 -31.28901 -35 255.9831 -33.26132 -35 256.2374 -35.35534 -35 255.9831 -37.44935 -35 255.2351 -39.42166 -35 254.0368 -41.15766 -35 252.4579 -42.55644 -35 250.5902 -43.53673 -35 248.5421 -44.04154 -35 246.4327 -44.04154 -35 244.3846 -43.53673 -35 242.5168 -42.55644 -35 240.9379 -41.15766 -35 239.7396 -39.42166 -35 238.9916 -37.44935 -35 238.7374 -35.35534 -35 238.7374 -35.35534 0 238.9916 -33.26132 0 239.7396 -31.28901 0 240.9379 -29.55302 0 242.5168 -28.15423 0 244.3846 -27.17395 0 246.4327 -26.66914 0 248.5421 -26.66914 0 250.5902 -27.17395 0 252.4579 -28.15423 0 254.0368 -29.55302 0 255.2351 -31.28901 0 255.9831 -33.26132 0 256.2374 -35.35534 0 255.9831 -37.44935 0 255.2351 -39.42166 0 254.0368 -41.15766 0 252.4579 -42.55644 0 250.5902 -43.53673 0 248.5421 -44.04154 0 246.4327 -44.04154 0 244.3846 -43.53673 0 242.5168 -42.55644 0 240.9379 -41.15766 0 239.7396 -39.42166 0 238.9916 -37.44935 0 238.7374 -35.35534 0 260.7716 275.7716 -35 261.2075 279.3614 -35 262.4898 282.7425 -35 264.544 285.7185 -35 267.2507 288.1164 -35 270.4526 289.7969 -35 273.9636 290.6623 -35 277.5797 290.6623 -35 281.0907 289.7969 -35 284.2926 288.1164 -35 286.9993 285.7185 -35 289.0535 282.7425 -35 290.3358 279.3614 -35 290.7716 275.7716 -35 290.3358 272.1819 -35 289.0535 268.8008 -35 286.9993 265.8248 -35 284.2926 263.4269 -35 281.0907 261.7464 -35 277.5797 260.881 -35 273.9636 260.881 -35 270.4526 261.7464 -35 267.2507 263.4269 -35 264.544 265.8248 -35 262.4898 268.8008 -35 261.2075 272.1819 -35 260.7716 275.7716 -35 260.7716 275.7716 0 261.2075 279.3614 0 262.4898 282.7425 0 264.544 285.7185 0 267.2507 288.1164 0 270.4526 289.7969 0 273.9636 290.6623 0 277.5797 290.6623 0 281.0907 289.7969 0 284.2926 288.1164 0 286.9993 285.7185 0 289.0535 282.7425 0 290.3358 279.3614 0 290.7716 275.7716 0 290.3358 272.1819 0 289.0535 268.8008 0 286.9993 265.8248 0 284.2926 263.4269 0 281.0907 261.7464 0 277.5797 260.881 0 273.9636 260.881 0 270.4526 261.7464 0 267.2507 263.4269 0 264.544 265.8248 0 262.4898 268.8008 0 261.2075 272.1819 0 260.7716 275.7716 0 260.7716 -275.7716 -35 261.2075 -272.1819 -35 262.4898 -268.8008 -35 264.544 -265.8248 -35 267.2507 -263.4269 -35 270.4526 -261.7464 -35 273.9636 -260.881 -35 277.5797 -260.881 -35 281.0907 -261.7464 -35 284.2926 -263.4269 -35 286.9993 -265.8248 -35 289.0535 -268.8008 -35 290.3358 -272.1819 -35 290.7716 -275.7716 -35 290.3358 -279.3614 -35 289.0535 -282.7425 -35 286.9993 -285.7185 -35 284.2926 -288.1164 -35 281.0907 -289.7969 -35 277.5797 -290.6623 -35 273.9636 -290.6623 -35 270.4526 -289.7969 -35 267.2507 -288.1164 -35 264.544 -285.7185 -35 262.4898 -282.7425 -35 261.2075 -279.3614 -35 260.7716 -275.7716 -35 260.7716 -275.7716 0 261.2075 -272.1819 0 262.4898 -268.8008 0 264.544 -265.8248 0 267.2507 -263.4269 0 270.4526 -261.7464 0 273.9636 -260.881 0 277.5797 -260.881 0 281.0907 -261.7464 0 284.2926 -263.4269 0 286.9993 -265.8248 0 289.0535 -268.8008 0 290.3358 -272.1819 0 290.7716 -275.7716 0 290.3358 -279.3614 0 289.0535 -282.7425 0 286.9993 -285.7185 0 284.2926 -288.1164 0 281.0907 -289.7969 0 277.5797 -290.6623 0 273.9636 -290.6623 0 270.4526 -289.7969 0 267.2507 -288.1164 0 264.544 -285.7185 0 262.4898 -282.7425 0 261.2075 -279.3614 0 260.7716 -275.7716 0 -290.7716 -275.7716 -35 -290.3358 -272.1819 -35 -289.0535 -268.8008 -35 -286.9993 -265.8248 -35 -284.2926 -263.4269 -35 -281.0907 -261.7464 -35 -277.5797 -260.881 -35 -273.9636 -260.881 -35 -270.4526 -261.7464 -35 -267.2507 -263.4269 -35 -264.544 -265.8248 -35 -262.4898 -268.8008 -35 -261.2075 -272.1819 -35 -260.7716 -275.7716 -35 -261.2075 -279.3614 -35 -262.4898 -282.7425 -35 -264.544 -285.7185 -35 -267.2507 -288.1164 -35 -270.4526 -289.7969 -35 -273.9636 -290.6623 -35 -277.5797 -290.6623 -35 -281.0907 -289.7969 -35 -284.2926 -288.1164 -35 -286.9993 -285.7185 -35 -289.0535 -282.7425 -35 -290.3358 -279.3614 -35 -290.7716 -275.7716 -35 -290.7716 -275.7716 0 -290.3358 -272.1819 0 -289.0535 -268.8008 0 -286.9993 -265.8248 0 -284.2926 -263.4269 0 -281.0907 -261.7464 0 -277.5797 -260.881 0 -273.9636 -260.881 0 -270.4526 -261.7464 0 -267.2507 -263.4269 0 -264.544 -265.8248 0 -262.4898 -268.8008 0 -261.2075 -272.1819 0 -260.7716 -275.7716 0 -261.2075 -279.3614 0 -262.4898 -282.7425 0 -264.544 -285.7185 0 -267.2507 -288.1164 0 -270.4526 -289.7969 0 -273.9636 -290.6623 0 -277.5797 -290.6623 0 -281.0907 -289.7969 0 -284.2926 -288.1164 0 -286.9993 -285.7185 0 -289.0535 -282.7425 0 -290.3358 -279.3614 0 -290.7716 -275.7716 0 -290.7716 275.7716 -35 -290.3358 279.3614 -35 -289.0535 282.7425 -35 -286.9993 285.7185 -35 -284.2926 288.1164 -35 -281.0907 289.7969 -35 -277.5797 290.6623 -35 -273.9636 290.6623 -35 -270.4526 289.7969 -35 -267.2507 288.1164 -35 -264.544 285.7185 -35 -262.4898 282.7425 -35 -261.2075 279.3614 -35 -260.7716 275.7716 -35 -261.2075 272.1819 -35 -262.4898 268.8008 -35 -264.544 265.8248 -35 -267.2507 263.4269 -35 -270.4526 261.7464 -35 -273.9636 260.881 -35 -277.5797 260.881 -35 -281.0907 261.7464 -35 -284.2926 263.4269 -35 -286.9993 265.8248 -35 -289.0535 268.8008 -35 -290.3358 272.1819 -35 -290.7716 275.7716 -35 -290.7716 275.7716 0 -290.3358 279.3614 0 -289.0535 282.7425 0 -286.9993 285.7185 0 -284.2926 288.1164 0 -281.0907 289.7969 0 -277.5797 290.6623 0 -273.9636 290.6623 0 -270.4526 289.7969 0 -267.2507 288.1164 0 -264.544 285.7185 0 -262.4898 282.7425 0 -261.2075 279.3614 0 -260.7716 275.7716 0 -261.2075 272.1819 0 -262.4898 268.8008 0 -264.544 265.8248 0 -267.2507 263.4269 0 -270.4526 261.7464 0 -273.9636 260.881 0 -277.5797 260.881 0 -281.0907 261.7464 0 -284.2926 263.4269 0 -286.9993 265.8248 0 -289.0535 268.8008 0 -290.3358 272.1819 0 -290.7716 275.7716 0 308.2336 -229.8097 -35 308.6259 -226.5789 -35 309.7799 -223.5359 -35 311.6287 -220.8575 -35 314.0647 -218.6994 -35 316.9464 -217.187 -35 320.1064 -216.4081 -35 323.3609 -216.4081 -35 326.5208 -217.187 -35 329.4025 -218.6994 -35 331.8385 -220.8575 -35 333.6873 -223.5359 -35 334.8413 -226.5789 -35 335.2336 -229.8097 -35 334.8413 -233.0405 -35 333.6873 -236.0835 -35 331.8385 -238.7619 -35 329.4025 -240.92 -35 326.5208 -242.4324 -35 323.3609 -243.2113 -35 320.1064 -243.2113 -35 316.9464 -242.4324 -35 314.0647 -240.92 -35 311.6287 -238.7619 -35 309.7799 -236.0835 -35 308.6259 -233.0405 -35 308.2336 -229.8097 -35 308.2336 -229.8097 -18 308.2336 -229.8097 -18 308.6259 -233.0405 -18 309.7799 -236.0835 -18 311.6287 -238.7619 -18 314.0647 -240.92 -18 316.9464 -242.4324 -18 320.1064 -243.2113 -18 323.3609 -243.2113 -18 326.5208 -242.4324 -18 329.4025 -240.92 -18 331.8385 -238.7619 -18 333.6873 -236.0835 -18 334.8413 -233.0405 -18 335.2336 -229.8097 -18 334.8413 -226.5789 -18 333.6873 -223.5359 -18 331.8385 -220.8575 -18 329.4025 -218.6994 -18 326.5208 -217.187 -18 323.3609 -216.4081 -18 320.1064 -216.4081 -18 316.9464 -217.187 -18 314.0647 -218.6994 -18 311.6287 -220.8575 -18 309.7799 -223.5359 -18 308.6259 -226.5789 -18 291.7336 -229.8097 -18 292.6053 -236.9892 -18 295.1699 -243.7514 -18 299.2783 -249.7034 -18 304.6917 -254.4992 -18 311.0954 -257.8602 -18 318.1175 -259.591 -18 325.3497 -259.591 -18 332.3717 -257.8602 -18 338.7755 -254.4992 -18 344.1889 -249.7034 -18 348.2973 -243.7514 -18 350.8619 -236.9892 -18 351.7336 -229.8097 -18 350.8619 -222.6302 -18 348.2973 -215.868 -18 344.1889 -209.916 -18 338.7755 -205.1202 -18 332.3717 -201.7592 -18 325.3497 -200.0284 -18 318.1175 -200.0284 -18 311.0954 -201.7592 -18 304.6917 -205.1202 -18 299.2783 -209.916 -18 295.1699 -215.868 -18 292.6053 -222.6302 -18 308.2336 -229.8097 -18 308.6259 -233.0405 -18 309.7799 -236.0835 -18 311.6287 -238.7619 -18 314.0647 -240.92 -18 316.9464 -242.4324 -18 320.1064 -243.2113 -18 323.3609 -243.2113 -18 326.5208 -242.4324 -18 329.4025 -240.92 -18 331.8385 -238.7619 -18 333.6873 -236.0835 -18 334.8413 -233.0405 -18 335.2336 -229.8097 -18 334.8413 -226.5789 -18 333.6873 -223.5359 -18 331.8385 -220.8575 -18 329.4025 -218.6994 -18 326.5208 -217.187 -18 323.3609 -216.4081 -18 320.1064 -216.4081 -18 316.9464 -217.187 -18 314.0647 -218.6994 -18 311.6287 -220.8575 -18 309.7799 -223.5359 -18 308.6259 -226.5789 -18 286.7336 -229.8097 -13 287.7506 -221.4337 -13 290.7426 -213.5444 -13 295.5357 -206.6004 -13 301.8513 -201.0053 -13 309.3224 -197.0841 -13 317.5148 -195.0649 -13 325.9524 -195.0649 -13 334.1448 -197.0841 -13 341.6159 -201.0053 -13 347.9315 -206.6004 -13 352.7246 -213.5444 -13 355.7166 -221.4337 -13 356.7336 -229.8097 -13 355.7166 -238.1857 -13 352.7246 -246.075 -13 347.9315 -253.019 -13 341.6159 -258.6141 -13 334.1448 -262.5353 -13 325.9524 -264.5545 -13 317.5148 -264.5545 -13 309.3224 -262.5353 -13 301.8513 -258.6141 -13 295.5357 -253.019 -13 290.7426 -246.075 -13 287.7506 -238.1857 -13 286.7336 -229.8097 -13 286.7336 -229.8097 0 287.7506 -221.4337 0 290.7426 -213.5444 0 295.5357 -206.6004 0 301.8513 -201.0053 0 309.3224 -197.0841 0 317.5148 -195.0649 0 325.9524 -195.0649 0 334.1448 -197.0841 0 341.6159 -201.0053 0 347.9315 -206.6004 0 352.7246 -213.5444 0 355.7166 -221.4337 0 356.7336 -229.8097 0 355.7166 -238.1857 0 352.7246 -246.075 0 347.9315 -253.019 0 341.6159 -258.6141 0 334.1448 -262.5353 0 325.9524 -264.5545 0 317.5148 -264.5545 0 309.3224 -262.5353 0 301.8513 -258.6141 0 295.5357 -253.019 0 290.7426 -246.075 0 287.7506 -238.1857 0 286.7336 -229.8097 0 216.3097 -321.7336 -35 216.702 -318.5028 -35 217.856 -315.4598 -35 219.7048 -312.7814 -35 222.1408 -310.6233 -35 225.0225 -309.1109 -35 228.1825 -308.332 -35 231.4369 -308.332 -35 234.5969 -309.1109 -35 237.4786 -310.6233 -35 239.9146 -312.7814 -35 241.7634 -315.4598 -35 242.9174 -318.5028 -35 243.3097 -321.7336 -35 242.9174 -324.9644 -35 241.7634 -328.0074 -35 239.9146 -330.6857 -35 237.4786 -332.8439 -35 234.5969 -334.3563 -35 231.4369 -335.1352 -35 228.1825 -335.1352 -35 225.0225 -334.3563 -35 222.1408 -332.8439 -35 219.7048 -330.6857 -35 217.856 -328.0074 -35 216.702 -324.9644 -35 216.3097 -321.7336 -35 216.3097 -321.7336 -18 216.3097 -321.7336 -18 216.702 -324.9644 -18 217.856 -328.0074 -18 219.7048 -330.6857 -18 222.1408 -332.8439 -18 225.0225 -334.3563 -18 228.1825 -335.1352 -18 231.4369 -335.1352 -18 234.5969 -334.3563 -18 237.4786 -332.8439 -18 239.9146 -330.6857 -18 241.7634 -328.0074 -18 242.9174 -324.9644 -18 243.3097 -321.7336 -18 242.9174 -318.5028 -18 241.7634 -315.4598 -18 239.9146 -312.7814 -18 237.4786 -310.6233 -18 234.5969 -309.1109 -18 231.4369 -308.332 -18 228.1825 -308.332 -18 225.0225 -309.1109 -18 222.1408 -310.6233 -18 219.7048 -312.7814 -18 217.856 -315.4598 -18 216.702 -318.5028 -18 199.8097 -321.7336 -18 200.6814 -328.9131 -18 203.246 -335.6753 -18 207.3544 -341.6273 -18 212.7678 -346.4231 -18 219.1716 -349.7841 -18 226.1936 -351.5149 -18 233.4258 -351.5149 -18 240.4478 -349.7841 -18 246.8516 -346.4231 -18 252.265 -341.6273 -18 256.3734 -335.6753 -18 258.938 -328.9131 -18 259.8097 -321.7336 -18 258.938 -314.5541 -18 256.3734 -307.7919 -18 252.265 -301.8399 -18 246.8516 -297.0441 -18 240.4478 -293.6831 -18 233.4258 -291.9523 -18 226.1936 -291.9523 -18 219.1716 -293.6831 -18 212.7678 -297.0441 -18 207.3544 -301.8399 -18 203.246 -307.7919 -18 200.6814 -314.5541 -18 216.3097 -321.7336 -18 216.702 -324.9644 -18 217.856 -328.0074 -18 219.7048 -330.6857 -18 222.1408 -332.8439 -18 225.0225 -334.3563 -18 228.1825 -335.1352 -18 231.4369 -335.1352 -18 234.5969 -334.3563 -18 237.4786 -332.8439 -18 239.9146 -330.6857 -18 241.7634 -328.0074 -18 242.9174 -324.9644 -18 243.3097 -321.7336 -18 242.9174 -318.5028 -18 241.7634 -315.4598 -18 239.9146 -312.7814 -18 237.4786 -310.6233 -18 234.5969 -309.1109 -18 231.4369 -308.332 -18 228.1825 -308.332 -18 225.0225 -309.1109 -18 222.1408 -310.6233 -18 219.7048 -312.7814 -18 217.856 -315.4598 -18 216.702 -318.5028 -18 194.8097 -321.7336 -13 195.8267 -313.3576 -13 198.8187 -305.4683 -13 203.6118 -298.5243 -13 209.9274 -292.9291 -13 217.3985 -289.008 -13 225.5909 -286.9888 -13 234.0285 -286.9888 -13 242.2209 -289.008 -13 249.692 -292.9291 -13 256.0076 -298.5243 -13 260.8007 -305.4683 -13 263.7927 -313.3576 -13 264.8097 -321.7336 -13 263.7927 -330.1096 -13 260.8007 -337.9989 -13 256.0076 -344.9429 -13 249.692 -350.538 -13 242.2209 -354.4592 -13 234.0285 -356.4784 -13 225.5909 -356.4784 -13 217.3985 -354.4592 -13 209.9274 -350.538 -13 203.6118 -344.9429 -13 198.8187 -337.9989 -13 195.8267 -330.1096 -13 194.8097 -321.7336 -13 194.8097 -321.7336 0 195.8267 -313.3576 0 198.8187 -305.4683 0 203.6118 -298.5243 0 209.9274 -292.9291 0 217.3985 -289.008 0 225.5909 -286.9888 0 234.0285 -286.9888 0 242.2209 -289.008 0 249.692 -292.9291 0 256.0076 -298.5243 0 260.8007 -305.4683 0 263.7927 -313.3576 0 264.8097 -321.7336 0 263.7927 -330.1096 0 260.8007 -337.9989 0 256.0076 -344.9429 0 249.692 -350.538 0 242.2209 -354.4592 0 234.0285 -356.4784 0 225.5909 -356.4784 0 217.3985 -354.4592 0 209.9274 -350.538 0 203.6118 -344.9429 0 198.8187 -337.9989 0 195.8267 -330.1096 0 194.8097 -321.7336 0 -243.3097 -321.7336 -35 -242.9174 -318.5028 -35 -241.7634 -315.4598 -35 -239.9146 -312.7814 -35 -237.4786 -310.6233 -35 -234.5969 -309.1109 -35 -231.4369 -308.332 -35 -228.1825 -308.332 -35 -225.0225 -309.1109 -35 -222.1408 -310.6233 -35 -219.7048 -312.7814 -35 -217.856 -315.4598 -35 -216.702 -318.5028 -35 -216.3097 -321.7336 -35 -216.702 -324.9644 -35 -217.856 -328.0074 -35 -219.7048 -330.6857 -35 -222.1408 -332.8439 -35 -225.0225 -334.3563 -35 -228.1825 -335.1352 -35 -231.4369 -335.1352 -35 -234.5969 -334.3563 -35 -237.4786 -332.8439 -35 -239.9146 -330.6857 -35 -241.7634 -328.0074 -35 -242.9174 -324.9644 -35 -243.3097 -321.7336 -35 -243.3097 -321.7336 -18 -243.3097 -321.7336 -18 -242.9174 -324.9644 -18 -241.7634 -328.0074 -18 -239.9146 -330.6857 -18 -237.4786 -332.8439 -18 -234.5969 -334.3563 -18 -231.4369 -335.1352 -18 -228.1825 -335.1352 -18 -225.0225 -334.3563 -18 -222.1408 -332.8439 -18 -219.7048 -330.6857 -18 -217.856 -328.0074 -18 -216.702 -324.9644 -18 -216.3097 -321.7336 -18 -216.702 -318.5028 -18 -217.856 -315.4598 -18 -219.7048 -312.7814 -18 -222.1408 -310.6233 -18 -225.0225 -309.1109 -18 -228.1825 -308.332 -18 -231.4369 -308.332 -18 -234.5969 -309.1109 -18 -237.4786 -310.6233 -18 -239.9146 -312.7814 -18 -241.7634 -315.4598 -18 -242.9174 -318.5028 -18 -259.8097 -321.7336 -18 -258.938 -328.9131 -18 -256.3734 -335.6753 -18 -252.265 -341.6273 -18 -246.8516 -346.4231 -18 -240.4478 -349.7841 -18 -233.4258 -351.5149 -18 -226.1936 -351.5149 -18 -219.1716 -349.7841 -18 -212.7678 -346.4231 -18 -207.3544 -341.6273 -18 -203.246 -335.6753 -18 -200.6814 -328.9131 -18 -199.8097 -321.7336 -18 -200.6814 -314.5541 -18 -203.246 -307.7919 -18 -207.3544 -301.8399 -18 -212.7678 -297.0441 -18 -219.1716 -293.6831 -18 -226.1936 -291.9523 -18 -233.4258 -291.9523 -18 -240.4478 -293.6831 -18 -246.8516 -297.0441 -18 -252.265 -301.8399 -18 -256.3734 -307.7919 -18 -258.938 -314.5541 -18 -243.3097 -321.7336 -18 -242.9174 -324.9644 -18 -241.7634 -328.0074 -18 -239.9146 -330.6857 -18 -237.4786 -332.8439 -18 -234.5969 -334.3563 -18 -231.4369 -335.1352 -18 -228.1825 -335.1352 -18 -225.0225 -334.3563 -18 -222.1408 -332.8439 -18 -219.7048 -330.6857 -18 -217.856 -328.0074 -18 -216.702 -324.9644 -18 -216.3097 -321.7336 -18 -216.702 -318.5028 -18 -217.856 -315.4598 -18 -219.7048 -312.7814 -18 -222.1408 -310.6233 -18 -225.0225 -309.1109 -18 -228.1825 -308.332 -18 -231.4369 -308.332 -18 -234.5969 -309.1109 -18 -237.4786 -310.6233 -18 -239.9146 -312.7814 -18 -241.7634 -315.4598 -18 -242.9174 -318.5028 -18 -264.8097 -321.7336 -13 -263.7927 -313.3576 -13 -260.8007 -305.4683 -13 -256.0076 -298.5243 -13 -249.692 -292.9291 -13 -242.2209 -289.008 -13 -234.0285 -286.9888 -13 -225.5909 -286.9888 -13 -217.3985 -289.008 -13 -209.9274 -292.9291 -13 -203.6118 -298.5243 -13 -198.8187 -305.4683 -13 -195.8267 -313.3576 -13 -194.8097 -321.7336 -13 -195.8267 -330.1096 -13 -198.8187 -337.9989 -13 -203.6118 -344.9429 -13 -209.9274 -350.538 -13 -217.3985 -354.4592 -13 -225.5909 -356.4784 -13 -234.0285 -356.4784 -13 -242.2209 -354.4592 -13 -249.692 -350.538 -13 -256.0076 -344.9429 -13 -260.8007 -337.9989 -13 -263.7927 -330.1096 -13 -264.8097 -321.7336 -13 -264.8097 -321.7336 0 -263.7927 -313.3576 0 -260.8007 -305.4683 0 -256.0076 -298.5243 0 -249.692 -292.9291 0 -242.2209 -289.008 0 -234.0285 -286.9888 0 -225.5909 -286.9888 0 -217.3985 -289.008 0 -209.9274 -292.9291 0 -203.6118 -298.5243 0 -198.8187 -305.4683 0 -195.8267 -313.3576 0 -194.8097 -321.7336 0 -195.8267 -330.1096 0 -198.8187 -337.9989 0 -203.6118 -344.9429 0 -209.9274 -350.538 0 -217.3985 -354.4592 0 -225.5909 -356.4784 0 -234.0285 -356.4784 0 -242.2209 -354.4592 0 -249.692 -350.538 0 -256.0076 -344.9429 0 -260.8007 -337.9989 0 -263.7927 -330.1096 0 -264.8097 -321.7336 0 -335.2336 -229.8097 -35 -334.8413 -226.5789 -35 -333.6873 -223.5359 -35 -331.8385 -220.8575 -35 -329.4025 -218.6994 -35 -326.5208 -217.187 -35 -323.3609 -216.4081 -35 -320.1064 -216.4081 -35 -316.9464 -217.187 -35 -314.0647 -218.6994 -35 -311.6287 -220.8575 -35 -309.7799 -223.5359 -35 -308.6259 -226.5789 -35 -308.2336 -229.8097 -35 -308.6259 -233.0405 -35 -309.7799 -236.0835 -35 -311.6287 -238.7619 -35 -314.0647 -240.92 -35 -316.9464 -242.4324 -35 -320.1064 -243.2113 -35 -323.3609 -243.2113 -35 -326.5208 -242.4324 -35 -329.4025 -240.92 -35 -331.8385 -238.7619 -35 -333.6873 -236.0835 -35 -334.8413 -233.0405 -35 -335.2336 -229.8097 -35 -335.2336 -229.8097 -18 -335.2336 -229.8097 -18 -334.8413 -233.0405 -18 -333.6873 -236.0835 -18 -331.8385 -238.7619 -18 -329.4025 -240.92 -18 -326.5208 -242.4324 -18 -323.3609 -243.2113 -18 -320.1064 -243.2113 -18 -316.9464 -242.4324 -18 -314.0647 -240.92 -18 -311.6287 -238.7619 -18 -309.7799 -236.0835 -18 -308.6259 -233.0405 -18 -308.2336 -229.8097 -18 -308.6259 -226.5789 -18 -309.7799 -223.5359 -18 -311.6287 -220.8575 -18 -314.0647 -218.6994 -18 -316.9464 -217.187 -18 -320.1064 -216.4081 -18 -323.3609 -216.4081 -18 -326.5208 -217.187 -18 -329.4025 -218.6994 -18 -331.8385 -220.8575 -18 -333.6873 -223.5359 -18 -334.8413 -226.5789 -18 -351.7336 -229.8097 -18 -350.8619 -236.9892 -18 -348.2973 -243.7514 -18 -344.1889 -249.7034 -18 -338.7755 -254.4992 -18 -332.3717 -257.8602 -18 -325.3497 -259.591 -18 -318.1175 -259.591 -18 -311.0954 -257.8602 -18 -304.6917 -254.4992 -18 -299.2783 -249.7034 -18 -295.1699 -243.7514 -18 -292.6053 -236.9892 -18 -291.7336 -229.8097 -18 -292.6053 -222.6302 -18 -295.1699 -215.868 -18 -299.2783 -209.916 -18 -304.6917 -205.1202 -18 -311.0954 -201.7592 -18 -318.1175 -200.0284 -18 -325.3497 -200.0284 -18 -332.3717 -201.7592 -18 -338.7755 -205.1202 -18 -344.1889 -209.916 -18 -348.2973 -215.868 -18 -350.8619 -222.6302 -18 -335.2336 -229.8097 -18 -334.8413 -233.0405 -18 -333.6873 -236.0835 -18 -331.8385 -238.7619 -18 -329.4025 -240.92 -18 -326.5208 -242.4324 -18 -323.3609 -243.2113 -18 -320.1064 -243.2113 -18 -316.9464 -242.4324 -18 -314.0647 -240.92 -18 -311.6287 -238.7619 -18 -309.7799 -236.0835 -18 -308.6259 -233.0405 -18 -308.2336 -229.8097 -18 -308.6259 -226.5789 -18 -309.7799 -223.5359 -18 -311.6287 -220.8575 -18 -314.0647 -218.6994 -18 -316.9464 -217.187 -18 -320.1064 -216.4081 -18 -323.3609 -216.4081 -18 -326.5208 -217.187 -18 -329.4025 -218.6994 -18 -331.8385 -220.8575 -18 -333.6873 -223.5359 -18 -334.8413 -226.5789 -18 -356.7336 -229.8097 -13 -355.7166 -221.4337 -13 -352.7246 -213.5444 -13 -347.9315 -206.6004 -13 -341.6159 -201.0053 -13 -334.1448 -197.0841 -13 -325.9524 -195.0649 -13 -317.5148 -195.0649 -13 -309.3224 -197.0841 -13 -301.8513 -201.0053 -13 -295.5357 -206.6004 -13 -290.7426 -213.5444 -13 -287.7506 -221.4337 -13 -286.7336 -229.8097 -13 -287.7506 -238.1857 -13 -290.7426 -246.075 -13 -295.5357 -253.019 -13 -301.8513 -258.6141 -13 -309.3224 -262.5353 -13 -317.5148 -264.5545 -13 -325.9524 -264.5545 -13 -334.1448 -262.5353 -13 -341.6159 -258.6141 -13 -347.9315 -253.019 -13 -352.7246 -246.075 -13 -355.7166 -238.1857 -13 -356.7336 -229.8097 -13 -356.7336 -229.8097 0 -355.7166 -221.4337 0 -352.7246 -213.5444 0 -347.9315 -206.6004 0 -341.6159 -201.0053 0 -334.1448 -197.0841 0 -325.9524 -195.0649 0 -317.5148 -195.0649 0 -309.3224 -197.0841 0 -301.8513 -201.0053 0 -295.5357 -206.6004 0 -290.7426 -213.5444 0 -287.7506 -221.4337 0 -286.7336 -229.8097 0 -287.7506 -238.1857 0 -290.7426 -246.075 0 -295.5357 -253.019 0 -301.8513 -258.6141 0 -309.3224 -262.5353 0 -317.5148 -264.5545 0 -325.9524 -264.5545 0 -334.1448 -262.5353 0 -341.6159 -258.6141 0 -347.9315 -253.019 0 -352.7246 -246.075 0 -355.7166 -238.1857 0 -356.7336 -229.8097 0 -335.2336 229.8097 -35 -334.8413 233.0405 -35 -333.6873 236.0835 -35 -331.8385 238.7619 -35 -329.4025 240.92 -35 -326.5208 242.4324 -35 -323.3609 243.2113 -35 -320.1064 243.2113 -35 -316.9464 242.4324 -35 -314.0647 240.92 -35 -311.6287 238.7619 -35 -309.7799 236.0835 -35 -308.6259 233.0405 -35 -308.2336 229.8097 -35 -308.6259 226.5789 -35 -309.7799 223.5359 -35 -311.6287 220.8575 -35 -314.0647 218.6994 -35 -316.9464 217.187 -35 -320.1064 216.4081 -35 -323.3609 216.4081 -35 -326.5208 217.187 -35 -329.4025 218.6994 -35 -331.8385 220.8575 -35 -333.6873 223.5359 -35 -334.8413 226.5789 -35 -335.2336 229.8097 -35 -335.2336 229.8097 -18 -335.2336 229.8097 -18 -334.8413 226.5789 -18 -333.6873 223.5359 -18 -331.8385 220.8575 -18 -329.4025 218.6994 -18 -326.5208 217.187 -18 -323.3609 216.4081 -18 -320.1064 216.4081 -18 -316.9464 217.187 -18 -314.0647 218.6994 -18 -311.6287 220.8575 -18 -309.7799 223.5359 -18 -308.6259 226.5789 -18 -308.2336 229.8097 -18 -308.6259 233.0405 -18 -309.7799 236.0835 -18 -311.6287 238.7619 -18 -314.0647 240.92 -18 -316.9464 242.4324 -18 -320.1064 243.2113 -18 -323.3609 243.2113 -18 -326.5208 242.4324 -18 -329.4025 240.92 -18 -331.8385 238.7619 -18 -333.6873 236.0835 -18 -334.8413 233.0405 -18 -351.7336 229.8097 -18 -350.8619 222.6302 -18 -348.2973 215.868 -18 -344.1889 209.916 -18 -338.7755 205.1202 -18 -332.3717 201.7592 -18 -325.3497 200.0284 -18 -318.1175 200.0284 -18 -311.0954 201.7592 -18 -304.6917 205.1202 -18 -299.2783 209.916 -18 -295.1699 215.868 -18 -292.6053 222.6302 -18 -291.7336 229.8097 -18 -292.6053 236.9892 -18 -295.1699 243.7514 -18 -299.2783 249.7034 -18 -304.6917 254.4992 -18 -311.0954 257.8602 -18 -318.1175 259.591 -18 -325.3497 259.591 -18 -332.3717 257.8602 -18 -338.7755 254.4992 -18 -344.1889 249.7034 -18 -348.2973 243.7514 -18 -350.8619 236.9892 -18 -335.2336 229.8097 -18 -334.8413 226.5789 -18 -333.6873 223.5359 -18 -331.8385 220.8575 -18 -329.4025 218.6994 -18 -326.5208 217.187 -18 -323.3609 216.4081 -18 -320.1064 216.4081 -18 -316.9464 217.187 -18 -314.0647 218.6994 -18 -311.6287 220.8575 -18 -309.7799 223.5359 -18 -308.6259 226.5789 -18 -308.2336 229.8097 -18 -308.6259 233.0405 -18 -309.7799 236.0835 -18 -311.6287 238.7619 -18 -314.0647 240.92 -18 -316.9464 242.4324 -18 -320.1064 243.2113 -18 -323.3609 243.2113 -18 -326.5208 242.4324 -18 -329.4025 240.92 -18 -331.8385 238.7619 -18 -333.6873 236.0835 -18 -334.8413 233.0405 -18 -356.7336 229.8097 -13 -355.7166 238.1857 -13 -352.7246 246.075 -13 -347.9315 253.019 -13 -341.6159 258.6141 -13 -334.1448 262.5353 -13 -325.9524 264.5545 -13 -317.5148 264.5545 -13 -309.3224 262.5353 -13 -301.8513 258.6141 -13 -295.5357 253.019 -13 -290.7426 246.075 -13 -287.7506 238.1857 -13 -286.7336 229.8097 -13 -287.7506 221.4337 -13 -290.7426 213.5444 -13 -295.5357 206.6004 -13 -301.8513 201.0053 -13 -309.3224 197.0841 -13 -317.5148 195.0649 -13 -325.9524 195.0649 -13 -334.1448 197.0841 -13 -341.6159 201.0053 -13 -347.9315 206.6004 -13 -352.7246 213.5444 -13 -355.7166 221.4337 -13 -356.7336 229.8097 -13 -356.7336 229.8097 0 -355.7166 238.1857 0 -352.7246 246.075 0 -347.9315 253.019 0 -341.6159 258.6141 0 -334.1448 262.5353 0 -325.9524 264.5545 0 -317.5148 264.5545 0 -309.3224 262.5353 0 -301.8513 258.6141 0 -295.5357 253.019 0 -290.7426 246.075 0 -287.7506 238.1857 0 -286.7336 229.8097 0 -287.7506 221.4337 0 -290.7426 213.5444 0 -295.5357 206.6004 0 -301.8513 201.0053 0 -309.3224 197.0841 0 -317.5148 195.0649 0 -325.9524 195.0649 0 -334.1448 197.0841 0 -341.6159 201.0053 0 -347.9315 206.6004 0 -352.7246 213.5444 0 -355.7166 221.4337 0 -356.7336 229.8097 0 -243.3097 321.7336 -35 -242.9174 324.9644 -35 -241.7634 328.0074 -35 -239.9146 330.6857 -35 -237.4786 332.8439 -35 -234.5969 334.3563 -35 -231.4369 335.1352 -35 -228.1825 335.1352 -35 -225.0225 334.3563 -35 -222.1408 332.8439 -35 -219.7048 330.6857 -35 -217.856 328.0074 -35 -216.702 324.9644 -35 -216.3097 321.7336 -35 -216.702 318.5028 -35 -217.856 315.4598 -35 -219.7048 312.7814 -35 -222.1408 310.6233 -35 -225.0225 309.1109 -35 -228.1825 308.332 -35 -231.4369 308.332 -35 -234.5969 309.1109 -35 -237.4786 310.6233 -35 -239.9146 312.7814 -35 -241.7634 315.4598 -35 -242.9174 318.5028 -35 -243.3097 321.7336 -35 -243.3097 321.7336 -18 -243.3097 321.7336 -18 -242.9174 318.5028 -18 -241.7634 315.4598 -18 -239.9146 312.7814 -18 -237.4786 310.6233 -18 -234.5969 309.1109 -18 -231.4369 308.332 -18 -228.1825 308.332 -18 -225.0225 309.1109 -18 -222.1408 310.6233 -18 -219.7048 312.7814 -18 -217.856 315.4598 -18 -216.702 318.5028 -18 -216.3097 321.7336 -18 -216.702 324.9644 -18 -217.856 328.0074 -18 -219.7048 330.6857 -18 -222.1408 332.8439 -18 -225.0225 334.3563 -18 -228.1825 335.1352 -18 -231.4369 335.1352 -18 -234.5969 334.3563 -18 -237.4786 332.8439 -18 -239.9146 330.6857 -18 -241.7634 328.0074 -18 -242.9174 324.9644 -18 -259.8097 321.7336 -18 -258.938 314.5541 -18 -256.3734 307.7919 -18 -252.265 301.8399 -18 -246.8516 297.0441 -18 -240.4478 293.6831 -18 -233.4258 291.9523 -18 -226.1936 291.9523 -18 -219.1716 293.6831 -18 -212.7678 297.0441 -18 -207.3544 301.8399 -18 -203.246 307.7919 -18 -200.6814 314.5541 -18 -199.8097 321.7336 -18 -200.6814 328.9131 -18 -203.246 335.6753 -18 -207.3544 341.6273 -18 -212.7678 346.4231 -18 -219.1716 349.7841 -18 -226.1936 351.5149 -18 -233.4258 351.5149 -18 -240.4478 349.7841 -18 -246.8516 346.4231 -18 -252.265 341.6273 -18 -256.3734 335.6753 -18 -258.938 328.9131 -18 -243.3097 321.7336 -18 -242.9174 318.5028 -18 -241.7634 315.4598 -18 -239.9146 312.7814 -18 -237.4786 310.6233 -18 -234.5969 309.1109 -18 -231.4369 308.332 -18 -228.1825 308.332 -18 -225.0225 309.1109 -18 -222.1408 310.6233 -18 -219.7048 312.7814 -18 -217.856 315.4598 -18 -216.702 318.5028 -18 -216.3097 321.7336 -18 -216.702 324.9644 -18 -217.856 328.0074 -18 -219.7048 330.6857 -18 -222.1408 332.8439 -18 -225.0225 334.3563 -18 -228.1825 335.1352 -18 -231.4369 335.1352 -18 -234.5969 334.3563 -18 -237.4786 332.8439 -18 -239.9146 330.6857 -18 -241.7634 328.0074 -18 -242.9174 324.9644 -18 -264.8097 321.7336 -13 -263.7927 330.1096 -13 -260.8007 337.9989 -13 -256.0076 344.9429 -13 -249.692 350.538 -13 -242.2209 354.4592 -13 -234.0285 356.4784 -13 -225.5909 356.4784 -13 -217.3985 354.4592 -13 -209.9274 350.538 -13 -203.6118 344.9429 -13 -198.8187 337.9989 -13 -195.8267 330.1096 -13 -194.8097 321.7336 -13 -195.8267 313.3576 -13 -198.8187 305.4683 -13 -203.6118 298.5243 -13 -209.9274 292.9291 -13 -217.3985 289.008 -13 -225.5909 286.9888 -13 -234.0285 286.9888 -13 -242.2209 289.008 -13 -249.692 292.9291 -13 -256.0076 298.5243 -13 -260.8007 305.4683 -13 -263.7927 313.3576 -13 -264.8097 321.7336 -13 -264.8097 321.7336 0 -263.7927 330.1096 0 -260.8007 337.9989 0 -256.0076 344.9429 0 -249.692 350.538 0 -242.2209 354.4592 0 -234.0285 356.4784 0 -225.5909 356.4784 0 -217.3985 354.4592 0 -209.9274 350.538 0 -203.6118 344.9429 0 -198.8187 337.9989 0 -195.8267 330.1096 0 -194.8097 321.7336 0 -195.8267 313.3576 0 -198.8187 305.4683 0 -203.6118 298.5243 0 -209.9274 292.9291 0 -217.3985 289.008 0 -225.5909 286.9888 0 -234.0285 286.9888 0 -242.2209 289.008 0 -249.692 292.9291 0 -256.0076 298.5243 0 -260.8007 305.4683 0 -263.7927 313.3576 0 -264.8097 321.7336 0 216.3097 321.7336 -35 216.702 324.9644 -35 217.856 328.0074 -35 219.7048 330.6857 -35 222.1408 332.8439 -35 225.0225 334.3563 -35 228.1825 335.1352 -35 231.4369 335.1352 -35 234.5969 334.3563 -35 237.4786 332.8439 -35 239.9146 330.6857 -35 241.7634 328.0074 -35 242.9174 324.9644 -35 243.3097 321.7336 -35 242.9174 318.5028 -35 241.7634 315.4598 -35 239.9146 312.7814 -35 237.4786 310.6233 -35 234.5969 309.1109 -35 231.4369 308.332 -35 228.1825 308.332 -35 225.0225 309.1109 -35 222.1408 310.6233 -35 219.7048 312.7814 -35 217.856 315.4598 -35 216.702 318.5028 -35 216.3097 321.7336 -35 216.3097 321.7336 -18 216.3097 321.7336 -18 216.702 318.5028 -18 217.856 315.4598 -18 219.7048 312.7814 -18 222.1408 310.6233 -18 225.0225 309.1109 -18 228.1825 308.332 -18 231.4369 308.332 -18 234.5969 309.1109 -18 237.4786 310.6233 -18 239.9146 312.7814 -18 241.7634 315.4598 -18 242.9174 318.5028 -18 243.3097 321.7336 -18 242.9174 324.9644 -18 241.7634 328.0074 -18 239.9146 330.6857 -18 237.4786 332.8439 -18 234.5969 334.3563 -18 231.4369 335.1352 -18 228.1825 335.1352 -18 225.0225 334.3563 -18 222.1408 332.8439 -18 219.7048 330.6857 -18 217.856 328.0074 -18 216.702 324.9644 -18 199.8097 321.7336 -18 200.6814 314.5541 -18 203.246 307.7919 -18 207.3544 301.8399 -18 212.7678 297.0441 -18 219.1716 293.6831 -18 226.1936 291.9523 -18 233.4258 291.9523 -18 240.4478 293.6831 -18 246.8516 297.0441 -18 252.265 301.8399 -18 256.3734 307.7919 -18 258.938 314.5541 -18 259.8097 321.7336 -18 258.938 328.9131 -18 256.3734 335.6753 -18 252.265 341.6273 -18 246.8516 346.4231 -18 240.4478 349.7841 -18 233.4258 351.5149 -18 226.1936 351.5149 -18 219.1716 349.7841 -18 212.7678 346.4231 -18 207.3544 341.6273 -18 203.246 335.6753 -18 200.6814 328.9131 -18 216.3097 321.7336 -18 216.702 318.5028 -18 217.856 315.4598 -18 219.7048 312.7814 -18 222.1408 310.6233 -18 225.0225 309.1109 -18 228.1825 308.332 -18 231.4369 308.332 -18 234.5969 309.1109 -18 237.4786 310.6233 -18 239.9146 312.7814 -18 241.7634 315.4598 -18 242.9174 318.5028 -18 243.3097 321.7336 -18 242.9174 324.9644 -18 241.7634 328.0074 -18 239.9146 330.6857 -18 237.4786 332.8439 -18 234.5969 334.3563 -18 231.4369 335.1352 -18 228.1825 335.1352 -18 225.0225 334.3563 -18 222.1408 332.8439 -18 219.7048 330.6857 -18 217.856 328.0074 -18 216.702 324.9644 -18 194.8097 321.7336 -13 195.8267 330.1096 -13 198.8187 337.9989 -13 203.6118 344.9429 -13 209.9274 350.538 -13 217.3985 354.4592 -13 225.5909 356.4784 -13 234.0285 356.4784 -13 242.2209 354.4592 -13 249.692 350.538 -13 256.0076 344.9429 -13 260.8007 337.9989 -13 263.7927 330.1096 -13 264.8097 321.7336 -13 263.7927 313.3576 -13 260.8007 305.4683 -13 256.0076 298.5243 -13 249.692 292.9291 -13 242.2209 289.008 -13 234.0285 286.9888 -13 225.5909 286.9888 -13 217.3985 289.008 -13 209.9274 292.9291 -13 203.6118 298.5243 -13 198.8187 305.4683 -13 195.8267 313.3576 -13 194.8097 321.7336 -13 194.8097 321.7336 0 195.8267 330.1096 0 198.8187 337.9989 0 203.6118 344.9429 0 209.9274 350.538 0 217.3985 354.4592 0 225.5909 356.4784 0 234.0285 356.4784 0 242.2209 354.4592 0 249.692 350.538 0 256.0076 344.9429 0 260.8007 337.9989 0 263.7927 330.1096 0 264.8097 321.7336 0 263.7927 313.3576 0 260.8007 305.4683 0 256.0076 298.5243 0 249.692 292.9291 0 242.2209 289.008 0 234.0285 286.9888 0 225.5909 286.9888 0 217.3985 289.008 0 209.9274 292.9291 0 203.6118 298.5243 0 198.8187 305.4683 0 195.8267 313.3576 0 194.8097 321.7336 0 308.2336 229.8097 -35 308.6259 233.0405 -35 309.7799 236.0835 -35 311.6287 238.7619 -35 314.0647 240.92 -35 316.9464 242.4324 -35 320.1064 243.2113 -35 323.3609 243.2113 -35 326.5208 242.4324 -35 329.4025 240.92 -35 331.8385 238.7619 -35 333.6873 236.0835 -35 334.8413 233.0405 -35 335.2336 229.8097 -35 334.8413 226.5789 -35 333.6873 223.5359 -35 331.8385 220.8575 -35 329.4025 218.6994 -35 326.5208 217.187 -35 323.3609 216.4081 -35 320.1064 216.4081 -35 316.9464 217.187 -35 314.0647 218.6994 -35 311.6287 220.8575 -35 309.7799 223.5359 -35 308.6259 226.5789 -35 308.2336 229.8097 -35 308.2336 229.8097 -18 308.2336 229.8097 -18 308.6259 226.5789 -18 309.7799 223.5359 -18 311.6287 220.8575 -18 314.0647 218.6994 -18 316.9464 217.187 -18 320.1064 216.4081 -18 323.3609 216.4081 -18 326.5208 217.187 -18 329.4025 218.6994 -18 331.8385 220.8575 -18 333.6873 223.5359 -18 334.8413 226.5789 -18 335.2336 229.8097 -18 334.8413 233.0405 -18 333.6873 236.0835 -18 331.8385 238.7619 -18 329.4025 240.92 -18 326.5208 242.4324 -18 323.3609 243.2113 -18 320.1064 243.2113 -18 316.9464 242.4324 -18 314.0647 240.92 -18 311.6287 238.7619 -18 309.7799 236.0835 -18 308.6259 233.0405 -18 291.7336 229.8097 -18 292.6053 222.6302 -18 295.1699 215.868 -18 299.2783 209.916 -18 304.6917 205.1202 -18 311.0954 201.7592 -18 318.1175 200.0284 -18 325.3497 200.0284 -18 332.3717 201.7592 -18 338.7755 205.1202 -18 344.1889 209.916 -18 348.2973 215.868 -18 350.8619 222.6302 -18 351.7336 229.8097 -18 350.8619 236.9892 -18 348.2973 243.7514 -18 344.1889 249.7034 -18 338.7755 254.4992 -18 332.3717 257.8602 -18 325.3497 259.591 -18 318.1175 259.591 -18 311.0954 257.8602 -18 304.6917 254.4992 -18 299.2783 249.7034 -18 295.1699 243.7514 -18 292.6053 236.9892 -18 308.2336 229.8097 -18 308.6259 226.5789 -18 309.7799 223.5359 -18 311.6287 220.8575 -18 314.0647 218.6994 -18 316.9464 217.187 -18 320.1064 216.4081 -18 323.3609 216.4081 -18 326.5208 217.187 -18 329.4025 218.6994 -18 331.8385 220.8575 -18 333.6873 223.5359 -18 334.8413 226.5789 -18 335.2336 229.8097 -18 334.8413 233.0405 -18 333.6873 236.0835 -18 331.8385 238.7619 -18 329.4025 240.92 -18 326.5208 242.4324 -18 323.3609 243.2113 -18 320.1064 243.2113 -18 316.9464 242.4324 -18 314.0647 240.92 -18 311.6287 238.7619 -18 309.7799 236.0835 -18 308.6259 233.0405 -18 286.7336 229.8097 -13 287.7506 238.1857 -13 290.7426 246.075 -13 295.5357 253.019 -13 301.8513 258.6141 -13 309.3224 262.5353 -13 317.5148 264.5545 -13 325.9524 264.5545 -13 334.1448 262.5353 -13 341.6159 258.6141 -13 347.9315 253.019 -13 352.7246 246.075 -13 355.7166 238.1857 -13 356.7336 229.8097 -13 355.7166 221.4337 -13 352.7246 213.5444 -13 347.9315 206.6004 -13 341.6159 201.0053 -13 334.1448 197.0841 -13 325.9524 195.0649 -13 317.5148 195.0649 -13 309.3224 197.0841 -13 301.8513 201.0053 -13 295.5357 206.6004 -13 290.7426 213.5444 -13 287.7506 221.4337 -13 286.7336 229.8097 -13 286.7336 229.8097 0 287.7506 238.1857 0 290.7426 246.075 0 295.5357 253.019 0 301.8513 258.6141 0 309.3224 262.5353 0 317.5148 264.5545 0 325.9524 264.5545 0 334.1448 262.5353 0 341.6159 258.6141 0 347.9315 253.019 0 352.7246 246.075 0 355.7166 238.1857 0 356.7336 229.8097 0 355.7166 221.4337 0 352.7246 213.5444 0 347.9315 206.6004 0 341.6159 201.0053 0 334.1448 197.0841 0 325.9524 195.0649 0 317.5148 195.0649 0 309.3224 197.0841 0 301.8513 201.0053 0 295.5357 206.6004 0 290.7426 213.5444 0 287.7506 221.4337 0 286.7336 229.8097 0 -356.7336 -229.8097 -13 -355.7166 -221.4337 -13 -352.7246 -213.5444 -13 -347.9315 -206.6004 -13 -341.6159 -201.0053 -13 -334.1448 -197.0841 -13 -325.9524 -195.0649 -13 -317.5148 -195.0649 -13 -309.3224 -197.0841 -13 -301.8513 -201.0053 -13 -295.5357 -206.6004 -13 -290.7426 -213.5444 -13 -287.7506 -221.4337 -13 -286.7336 -229.8097 -13 -287.7506 -238.1857 -13 -290.7426 -246.075 -13 -295.5357 -253.019 -13 -301.8513 -258.6141 -13 -309.3224 -262.5353 -13 -317.5148 -264.5545 -13 -325.9524 -264.5545 -13 -334.1448 -262.5353 -13 -341.6159 -258.6141 -13 -347.9315 -253.019 -13 -352.7246 -246.075 -13 -355.7166 -238.1857 -13 -356.7336 -229.8097 -13 -356.5954 -229.8097 -14.16723 -356.1886 -229.8097 -15.26995 -355.5356 -229.8097 -16.24724 -354.6725 -229.8097 -17.04509 -353.647 -229.8097 -17.6194 -352.7091 -229.8097 -17.90393 -351.7336 -229.8097 -18 -350.8619 -236.9892 -18 -348.2973 -243.7514 -18 -344.1889 -249.7034 -18 -338.7755 -254.4992 -18 -332.3717 -257.8602 -18 -325.3497 -259.591 -18 -318.1175 -259.591 -18 -311.0954 -257.8602 -18 -304.6917 -254.4992 -18 -299.2783 -249.7034 -18 -295.1699 -243.7514 -18 -292.6053 -236.9892 -18 -291.7336 -229.8097 -18 -292.6053 -222.6302 -18 -295.1699 -215.868 -18 -299.2783 -209.916 -18 -304.6917 -205.1202 -18 -311.0954 -201.7592 -18 -318.1175 -200.0284 -18 -325.3497 -200.0284 -18 -332.3717 -201.7592 -18 -338.7755 -205.1202 -18 -344.1889 -209.916 -18 -348.2973 -215.868 -18 -350.8619 -222.6302 -18 -351.7336 -229.8097 -18 -356.5954 -229.8097 -14.16723 -356.1886 -229.8097 -15.26995 -355.5356 -229.8097 -16.24724 -354.6725 -229.8097 -17.04509 -353.647 -229.8097 -17.6194 -352.7091 -229.8097 -17.90393 -355.5824 -221.4667 -14.16723 -355.1874 -221.5641 -15.26995 -354.5534 -221.7203 -16.24724 -353.7154 -221.9269 -17.04509 -352.7197 -222.1723 -17.6194 -351.809 -222.3968 -17.90393 -352.6022 -213.6086 -14.16723 -352.242 -213.7976 -15.26995 -351.6638 -214.1011 -16.24724 -350.8996 -214.5022 -17.04509 -349.9915 -214.9788 -17.6194 -349.161 -215.4147 -17.90393 -347.8281 -206.692 -14.16723 -347.5236 -206.9618 -15.26995 -347.0348 -207.3948 -16.24724 -346.3887 -207.9672 -17.04509 -345.6211 -208.6472 -17.6194 -344.919 -209.2692 -17.90393 -341.5374 -201.119 -14.16723 -341.3063 -201.4538 -15.26995 -340.9353 -201.9912 -16.24724 -340.445 -202.7015 -17.04509 -339.8625 -203.5455 -17.6194 -339.3297 -204.3174 -17.90393 -334.0958 -197.2133 -14.16723 -333.9515 -197.5937 -15.26995 -333.72 -198.2042 -16.24724 -333.4139 -199.0113 -17.04509 -333.0502 -199.9701 -17.6194 -332.7176 -200.8471 -17.90393 -325.9357 -195.202 -14.16723 -325.8867 -195.6059 -15.26995 -325.808 -196.2541 -16.24724 -325.704 -197.1109 -17.04509 -325.5803 -198.129 -17.6194 -325.4673 -199.0601 -17.90393 -317.5315 -195.202 -14.16723 -317.5805 -195.6059 -15.26995 -317.6592 -196.2541 -16.24724 -317.7633 -197.1109 -17.04509 -317.8869 -198.129 -17.6194 -317.9999 -199.0601 -17.90393 -309.3714 -197.2133 -14.16723 -309.5157 -197.5937 -15.26995 -309.7472 -198.2042 -16.24724 -310.0533 -199.0113 -17.04509 -310.4169 -199.9701 -17.6194 -310.7496 -200.8471 -17.90393 -301.9298 -201.119 -14.16723 -302.1609 -201.4538 -15.26995 -302.5318 -201.9912 -16.24724 -303.0222 -202.7015 -17.04509 -303.6047 -203.5455 -17.6194 -304.1375 -204.3174 -17.90393 -295.6391 -206.692 -14.16723 -295.9436 -206.9618 -15.26995 -296.4324 -207.3948 -16.24724 -297.0784 -207.9672 -17.04509 -297.846 -208.6472 -17.6194 -298.5481 -209.2692 -17.90393 -290.865 -213.6086 -14.16723 -291.2252 -213.7976 -15.26995 -291.8034 -214.1011 -16.24724 -292.5676 -214.5022 -17.04509 -293.4757 -214.9788 -17.6194 -294.3062 -215.4147 -17.90393 -287.8848 -221.4667 -14.16723 -288.2798 -221.5641 -15.26995 -288.9138 -221.7203 -16.24724 -289.7518 -221.9269 -17.04509 -290.7475 -222.1723 -17.6194 -291.6582 -222.3968 -17.90393 -286.8717 -229.8097 -14.16723 -287.2786 -229.8097 -15.26995 -287.9316 -229.8097 -16.24724 -288.7947 -229.8097 -17.04509 -289.8202 -229.8097 -17.6194 -290.7582 -229.8097 -17.90393 -287.8848 -238.1527 -14.16723 -288.2798 -238.0553 -15.26995 -288.9138 -237.8991 -16.24724 -289.7518 -237.6925 -17.04509 -290.7475 -237.4471 -17.6194 -291.6582 -237.2226 -17.90393 -290.865 -246.0108 -14.16723 -291.2252 -245.8218 -15.26995 -291.8034 -245.5183 -16.24724 -292.5676 -245.1172 -17.04509 -293.4757 -244.6406 -17.6194 -294.3062 -244.2047 -17.90393 -295.6391 -252.9274 -14.16723 -295.9436 -252.6576 -15.26995 -296.4324 -252.2246 -16.24724 -297.0784 -251.6522 -17.04509 -297.846 -250.9722 -17.6194 -298.5481 -250.3502 -17.90393 -301.9298 -258.5005 -14.16723 -302.1609 -258.1657 -15.26995 -302.5318 -257.6282 -16.24724 -303.0222 -256.9179 -17.04509 -303.6047 -256.074 -17.6194 -304.1375 -255.302 -17.90393 -309.3714 -262.4061 -14.16723 -309.5157 -262.0257 -15.26995 -309.7472 -261.4152 -16.24724 -310.0533 -260.6081 -17.04509 -310.4169 -259.6493 -17.6194 -310.7496 -258.7723 -17.90393 -317.5315 -264.4174 -14.16723 -317.5805 -264.0135 -15.26995 -317.6592 -263.3653 -16.24724 -317.7633 -262.5085 -17.04509 -317.8869 -261.4905 -17.6194 -317.9999 -260.5593 -17.90393 -325.9357 -264.4174 -14.16723 -325.8867 -264.0135 -15.26995 -325.808 -263.3653 -16.24724 -325.704 -262.5085 -17.04509 -325.5803 -261.4905 -17.6194 -325.4673 -260.5593 -17.90393 -334.0958 -262.4061 -14.16723 -333.9515 -262.0257 -15.26995 -333.72 -261.4152 -16.24724 -333.4139 -260.6081 -17.04509 -333.0502 -259.6493 -17.6194 -332.7176 -258.7723 -17.90393 -341.5374 -258.5005 -14.16723 -341.3063 -258.1657 -15.26995 -340.9353 -257.6282 -16.24724 -340.445 -256.9179 -17.04509 -339.8625 -256.074 -17.6194 -339.3297 -255.302 -17.90393 -347.8281 -252.9274 -14.16723 -347.5236 -252.6576 -15.26995 -347.0348 -252.2246 -16.24724 -346.3887 -251.6522 -17.04509 -345.6211 -250.9722 -17.6194 -344.919 -250.3502 -17.90393 -352.6022 -246.0108 -14.16723 -352.242 -245.8218 -15.26995 -351.6638 -245.5183 -16.24724 -350.8996 -245.1172 -17.04509 -349.9915 -244.6406 -17.6194 -349.161 -244.2047 -17.90393 -355.5824 -238.1527 -14.16723 -355.1874 -238.0553 -15.26995 -354.5534 -237.8991 -16.24724 -353.7154 -237.6925 -17.04509 -352.7197 -237.4471 -17.6194 -351.809 -237.2226 -17.90393 -264.8097 -321.7336 -13 -263.7927 -313.3576 -13 -260.8007 -305.4683 -13 -256.0076 -298.5243 -13 -249.692 -292.9291 -13 -242.2209 -289.008 -13 -234.0285 -286.9888 -13 -225.5909 -286.9888 -13 -217.3985 -289.008 -13 -209.9274 -292.9291 -13 -203.6118 -298.5243 -13 -198.8187 -305.4683 -13 -195.8267 -313.3576 -13 -194.8097 -321.7336 -13 -195.8267 -330.1096 -13 -198.8187 -337.9989 -13 -203.6118 -344.9429 -13 -209.9274 -350.538 -13 -217.3985 -354.4592 -13 -225.5909 -356.4784 -13 -234.0285 -356.4784 -13 -242.2209 -354.4592 -13 -249.692 -350.538 -13 -256.0076 -344.9429 -13 -260.8007 -337.9989 -13 -263.7927 -330.1096 -13 -264.8097 -321.7336 -13 -264.6716 -321.7336 -14.16723 -264.2648 -321.7336 -15.26995 -263.6117 -321.7336 -16.24724 -262.7486 -321.7336 -17.04509 -261.7231 -321.7336 -17.6194 -260.7852 -321.7336 -17.90393 -259.8097 -321.7336 -18 -258.938 -328.9131 -18 -256.3734 -335.6753 -18 -252.265 -341.6273 -18 -246.8516 -346.4231 -18 -240.4478 -349.7841 -18 -233.4258 -351.5149 -18 -226.1936 -351.5149 -18 -219.1716 -349.7841 -18 -212.7678 -346.4231 -18 -207.3544 -341.6273 -18 -203.246 -335.6753 -18 -200.6814 -328.9131 -18 -199.8097 -321.7336 -18 -200.6814 -314.5541 -18 -203.246 -307.7919 -18 -207.3544 -301.8399 -18 -212.7678 -297.0441 -18 -219.1716 -293.6831 -18 -226.1936 -291.9523 -18 -233.4258 -291.9523 -18 -240.4478 -293.6831 -18 -246.8516 -297.0441 -18 -252.265 -301.8399 -18 -256.3734 -307.7919 -18 -258.938 -314.5541 -18 -259.8097 -321.7336 -18 -264.6716 -321.7336 -14.16723 -264.2648 -321.7336 -15.26995 -263.6117 -321.7336 -16.24724 -262.7486 -321.7336 -17.04509 -261.7231 -321.7336 -17.6194 -260.7852 -321.7336 -17.90393 -263.6585 -313.3906 -14.16723 -263.2636 -313.488 -15.26995 -262.6295 -313.6442 -16.24724 -261.7915 -313.8508 -17.04509 -260.7958 -314.0962 -17.6194 -259.8851 -314.3207 -17.90393 -260.6784 -305.5325 -14.16723 -260.3181 -305.7215 -15.26995 -259.7399 -306.025 -16.24724 -258.9757 -306.4261 -17.04509 -258.0676 -306.9027 -17.6194 -257.2371 -307.3386 -17.90393 -255.9042 -298.6159 -14.16723 -255.5997 -298.8857 -15.26995 -255.1109 -299.3187 -16.24724 -254.4648 -299.8911 -17.04509 -253.6972 -300.5711 -17.6194 -252.9952 -301.1931 -17.90393 -249.6135 -293.0429 -14.16723 -249.3824 -293.3777 -15.26995 -249.0114 -293.9151 -16.24724 -248.5211 -294.6254 -17.04509 -247.9386 -295.4694 -17.6194 -247.4058 -296.2413 -17.90393 -242.1719 -289.1372 -14.16723 -242.0276 -289.5176 -15.26995 -241.7961 -290.1282 -16.24724 -241.49 -290.9352 -17.04509 -241.1264 -291.894 -17.6194 -240.7937 -292.771 -17.90393 -234.0118 -287.1259 -14.16723 -233.9628 -287.5298 -15.26995 -233.8841 -288.178 -16.24724 -233.7801 -289.0348 -17.04509 -233.6564 -290.0529 -17.6194 -233.5434 -290.984 -17.90393 -225.6076 -287.1259 -14.16723 -225.6566 -287.5298 -15.26995 -225.7353 -288.178 -16.24724 -225.8394 -289.0348 -17.04509 -225.963 -290.0529 -17.6194 -226.076 -290.984 -17.90393 -217.4475 -289.1372 -14.16723 -217.5918 -289.5176 -15.26995 -217.8233 -290.1282 -16.24724 -218.1294 -290.9352 -17.04509 -218.4931 -291.894 -17.6194 -218.8256 -292.771 -17.90393 -210.0059 -293.0429 -14.16723 -210.237 -293.3777 -15.26995 -210.608 -293.9151 -16.24724 -211.0983 -294.6254 -17.04509 -211.6808 -295.4694 -17.6194 -212.2136 -296.2413 -17.90393 -203.7152 -298.6159 -14.16723 -204.0197 -298.8857 -15.26995 -204.5085 -299.3187 -16.24724 -205.1546 -299.8911 -17.04509 -205.9222 -300.5711 -17.6194 -206.6242 -301.1931 -17.90393 -198.9411 -305.5325 -14.16723 -199.3013 -305.7215 -15.26995 -199.8795 -306.025 -16.24724 -200.6437 -306.4261 -17.04509 -201.5518 -306.9027 -17.6194 -202.3823 -307.3386 -17.90393 -195.9609 -313.3906 -14.16723 -196.3559 -313.488 -15.26995 -196.9899 -313.6442 -16.24724 -197.8279 -313.8508 -17.04509 -198.8236 -314.0962 -17.6194 -199.7343 -314.3207 -17.90393 -194.9479 -321.7336 -14.16723 -195.3547 -321.7336 -15.26995 -196.0077 -321.7336 -16.24724 -196.8708 -321.7336 -17.04509 -197.8963 -321.7336 -17.6194 -198.8343 -321.7336 -17.90393 -195.9609 -330.0766 -14.16723 -196.3559 -329.9792 -15.26995 -196.9899 -329.8229 -16.24724 -197.8279 -329.6164 -17.04509 -198.8236 -329.371 -17.6194 -199.7343 -329.1465 -17.90393 -198.9411 -337.9347 -14.16723 -199.3013 -337.7456 -15.26995 -199.8795 -337.4422 -16.24724 -200.6437 -337.0411 -17.04509 -201.5518 -336.5645 -17.6194 -202.3823 -336.1286 -17.90393 -203.7152 -344.8513 -14.16723 -204.0197 -344.5815 -15.26995 -204.5085 -344.1485 -16.24724 -205.1546 -343.5762 -17.04509 -205.9222 -342.8961 -17.6194 -206.6242 -342.2741 -17.90393 -210.0059 -350.4243 -14.16723 -210.237 -350.0895 -15.26995 -210.608 -349.5521 -16.24724 -211.0983 -348.8418 -17.04509 -211.6808 -347.9978 -17.6194 -212.2136 -347.2259 -17.90393 -217.4475 -354.33 -14.16723 -217.5918 -353.9496 -15.26995 -217.8233 -353.339 -16.24724 -218.1294 -352.532 -17.04509 -218.4931 -351.5732 -17.6194 -218.8256 -350.6961 -17.90393 -225.6076 -356.3413 -14.16723 -225.6566 -355.9374 -15.26995 -225.7353 -355.2892 -16.24724 -225.8394 -354.4324 -17.04509 -225.963 -353.4143 -17.6194 -226.076 -352.4832 -17.90393 -234.0118 -356.3413 -14.16723 -233.9628 -355.9374 -15.26995 -233.8841 -355.2892 -16.24724 -233.7801 -354.4324 -17.04509 -233.6564 -353.4143 -17.6194 -233.5434 -352.4832 -17.90393 -242.1719 -354.33 -14.16723 -242.0276 -353.9496 -15.26995 -241.7961 -353.339 -16.24724 -241.49 -352.532 -17.04509 -241.1264 -351.5732 -17.6194 -240.7937 -350.6961 -17.90393 -249.6135 -350.4243 -14.16723 -249.3824 -350.0895 -15.26995 -249.0114 -349.5521 -16.24724 -248.5211 -348.8418 -17.04509 -247.9386 -347.9978 -17.6194 -247.4058 -347.2259 -17.90393 -255.9042 -344.8513 -14.16723 -255.5997 -344.5815 -15.26995 -255.1109 -344.1485 -16.24724 -254.4648 -343.5762 -17.04509 -253.6972 -342.8961 -17.6194 -252.9952 -342.2741 -17.90393 -260.6784 -337.9347 -14.16723 -260.3181 -337.7456 -15.26995 -259.7399 -337.4422 -16.24724 -258.9757 -337.0411 -17.04509 -258.0676 -336.5645 -17.6194 -257.2371 -336.1286 -17.90393 -263.6585 -330.0766 -14.16723 -263.2636 -329.9792 -15.26995 -262.6295 -329.8229 -16.24724 -261.7915 -329.6164 -17.04509 -260.7958 -329.371 -17.6194 -259.8851 -329.1465 -17.90393 194.8097 -321.7336 -13 195.8267 -313.3576 -13 198.8187 -305.4683 -13 203.6118 -298.5243 -13 209.9274 -292.9291 -13 217.3985 -289.008 -13 225.5909 -286.9888 -13 234.0285 -286.9888 -13 242.2209 -289.008 -13 249.692 -292.9291 -13 256.0076 -298.5243 -13 260.8007 -305.4683 -13 263.7927 -313.3576 -13 264.8097 -321.7336 -13 263.7927 -330.1096 -13 260.8007 -337.9989 -13 256.0076 -344.9429 -13 249.692 -350.538 -13 242.2209 -354.4592 -13 234.0285 -356.4784 -13 225.5909 -356.4784 -13 217.3985 -354.4592 -13 209.9274 -350.538 -13 203.6118 -344.9429 -13 198.8187 -337.9989 -13 195.8267 -330.1096 -13 194.8097 -321.7336 -13 194.9479 -321.7336 -14.16723 195.3547 -321.7336 -15.26995 196.0077 -321.7336 -16.24724 196.8708 -321.7336 -17.04509 197.8963 -321.7336 -17.6194 198.8343 -321.7336 -17.90393 199.8097 -321.7336 -18 200.6814 -328.9131 -18 203.246 -335.6753 -18 207.3544 -341.6273 -18 212.7678 -346.4231 -18 219.1716 -349.7841 -18 226.1936 -351.5149 -18 233.4258 -351.5149 -18 240.4478 -349.7841 -18 246.8516 -346.4231 -18 252.265 -341.6273 -18 256.3734 -335.6753 -18 258.938 -328.9131 -18 259.8097 -321.7336 -18 258.938 -314.5541 -18 256.3734 -307.7919 -18 252.265 -301.8399 -18 246.8516 -297.0441 -18 240.4478 -293.6831 -18 233.4258 -291.9523 -18 226.1936 -291.9523 -18 219.1716 -293.6831 -18 212.7678 -297.0441 -18 207.3544 -301.8399 -18 203.246 -307.7919 -18 200.6814 -314.5541 -18 199.8097 -321.7336 -18 194.9479 -321.7336 -14.16723 195.3547 -321.7336 -15.26995 196.0077 -321.7336 -16.24724 196.8708 -321.7336 -17.04509 197.8963 -321.7336 -17.6194 198.8343 -321.7336 -17.90393 195.9609 -313.3906 -14.16723 196.3559 -313.488 -15.26995 196.9899 -313.6442 -16.24724 197.8279 -313.8508 -17.04509 198.8236 -314.0962 -17.6194 199.7343 -314.3207 -17.90393 198.9411 -305.5325 -14.16723 199.3013 -305.7215 -15.26995 199.8795 -306.025 -16.24724 200.6437 -306.4261 -17.04509 201.5518 -306.9027 -17.6194 202.3823 -307.3386 -17.90393 203.7152 -298.6159 -14.16723 204.0197 -298.8857 -15.26995 204.5085 -299.3187 -16.24724 205.1546 -299.8911 -17.04509 205.9222 -300.5711 -17.6194 206.6242 -301.1931 -17.90393 210.0059 -293.0429 -14.16723 210.237 -293.3777 -15.26995 210.608 -293.9151 -16.24724 211.0983 -294.6254 -17.04509 211.6808 -295.4694 -17.6194 212.2136 -296.2413 -17.90393 217.4475 -289.1372 -14.16723 217.5918 -289.5176 -15.26995 217.8233 -290.1282 -16.24724 218.1294 -290.9352 -17.04509 218.4931 -291.894 -17.6194 218.8256 -292.771 -17.90393 225.6076 -287.1259 -14.16723 225.6566 -287.5298 -15.26995 225.7353 -288.178 -16.24724 225.8394 -289.0348 -17.04509 225.963 -290.0529 -17.6194 226.076 -290.984 -17.90393 234.0118 -287.1259 -14.16723 233.9628 -287.5298 -15.26995 233.8841 -288.178 -16.24724 233.7801 -289.0348 -17.04509 233.6564 -290.0529 -17.6194 233.5434 -290.984 -17.90393 242.1719 -289.1372 -14.16723 242.0276 -289.5176 -15.26995 241.7961 -290.1282 -16.24724 241.49 -290.9352 -17.04509 241.1264 -291.894 -17.6194 240.7937 -292.771 -17.90393 249.6135 -293.0429 -14.16723 249.3824 -293.3777 -15.26995 249.0114 -293.9151 -16.24724 248.5211 -294.6254 -17.04509 247.9386 -295.4694 -17.6194 247.4058 -296.2413 -17.90393 255.9042 -298.6159 -14.16723 255.5997 -298.8857 -15.26995 255.1109 -299.3187 -16.24724 254.4648 -299.8911 -17.04509 253.6972 -300.5711 -17.6194 252.9952 -301.1931 -17.90393 260.6784 -305.5325 -14.16723 260.3181 -305.7215 -15.26995 259.7399 -306.025 -16.24724 258.9757 -306.4261 -17.04509 258.0676 -306.9027 -17.6194 257.2371 -307.3386 -17.90393 263.6585 -313.3906 -14.16723 263.2636 -313.488 -15.26995 262.6295 -313.6442 -16.24724 261.7915 -313.8508 -17.04509 260.7958 -314.0962 -17.6194 259.8851 -314.3207 -17.90393 264.6716 -321.7336 -14.16723 264.2648 -321.7336 -15.26995 263.6117 -321.7336 -16.24724 262.7486 -321.7336 -17.04509 261.7231 -321.7336 -17.6194 260.7852 -321.7336 -17.90393 263.6585 -330.0766 -14.16723 263.2636 -329.9792 -15.26995 262.6295 -329.8229 -16.24724 261.7915 -329.6164 -17.04509 260.7958 -329.371 -17.6194 259.8851 -329.1465 -17.90393 260.6784 -337.9347 -14.16723 260.3181 -337.7456 -15.26995 259.7399 -337.4422 -16.24724 258.9757 -337.0411 -17.04509 258.0676 -336.5645 -17.6194 257.2371 -336.1286 -17.90393 255.9042 -344.8513 -14.16723 255.5997 -344.5815 -15.26995 255.1109 -344.1485 -16.24724 254.4648 -343.5762 -17.04509 253.6972 -342.8961 -17.6194 252.9952 -342.2741 -17.90393 249.6135 -350.4243 -14.16723 249.3824 -350.0895 -15.26995 249.0114 -349.5521 -16.24724 248.5211 -348.8418 -17.04509 247.9386 -347.9978 -17.6194 247.4058 -347.2259 -17.90393 242.1719 -354.33 -14.16723 242.0276 -353.9496 -15.26995 241.7961 -353.339 -16.24724 241.49 -352.532 -17.04509 241.1264 -351.5732 -17.6194 240.7937 -350.6961 -17.90393 234.0118 -356.3413 -14.16723 233.9628 -355.9374 -15.26995 233.8841 -355.2892 -16.24724 233.7801 -354.4324 -17.04509 233.6564 -353.4143 -17.6194 233.5434 -352.4832 -17.90393 225.6076 -356.3413 -14.16723 225.6566 -355.9374 -15.26995 225.7353 -355.2892 -16.24724 225.8394 -354.4324 -17.04509 225.963 -353.4143 -17.6194 226.076 -352.4832 -17.90393 217.4475 -354.33 -14.16723 217.5918 -353.9496 -15.26995 217.8233 -353.339 -16.24724 218.1294 -352.532 -17.04509 218.4931 -351.5732 -17.6194 218.8256 -350.6961 -17.90393 210.0059 -350.4243 -14.16723 210.237 -350.0895 -15.26995 210.608 -349.5521 -16.24724 211.0983 -348.8418 -17.04509 211.6808 -347.9978 -17.6194 212.2136 -347.2259 -17.90393 203.7152 -344.8513 -14.16723 204.0197 -344.5815 -15.26995 204.5085 -344.1485 -16.24724 205.1546 -343.5762 -17.04509 205.9222 -342.8961 -17.6194 206.6242 -342.2741 -17.90393 198.9411 -337.9347 -14.16723 199.3013 -337.7456 -15.26995 199.8795 -337.4422 -16.24724 200.6437 -337.0411 -17.04509 201.5518 -336.5645 -17.6194 202.3823 -336.1286 -17.90393 195.9609 -330.0766 -14.16723 196.3559 -329.9792 -15.26995 196.9899 -329.8229 -16.24724 197.8279 -329.6164 -17.04509 198.8236 -329.371 -17.6194 199.7343 -329.1465 -17.90393 286.7336 -229.8097 -13 287.7506 -221.4337 -13 290.7426 -213.5444 -13 295.5357 -206.6004 -13 301.8513 -201.0053 -13 309.3224 -197.0841 -13 317.5148 -195.0649 -13 325.9524 -195.0649 -13 334.1448 -197.0841 -13 341.6159 -201.0053 -13 347.9315 -206.6004 -13 352.7246 -213.5444 -13 355.7166 -221.4337 -13 356.7336 -229.8097 -13 355.7166 -238.1857 -13 352.7246 -246.075 -13 347.9315 -253.019 -13 341.6159 -258.6141 -13 334.1448 -262.5353 -13 325.9524 -264.5545 -13 317.5148 -264.5545 -13 309.3224 -262.5353 -13 301.8513 -258.6141 -13 295.5357 -253.019 -13 290.7426 -246.075 -13 287.7506 -238.1857 -13 286.7336 -229.8097 -13 286.8717 -229.8097 -14.16723 287.2786 -229.8097 -15.26995 287.9316 -229.8097 -16.24724 288.7947 -229.8097 -17.04509 289.8202 -229.8097 -17.6194 290.7582 -229.8097 -17.90393 291.7336 -229.8097 -18 292.6053 -236.9892 -18 295.1699 -243.7514 -18 299.2783 -249.7034 -18 304.6917 -254.4992 -18 311.0954 -257.8602 -18 318.1175 -259.591 -18 325.3497 -259.591 -18 332.3717 -257.8602 -18 338.7755 -254.4992 -18 344.1889 -249.7034 -18 348.2973 -243.7514 -18 350.8619 -236.9892 -18 351.7336 -229.8097 -18 350.8619 -222.6302 -18 348.2973 -215.868 -18 344.1889 -209.916 -18 338.7755 -205.1202 -18 332.3717 -201.7592 -18 325.3497 -200.0284 -18 318.1175 -200.0284 -18 311.0954 -201.7592 -18 304.6917 -205.1202 -18 299.2783 -209.916 -18 295.1699 -215.868 -18 292.6053 -222.6302 -18 291.7336 -229.8097 -18 286.8717 -229.8097 -14.16723 287.2786 -229.8097 -15.26995 287.9316 -229.8097 -16.24724 288.7947 -229.8097 -17.04509 289.8202 -229.8097 -17.6194 290.7582 -229.8097 -17.90393 287.8848 -221.4667 -14.16723 288.2798 -221.5641 -15.26995 288.9138 -221.7203 -16.24724 289.7518 -221.9269 -17.04509 290.7475 -222.1723 -17.6194 291.6582 -222.3968 -17.90393 290.865 -213.6086 -14.16723 291.2252 -213.7976 -15.26995 291.8034 -214.1011 -16.24724 292.5676 -214.5022 -17.04509 293.4757 -214.9788 -17.6194 294.3062 -215.4147 -17.90393 295.6391 -206.692 -14.16723 295.9436 -206.9618 -15.26995 296.4324 -207.3948 -16.24724 297.0784 -207.9672 -17.04509 297.846 -208.6472 -17.6194 298.5481 -209.2692 -17.90393 301.9298 -201.119 -14.16723 302.1609 -201.4538 -15.26995 302.5318 -201.9912 -16.24724 303.0222 -202.7015 -17.04509 303.6047 -203.5455 -17.6194 304.1375 -204.3174 -17.90393 309.3714 -197.2133 -14.16723 309.5157 -197.5937 -15.26995 309.7472 -198.2042 -16.24724 310.0533 -199.0113 -17.04509 310.4169 -199.9701 -17.6194 310.7496 -200.8471 -17.90393 317.5315 -195.202 -14.16723 317.5805 -195.6059 -15.26995 317.6592 -196.2541 -16.24724 317.7633 -197.1109 -17.04509 317.8869 -198.129 -17.6194 317.9999 -199.0601 -17.90393 325.9357 -195.202 -14.16723 325.8867 -195.6059 -15.26995 325.808 -196.2541 -16.24724 325.704 -197.1109 -17.04509 325.5803 -198.129 -17.6194 325.4673 -199.0601 -17.90393 334.0958 -197.2133 -14.16723 333.9515 -197.5937 -15.26995 333.72 -198.2042 -16.24724 333.4139 -199.0113 -17.04509 333.0502 -199.9701 -17.6194 332.7176 -200.8471 -17.90393 341.5374 -201.119 -14.16723 341.3063 -201.4538 -15.26995 340.9353 -201.9912 -16.24724 340.445 -202.7015 -17.04509 339.8625 -203.5455 -17.6194 339.3297 -204.3174 -17.90393 347.8281 -206.692 -14.16723 347.5236 -206.9618 -15.26995 347.0348 -207.3948 -16.24724 346.3887 -207.9672 -17.04509 345.6211 -208.6472 -17.6194 344.919 -209.2692 -17.90393 352.6022 -213.6086 -14.16723 352.242 -213.7976 -15.26995 351.6638 -214.1011 -16.24724 350.8996 -214.5022 -17.04509 349.9915 -214.9788 -17.6194 349.161 -215.4147 -17.90393 355.5824 -221.4667 -14.16723 355.1874 -221.5641 -15.26995 354.5534 -221.7203 -16.24724 353.7154 -221.9269 -17.04509 352.7197 -222.1723 -17.6194 351.809 -222.3968 -17.90393 356.5954 -229.8097 -14.16723 356.1886 -229.8097 -15.26995 355.5356 -229.8097 -16.24724 354.6725 -229.8097 -17.04509 353.647 -229.8097 -17.6194 352.7091 -229.8097 -17.90393 355.5824 -238.1527 -14.16723 355.1874 -238.0553 -15.26995 354.5534 -237.8991 -16.24724 353.7154 -237.6925 -17.04509 352.7197 -237.4471 -17.6194 351.809 -237.2226 -17.90393 352.6022 -246.0108 -14.16723 352.242 -245.8218 -15.26995 351.6638 -245.5183 -16.24724 350.8996 -245.1172 -17.04509 349.9915 -244.6406 -17.6194 349.161 -244.2047 -17.90393 347.8281 -252.9274 -14.16723 347.5236 -252.6576 -15.26995 347.0348 -252.2246 -16.24724 346.3887 -251.6522 -17.04509 345.6211 -250.9722 -17.6194 344.919 -250.3502 -17.90393 341.5374 -258.5005 -14.16723 341.3063 -258.1657 -15.26995 340.9353 -257.6282 -16.24724 340.445 -256.9179 -17.04509 339.8625 -256.074 -17.6194 339.3297 -255.302 -17.90393 334.0958 -262.4061 -14.16723 333.9515 -262.0257 -15.26995 333.72 -261.4152 -16.24724 333.4139 -260.6081 -17.04509 333.0502 -259.6493 -17.6194 332.7176 -258.7723 -17.90393 325.9357 -264.4174 -14.16723 325.8867 -264.0135 -15.26995 325.808 -263.3653 -16.24724 325.704 -262.5085 -17.04509 325.5803 -261.4905 -17.6194 325.4673 -260.5593 -17.90393 317.5315 -264.4174 -14.16723 317.5805 -264.0135 -15.26995 317.6592 -263.3653 -16.24724 317.7633 -262.5085 -17.04509 317.8869 -261.4905 -17.6194 317.9999 -260.5593 -17.90393 309.3714 -262.4061 -14.16723 309.5157 -262.0257 -15.26995 309.7472 -261.4152 -16.24724 310.0533 -260.6081 -17.04509 310.4169 -259.6493 -17.6194 310.7496 -258.7723 -17.90393 301.9298 -258.5005 -14.16723 302.1609 -258.1657 -15.26995 302.5318 -257.6282 -16.24724 303.0222 -256.9179 -17.04509 303.6047 -256.074 -17.6194 304.1375 -255.302 -17.90393 295.6391 -252.9274 -14.16723 295.9436 -252.6576 -15.26995 296.4324 -252.2246 -16.24724 297.0784 -251.6522 -17.04509 297.846 -250.9722 -17.6194 298.5481 -250.3502 -17.90393 290.865 -246.0108 -14.16723 291.2252 -245.8218 -15.26995 291.8034 -245.5183 -16.24724 292.5676 -245.1172 -17.04509 293.4757 -244.6406 -17.6194 294.3062 -244.2047 -17.90393 287.8848 -238.1527 -14.16723 288.2798 -238.0553 -15.26995 288.9138 -237.8991 -16.24724 289.7518 -237.6925 -17.04509 290.7475 -237.4471 -17.6194 291.6582 -237.2226 -17.90393 286.7336 229.8097 -13 287.7506 238.1857 -13 290.7426 246.075 -13 295.5357 253.019 -13 301.8513 258.6141 -13 309.3224 262.5353 -13 317.5148 264.5545 -13 325.9524 264.5545 -13 334.1448 262.5353 -13 341.6159 258.6141 -13 347.9315 253.019 -13 352.7246 246.075 -13 355.7166 238.1857 -13 356.7336 229.8097 -13 355.7166 221.4337 -13 352.7246 213.5444 -13 347.9315 206.6004 -13 341.6159 201.0053 -13 334.1448 197.0841 -13 325.9524 195.0649 -13 317.5148 195.0649 -13 309.3224 197.0841 -13 301.8513 201.0053 -13 295.5357 206.6004 -13 290.7426 213.5444 -13 287.7506 221.4337 -13 286.7336 229.8097 -13 286.8717 229.8097 -14.16723 287.2786 229.8097 -15.26995 287.9316 229.8097 -16.24724 288.7947 229.8097 -17.04509 289.8202 229.8097 -17.6194 290.7582 229.8097 -17.90393 291.7336 229.8097 -18 292.6053 222.6302 -18 295.1699 215.868 -18 299.2783 209.916 -18 304.6917 205.1202 -18 311.0954 201.7592 -18 318.1175 200.0284 -18 325.3497 200.0284 -18 332.3717 201.7592 -18 338.7755 205.1202 -18 344.1889 209.916 -18 348.2973 215.868 -18 350.8619 222.6302 -18 351.7336 229.8097 -18 350.8619 236.9892 -18 348.2973 243.7514 -18 344.1889 249.7034 -18 338.7755 254.4992 -18 332.3717 257.8602 -18 325.3497 259.591 -18 318.1175 259.591 -18 311.0954 257.8602 -18 304.6917 254.4992 -18 299.2783 249.7034 -18 295.1699 243.7514 -18 292.6053 236.9892 -18 291.7336 229.8097 -18 286.8717 229.8097 -14.16723 287.2786 229.8097 -15.26995 287.9316 229.8097 -16.24724 288.7947 229.8097 -17.04509 289.8202 229.8097 -17.6194 290.7582 229.8097 -17.90393 287.8848 238.1527 -14.16723 288.2798 238.0553 -15.26995 288.9138 237.8991 -16.24724 289.7518 237.6925 -17.04509 290.7475 237.4471 -17.6194 291.6582 237.2226 -17.90393 290.865 246.0108 -14.16723 291.2252 245.8218 -15.26995 291.8034 245.5183 -16.24724 292.5676 245.1172 -17.04509 293.4757 244.6406 -17.6194 294.3062 244.2047 -17.90393 295.6391 252.9274 -14.16723 295.9436 252.6576 -15.26995 296.4324 252.2246 -16.24724 297.0784 251.6522 -17.04509 297.846 250.9722 -17.6194 298.5481 250.3502 -17.90393 301.9298 258.5005 -14.16723 302.1609 258.1657 -15.26995 302.5318 257.6282 -16.24724 303.0222 256.9179 -17.04509 303.6047 256.074 -17.6194 304.1375 255.302 -17.90393 309.3714 262.4061 -14.16723 309.5157 262.0257 -15.26995 309.7472 261.4152 -16.24724 310.0533 260.6081 -17.04509 310.4169 259.6493 -17.6194 310.7496 258.7723 -17.90393 317.5315 264.4174 -14.16723 317.5805 264.0135 -15.26995 317.6592 263.3653 -16.24724 317.7633 262.5085 -17.04509 317.8869 261.4905 -17.6194 317.9999 260.5593 -17.90393 325.9357 264.4174 -14.16723 325.8867 264.0135 -15.26995 325.808 263.3653 -16.24724 325.704 262.5085 -17.04509 325.5803 261.4905 -17.6194 325.4673 260.5593 -17.90393 334.0958 262.4061 -14.16723 333.9515 262.0257 -15.26995 333.72 261.4152 -16.24724 333.4139 260.6081 -17.04509 333.0502 259.6493 -17.6194 332.7176 258.7723 -17.90393 341.5374 258.5005 -14.16723 341.3063 258.1657 -15.26995 340.9353 257.6282 -16.24724 340.445 256.9179 -17.04509 339.8625 256.074 -17.6194 339.3297 255.302 -17.90393 347.8281 252.9274 -14.16723 347.5236 252.6576 -15.26995 347.0348 252.2246 -16.24724 346.3887 251.6522 -17.04509 345.6211 250.9722 -17.6194 344.919 250.3502 -17.90393 352.6022 246.0108 -14.16723 352.242 245.8218 -15.26995 351.6638 245.5183 -16.24724 350.8996 245.1172 -17.04509 349.9915 244.6406 -17.6194 349.161 244.2047 -17.90393 355.5824 238.1527 -14.16723 355.1874 238.0553 -15.26995 354.5534 237.8991 -16.24724 353.7154 237.6925 -17.04509 352.7197 237.4471 -17.6194 351.809 237.2226 -17.90393 356.5954 229.8097 -14.16723 356.1886 229.8097 -15.26995 355.5356 229.8097 -16.24724 354.6725 229.8097 -17.04509 353.647 229.8097 -17.6194 352.7091 229.8097 -17.90393 355.5824 221.4667 -14.16723 355.1874 221.5641 -15.26995 354.5534 221.7203 -16.24724 353.7154 221.9269 -17.04509 352.7197 222.1723 -17.6194 351.809 222.3968 -17.90393 352.6022 213.6086 -14.16723 352.242 213.7976 -15.26995 351.6638 214.1011 -16.24724 350.8996 214.5022 -17.04509 349.9915 214.9788 -17.6194 349.161 215.4147 -17.90393 347.8281 206.692 -14.16723 347.5236 206.9618 -15.26995 347.0348 207.3948 -16.24724 346.3887 207.9672 -17.04509 345.6211 208.6472 -17.6194 344.919 209.2692 -17.90393 341.5374 201.119 -14.16723 341.3063 201.4538 -15.26995 340.9353 201.9912 -16.24724 340.445 202.7015 -17.04509 339.8625 203.5455 -17.6194 339.3297 204.3174 -17.90393 334.0958 197.2133 -14.16723 333.9515 197.5937 -15.26995 333.72 198.2042 -16.24724 333.4139 199.0113 -17.04509 333.0502 199.9701 -17.6194 332.7176 200.8471 -17.90393 325.9357 195.202 -14.16723 325.8867 195.6059 -15.26995 325.808 196.2541 -16.24724 325.704 197.1109 -17.04509 325.5803 198.129 -17.6194 325.4673 199.0601 -17.90393 317.5315 195.202 -14.16723 317.5805 195.6059 -15.26995 317.6592 196.2541 -16.24724 317.7633 197.1109 -17.04509 317.8869 198.129 -17.6194 317.9999 199.0601 -17.90393 309.3714 197.2133 -14.16723 309.5157 197.5937 -15.26995 309.7472 198.2042 -16.24724 310.0533 199.0113 -17.04509 310.4169 199.9701 -17.6194 310.7496 200.8471 -17.90393 301.9298 201.119 -14.16723 302.1609 201.4538 -15.26995 302.5318 201.9912 -16.24724 303.0222 202.7015 -17.04509 303.6047 203.5455 -17.6194 304.1375 204.3174 -17.90393 295.6391 206.692 -14.16723 295.9436 206.9618 -15.26995 296.4324 207.3948 -16.24724 297.0784 207.9672 -17.04509 297.846 208.6472 -17.6194 298.5481 209.2692 -17.90393 290.865 213.6086 -14.16723 291.2252 213.7976 -15.26995 291.8034 214.1011 -16.24724 292.5676 214.5022 -17.04509 293.4757 214.9788 -17.6194 294.3062 215.4147 -17.90393 287.8848 221.4667 -14.16723 288.2798 221.5641 -15.26995 288.9138 221.7203 -16.24724 289.7518 221.9269 -17.04509 290.7475 222.1723 -17.6194 291.6582 222.3968 -17.90393 194.8097 321.7336 -13 195.8267 330.1096 -13 198.8187 337.9989 -13 203.6118 344.9429 -13 209.9274 350.538 -13 217.3985 354.4592 -13 225.5909 356.4784 -13 234.0285 356.4784 -13 242.2209 354.4592 -13 249.692 350.538 -13 256.0076 344.9429 -13 260.8007 337.9989 -13 263.7927 330.1096 -13 264.8097 321.7336 -13 263.7927 313.3576 -13 260.8007 305.4683 -13 256.0076 298.5243 -13 249.692 292.9291 -13 242.2209 289.008 -13 234.0285 286.9888 -13 225.5909 286.9888 -13 217.3985 289.008 -13 209.9274 292.9291 -13 203.6118 298.5243 -13 198.8187 305.4683 -13 195.8267 313.3576 -13 194.8097 321.7336 -13 194.9479 321.7336 -14.16723 195.3547 321.7336 -15.26995 196.0077 321.7336 -16.24724 196.8708 321.7336 -17.04509 197.8963 321.7336 -17.6194 198.8343 321.7336 -17.90393 199.8097 321.7336 -18 200.6814 314.5541 -18 203.246 307.7919 -18 207.3544 301.8399 -18 212.7678 297.0441 -18 219.1716 293.6831 -18 226.1936 291.9523 -18 233.4258 291.9523 -18 240.4478 293.6831 -18 246.8516 297.0441 -18 252.265 301.8399 -18 256.3734 307.7919 -18 258.938 314.5541 -18 259.8097 321.7336 -18 258.938 328.9131 -18 256.3734 335.6753 -18 252.265 341.6273 -18 246.8516 346.4231 -18 240.4478 349.7841 -18 233.4258 351.5149 -18 226.1936 351.5149 -18 219.1716 349.7841 -18 212.7678 346.4231 -18 207.3544 341.6273 -18 203.246 335.6753 -18 200.6814 328.9131 -18 199.8097 321.7336 -18 194.9479 321.7336 -14.16723 195.3547 321.7336 -15.26995 196.0077 321.7336 -16.24724 196.8708 321.7336 -17.04509 197.8963 321.7336 -17.6194 198.8343 321.7336 -17.90393 195.9609 330.0766 -14.16723 196.3559 329.9792 -15.26995 196.9899 329.8229 -16.24724 197.8279 329.6164 -17.04509 198.8236 329.371 -17.6194 199.7343 329.1465 -17.90393 198.9411 337.9347 -14.16723 199.3013 337.7456 -15.26995 199.8795 337.4422 -16.24724 200.6437 337.0411 -17.04509 201.5518 336.5645 -17.6194 202.3823 336.1286 -17.90393 203.7152 344.8513 -14.16723 204.0197 344.5815 -15.26995 204.5085 344.1485 -16.24724 205.1546 343.5762 -17.04509 205.9222 342.8961 -17.6194 206.6242 342.2741 -17.90393 210.0059 350.4243 -14.16723 210.237 350.0895 -15.26995 210.608 349.5521 -16.24724 211.0983 348.8418 -17.04509 211.6808 347.9978 -17.6194 212.2136 347.2259 -17.90393 217.4475 354.33 -14.16723 217.5918 353.9496 -15.26995 217.8233 353.339 -16.24724 218.1294 352.532 -17.04509 218.4931 351.5732 -17.6194 218.8256 350.6961 -17.90393 225.6076 356.3413 -14.16723 225.6566 355.9374 -15.26995 225.7353 355.2892 -16.24724 225.8394 354.4324 -17.04509 225.963 353.4143 -17.6194 226.076 352.4832 -17.90393 234.0118 356.3413 -14.16723 233.9628 355.9374 -15.26995 233.8841 355.2892 -16.24724 233.7801 354.4324 -17.04509 233.6564 353.4143 -17.6194 233.5434 352.4832 -17.90393 242.1719 354.33 -14.16723 242.0276 353.9496 -15.26995 241.7961 353.339 -16.24724 241.49 352.532 -17.04509 241.1264 351.5732 -17.6194 240.7937 350.6961 -17.90393 249.6135 350.4243 -14.16723 249.3824 350.0895 -15.26995 249.0114 349.5521 -16.24724 248.5211 348.8418 -17.04509 247.9386 347.9978 -17.6194 247.4058 347.2259 -17.90393 255.9042 344.8513 -14.16723 255.5997 344.5815 -15.26995 255.1109 344.1485 -16.24724 254.4648 343.5762 -17.04509 253.6972 342.8961 -17.6194 252.9952 342.2741 -17.90393 260.6784 337.9347 -14.16723 260.3181 337.7456 -15.26995 259.7399 337.4422 -16.24724 258.9757 337.0411 -17.04509 258.0676 336.5645 -17.6194 257.2371 336.1286 -17.90393 263.6585 330.0766 -14.16723 263.2636 329.9792 -15.26995 262.6295 329.8229 -16.24724 261.7915 329.6164 -17.04509 260.7958 329.371 -17.6194 259.8851 329.1465 -17.90393 264.6716 321.7336 -14.16723 264.2648 321.7336 -15.26995 263.6117 321.7336 -16.24724 262.7486 321.7336 -17.04509 261.7231 321.7336 -17.6194 260.7852 321.7336 -17.90393 263.6585 313.3906 -14.16723 263.2636 313.488 -15.26995 262.6295 313.6442 -16.24724 261.7915 313.8508 -17.04509 260.7958 314.0962 -17.6194 259.8851 314.3207 -17.90393 260.6784 305.5325 -14.16723 260.3181 305.7215 -15.26995 259.7399 306.025 -16.24724 258.9757 306.4261 -17.04509 258.0676 306.9027 -17.6194 257.2371 307.3386 -17.90393 255.9042 298.6159 -14.16723 255.5997 298.8857 -15.26995 255.1109 299.3187 -16.24724 254.4648 299.8911 -17.04509 253.6972 300.5711 -17.6194 252.9952 301.1931 -17.90393 249.6135 293.0429 -14.16723 249.3824 293.3777 -15.26995 249.0114 293.9151 -16.24724 248.5211 294.6254 -17.04509 247.9386 295.4694 -17.6194 247.4058 296.2413 -17.90393 242.1719 289.1372 -14.16723 242.0276 289.5176 -15.26995 241.7961 290.1282 -16.24724 241.49 290.9352 -17.04509 241.1264 291.894 -17.6194 240.7937 292.771 -17.90393 234.0118 287.1259 -14.16723 233.9628 287.5298 -15.26995 233.8841 288.178 -16.24724 233.7801 289.0348 -17.04509 233.6564 290.0529 -17.6194 233.5434 290.984 -17.90393 225.6076 287.1259 -14.16723 225.6566 287.5298 -15.26995 225.7353 288.178 -16.24724 225.8394 289.0348 -17.04509 225.963 290.0529 -17.6194 226.076 290.984 -17.90393 217.4475 289.1372 -14.16723 217.5918 289.5176 -15.26995 217.8233 290.1282 -16.24724 218.1294 290.9352 -17.04509 218.4931 291.894 -17.6194 218.8256 292.771 -17.90393 210.0059 293.0429 -14.16723 210.237 293.3777 -15.26995 210.608 293.9151 -16.24724 211.0983 294.6254 -17.04509 211.6808 295.4694 -17.6194 212.2136 296.2413 -17.90393 203.7152 298.6159 -14.16723 204.0197 298.8857 -15.26995 204.5085 299.3187 -16.24724 205.1546 299.8911 -17.04509 205.9222 300.5711 -17.6194 206.6242 301.1931 -17.90393 198.9411 305.5325 -14.16723 199.3013 305.7215 -15.26995 199.8795 306.025 -16.24724 200.6437 306.4261 -17.04509 201.5518 306.9027 -17.6194 202.3823 307.3386 -17.90393 195.9609 313.3906 -14.16723 196.3559 313.488 -15.26995 196.9899 313.6442 -16.24724 197.8279 313.8508 -17.04509 198.8236 314.0962 -17.6194 199.7343 314.3207 -17.90393 -356.7336 229.8097 -13 -355.7166 238.1857 -13 -352.7246 246.075 -13 -347.9315 253.019 -13 -341.6159 258.6141 -13 -334.1448 262.5353 -13 -325.9524 264.5545 -13 -317.5148 264.5545 -13 -309.3224 262.5353 -13 -301.8513 258.6141 -13 -295.5357 253.019 -13 -290.7426 246.075 -13 -287.7506 238.1857 -13 -286.7336 229.8097 -13 -287.7506 221.4337 -13 -290.7426 213.5444 -13 -295.5357 206.6004 -13 -301.8513 201.0053 -13 -309.3224 197.0841 -13 -317.5148 195.0649 -13 -325.9524 195.0649 -13 -334.1448 197.0841 -13 -341.6159 201.0053 -13 -347.9315 206.6004 -13 -352.7246 213.5444 -13 -355.7166 221.4337 -13 -356.7336 229.8097 -13 -356.5954 229.8097 -14.16723 -356.1886 229.8097 -15.26995 -355.5356 229.8097 -16.24724 -354.6725 229.8097 -17.04509 -353.647 229.8097 -17.6194 -352.7091 229.8097 -17.90393 -351.7336 229.8097 -18 -350.8619 222.6302 -18 -348.2973 215.868 -18 -344.1889 209.916 -18 -338.7755 205.1202 -18 -332.3717 201.7592 -18 -325.3497 200.0284 -18 -318.1175 200.0284 -18 -311.0954 201.7592 -18 -304.6917 205.1202 -18 -299.2783 209.916 -18 -295.1699 215.868 -18 -292.6053 222.6302 -18 -291.7336 229.8097 -18 -292.6053 236.9892 -18 -295.1699 243.7514 -18 -299.2783 249.7034 -18 -304.6917 254.4992 -18 -311.0954 257.8602 -18 -318.1175 259.591 -18 -325.3497 259.591 -18 -332.3717 257.8602 -18 -338.7755 254.4992 -18 -344.1889 249.7034 -18 -348.2973 243.7514 -18 -350.8619 236.9892 -18 -351.7336 229.8097 -18 -356.5954 229.8097 -14.16723 -356.1886 229.8097 -15.26995 -355.5356 229.8097 -16.24724 -354.6725 229.8097 -17.04509 -353.647 229.8097 -17.6194 -352.7091 229.8097 -17.90393 -355.5824 238.1527 -14.16723 -355.1874 238.0553 -15.26995 -354.5534 237.8991 -16.24724 -353.7154 237.6925 -17.04509 -352.7197 237.4471 -17.6194 -351.809 237.2226 -17.90393 -352.6022 246.0108 -14.16723 -352.242 245.8218 -15.26995 -351.6638 245.5183 -16.24724 -350.8996 245.1172 -17.04509 -349.9915 244.6406 -17.6194 -349.161 244.2047 -17.90393 -347.8281 252.9274 -14.16723 -347.5236 252.6576 -15.26995 -347.0348 252.2246 -16.24724 -346.3887 251.6522 -17.04509 -345.6211 250.9722 -17.6194 -344.919 250.3502 -17.90393 -341.5374 258.5005 -14.16723 -341.3063 258.1657 -15.26995 -340.9353 257.6282 -16.24724 -340.445 256.9179 -17.04509 -339.8625 256.074 -17.6194 -339.3297 255.302 -17.90393 -334.0958 262.4061 -14.16723 -333.9515 262.0257 -15.26995 -333.72 261.4152 -16.24724 -333.4139 260.6081 -17.04509 -333.0502 259.6493 -17.6194 -332.7176 258.7723 -17.90393 -325.9357 264.4174 -14.16723 -325.8867 264.0135 -15.26995 -325.808 263.3653 -16.24724 -325.704 262.5085 -17.04509 -325.5803 261.4905 -17.6194 -325.4673 260.5593 -17.90393 -317.5315 264.4174 -14.16723 -317.5805 264.0135 -15.26995 -317.6592 263.3653 -16.24724 -317.7633 262.5085 -17.04509 -317.8869 261.4905 -17.6194 -317.9999 260.5593 -17.90393 -309.3714 262.4061 -14.16723 -309.5157 262.0257 -15.26995 -309.7472 261.4152 -16.24724 -310.0533 260.6081 -17.04509 -310.4169 259.6493 -17.6194 -310.7496 258.7723 -17.90393 -301.9298 258.5005 -14.16723 -302.1609 258.1657 -15.26995 -302.5318 257.6282 -16.24724 -303.0222 256.9179 -17.04509 -303.6047 256.074 -17.6194 -304.1375 255.302 -17.90393 -295.6391 252.9274 -14.16723 -295.9436 252.6576 -15.26995 -296.4324 252.2246 -16.24724 -297.0784 251.6522 -17.04509 -297.846 250.9722 -17.6194 -298.5481 250.3502 -17.90393 -290.865 246.0108 -14.16723 -291.2252 245.8218 -15.26995 -291.8034 245.5183 -16.24724 -292.5676 245.1172 -17.04509 -293.4757 244.6406 -17.6194 -294.3062 244.2047 -17.90393 -287.8848 238.1527 -14.16723 -288.2798 238.0553 -15.26995 -288.9138 237.8991 -16.24724 -289.7518 237.6925 -17.04509 -290.7475 237.4471 -17.6194 -291.6582 237.2226 -17.90393 -286.8717 229.8097 -14.16723 -287.2786 229.8097 -15.26995 -287.9316 229.8097 -16.24724 -288.7947 229.8097 -17.04509 -289.8202 229.8097 -17.6194 -290.7582 229.8097 -17.90393 -287.8848 221.4667 -14.16723 -288.2798 221.5641 -15.26995 -288.9138 221.7203 -16.24724 -289.7518 221.9269 -17.04509 -290.7475 222.1723 -17.6194 -291.6582 222.3968 -17.90393 -290.865 213.6086 -14.16723 -291.2252 213.7976 -15.26995 -291.8034 214.1011 -16.24724 -292.5676 214.5022 -17.04509 -293.4757 214.9788 -17.6194 -294.3062 215.4147 -17.90393 -295.6391 206.692 -14.16723 -295.9436 206.9618 -15.26995 -296.4324 207.3948 -16.24724 -297.0784 207.9672 -17.04509 -297.846 208.6472 -17.6194 -298.5481 209.2692 -17.90393 -301.9298 201.119 -14.16723 -302.1609 201.4538 -15.26995 -302.5318 201.9912 -16.24724 -303.0222 202.7015 -17.04509 -303.6047 203.5455 -17.6194 -304.1375 204.3174 -17.90393 -309.3714 197.2133 -14.16723 -309.5157 197.5937 -15.26995 -309.7472 198.2042 -16.24724 -310.0533 199.0113 -17.04509 -310.4169 199.9701 -17.6194 -310.7496 200.8471 -17.90393 -317.5315 195.202 -14.16723 -317.5805 195.6059 -15.26995 -317.6592 196.2541 -16.24724 -317.7633 197.1109 -17.04509 -317.8869 198.129 -17.6194 -317.9999 199.0601 -17.90393 -325.9357 195.202 -14.16723 -325.8867 195.6059 -15.26995 -325.808 196.2541 -16.24724 -325.704 197.1109 -17.04509 -325.5803 198.129 -17.6194 -325.4673 199.0601 -17.90393 -334.0958 197.2133 -14.16723 -333.9515 197.5937 -15.26995 -333.72 198.2042 -16.24724 -333.4139 199.0113 -17.04509 -333.0502 199.9701 -17.6194 -332.7176 200.8471 -17.90393 -341.5374 201.119 -14.16723 -341.3063 201.4538 -15.26995 -340.9353 201.9912 -16.24724 -340.445 202.7015 -17.04509 -339.8625 203.5455 -17.6194 -339.3297 204.3174 -17.90393 -347.8281 206.692 -14.16723 -347.5236 206.9618 -15.26995 -347.0348 207.3948 -16.24724 -346.3887 207.9672 -17.04509 -345.6211 208.6472 -17.6194 -344.919 209.2692 -17.90393 -352.6022 213.6086 -14.16723 -352.242 213.7976 -15.26995 -351.6638 214.1011 -16.24724 -350.8996 214.5022 -17.04509 -349.9915 214.9788 -17.6194 -349.161 215.4147 -17.90393 -355.5824 221.4667 -14.16723 -355.1874 221.5641 -15.26995 -354.5534 221.7203 -16.24724 -353.7154 221.9269 -17.04509 -352.7197 222.1723 -17.6194 -351.809 222.3968 -17.90393 -264.8097 321.7336 -13 -263.7927 330.1096 -13 -260.8007 337.9989 -13 -256.0076 344.9429 -13 -249.692 350.538 -13 -242.2209 354.4592 -13 -234.0285 356.4784 -13 -225.5909 356.4784 -13 -217.3985 354.4592 -13 -209.9274 350.538 -13 -203.6118 344.9429 -13 -198.8187 337.9989 -13 -195.8267 330.1096 -13 -194.8097 321.7336 -13 -195.8267 313.3576 -13 -198.8187 305.4683 -13 -203.6118 298.5243 -13 -209.9274 292.9291 -13 -217.3985 289.008 -13 -225.5909 286.9888 -13 -234.0285 286.9888 -13 -242.2209 289.008 -13 -249.692 292.9291 -13 -256.0076 298.5243 -13 -260.8007 305.4683 -13 -263.7927 313.3576 -13 -264.8097 321.7336 -13 -264.6716 321.7336 -14.16723 -264.2648 321.7336 -15.26995 -263.6117 321.7336 -16.24724 -262.7486 321.7336 -17.04509 -261.7231 321.7336 -17.6194 -260.7852 321.7336 -17.90393 -259.8097 321.7336 -18 -258.938 314.5541 -18 -256.3734 307.7919 -18 -252.265 301.8399 -18 -246.8516 297.0441 -18 -240.4478 293.6831 -18 -233.4258 291.9523 -18 -226.1936 291.9523 -18 -219.1716 293.6831 -18 -212.7678 297.0441 -18 -207.3544 301.8399 -18 -203.246 307.7919 -18 -200.6814 314.5541 -18 -199.8097 321.7336 -18 -200.6814 328.9131 -18 -203.246 335.6753 -18 -207.3544 341.6273 -18 -212.7678 346.4231 -18 -219.1716 349.7841 -18 -226.1936 351.5149 -18 -233.4258 351.5149 -18 -240.4478 349.7841 -18 -246.8516 346.4231 -18 -252.265 341.6273 -18 -256.3734 335.6753 -18 -258.938 328.9131 -18 -259.8097 321.7336 -18 -264.6716 321.7336 -14.16723 -264.2648 321.7336 -15.26995 -263.6117 321.7336 -16.24724 -262.7486 321.7336 -17.04509 -261.7231 321.7336 -17.6194 -260.7852 321.7336 -17.90393 -263.6585 330.0766 -14.16723 -263.2636 329.9792 -15.26995 -262.6295 329.8229 -16.24724 -261.7915 329.6164 -17.04509 -260.7958 329.371 -17.6194 -259.8851 329.1465 -17.90393 -260.6784 337.9347 -14.16723 -260.3181 337.7456 -15.26995 -259.7399 337.4422 -16.24724 -258.9757 337.0411 -17.04509 -258.0676 336.5645 -17.6194 -257.2371 336.1286 -17.90393 -255.9042 344.8513 -14.16723 -255.5997 344.5815 -15.26995 -255.1109 344.1485 -16.24724 -254.4648 343.5762 -17.04509 -253.6972 342.8961 -17.6194 -252.9952 342.2741 -17.90393 -249.6135 350.4243 -14.16723 -249.3824 350.0895 -15.26995 -249.0114 349.5521 -16.24724 -248.5211 348.8418 -17.04509 -247.9386 347.9978 -17.6194 -247.4058 347.2259 -17.90393 -242.1719 354.33 -14.16723 -242.0276 353.9496 -15.26995 -241.7961 353.339 -16.24724 -241.49 352.532 -17.04509 -241.1264 351.5732 -17.6194 -240.7937 350.6961 -17.90393 -234.0118 356.3413 -14.16723 -233.9628 355.9374 -15.26995 -233.8841 355.2892 -16.24724 -233.7801 354.4324 -17.04509 -233.6564 353.4143 -17.6194 -233.5434 352.4832 -17.90393 -225.6076 356.3413 -14.16723 -225.6566 355.9374 -15.26995 -225.7353 355.2892 -16.24724 -225.8394 354.4324 -17.04509 -225.963 353.4143 -17.6194 -226.076 352.4832 -17.90393 -217.4475 354.33 -14.16723 -217.5918 353.9496 -15.26995 -217.8233 353.339 -16.24724 -218.1294 352.532 -17.04509 -218.4931 351.5732 -17.6194 -218.8256 350.6961 -17.90393 -210.0059 350.4243 -14.16723 -210.237 350.0895 -15.26995 -210.608 349.5521 -16.24724 -211.0983 348.8418 -17.04509 -211.6808 347.9978 -17.6194 -212.2136 347.2259 -17.90393 -203.7152 344.8513 -14.16723 -204.0197 344.5815 -15.26995 -204.5085 344.1485 -16.24724 -205.1546 343.5762 -17.04509 -205.9222 342.8961 -17.6194 -206.6242 342.2741 -17.90393 -198.9411 337.9347 -14.16723 -199.3013 337.7456 -15.26995 -199.8795 337.4422 -16.24724 -200.6437 337.0411 -17.04509 -201.5518 336.5645 -17.6194 -202.3823 336.1286 -17.90393 -195.9609 330.0766 -14.16723 -196.3559 329.9792 -15.26995 -196.9899 329.8229 -16.24724 -197.8279 329.6164 -17.04509 -198.8236 329.371 -17.6194 -199.7343 329.1465 -17.90393 -194.9479 321.7336 -14.16723 -195.3547 321.7336 -15.26995 -196.0077 321.7336 -16.24724 -196.8708 321.7336 -17.04509 -197.8963 321.7336 -17.6194 -198.8343 321.7336 -17.90393 -195.9609 313.3906 -14.16723 -196.3559 313.488 -15.26995 -196.9899 313.6442 -16.24724 -197.8279 313.8508 -17.04509 -198.8236 314.0962 -17.6194 -199.7343 314.3207 -17.90393 -198.9411 305.5325 -14.16723 -199.3013 305.7215 -15.26995 -199.8795 306.025 -16.24724 -200.6437 306.4261 -17.04509 -201.5518 306.9027 -17.6194 -202.3823 307.3386 -17.90393 -203.7152 298.6159 -14.16723 -204.0197 298.8857 -15.26995 -204.5085 299.3187 -16.24724 -205.1546 299.8911 -17.04509 -205.9222 300.5711 -17.6194 -206.6242 301.1931 -17.90393 -210.0059 293.0429 -14.16723 -210.237 293.3777 -15.26995 -210.608 293.9151 -16.24724 -211.0983 294.6254 -17.04509 -211.6808 295.4694 -17.6194 -212.2136 296.2413 -17.90393 -217.4475 289.1372 -14.16723 -217.5918 289.5176 -15.26995 -217.8233 290.1282 -16.24724 -218.1294 290.9352 -17.04509 -218.4931 291.894 -17.6194 -218.8256 292.771 -17.90393 -225.6076 287.1259 -14.16723 -225.6566 287.5298 -15.26995 -225.7353 288.178 -16.24724 -225.8394 289.0348 -17.04509 -225.963 290.0529 -17.6194 -226.076 290.984 -17.90393 -234.0118 287.1259 -14.16723 -233.9628 287.5298 -15.26995 -233.8841 288.178 -16.24724 -233.7801 289.0348 -17.04509 -233.6564 290.0529 -17.6194 -233.5434 290.984 -17.90393 -242.1719 289.1372 -14.16723 -242.0276 289.5176 -15.26995 -241.7961 290.1282 -16.24724 -241.49 290.9352 -17.04509 -241.1264 291.894 -17.6194 -240.7937 292.771 -17.90393 -249.6135 293.0429 -14.16723 -249.3824 293.3777 -15.26995 -249.0114 293.9151 -16.24724 -248.5211 294.6254 -17.04509 -247.9386 295.4694 -17.6194 -247.4058 296.2413 -17.90393 -255.9042 298.6159 -14.16723 -255.5997 298.8857 -15.26995 -255.1109 299.3187 -16.24724 -254.4648 299.8911 -17.04509 -253.6972 300.5711 -17.6194 -252.9952 301.1931 -17.90393 -260.6784 305.5325 -14.16723 -260.3181 305.7215 -15.26995 -259.7399 306.025 -16.24724 -258.9757 306.4261 -17.04509 -258.0676 306.9027 -17.6194 -257.2371 307.3386 -17.90393 -263.6585 313.3906 -14.16723 -263.2636 313.488 -15.26995 -262.6295 313.6442 -16.24724 -261.7915 313.8508 -17.04509 -260.7958 314.0962 -17.6194 -259.8851 314.3207 -17.90393 -75.5 390 -35 -75.1949 392.5128 -35 -74.29729 394.8796 -35 -72.85936 396.9628 -35 -70.96469 398.6413 -35 -68.72335 399.8177 -35 -66.26564 400.4234 -35 -63.73436 400.4234 -35 -61.27665 399.8177 -35 -59.03532 398.6413 -35 -57.14064 396.9628 -35 -55.70271 394.8796 -35 -54.80511 392.5128 -35 -54.5 390 -35 -54.80511 387.4872 -35 -55.70271 385.1204 -35 -57.14064 383.0372 -35 -59.03532 381.3587 -35 -61.27665 380.1824 -35 -63.73436 379.5766 -35 -66.26564 379.5766 -35 -68.72335 380.1824 -35 -70.96469 381.3587 -35 -72.85936 383.0372 -35 -74.29729 385.1204 -35 -75.1949 387.4872 -35 -75.5 390 -35 -75.5 390 0 -75.1949 392.5128 0 -74.29729 394.8796 0 -72.85936 396.9628 0 -70.96469 398.6413 0 -68.72335 399.8177 0 -66.26564 400.4234 0 -63.73436 400.4234 0 -61.27665 399.8177 0 -59.03532 398.6413 0 -57.14064 396.9628 0 -55.70271 394.8796 0 -54.80511 392.5128 0 -54.5 390 0 -54.80511 387.4872 0 -55.70271 385.1204 0 -57.14064 383.0372 0 -59.03532 381.3587 0 -61.27665 380.1824 0 -63.73436 379.5766 0 -66.26564 379.5766 0 -68.72335 380.1824 0 -70.96469 381.3587 0 -72.85936 383.0372 0 -74.29729 385.1204 0 -75.1949 387.4872 0 -75.5 390 0 54.5 390 -35 54.80511 392.5128 -35 55.70271 394.8796 -35 57.14064 396.9628 -35 59.03532 398.6413 -35 61.27665 399.8177 -35 63.73436 400.4234 -35 66.26564 400.4234 -35 68.72335 399.8177 -35 70.96469 398.6413 -35 72.85936 396.9628 -35 74.29729 394.8796 -35 75.1949 392.5128 -35 75.5 390 -35 75.1949 387.4872 -35 74.29729 385.1204 -35 72.85936 383.0372 -35 70.96469 381.3587 -35 68.72335 380.1824 -35 66.26564 379.5766 -35 63.73436 379.5766 -35 61.27665 380.1824 -35 59.03532 381.3587 -35 57.14064 383.0372 -35 55.70271 385.1204 -35 54.80511 387.4872 -35 54.5 390 -35 54.5 390 0 54.80511 392.5128 0 55.70271 394.8796 0 57.14064 396.9628 0 59.03532 398.6413 0 61.27665 399.8177 0 63.73436 400.4234 0 66.26564 400.4234 0 68.72335 399.8177 0 70.96469 398.6413 0 72.85936 396.9628 0 74.29729 394.8796 0 75.1949 392.5128 0 75.5 390 0 75.1949 387.4872 0 74.29729 385.1204 0 72.85936 383.0372 0 70.96469 381.3587 0 68.72335 380.1824 0 66.26564 379.5766 0 63.73436 379.5766 0 61.27665 380.1824 0 59.03532 381.3587 0 57.14064 383.0372 0 55.70271 385.1204 0 54.80511 387.4872 0 54.5 390 0 -75.5 -390 -35 -75.1949 -387.4872 -35 -74.29729 -385.1204 -35 -72.85936 -383.0372 -35 -70.96469 -381.3587 -35 -68.72335 -380.1824 -35 -66.26564 -379.5766 -35 -63.73436 -379.5766 -35 -61.27665 -380.1824 -35 -59.03532 -381.3587 -35 -57.14064 -383.0372 -35 -55.70271 -385.1204 -35 -54.80511 -387.4872 -35 -54.5 -390 -35 -54.80511 -392.5128 -35 -55.70271 -394.8796 -35 -57.14064 -396.9628 -35 -59.03532 -398.6413 -35 -61.27665 -399.8177 -35 -63.73436 -400.4234 -35 -66.26564 -400.4234 -35 -68.72335 -399.8177 -35 -70.96469 -398.6413 -35 -72.85936 -396.9628 -35 -74.29729 -394.8796 -35 -75.1949 -392.5128 -35 -75.5 -390 -35 -75.5 -390 0 -75.1949 -387.4872 0 -74.29729 -385.1204 0 -72.85936 -383.0372 0 -70.96469 -381.3587 0 -68.72335 -380.1824 0 -66.26564 -379.5766 0 -63.73436 -379.5766 0 -61.27665 -380.1824 0 -59.03532 -381.3587 0 -57.14064 -383.0372 0 -55.70271 -385.1204 0 -54.80511 -387.4872 0 -54.5 -390 0 -54.80511 -392.5128 0 -55.70271 -394.8796 0 -57.14064 -396.9628 0 -59.03532 -398.6413 0 -61.27665 -399.8177 0 -63.73436 -400.4234 0 -66.26564 -400.4234 0 -68.72335 -399.8177 0 -70.96469 -398.6413 0 -72.85936 -396.9628 0 -74.29729 -394.8796 0 -75.1949 -392.5128 0 -75.5 -390 0 54.5 -390 -35 54.80511 -387.4872 -35 55.70271 -385.1204 -35 57.14064 -383.0372 -35 59.03532 -381.3587 -35 61.27665 -380.1824 -35 63.73436 -379.5766 -35 66.26564 -379.5766 -35 68.72335 -380.1824 -35 70.96469 -381.3587 -35 72.85936 -383.0372 -35 74.29729 -385.1204 -35 75.1949 -387.4872 -35 75.5 -390 -35 75.1949 -392.5128 -35 74.29729 -394.8796 -35 72.85936 -396.9628 -35 70.96469 -398.6413 -35 68.72335 -399.8177 -35 66.26564 -400.4234 -35 63.73436 -400.4234 -35 61.27665 -399.8177 -35 59.03532 -398.6413 -35 57.14064 -396.9628 -35 55.70271 -394.8796 -35 54.80511 -392.5128 -35 54.5 -390 -35 54.5 -390 0 54.80511 -387.4872 0 55.70271 -385.1204 0 57.14064 -383.0372 0 59.03532 -381.3587 0 61.27665 -380.1824 0 63.73436 -379.5766 0 66.26564 -379.5766 0 68.72335 -380.1824 0 70.96469 -381.3587 0 72.85936 -383.0372 0 74.29729 -385.1204 0 75.1949 -387.4872 0 75.5 -390 0 75.1949 -392.5128 0 74.29729 -394.8796 0 72.85936 -396.9628 0 70.96469 -398.6413 0 68.72335 -399.8177 0 66.26564 -400.4234 0 63.73436 -400.4234 0 61.27665 -399.8177 0 59.03532 -398.6413 0 57.14064 -396.9628 0 55.70271 -394.8796 0 54.80511 -392.5128 0 54.5 -390 0 -400.5 65 -35 -400.1949 67.51282 -35 -399.2973 69.8796 -35 -397.8594 71.96279 -35 -395.9647 73.64133 -35 -393.7234 74.81768 -35 -391.2656 75.42345 -35 -388.7344 75.42345 -35 -386.2767 74.81768 -35 -384.0353 73.64133 -35 -382.1406 71.96279 -35 -380.7027 69.8796 -35 -379.8051 67.51282 -35 -379.5 65 -35 -379.8051 62.48719 -35 -380.7027 60.12041 -35 -382.1406 58.03721 -35 -384.0353 56.35867 -35 -386.2767 55.18233 -35 -388.7344 54.57656 -35 -391.2656 54.57656 -35 -393.7234 55.18233 -35 -395.9647 56.35867 -35 -397.8594 58.03721 -35 -399.2973 60.12041 -35 -400.1949 62.48719 -35 -400.5 65 -35 -400.5 65 0 -400.1949 67.51282 0 -399.2973 69.8796 0 -397.8594 71.96279 0 -395.9647 73.64133 0 -393.7234 74.81768 0 -391.2656 75.42345 0 -388.7344 75.42345 0 -386.2767 74.81768 0 -384.0353 73.64133 0 -382.1406 71.96279 0 -380.7027 69.8796 0 -379.8051 67.51282 0 -379.5 65 0 -379.8051 62.48719 0 -380.7027 60.12041 0 -382.1406 58.03721 0 -384.0353 56.35867 0 -386.2767 55.18233 0 -388.7344 54.57656 0 -391.2656 54.57656 0 -393.7234 55.18233 0 -395.9647 56.35867 0 -397.8594 58.03721 0 -399.2973 60.12041 0 -400.1949 62.48719 0 -400.5 65 0 -400.5 -65 -35 -400.1949 -62.48719 -35 -399.2973 -60.12041 -35 -397.8594 -58.03721 -35 -395.9647 -56.35867 -35 -393.7234 -55.18233 -35 -391.2656 -54.57656 -35 -388.7344 -54.57656 -35 -386.2767 -55.18233 -35 -384.0353 -56.35867 -35 -382.1406 -58.03721 -35 -380.7027 -60.12041 -35 -379.8051 -62.48719 -35 -379.5 -65 -35 -379.8051 -67.51282 -35 -380.7027 -69.8796 -35 -382.1406 -71.96279 -35 -384.0353 -73.64133 -35 -386.2767 -74.81768 -35 -388.7344 -75.42345 -35 -391.2656 -75.42345 -35 -393.7234 -74.81768 -35 -395.9647 -73.64133 -35 -397.8594 -71.96279 -35 -399.2973 -69.8796 -35 -400.1949 -67.51282 -35 -400.5 -65 -35 -400.5 -65 0 -400.1949 -62.48719 0 -399.2973 -60.12041 0 -397.8594 -58.03721 0 -395.9647 -56.35867 0 -393.7234 -55.18233 0 -391.2656 -54.57656 0 -388.7344 -54.57656 0 -386.2767 -55.18233 0 -384.0353 -56.35867 0 -382.1406 -58.03721 0 -380.7027 -60.12041 0 -379.8051 -62.48719 0 -379.5 -65 0 -379.8051 -67.51282 0 -380.7027 -69.8796 0 -382.1406 -71.96279 0 -384.0353 -73.64133 0 -386.2767 -74.81768 0 -388.7344 -75.42345 0 -391.2656 -75.42345 0 -393.7234 -74.81768 0 -395.9647 -73.64133 0 -397.8594 -71.96279 0 -399.2973 -69.8796 0 -400.1949 -67.51282 0 -400.5 -65 0 379.5 65 -35 379.8051 67.51282 -35 380.7027 69.8796 -35 382.1406 71.96279 -35 384.0353 73.64133 -35 386.2767 74.81768 -35 388.7344 75.42345 -35 391.2656 75.42345 -35 393.7234 74.81768 -35 395.9647 73.64133 -35 397.8594 71.96279 -35 399.2973 69.8796 -35 400.1949 67.51282 -35 400.5 65 -35 400.1949 62.48719 -35 399.2973 60.12041 -35 397.8594 58.03721 -35 395.9647 56.35867 -35 393.7234 55.18233 -35 391.2656 54.57656 -35 388.7344 54.57656 -35 386.2767 55.18233 -35 384.0353 56.35867 -35 382.1406 58.03721 -35 380.7027 60.12041 -35 379.8051 62.48719 -35 379.5 65 -35 379.5 65 0 379.8051 67.51282 0 380.7027 69.8796 0 382.1406 71.96279 0 384.0353 73.64133 0 386.2767 74.81768 0 388.7344 75.42345 0 391.2656 75.42345 0 393.7234 74.81768 0 395.9647 73.64133 0 397.8594 71.96279 0 399.2973 69.8796 0 400.1949 67.51282 0 400.5 65 0 400.1949 62.48719 0 399.2973 60.12041 0 397.8594 58.03721 0 395.9647 56.35867 0 393.7234 55.18233 0 391.2656 54.57656 0 388.7344 54.57656 0 386.2767 55.18233 0 384.0353 56.35867 0 382.1406 58.03721 0 380.7027 60.12041 0 379.8051 62.48719 0 379.5 65 0 379.5 -65 -35 379.8051 -62.48719 -35 380.7027 -60.12041 -35 382.1406 -58.03721 -35 384.0353 -56.35867 -35 386.2767 -55.18233 -35 388.7344 -54.57656 -35 391.2656 -54.57656 -35 393.7234 -55.18233 -35 395.9647 -56.35867 -35 397.8594 -58.03721 -35 399.2973 -60.12041 -35 400.1949 -62.48719 -35 400.5 -65 -35 400.1949 -67.51282 -35 399.2973 -69.8796 -35 397.8594 -71.96279 -35 395.9647 -73.64133 -35 393.7234 -74.81768 -35 391.2656 -75.42345 -35 388.7344 -75.42345 -35 386.2767 -74.81768 -35 384.0353 -73.64133 -35 382.1406 -71.96279 -35 380.7027 -69.8796 -35 379.8051 -67.51282 -35 379.5 -65 -35 379.5 -65 0 379.8051 -62.48719 0 380.7027 -60.12041 0 382.1406 -58.03721 0 384.0353 -56.35867 0 386.2767 -55.18233 0 388.7344 -54.57656 0 391.2656 -54.57656 0 393.7234 -55.18233 0 395.9647 -56.35867 0 397.8594 -58.03721 0 399.2973 -60.12041 0 400.1949 -62.48719 0 400.5 -65 0 400.1949 -67.51282 0 399.2973 -69.8796 0 397.8594 -71.96279 0 395.9647 -73.64133 0 393.7234 -74.81768 0 391.2656 -75.42345 0 388.7344 -75.42345 0 386.2767 -74.81768 0 384.0353 -73.64133 0 382.1406 -71.96279 0 380.7027 -69.8796 0 379.8051 -67.51282 0 379.5 -65 0 380 0 -10 380.2906 -2.393157 -10 381.1455 -4.647232 -10 382.5149 -6.631227 -10 384.3194 -8.229839 -10 386.454 -9.350163 -10 388.7947 -9.927089 -10 391.2054 -9.927089 -10 393.5461 -9.350163 -10 395.6806 -8.229839 -10 397.4851 -6.631227 -10 398.8546 -4.647232 -10 399.7094 -2.393157 -10 400 0 -10 399.7094 2.393157 -10 398.8546 4.647232 -10 397.4851 6.631227 -10 395.6806 8.229839 -10 393.5461 9.350163 -10 391.2054 9.927089 -10 388.7947 9.927089 -10 386.454 9.350163 -10 384.3194 8.229839 -10 382.5149 6.631227 -10 381.1455 4.647232 -10 380.2906 2.393157 -10 386.6 0 -10 386.6988 0.8136733 -10 386.9895 1.580059 -10 387.4551 2.254617 -10 388.0686 2.798145 -10 388.7944 3.179055 -10 389.5902 3.37521 -10 390.4098 3.37521 -10 391.2057 3.179055 -10 391.9314 2.798145 -10 392.5449 2.254617 -10 393.0106 1.580059 -10 393.3012 0.8136733 -10 393.4 0 -10 393.3012 -0.8136733 -10 393.0106 -1.580059 -10 392.5449 -2.254617 -10 391.9314 -2.798145 -10 391.2057 -3.179055 -10 390.4098 -3.37521 -10 389.5902 -3.37521 -10 388.7944 -3.179055 -10 388.0686 -2.798145 -10 387.4551 -2.254617 -10 386.9895 -1.580059 -10 386.6988 -0.8136733 -10 380 0 -10 380.2906 -2.393157 -10 381.1455 -4.647232 -10 382.5149 -6.631227 -10 384.3194 -8.229839 -10 386.454 -9.350163 -10 388.7947 -9.927089 -10 391.2054 -9.927089 -10 393.5461 -9.350163 -10 395.6806 -8.229839 -10 397.4851 -6.631227 -10 398.8546 -4.647232 -10 399.7094 -2.393157 -10 400 0 -10 399.7094 2.393157 -10 398.8546 4.647232 -10 397.4851 6.631227 -10 395.6806 8.229839 -10 393.5461 9.350163 -10 391.2054 9.927089 -10 388.7947 9.927089 -10 386.454 9.350163 -10 384.3194 8.229839 -10 382.5149 6.631227 -10 381.1455 4.647232 -10 380.2906 2.393157 -10 380 0 -10 380 0 0 380.2906 2.393157 0 381.1455 4.647232 0 382.5149 6.631227 0 384.3194 8.229839 0 386.454 9.350163 0 388.7947 9.927089 0 391.2054 9.927089 0 393.5461 9.350163 0 395.6806 8.229839 0 397.4851 6.631227 0 398.8546 4.647232 0 399.7094 2.393157 0 400 0 0 399.7094 -2.393157 0 398.8546 -4.647232 0 397.4851 -6.631227 0 395.6806 -8.229839 0 393.5461 -9.350163 0 391.2054 -9.927089 0 388.7947 -9.927089 0 386.454 -9.350163 0 384.3194 -8.229839 0 382.5149 -6.631227 0 381.1455 -4.647232 0 380.2906 -2.393157 0 380 0 0 -400 0 -10 -399.7094 -2.393157 -10 -398.8546 -4.647232 -10 -397.4851 -6.631227 -10 -395.6806 -8.229839 -10 -393.5461 -9.350163 -10 -391.2054 -9.927089 -10 -388.7947 -9.927089 -10 -386.454 -9.350163 -10 -384.3194 -8.229839 -10 -382.5149 -6.631227 -10 -381.1455 -4.647232 -10 -380.2906 -2.393157 -10 -380 0 -10 -380.2906 2.393157 -10 -381.1455 4.647232 -10 -382.5149 6.631227 -10 -384.3194 8.229839 -10 -386.454 9.350163 -10 -388.7947 9.927089 -10 -391.2054 9.927089 -10 -393.5461 9.350163 -10 -395.6806 8.229839 -10 -397.4851 6.631227 -10 -398.8546 4.647232 -10 -399.7094 2.393157 -10 -393.4 0 -10 -393.3012 0.8136733 -10 -393.0106 1.580059 -10 -392.5449 2.254617 -10 -391.9314 2.798145 -10 -391.2057 3.179055 -10 -390.4098 3.37521 -10 -389.5902 3.37521 -10 -388.7944 3.179055 -10 -388.0686 2.798145 -10 -387.4551 2.254617 -10 -386.9895 1.580059 -10 -386.6988 0.8136733 -10 -386.6 0 -10 -386.6988 -0.8136733 -10 -386.9895 -1.580059 -10 -387.4551 -2.254617 -10 -388.0686 -2.798145 -10 -388.7944 -3.179055 -10 -389.5902 -3.37521 -10 -390.4098 -3.37521 -10 -391.2057 -3.179055 -10 -391.9314 -2.798145 -10 -392.5449 -2.254617 -10 -393.0106 -1.580059 -10 -393.3012 -0.8136733 -10 -400 0 -10 -399.7094 -2.393157 -10 -398.8546 -4.647232 -10 -397.4851 -6.631227 -10 -395.6806 -8.229839 -10 -393.5461 -9.350163 -10 -391.2054 -9.927089 -10 -388.7947 -9.927089 -10 -386.454 -9.350163 -10 -384.3194 -8.229839 -10 -382.5149 -6.631227 -10 -381.1455 -4.647232 -10 -380.2906 -2.393157 -10 -380 0 -10 -380.2906 2.393157 -10 -381.1455 4.647232 -10 -382.5149 6.631227 -10 -384.3194 8.229839 -10 -386.454 9.350163 -10 -388.7947 9.927089 -10 -391.2054 9.927089 -10 -393.5461 9.350163 -10 -395.6806 8.229839 -10 -397.4851 6.631227 -10 -398.8546 4.647232 -10 -399.7094 2.393157 -10 -400 0 -10 -400 0 0 -399.7094 2.393157 0 -398.8546 4.647232 0 -397.4851 6.631227 0 -395.6806 8.229839 0 -393.5461 9.350163 0 -391.2054 9.927089 0 -388.7947 9.927089 0 -386.454 9.350163 0 -384.3194 8.229839 0 -382.5149 6.631227 0 -381.1455 4.647232 0 -380.2906 2.393157 0 -380 0 0 -380.2906 -2.393157 0 -381.1455 -4.647232 0 -382.5149 -6.631227 0 -384.3194 -8.229839 0 -386.454 -9.350163 0 -388.7947 -9.927089 0 -391.2054 -9.927089 0 -393.5461 -9.350163 0 -395.6806 -8.229839 0 -397.4851 -6.631227 0 -398.8546 -4.647232 0 -399.7094 -2.393157 0 -400 0 0 -10 390 -10 -9.709419 387.6069 -10 -8.85456 385.3528 -10 -7.485107 383.3688 -10 -5.680647 381.7702 -10 -3.546049 380.6499 -10 -1.205367 380.0729 -10 1.205367 380.0729 -10 3.546049 380.6499 -10 5.680647 381.7702 -10 7.485107 383.3688 -10 8.85456 385.3528 -10 9.709419 387.6069 -10 10 390 -10 9.709419 392.3932 -10 8.85456 394.6472 -10 7.485107 396.6312 -10 5.680647 398.2298 -10 3.546049 399.3502 -10 1.205367 399.9271 -10 -1.205367 399.9271 -10 -3.546049 399.3502 -10 -5.680647 398.2298 -10 -7.485107 396.6312 -10 -8.85456 394.6472 -10 -9.709419 392.3932 -10 -3.4 390 -10 -3.301202 390.8137 -10 -3.01055 391.5801 -10 -2.544937 392.2546 -10 -1.93142 392.7982 -10 -1.205657 393.1791 -10 -0.4098247 393.3752 -10 0.4098247 393.3752 -10 1.205657 393.1791 -10 1.93142 392.7982 -10 2.544937 392.2546 -10 3.01055 391.5801 -10 3.301202 390.8137 -10 3.4 390 -10 3.301202 389.1864 -10 3.01055 388.42 -10 2.544937 387.7454 -10 1.93142 387.2019 -10 1.205657 386.821 -10 0.4098247 386.6248 -10 -0.4098247 386.6248 -10 -1.205657 386.821 -10 -1.93142 387.2019 -10 -2.544937 387.7454 -10 -3.01055 388.42 -10 -3.301202 389.1864 -10 -10 390 -10 -9.709419 387.6069 -10 -8.85456 385.3528 -10 -7.485107 383.3688 -10 -5.680647 381.7702 -10 -3.546049 380.6499 -10 -1.205367 380.0729 -10 1.205367 380.0729 -10 3.546049 380.6499 -10 5.680647 381.7702 -10 7.485107 383.3688 -10 8.85456 385.3528 -10 9.709419 387.6069 -10 10 390 -10 9.709419 392.3932 -10 8.85456 394.6472 -10 7.485107 396.6312 -10 5.680647 398.2298 -10 3.546049 399.3502 -10 1.205367 399.9271 -10 -1.205367 399.9271 -10 -3.546049 399.3502 -10 -5.680647 398.2298 -10 -7.485107 396.6312 -10 -8.85456 394.6472 -10 -9.709419 392.3932 -10 -10 390 -10 -10 390 0 -9.709419 392.3932 0 -8.85456 394.6472 0 -7.485107 396.6312 0 -5.680647 398.2298 0 -3.546049 399.3502 0 -1.205367 399.9271 0 1.205367 399.9271 0 3.546049 399.3502 0 5.680647 398.2298 0 7.485107 396.6312 0 8.85456 394.6472 0 9.709419 392.3932 0 10 390 0 9.709419 387.6069 0 8.85456 385.3528 0 7.485107 383.3688 0 5.680647 381.7702 0 3.546049 380.6499 0 1.205367 380.0729 0 -1.205367 380.0729 0 -3.546049 380.6499 0 -5.680647 381.7702 0 -7.485107 383.3688 0 -8.85456 385.3528 0 -9.709419 387.6069 0 -10 390 0 -10 -390 -10 -9.709419 -392.3932 -10 -8.85456 -394.6472 -10 -7.485107 -396.6312 -10 -5.680647 -398.2298 -10 -3.546049 -399.3502 -10 -1.205367 -399.9271 -10 1.205367 -399.9271 -10 3.546049 -399.3502 -10 5.680647 -398.2298 -10 7.485107 -396.6312 -10 8.85456 -394.6472 -10 9.709419 -392.3932 -10 10 -390 -10 9.709419 -387.6069 -10 8.85456 -385.3528 -10 7.485107 -383.3688 -10 5.680647 -381.7702 -10 3.546049 -380.6499 -10 1.205367 -380.0729 -10 -1.205367 -380.0729 -10 -3.546049 -380.6499 -10 -5.680647 -381.7702 -10 -7.485107 -383.3688 -10 -8.85456 -385.3528 -10 -9.709419 -387.6069 -10 -3.4 -390 -10 -3.301202 -389.1864 -10 -3.01055 -388.42 -10 -2.544937 -387.7454 -10 -1.93142 -387.2019 -10 -1.205657 -386.821 -10 -0.4098247 -386.6248 -10 0.4098247 -386.6248 -10 1.205657 -386.821 -10 1.93142 -387.2019 -10 2.544937 -387.7454 -10 3.01055 -388.42 -10 3.301202 -389.1864 -10 3.4 -390 -10 3.301202 -390.8137 -10 3.01055 -391.5801 -10 2.544937 -392.2546 -10 1.93142 -392.7982 -10 1.205657 -393.1791 -10 0.4098247 -393.3752 -10 -0.4098247 -393.3752 -10 -1.205657 -393.1791 -10 -1.93142 -392.7982 -10 -2.544937 -392.2546 -10 -3.01055 -391.5801 -10 -3.301202 -390.8137 -10 -10 -390 -10 -9.709419 -392.3932 -10 -8.85456 -394.6472 -10 -7.485107 -396.6312 -10 -5.680647 -398.2298 -10 -3.546049 -399.3502 -10 -1.205367 -399.9271 -10 1.205367 -399.9271 -10 3.546049 -399.3502 -10 5.680647 -398.2298 -10 7.485107 -396.6312 -10 8.85456 -394.6472 -10 9.709419 -392.3932 -10 10 -390 -10 9.709419 -387.6069 -10 8.85456 -385.3528 -10 7.485107 -383.3688 -10 5.680647 -381.7702 -10 3.546049 -380.6499 -10 1.205367 -380.0729 -10 -1.205367 -380.0729 -10 -3.546049 -380.6499 -10 -5.680647 -381.7702 -10 -7.485107 -383.3688 -10 -8.85456 -385.3528 -10 -9.709419 -387.6069 -10 -10 -390 -10 -10 -390 0 -9.709419 -387.6069 0 -8.85456 -385.3528 0 -7.485107 -383.3688 0 -5.680647 -381.7702 0 -3.546049 -380.6499 0 -1.205367 -380.0729 0 1.205367 -380.0729 0 3.546049 -380.6499 0 5.680647 -381.7702 0 7.485107 -383.3688 0 8.85456 -385.3528 0 9.709419 -387.6069 0 10 -390 0 9.709419 -392.3932 0 8.85456 -394.6472 0 7.485107 -396.6312 0 5.680647 -398.2298 0 3.546049 -399.3502 0 1.205367 -399.9271 0 -1.205367 -399.9271 0 -3.546049 -399.3502 0 -5.680647 -398.2298 0 -7.485107 -396.6312 0 -8.85456 -394.6472 0 -9.709419 -392.3932 0 -10 -390 0 386.6 0 -35 386.6988 0.8136733 -35 386.9895 1.580059 -35 387.4551 2.254617 -35 388.0686 2.798145 -35 388.7944 3.179055 -35 389.5902 3.37521 -35 390.4098 3.37521 -35 391.2057 3.179055 -35 391.9314 2.798145 -35 392.5449 2.254617 -35 393.0106 1.580059 -35 393.3012 0.8136733 -35 393.4 0 -35 393.3012 -0.8136733 -35 393.0106 -1.580059 -35 392.5449 -2.254617 -35 391.9314 -2.798145 -35 391.2057 -3.179055 -35 390.4098 -3.37521 -35 389.5902 -3.37521 -35 388.7944 -3.179055 -35 388.0686 -2.798145 -35 387.4551 -2.254617 -35 386.9895 -1.580059 -35 386.6988 -0.8136733 -35 386.6 0 -35 386.6 0 -10 386.6988 0.8136733 -10 386.9895 1.580059 -10 387.4551 2.254617 -10 388.0686 2.798145 -10 388.7944 3.179055 -10 389.5902 3.37521 -10 390.4098 3.37521 -10 391.2057 3.179055 -10 391.9314 2.798145 -10 392.5449 2.254617 -10 393.0106 1.580059 -10 393.3012 0.8136733 -10 393.4 0 -10 393.3012 -0.8136733 -10 393.0106 -1.580059 -10 392.5449 -2.254617 -10 391.9314 -2.798145 -10 391.2057 -3.179055 -10 390.4098 -3.37521 -10 389.5902 -3.37521 -10 388.7944 -3.179055 -10 388.0686 -2.798145 -10 387.4551 -2.254617 -10 386.9895 -1.580059 -10 386.6988 -0.8136733 -10 386.6 0 -10 -3.4 390 -35 -3.301202 390.8137 -35 -3.01055 391.5801 -35 -2.544937 392.2546 -35 -1.93142 392.7982 -35 -1.205657 393.1791 -35 -0.4098247 393.3752 -35 0.4098247 393.3752 -35 1.205657 393.1791 -35 1.93142 392.7982 -35 2.544937 392.2546 -35 3.01055 391.5801 -35 3.301202 390.8137 -35 3.4 390 -35 3.301202 389.1864 -35 3.01055 388.42 -35 2.544937 387.7454 -35 1.93142 387.2019 -35 1.205657 386.821 -35 0.4098247 386.6248 -35 -0.4098247 386.6248 -35 -1.205657 386.821 -35 -1.93142 387.2019 -35 -2.544937 387.7454 -35 -3.01055 388.42 -35 -3.301202 389.1864 -35 -3.4 390 -35 -3.4 390 -10 -3.301202 390.8137 -10 -3.01055 391.5801 -10 -2.544937 392.2546 -10 -1.93142 392.7982 -10 -1.205657 393.1791 -10 -0.4098247 393.3752 -10 0.4098247 393.3752 -10 1.205657 393.1791 -10 1.93142 392.7982 -10 2.544937 392.2546 -10 3.01055 391.5801 -10 3.301202 390.8137 -10 3.4 390 -10 3.301202 389.1864 -10 3.01055 388.42 -10 2.544937 387.7454 -10 1.93142 387.2019 -10 1.205657 386.821 -10 0.4098247 386.6248 -10 -0.4098247 386.6248 -10 -1.205657 386.821 -10 -1.93142 387.2019 -10 -2.544937 387.7454 -10 -3.01055 388.42 -10 -3.301202 389.1864 -10 -3.4 390 -10 -393.4 0 -35 -393.3012 0.8136733 -35 -393.0106 1.580059 -35 -392.5449 2.254617 -35 -391.9314 2.798145 -35 -391.2057 3.179055 -35 -390.4098 3.37521 -35 -389.5902 3.37521 -35 -388.7944 3.179055 -35 -388.0686 2.798145 -35 -387.4551 2.254617 -35 -386.9895 1.580059 -35 -386.6988 0.8136733 -35 -386.6 0 -35 -386.6988 -0.8136733 -35 -386.9895 -1.580059 -35 -387.4551 -2.254617 -35 -388.0686 -2.798145 -35 -388.7944 -3.179055 -35 -389.5902 -3.37521 -35 -390.4098 -3.37521 -35 -391.2057 -3.179055 -35 -391.9314 -2.798145 -35 -392.5449 -2.254617 -35 -393.0106 -1.580059 -35 -393.3012 -0.8136733 -35 -393.4 0 -35 -393.4 0 -10 -393.3012 0.8136733 -10 -393.0106 1.580059 -10 -392.5449 2.254617 -10 -391.9314 2.798145 -10 -391.2057 3.179055 -10 -390.4098 3.37521 -10 -389.5902 3.37521 -10 -388.7944 3.179055 -10 -388.0686 2.798145 -10 -387.4551 2.254617 -10 -386.9895 1.580059 -10 -386.6988 0.8136733 -10 -386.6 0 -10 -386.6988 -0.8136733 -10 -386.9895 -1.580059 -10 -387.4551 -2.254617 -10 -388.0686 -2.798145 -10 -388.7944 -3.179055 -10 -389.5902 -3.37521 -10 -390.4098 -3.37521 -10 -391.2057 -3.179055 -10 -391.9314 -2.798145 -10 -392.5449 -2.254617 -10 -393.0106 -1.580059 -10 -393.3012 -0.8136733 -10 -393.4 0 -10 -3.4 -390 -35 -3.301202 -389.1864 -35 -3.01055 -388.42 -35 -2.544937 -387.7454 -35 -1.93142 -387.2019 -35 -1.205657 -386.821 -35 -0.4098247 -386.6248 -35 0.4098247 -386.6248 -35 1.205657 -386.821 -35 1.93142 -387.2019 -35 2.544937 -387.7454 -35 3.01055 -388.42 -35 3.301202 -389.1864 -35 3.4 -390 -35 3.301202 -390.8137 -35 3.01055 -391.5801 -35 2.544937 -392.2546 -35 1.93142 -392.7982 -35 1.205657 -393.1791 -35 0.4098247 -393.3752 -35 -0.4098247 -393.3752 -35 -1.205657 -393.1791 -35 -1.93142 -392.7982 -35 -2.544937 -392.2546 -35 -3.01055 -391.5801 -35 -3.301202 -390.8137 -35 -3.4 -390 -35 -3.4 -390 -10 -3.301202 -389.1864 -10 -3.01055 -388.42 -10 -2.544937 -387.7454 -10 -1.93142 -387.2019 -10 -1.205657 -386.821 -10 -0.4098247 -386.6248 -10 0.4098247 -386.6248 -10 1.205657 -386.821 -10 1.93142 -387.2019 -10 2.544937 -387.7454 -10 3.01055 -388.42 -10 3.301202 -389.1864 -10 3.4 -390 -10 3.301202 -390.8137 -10 3.01055 -391.5801 -10 2.544937 -392.2546 -10 1.93142 -392.7982 -10 1.205657 -393.1791 -10 0.4098247 -393.3752 -10 -0.4098247 -393.3752 -10 -1.205657 -393.1791 -10 -1.93142 -392.7982 -10 -2.544937 -392.2546 -10 -3.01055 -391.5801 -10 -3.301202 -390.8137 -10 -3.4 -390 -10</float_array>
          <technique_common>
            <accessor source="#_65_031-00_005_23-01umm000_00-mesh-positions-array" count="8246" stride="3">
              <param name="X" type="float"/>
              <param name="Y" type="float"/>
              <param name="Z" type="float"/>
            </accessor>
          </technique_common>
        </source>
        <source id="_65_031-00_005_23-01umm000_00-mesh-normals">
          <float_array id="_65_031-00_005_23-01umm000_00-mesh-normals-array" count="12816">0 0 -1 0 0 -1 0 0 -1 1.66695e-6 0 -1 -1.54407e-6 0 -1 -2.62385e-7 0 -1 1.15732e-6 0 -1 -1.45542e-7 0 -1 9.79562e-7 0 -1 1.06395e-6 0 -1 -1.04407e-6 0 -1 9.36245e-7 0 -1 9.26839e-7 0 -1 1.63763e-7 0 -1 -2.00027e-6 0 -1 1.02513e-6 0 -1 0 0 -1 1.02739e-6 0 -1 -1.03299e-6 0 -1 -9.36259e-7 0 -1 1.71687e-6 0 -1 2.12788e-6 0 -1 2.16812e-6 0 -1 1.37917e-6 0 -1 -2.37503e-6 0 -1 -4.03803e-7 0 -1 -2.69949e-6 0 -1 -2.10675e-7 0 -1 2.49467e-6 0 -1 0 0 -1 -1.50034e-7 0 -1 -2.3318e-6 0 -1 -4.02162e-6 0 -1 1.06018e-6 0 -1 0 0 -1 -8.68828e-7 0 -1 0 0 -1 -1.04015e-6 0 -1 2.62276e-6 0 -1 -1.66038e-6 0 -1 1.09756e-6 0 -1 -4.1037e-7 0 -1 -2.8984e-6 0 -1 -1.25734e-6 0 -1 -5.38283e-6 0 -1 0 0 -1 -9.66625e-7 0 -1 6.30832e-6 0 -1 9.66625e-7 0 -1 -1.45571e-6 0 -1 -6.30832e-6 0 -1 6.96523e-6 0 -1 3.15362e-7 0 -1 -2.1467e-6 0 -1 -3.563e-6 0 -1 -1.11437e-6 0 -1 2.74448e-7 0 -1 -1.90241e-6 0 -1 4.582e-7 0 -1 1.87536e-6 0 -1 0 0 -1 -2.74508e-7 0 -1 -3.0629e-7 0 -1 0 0 -1 1.62193e-7 0 -1 -1.1105e-6 0 -1 -6.95137e-7 0 -1 -2.68873e-6 0 -1 -3.19536e-6 0 -1 -9.09539e-7 0 -1 8.14226e-6 0 -1 3.66662e-7 0 -1 -5.84905e-6 0 -1 7.04121e-7 0 -1 2.45088e-6 0 -1 -4.26643e-6 0 -1 2.31086e-6 0 -1 -1.47811e-6 0 -1 -4.12045e-6 0 -1 1.40131e-6 0 -1 -2.04455e-6 0 -1 -1.41283e-6 0 -1 -1.02434e-6 0 -1 2.06024e-6 0 -1 2.08548e-6 0 -1 -3.08113e-6 0 -1 3.1998e-6 0 -1 -3.26785e-6 0 -1 2.92451e-6 0 -1 -1.17594e-6 0 -1 -3.34353e-6 0 -1 -6.10676e-6 0 -1 -8.30901e-6 0 -1 4.26047e-6 0 -1 3.54843e-6 0 -1 5.37738e-6 0 -1 7.77557e-6 0 -1 -6.64014e-7 0 -1 -2.49398e-6 0 -1 2.54672e-6 0 -1 -1.1659e-6 0 -1 2.49398e-6 0 -1 -3.54843e-6 0 -1 4.35327e-6 0 -1 -2.11739e-6 0 -1 -3.78995e-6 0 -1 -2.58104e-6 0 -1 0 0 -1 -6.78565e-7 0 -1 -6.99381e-7 0 -1 2.18284e-6 0 -1 -6.98893e-7 0 -1 -3.43472e-6 0 -1 -7.6085e-7 0 -1 4.39752e-7 0 -1 -2.41378e-6 0 -1 -3.34123e-7 0 -1 -4.19163e-7 0 -1 0 0 -1 0 0 -1 0 0 -1 4.88449e-7 0 -1 3.77501e-6 0 -1 3.17737e-6 0 -1 -3.78883e-7 0 -1 -1.41717e-6 0 -1 6.84474e-7 0 -1 -2.87196e-7 0 -1 3.81657e-7 0 -1 -2.59599e-6 0 -1 2.21471e-6 0 -1 -1.21406e-6 0 -1 4.47081e-7 0 -1 0 0 -1 -1.18256e-6 0 -1 -1.56921e-6 0 -1 2.77002e-7 0 -1 2.21013e-6 0 -1 1.63461e-6 0 -1 -8.13844e-7 0 -1 1.3673e-7 0 -1 -2.17947e-6 0 -1 6.97934e-7 0 -1 7.58795e-7 0 -1 -1.19222e-6 0 -1 2.53108e-6 0 -1 -1.62249e-7 0 -1 3.54295e-7 0 -1 -6.06215e-6 0 -1 7.94354e-7 0 -1 4.61066e-7 0 -1 3.09379e-6 0 -1 -1.8552e-6 0 -1 0 0 -1 3.66211e-6 0 -1 -3.2829e-6 0 -1 -1.52975e-6 0 -1 1.22287e-6 0 -1 0 0 -1 -6.81521e-6 0 -1 1.64611e-6 0 -1 4.17987e-6 0 -1 -1.22287e-6 0 -1 3.2829e-6 0 -1 -3.66214e-6 0 -1 1.52973e-6 0 -1 -1.64611e-6 0 -1 6.81521e-6 0 -1 -2.60205e-5 0 -1 1.54847e-7 0 -1 5.33579e-7 0 -1 0 0 -1 6.50307e-7 0 -1 3.25521e-6 0 -1 -5.96331e-6 0 -1 -2.21013e-6 0 -1 -2.91813e-6 0 -1 -2.69841e-7 0 -1 0 0 -1 2.08994e-6 0 -1 0 0 -1 1.18256e-6 0 -1 -2.08994e-6 0 -1 -3.81657e-7 0 -1 2.69841e-7 0 -1 4.19163e-7 0 -1 -3.77501e-6 0 -1 2.91813e-6 0 -1 -6.50308e-7 0 -1 -3.25524e-6 0 -1 2.41378e-6 0 -1 5.96331e-6 0 -1 -1.38234e-5 0 -1 0 0 -1 -2.88637e-6 0 -1 0 0 -1 0 0 -1 1.51629e-6 0 -1 -1.7874e-6 0 -1 3.42007e-7 0 -1 -1.94736e-6 0 -1 0 0 -1 0 0 -1 1.22482e-6 0 -1 2.7917e-7 0 -1 -2.28249e-6 0 -1 8.54567e-7 0 -1 7.58792e-7 0 -1 2.53109e-6 0 -1 -3.61004e-6 0 -1 -4.06914e-7 0 -1 2.17948e-6 0 -1 -1.6346e-6 0 -1 8.85741e-7 0 -1 0 0 -1 2.38303e-6 0 -1 -1.38497e-7 0 -1 1.08513e-6 0 -1 5.34964e-7 0 -1 -3.66662e-7 0 -1 8.94161e-7 0 -1 -1.11669e-6 0 -1 1.46328e-6 0 -1 -1.62193e-7 0 -1 6.84485e-7 0 -1 3.0629e-7 0 -1 -5.3991e-6 0 -1 -2.16089e-7 0 -1 1.02715e-6 0 -1 -4.582e-7 0 -1 1.81768e-6 0 -1 4.50007e-6 0 -1 2.96828e-6 0 -1 -1.35107e-6 0 -1 1.04185e-6 0 -1 2.46595e-7 0 -1 0 0 -1 -2.56281e-7 0 -1 -1.02512e-6 0 -1 7.70543e-7 0 -1 5.13693e-7 0 -1 -2.58247e-7 0 -1 5.16495e-7 0 -1 5.22035e-7 0 -1 -9.36245e-7 0 -1 1.04407e-6 0 -1 7.97959e-7 0 -1 -9.5278e-7 0 -1 -1.06394e-6 0 -1 -2.74379e-7 0 -1 -9.79562e-7 0 -1 5.48761e-7 0 -1 2.37503e-6 0 -1 -1.37917e-6 0 -1 -1.30791e-6 0 -1 -1.0417e-6 0 -1 7.00656e-7 0 -1 7.00659e-7 0 -1 -1.41283e-6 0 -1 -1.41283e-6 0 -1 2.04459e-6 0 -1 2.04455e-6 0 -1 1.4781e-6 0 -1 1.47811e-6 0 -1 -2.06022e-6 0 -1 -2.45088e-6 0 -1 -2.45088e-6 0 -1 2.35289e-7 0 -1 -4.70485e-7 0 -1 9.53703e-7 0 -1 9.09551e-7 0 -1 9.09539e-7 0 -1 6.68717e-6 0 -1 6.68699e-6 0 -1 -8.14226e-6 0 -1 2.6887e-6 0 -1 2.68873e-6 0 -1 0 0 -1 1.10786e-5 0 -1 -7.77557e-6 0 -1 -7.94234e-6 0 -1 -1.11222e-6 0 -1 1.11222e-6 0 -1 -1.22874e-6 0 -1 -1.0223e-6 0 -1 -1.02228e-6 0 -1 1.02434e-6 0 -1 1.41283e-6 0 -1 2.06024e-6 0 -1 -2.08545e-6 0 -1 -2.08548e-6 0 -1 3.19981e-6 0 -1 -2.92452e-6 0 -1 3.26785e-6 0 -1 -2.92451e-6 0 -1 -3.34354e-6 0 -1 -1.17593e-6 0 -1 6.10676e-6 0 -1 -5.37738e-6 0 -1 -5.3775e-6 0 -1 0 0 -1 -6.64012e-7 0 -1 0 0 -1 -2.74448e-7 0 -1 6.64014e-7 0 -1 1.90241e-6 0 -1 6.90715e-7 0 -1 -7.69388e-7 0 -1 0 0 -1 -4.61302e-7 0 -1 4.613e-7 0 -1 -4.63423e-7 0 -1 -9.26839e-7 0 -1 9.36246e-7 0 -1 -1.02739e-6 0 -1 9.36256e-7 0 -1 9.52779e-7 0 -1 4.89785e-7 0 -1 5.10772e-7 0 -1 1.02155e-6 0 -1 -2.37503e-6 0 -1 -2.47785e-6 0 -1 2.02461e-6 0 -1 5.89379e-7 0 -1 -1.64093e-6 0 -1 1.03057e-6 0 -1 -1.51391e-7 0 -1 -4.71289e-7 0 -1 2.39497e-7 0 -1 1.23126e-7 0 -1 -3.84677e-7 0 -1 1.36676e-6 0 -1 -4.37041e-7 0 -1 -1.60023e-7 0 -1 0 0 -1 6.61107e-7 0 -1 -1.00013e-6 0 -1 -4.29349e-7 0 -1 8.05934e-7 0 -1 -8.96369e-7 0 -1 -1.64439e-7 0 -1 -1.58832e-7 0 -1 -1.64968e-7 0 -1 1.85452e-7 0 -1 2.31142e-7 0 -1 -1.3673e-7 0 -1 1.62249e-7 0 -1 -2.53108e-6 0 -1 -1.63461e-6 0 -1 2.17947e-6 0 -1 6.06215e-6 0 -1 -7.94354e-7 0 -1 1.56921e-6 0 -1 -3.09379e-6 0 -1 -2.21471e-6 0 -1 0 0 -1 2.59599e-6 0 -1 3.78883e-7 0 -1 0 0 -1 -3.17738e-6 0 -1 3.66214e-6 0 -1 -1.52973e-6 0 -1 2.60205e-5 0 -1 -3.66211e-6 0 -1 1.52975e-6 0 -1 0 0 -1 5.30886e-7 0 -1 1.07305e-6 0 -1 6.50308e-7 0 -1 3.25524e-6 0 -1 1.56235e-7 0 -1 1.38234e-5 0 -1 0 0 -1 -8.67104e-7 0 -1 -3.25521e-6 0 -1 -6.50307e-7 0 -1 1.49662e-7 0 -1 -2.62276e-6 0 -1 0 0 -1 0 0 -1 2.8984e-6 0 -1 0 0 -1 2.56595e-7 0 -1 -3.86205e-6 0 -1 -3.35809e-7 0 -1 4.45498e-7 0 -1 3.30313e-6 0 -1 0 0 -1 -1.37398e-6 0 -1 3.82928e-7 0 -1 -1.81768e-6 0 -1 0 0 -1 -4.50007e-6 0 -1 -1.02715e-6 0 -1 5.3991e-6 0 -1 -1.46328e-6 0 -1 1.32802e-6 0 -1 7.94234e-6 0 -1 -2.6887e-6 0 -1 -9.09551e-7 0 -1 -5.34964e-7 0 -1 -2.01081e-6 0 -1 1.37798e-6 0 -1 -1.31511e-6 0 -1 -1.35443e-6 0 -1 1.51334e-6 0 -1 9.39349e-7 0 -1 0 0 -1 2.45088e-6 0 -1 1.6346e-6 0 -1 -1.4781e-6 0 -1 -2.17948e-6 0 -1 -8.54567e-7 0 -1 2.28249e-6 0 -1 -2.04459e-6 0 -1 3.61004e-6 0 -1 -2.53109e-6 0 -1 2.08545e-6 0 -1 -2.38303e-6 0 -1 2.92452e-6 0 -1 5.3775e-6 0 -1 -1.88967e-7 0 -1 3.66641e-7 0 -1 -8.30872e-7 0 -1 5.27255e-7 0 -1 -3.15362e-7 0 -1 1.45571e-6 0 -1 -6.96523e-6 0 -1 2.1467e-6 0 -1 1.28819e-6 0 -1 0 0 -1 0 0 -1 0 0 -1 0 0 -1 -1.28819e-6 0 -1 1.63545e-6 0 -1 -8.30192e-7 0 -1 8.50661e-7 0 -1 -1.52543e-6 0 -1 0 0 -1 0 0 -1 -2.46416e-7 0 -1 1.68888e-7 0 -1 2.58104e-6 0 -1 -4.35327e-6 0 -1 3.43472e-6 0 -1 6.98893e-7 0 -1 2.11739e-6 0 -1 1.37398e-6 0 -1 -3.30313e-6 0 -1 -2.56595e-7 0 -1 3.86205e-6 0 -1 -1.49662e-7 0 -1 0 0 -1 -1.89498e-6 0 -1 -1.50019e-6 0 -1 1.27336e-6 0 -1 1.31875e-6 0 -1 -1.48228e-6 0 -1 1.85456e-6 0 -1 -6.95136e-7 0 -1 0 0 -1 4.70485e-7 0 -1 1.30791e-6 0 -1 -1.23126e-7 0 -1 4.71289e-7 0 -1 -5.89379e-7 0 -1 1.60023e-7 0 -1 1.94736e-6 0 -1 0 0 -1 -1.51629e-6 0 -1 -1.06394e-6 0 -1 9.36252e-7 0 -1 9.26846e-7 0 -1 -1.02513e-6 0 -1 9.22598e-7 0 -1 1.77013e-7 0 -1 7.061e-7 0 -1 -8.73574e-7 0 -1 -2.8246e-7 0 -1 -1.41725e-7 0 -1 1.04407e-6 0 -1 9.5278e-7 0 -1 1.02155e-6 0 -1 0 0 -1 -7.72388e-7 0 -1 5.31016e-7 0 -1 -2.95138e-7 0 -1 -1.80397e-6 0 -1 9.49715e-7 0 -1 7.18261e-7 0 -1 -1.24292e-6 0 -1 -5.91399e-7 0 -1 -1.78739e-6 0 -1 1.88916e-7 0 -1 -4.56052e-7 0 -1 6.96963e-7 0 -1 -3.03332e-7 0 -1 -2.89933e-7 0 -1 -3.01384e-7 0 -1 5.17661e-7 0 -1 -4.7594e-7 0 -1 9.53704e-7 0 -1 -1.0417e-6 0 -1 0 0 1 0 0 1 0 0 1 0 0 1 0 0 1 0 0 1 0 0 1 0 0 1 0 0 1 0 0 1 0 0 1 0 0 1 0 0 1 0 0 1 0 0 1 0 0 1 0 0 1 0 0 1 0 0 1 0 0 1 0 0 1 0 0 1 0 0 1 0 0 1 0 0 1 0 0 1 0 0 1 0 0 1 0 0 1 0 0 1 0 0 1 0 0 1 0 0 1 0 0 1 0 0 1 0 0 1 0 0 1 0 0 1 0 0 1 0 0 1 0 0 1 0 0 1 0 0 1 0 0 1 0 0 1 0 0 1 0 0 1 0 0 1 0 0 1 0 0 1 0 0 1 0 0 1 0 0 1 0 0 1 0 0 1 0 0 1 0 0 1 0 0 1 0 0 1 0 0 1 0 0 1 0 0 1 0 0 1 0 0 1 0 0 1 0 0 1 0 0 1 0 0 1 0 0 1 0 0 1 0 0 1 0 0 1 0 0 1 0 0 1 0 0 1 0 0 1 0 0 1 0 0 1 0 0 1 0 0 1 0 0 1 0 0 1 0 0 1 0 0 1 0 0 1 0 0 1 0 0 1 0 0 1 0 0 1 0 0 1 0 0 1 0 0 1 0 0 1 0 0 1 0 0 1 0 0 1 0 0 1 0 0 1 0 0 1 0 0 1 0 0 1 0 0 1 0 0 1 0 0 1 0 0 1 0 0 1 0 0 1 0 0 1 0 0 1 0 0 1 0 0 1 0 0 1 0 0 1 0 0 1 0 0 1 0 0 1 0 0 1 0 0 1 0 0 1 0 0 1 0 0 1 0 0 1 0 0 1 0 0 1 0 0 1 0 0 1 0 0 1 0 0 1 0 0 1 0 0 1 0 0 1 0 0 1 0 0 1 0 0 1 0 0 1 0 0 1 0 0 1 0 0 1 0 0 1 0 0 1 0 0 1 0 0 1 0 0 1 0 0 1 0 0 1 0 0 1 0 0 1 0 0 1 0 0 1 0 0 1 0 0 1 0 0 1 0 0 1 0 0 1 0 0 1 0 0 1 0 0 1 0 0 1 0 0 1 0 0 1 0 0 1 0 0 1 0 0 1 0 0 1 0 0 1 0 0 1 0 0 1 0 0 1 0 0 1 0 0 1 0 0 1 0 0 1 0 0 1 0 0 1 0 0 1 0 0 1 0 0 1 0 0 1 0 0 1 0 0 1 0 0 1 0 0 1 0 0 1 0 0 1 0 0 1 0 0 1 0 0 1 0 0 1 0 0 1 0 0 1 0 0 1 0 0 1 0 0 1 0 0 1 0 0 1 0 0 1 0 0 1 0 0 1 0 0 1 0 0 1 0 0 1 0 0 1 0 0 1 0 0 1 0 0 1 0 0 1 0 0 1 0 0 1 0 0 1 0 0 1 0 0 1 0 0 1 0 0 1 0 0 1 0 0 1 0 0 1 0 0 1 0 0 1 0 0 1 0 0 1 0 0 1 0 0 1 0 0 1 0 0 1 0 0 1 0 0 1 0 0 1 0 0 1 0 0 1 0 0 1 0 0 1 0 0 1 0 0 1 0 0 1 0 0 1 0 0 1 0 0 1 0 0 1 0 0 1 0 0 1 0 0 1 0 0 1 0 0 1 0 0 1 0 0 1 0 0 1 0 0 1 0 0 1 0 0 1 0 0 1 0 0 1 0 0 1 0 0 1 0 0 1 0 0 1 0 0 1 0 0 1 0 0 1 0 0 1 0 0 1 0 0 1 0 0 1 0 0 1 0 0 1 0 0 1 0 0 1 0 0 1 0 0 1 0 0 1 0 0 1 0 0 1 0 0 1 0 0 1 0 0 1 0 0 1 0 0 1 0 0 1 0 0 1 0 0 1 0 0 1 0 0 1 0 0 1 0 0 1 0 0 1 0 0 1 0 0 1 0 0 1 0 0 1 0 0 1 0 0 1 0 0 1 0 0 1 0 0 1 0 0 1 0 0 1 0 0 1 0 0 1 0 0 1 0 0 1 0 0 1 0 0 1 0 0 1 0 0 1 0 0 1 0 0 1 0 0 1 0 0 1 0 0 1 0 0 1 0 0 1 0 0 1 0 0 1 0 0 1 0 0 1 0 0 1 0 0 1 0 0 1 0 0 1 0 0 1 0 0 1 0 0 1 0 0 1 -0.9870504 0.160411 0 -1 1.71289e-5 3.86138e-6 -1 1.71214e-5 -3.84316e-6 -0.9870504 0.160411 0 -0.9485363 0.3166685 0 -0.9485363 0.3166684 0 -0.8854561 0.4647231 0 -0.8854563 0.4647229 0 -0.7994427 0.6007423 0 -0.7994428 0.6007423 0 -0.6927245 0.7212024 0 -0.6927245 0.7212023 0 -0.5680648 0.822984 0 -0.5680648 0.8229839 0 -0.4286924 0.9034506 0 -0.4286924 0.9034506 0 -0.2782174 0.9605181 0 -0.2782175 0.9605181 0 -0.1205367 0.9927089 0 -0.1205368 0.9927089 0 0.04026597 0.9991891 0 0.04026591 0.999189 0 0.2000257 0.9797906 0 0.2000257 0.9797907 0 0.3546049 0.9350163 0 0.5000001 0.8660254 0 0.5 0.8660255 0 0.6324455 0.7746049 0 0.6324454 0.7746049 0 0.7485107 0.6631228 0 0.7485106 0.6631228 0 0.8451902 0.5344658 0 0.8451904 0.5344655 0 0.9199794 0.3919667 0 0.9199793 0.3919668 0 0.9709419 0.2393156 0 0.9709419 0.2393156 0 0.9967574 0.08046656 0 0.9967573 0.08046656 0 0.9967573 -0.08046656 0 0.9967574 -0.08046656 0 0.9709419 -0.2393156 0 0.9709419 -0.2393156 0 0.9199795 -0.3919667 0 0.9199793 -0.3919668 0 0.8451902 -0.5344657 0 0.8451904 -0.5344655 0 0.7485107 -0.6631227 0 0.7485107 -0.6631228 0 0.6324454 -0.7746049 0 0.6324455 -0.7746049 0 0.5 -0.8660255 0 0.5000001 -0.8660254 0 0.3546049 -0.9350163 0 0.2000257 -0.9797907 0 0.2000257 -0.9797906 0 0.04026591 -0.999189 0 0.04026597 -0.9991891 0 -0.1205368 -0.9927089 0 -0.1205367 -0.9927089 0 -0.2782175 -0.9605181 0 -0.2782174 -0.9605181 0 -0.4286924 -0.9034506 0 -0.4286924 -0.9034506 0 -0.5680648 -0.8229839 0 -0.5680648 -0.822984 0 -0.6927245 -0.7212023 0 -0.6927245 -0.7212024 0 -0.7994428 -0.6007423 0 -0.7994427 -0.6007423 0 -0.8854563 -0.4647229 0 -0.8854561 -0.4647231 0 -0.9485363 -0.3166684 0 -0.9485363 -0.3166685 0 -0.9870504 -0.160411 0 -0.9870504 -0.160411 0 -1 -1.71214e-5 -3.86138e-6 -1 -1.71289e-5 3.84316e-6 1 -1.3411e-5 0 0.9709389 -0.239328 0 1 1.64658e-5 0 0.9709432 -0.2393104 0 0.8854529 -0.4647292 0 0.8854534 -0.4647282 0 0.7485082 -0.6631256 0 0.7485134 -0.6631199 0 0.5680636 -0.8229847 0 0.5680672 -0.8229823 0 0.3546084 -0.9350149 0 0.3546044 -0.9350165 0 0.1205384 -0.9927087 0 0.1205384 -0.9927088 0 -0.1205384 -0.9927087 0 -0.1205384 -0.9927088 0 -0.3546084 -0.9350149 0 -0.3546044 -0.9350165 0 -0.5680636 -0.8229848 0 -0.5680672 -0.8229822 0 -0.7485082 -0.6631256 0 -0.7485134 -0.6631199 0 -0.8854529 -0.4647292 0 -0.8854534 -0.4647282 0 -0.9709432 -0.2393104 0 -0.9709389 -0.2393279 0 -1 9.30759e-6 0 -1 -9.30759e-6 0 -0.9709389 0.2393279 0 -0.9709432 0.2393104 0 -0.8854494 0.4647361 0 -0.885457 0.4647215 0 -0.7485082 0.6631255 0 -0.7485133 0.6631198 0 -0.5680636 0.8229847 0 -0.5680672 0.8229823 0 -0.3546084 0.9350149 0 -0.3546044 0.9350165 0 -0.1205384 0.9927087 0 -0.1205384 0.9927087 0 0.1205384 0.9927087 0 0.1205384 0.9927087 0 0.3546044 0.9350165 0 0.3546085 0.9350149 0 0.5680636 0.8229847 0 0.5680672 0.8229823 0 0.7485082 0.6631256 0 0.7485134 0.6631199 0 0.885457 0.4647215 0 0.8854494 0.4647361 0 0.9709432 0.2393104 0 0.9709389 0.2393279 0 1 1.34185e-5 0 1 -1.64658e-5 0 1 2.2158e-5 0 0.970942 -0.2393152 0 1 2.27243e-5 0 0.9709419 -0.2393155 0 0.8854564 -0.4647226 0 0.8854565 -0.4647225 0 0.7485112 -0.6631222 0 0.7485111 -0.6631224 0 0.5680652 -0.8229836 0 0.5680649 -0.8229838 0 0.3546068 -0.9350156 0 0.3546069 -0.9350156 0 0.1205384 -0.9927087 0 0.1205384 -0.9927088 0 -0.1205384 -0.9927087 0 -0.1205384 -0.9927088 0 -0.3546068 -0.9350156 0 -0.3546069 -0.9350156 0 -0.5680651 -0.8229836 0 -0.5680652 -0.8229837 0 -0.7485111 -0.6631222 0 -0.7485111 -0.6631224 0 -0.8854564 -0.4647226 0 -0.8854565 -0.4647225 0 -0.9709419 -0.2393155 0 -0.970942 -0.2393152 0 -1 3.34462e-7 0 -1 9.55605e-7 0 -0.9709419 0.2393158 0 -0.9709417 0.2393161 0 -0.8854565 0.4647225 0 -0.8854563 0.4647227 0 -0.7485113 0.6631221 0 -0.748511 0.6631224 0 -0.5680653 0.8229836 0 -0.5680649 0.8229838 0 -0.3546068 0.9350156 0 -0.3546069 0.9350156 0 -0.1205384 0.9927087 0 -0.1205384 0.9927087 0 0.1205384 0.9927087 0 0.1205384 0.9927087 0 0.3546069 0.9350156 0 0.3546068 0.9350156 0 0.5680652 0.8229836 0 0.5680649 0.8229838 0 0.7485112 0.6631222 0 0.7485111 0.6631224 0 0.8854563 0.4647227 0 0.8854565 0.4647225 0 0.9709417 0.2393161 0 0.9709419 0.2393158 0 1 -2.08914e-5 0 1 -2.14577e-5 0 1 2.08914e-5 0 0.9709419 -0.2393158 0 1 2.14502e-5 0 0.9709417 -0.2393161 0 -0.9709417 -0.2393161 0 -0.9709419 -0.2393158 0 -1 -9.55605e-7 0 -1 -3.34462e-7 0 -0.970942 0.2393152 0 -0.9709419 0.2393155 0 0.9709419 0.2393155 0 0.970942 0.2393152 0 1 -2.21655e-5 0 1 -2.27317e-5 0 1 -1.45212e-5 0 0.9709365 -0.2393375 0 1 -2.66731e-6 0 0.9709452 -0.2393023 0 0.8854469 -0.4647405 0 0.8854624 -0.4647113 0 0.7485108 -0.6631227 0 0.7485088 -0.663125 0 0.5680719 -0.8229791 0 0.5680616 -0.8229861 0 0.3546023 -0.9350172 0 0.3546066 -0.9350156 0 0.1205366 -0.992709 0 0.1205321 -0.9927095 0 -0.1205366 -0.992709 0 -0.1205321 -0.9927095 0 -0.3546023 -0.9350172 0 -0.3546066 -0.9350156 0 -0.5680616 -0.8229861 0 -0.5680719 -0.822979 0 -0.7485008 -0.663134 0 -0.7485193 -0.6631131 0 -0.8854539 -0.4647272 0 -0.885455 -0.4647253 0 -0.9709452 -0.2393023 0 -0.970941 -0.2393193 0 -1 0 0 -1 0 0 -0.970941 0.2393193 0 -0.9709452 0.2393023 0 -0.8854468 0.4647409 0 -0.8854622 0.4647117 0 -0.748509 0.6631246 0 -0.748511 0.6631225 0 -0.5680719 0.8229791 0 -0.5680616 0.8229861 0 -0.3546023 0.9350172 0 -0.3546066 0.9350156 0 -0.1205366 0.9927089 0 -0.120532 0.9927095 0 0.120532 0.9927095 0 0.1205366 0.9927089 0 0.3546023 0.9350172 0 0.3546066 0.9350156 0 0.5680719 0.8229791 0 0.5680616 0.8229861 0 0.7485108 0.6631227 0 0.7485088 0.663125 0 0.8854552 0.464725 0 0.8854541 0.4647268 0 0.9709452 0.2393023 0 0.9709365 0.2393375 0 1 1.45063e-5 0 1 2.66731e-6 0 1 -1.3262e-5 0 0.970941 -0.2393193 0 1 -1.33887e-5 0 0.8854539 -0.4647272 0 0.885455 -0.4647253 0 0.7485008 -0.663134 0 0.7485193 -0.6631131 0 -0.7485108 -0.6631227 0 -0.7485088 -0.663125 0 -0.8854469 -0.4647405 0 -0.8854624 -0.4647113 0 -0.9709365 -0.2393375 0 -1 1.86248e-5 0 -1 -1.86248e-5 0 -0.9709365 0.2393375 0 -0.8854541 0.4647268 0 -0.8854552 0.464725 0 -0.748519 0.6631134 0 -0.7485005 0.6631343 0 0.7485008 0.663134 0 0.7485193 0.6631131 0 0.8854622 0.4647117 0 0.8854468 0.4647409 0 0.970941 0.2393193 0 1 1.3262e-5 0 1 1.33812e-5 0 1 -1.81943e-5 0 0.9709405 -0.2393213 0 1 1.75461e-5 0 0.9709434 -0.2393093 0 0.8854544 -0.4647264 0 0.8854572 -0.4647212 0 0.7485106 -0.6631229 0 0.7485105 -0.6631229 0 0.5680676 -0.822982 0 0.5680651 -0.8229836 0 0.3546044 -0.9350165 0 0.3546071 -0.9350154 0 0.1205354 -0.9927091 0 0.1205354 -0.9927091 0 -0.1205354 -0.9927091 0 -0.1205354 -0.9927091 0 -0.3546044 -0.9350165 0 -0.3546071 -0.9350154 0 -0.5680676 -0.822982 0 -0.7485106 -0.6631229 0 -0.7485105 -0.6631229 0 -0.8854544 -0.4647265 0 -0.8854572 -0.4647212 0 -0.9709434 -0.2393093 0 -0.9709405 -0.2393213 0 -1 6.34522e-6 0 -1 -6.34522e-6 0 -0.9709405 0.2393213 0 -0.9709434 0.2393093 0 -0.8854544 0.4647264 0 -0.8854572 0.4647211 0 -0.7485105 0.663123 0 -0.7485106 0.6631228 0 -0.5680676 0.822982 0 -0.5680651 0.8229836 0 -0.3546044 0.9350165 0 -0.3546071 0.9350154 0 -0.1205354 0.9927091 0 -0.1205355 0.9927091 0 0.1205355 0.9927091 0 0.1205354 0.9927091 0 0.3546071 0.9350154 0 0.3546043 0.9350165 0 0.5680676 0.822982 0 0.5680651 0.8229836 0 0.7485106 0.6631229 0 0.7485105 0.6631229 0 0.8854572 0.4647211 0 0.8854544 0.4647264 0 0.9709434 0.2393093 0 0.9709405 0.2393213 0 1 1.81943e-5 0 1 -1.75461e-5 0 1 2.16216e-5 0 0.970942 -0.2393155 0 1 -2.32384e-5 0 0.9709415 -0.2393169 0 0.8854562 -0.4647231 0 0.8854568 -0.4647219 0 0.7485113 -0.6631221 0 0.7485097 -0.6631239 0 0.568063 -0.8229852 0 0.5680638 -0.8229846 0 0.3546046 -0.9350164 0 0.3546042 -0.9350166 0 0.1205354 -0.9927091 0 0.1205358 -0.9927091 0 -0.1205354 -0.9927091 0 -0.1205358 -0.9927091 0 -0.3546053 -0.9350162 0 -0.3546042 -0.9350166 0 -0.568063 -0.8229852 0 -0.7485101 -0.6631234 0 -0.7485101 -0.6631234 0 -0.8854568 -0.4647218 0 -0.885456 -0.4647232 0 -0.9709418 -0.2393161 0 -0.9709418 -0.2393162 0 -1 2.06889e-6 0 -1 -1.17539e-6 0 -0.9709416 0.2393167 0 -0.9709416 0.2393165 0 -0.8854568 0.4647219 0 -0.8854561 0.4647232 0 -0.7485101 0.6631234 0 -0.7485101 0.6631234 0 -0.568063 0.8229852 0 -0.5680636 0.8229848 0 -0.3546086 0.9350149 0 -0.3546075 0.9350153 0 -0.1205389 0.9927087 0 -0.1205393 0.9927086 0 0.1205393 0.9927086 0 0.1205389 0.9927087 0 0.3546079 0.9350151 0 0.3546075 0.9350153 0 0.568063 0.8229852 0 0.5680638 0.8229846 0 0.7485113 0.6631221 0 0.7485097 0.6631239 0 0.8854562 0.464723 0 0.8854567 0.4647219 0 0.9709414 0.2393174 0 0.9709418 0.2393159 0 1 -2.07499e-5 0 1 -2.38121e-5 0 1 -2.33054e-5 0 0.9709418 -0.2393162 0 1 2.15694e-5 0 0.9709418 -0.2393161 0 0.8854568 -0.4647218 0 0.885456 -0.4647232 0 0.7485101 -0.6631234 0 0.568063 -0.8229852 0 0.5680636 -0.8229848 0 0.3546053 -0.9350162 0 -0.3546046 -0.9350164 0 -0.5680639 -0.8229846 0 -0.5680629 -0.8229852 0 -0.7485113 -0.6631221 0 -0.7485097 -0.6631239 0 -0.8854562 -0.4647231 0 -0.8854568 -0.4647219 0 -0.9709415 -0.2393169 0 -0.970942 -0.2393155 0 -1 -1.08939e-6 0 -1 1.98288e-6 0 -0.9709418 0.2393159 0 -0.9709414 0.2393174 0 -0.8854567 0.4647219 0 -0.8854562 0.464723 0 -0.7485104 0.6631231 0 -0.568063 0.8229852 0 -0.5680638 0.8229846 0 -0.3546079 0.9350152 0 0.3546082 0.935015 0 0.568063 0.8229852 0 0.5680636 0.8229848 0 0.7485101 0.6631234 0 0.8854561 0.4647232 0 0.8854568 0.4647219 0 0.9709416 0.2393165 0 0.9709416 0.2393167 0 1 -2.3745e-5 0 1 -2.06903e-5 0 1 -1.74716e-5 0 0.9709404 -0.2393215 0 1 -1.75387e-5 0 0.9709433 -0.2393099 0 0.8854518 -0.4647315 0 0.8854622 -0.4647117 0 0.7485175 -0.6631152 0 0.7485105 -0.663123 0 0.568062 -0.8229858 0 0.568062 -0.8229858 0 0.3546019 -0.9350174 0 0.3546048 -0.9350164 0 0.1205393 -0.9927086 0 0.1205363 -0.992709 0 -0.1205363 -0.992709 0 -0.3546073 -0.9350154 0 -0.3546018 -0.9350175 0 -0.5680623 -0.8229857 0 -0.568074 -0.8229776 0 -0.7485108 -0.6631227 0 -0.7485163 -0.6631163 0 -0.8854569 -0.4647217 0 -0.8854513 -0.4647322 0 -0.9709405 -0.239321 0 -0.9709434 -0.2393095 0 -1 0 0 -1 0 0 -0.9709433 0.2393097 0 -0.9709405 0.2393212 0 -0.8854569 0.4647217 0 -0.8854513 0.4647321 0 -0.7485163 0.6631165 0 -0.7485107 0.6631227 0 -0.5680692 0.8229808 0 -0.5680671 0.8229823 0 -0.3546077 0.9350152 0 -0.3546022 0.9350174 0 -0.1205362 0.9927089 0 -0.1205363 0.9927089 0 0.1205363 0.9927089 0 0.1205393 0.9927086 0 0.3546023 0.9350173 0 0.354605 0.9350162 0 0.568062 0.8229858 0 0.5680621 0.8229858 0 0.7485174 0.6631152 0 0.7485105 0.663123 0 0.8854573 0.4647208 0 0.8854567 0.4647222 0 0.9709432 0.2393101 0 0.9709403 0.2393217 0 1 1.74716e-5 0 1 1.75387e-5 0 0.9709403 -0.2393217 0 0.9709432 -0.23931 0 0.8854622 -0.4647116 0 0.7485174 -0.6631152 0 0.7485105 -0.663123 0 0.5680621 -0.8229858 0 0.3546023 -0.9350174 0 0.3546051 -0.9350162 0 -0.3546077 -0.9350152 0 -0.3546022 -0.9350174 0 -0.5680623 -0.8229856 0 -0.5680741 -0.8229776 0 -0.7485107 -0.6631227 0 -0.7485163 -0.6631165 0 -0.8854569 -0.4647216 0 -0.8854514 -0.4647322 0 -0.9709405 -0.2393212 0 -0.9709433 -0.2393097 0 -0.9709434 0.2393095 0 -0.9709405 0.239321 0 -0.8854568 0.4647217 0 -0.8854513 0.4647321 0 -0.7485163 0.6631163 0 -0.7485108 0.6631227 0 -0.5680692 0.8229809 0 -0.3546073 0.9350154 0 -0.3546018 0.9350175 0 0.3546019 0.9350174 0 0.3546047 0.9350163 0 0.568062 0.8229858 0 0.7485175 0.6631152 0 0.7485105 0.663123 0 0.8854572 0.4647209 0 0.8854566 0.4647222 0 0.9709433 0.2393099 0 0.9709404 0.2393215 0 1 2.37525e-5 0 0.9709416 -0.2393167 0 1 2.06828e-5 0 0.9709416 -0.2393165 0 0.3546085 -0.9350149 0 0.3546075 -0.9350153 0 0.1205389 -0.9927086 0 0.1205393 -0.9927086 0 -0.1205389 -0.9927086 0 -0.1205393 -0.9927086 0 -0.3546078 -0.9350152 0 -0.3546075 -0.9350153 0 -0.9709414 -0.2393174 0 -0.9709418 -0.2393159 0 -1 -1.98288e-6 0 -1 1.08939e-6 0 -0.970942 0.2393155 0 -0.9709415 0.2393169 0 -0.3546046 0.9350164 0 -0.3546042 0.9350166 0 -0.1205354 0.9927091 0 -0.1205359 0.9927091 0 0.1205359 0.9927091 0 0.1205354 0.9927091 0 0.3546046 0.9350163 0 0.3546048 0.9350163 0 0.9709418 0.2393161 0 0.9709418 0.2393162 0 1 2.33129e-5 0 1 -2.1562e-5 0 1 2.07648e-5 0 0.9709418 -0.2393159 0 1 2.38046e-5 0 0.9709414 -0.2393174 0 0.3546078 -0.9350152 0 -0.3546085 -0.9350149 0 -0.9709416 -0.2393165 0 -0.9709416 -0.2393167 0 -1 1.17539e-6 0 -1 -2.06889e-6 0 -0.9709418 0.2393162 0 -0.9709418 0.2393161 0 -0.3546053 0.9350162 0 0.3546042 0.9350166 0 0.9709415 0.2393169 0 0.970942 0.2393155 0 1 -2.1629e-5 0 1 2.32458e-5 0 0.9709433 -0.2393097 0 0.9709405 -0.2393212 0 0.8854569 -0.4647216 0 0.8854514 -0.4647322 0 0.7485107 -0.6631227 0 0.7485163 -0.6631165 0 0.5680692 -0.8229808 0 0.5680671 -0.8229823 0 0.3546077 -0.9350152 0 0.3546022 -0.9350174 0 -0.1205393 -0.9927086 0 -0.3546023 -0.9350174 0 -0.3546051 -0.9350162 0 -0.5680621 -0.8229857 0 -0.568062 -0.8229857 0 -0.7485174 -0.6631152 0 -0.7485105 -0.663123 0 -0.8854518 -0.4647315 0 -0.8854622 -0.4647116 0 -0.9709432 -0.2393101 0 -0.9709403 -0.2393217 0 -0.9709404 0.2393215 0 -0.9709433 0.2393099 0 -0.8854566 0.4647222 0 -0.8854572 0.4647209 0 -0.7485175 0.6631151 0 -0.7485105 0.6631229 0 -0.568062 0.8229858 0 -0.568062 0.8229858 0 -0.3546019 0.9350174 0 -0.3546048 0.9350164 0 -0.1205393 0.9927086 0 0.1205362 0.9927089 0 0.3546018 0.9350175 0 0.3546072 0.9350154 0 0.5680692 0.8229808 0 0.5680671 0.8229823 0 0.7485108 0.6631227 0 0.7485163 0.6631163 0 0.8854513 0.4647321 0 0.8854568 0.4647217 0 0.9709405 0.239321 0 0.9709434 0.2393095 0 0.9709434 -0.2393095 0 0.9709405 -0.239321 0 0.8854569 -0.4647217 0 0.8854513 -0.4647322 0 0.7485108 -0.6631227 0 0.7485163 -0.6631163 0 0.5680692 -0.8229808 0 0.3546073 -0.9350154 0 0.3546018 -0.9350175 0 -0.3546019 -0.9350174 0 -0.3546048 -0.9350164 0 -0.568062 -0.8229858 0 -0.5680619 -0.8229858 0 -0.7485175 -0.6631151 0 -0.7485105 -0.663123 0 -0.8854622 -0.4647117 0 -0.9709433 -0.2393099 0 -0.9709404 -0.2393215 0 -0.9709403 0.2393217 0 -0.9709432 0.2393101 0 -0.8854567 0.4647222 0 -0.8854573 0.4647208 0 -0.7485175 0.6631152 0 -0.7485105 0.663123 0 -0.5680621 0.8229858 0 -0.3546023 0.9350174 0 -0.3546051 0.9350162 0 0.3546022 0.9350173 0 0.3546077 0.9350153 0 0.5680692 0.8229808 0 0.7485107 0.6631227 0 0.7485163 0.6631165 0 0.8854513 0.4647321 0 0.8854569 0.4647217 0 0.9709405 0.2393212 0 0.9709433 0.2393097 0 0.9709424 -0.2393134 0 1 6.31809e-6 0 1 2.02283e-5 0 0.970939 -0.239327 0 0.8854569 -0.4647216 0 0.8854565 -0.4647223 0 0.7485127 -0.6631205 0 0.7485104 -0.6631232 0 0.5680603 -0.822987 0 0.5680681 -0.8229816 0 0.3546088 -0.9350148 0 0.3546072 -0.9350154 0 0.1205412 -0.9927083 0 0.1205396 -0.9927086 0 -0.1205395 -0.9927086 0 -0.1205396 -0.9927086 0 -0.3546073 -0.9350153 0 -0.3546105 -0.9350141 0 -0.5680708 -0.8229798 0 -0.5680603 -0.822987 0 -0.7485125 -0.6631208 0 -0.7485061 -0.6631279 0 -0.8854538 -0.4647275 0 -0.8854538 -0.4647275 0 -0.9709426 -0.2393125 0 -0.9709426 -0.2393125 0 -1 5.0647e-7 0 -1 5.20804e-7 0 -0.9709426 0.239313 0 -0.9709426 0.239313 0 -0.885455 0.4647254 0 -0.885455 0.4647254 0 -0.7485077 0.6631262 0 -0.748514 0.663119 0 -0.5680681 0.8229816 0 -0.3546035 0.9350168 0 -0.3546066 0.9350156 0 -0.1205354 0.9927091 0 -0.1205354 0.9927091 0 0.1205354 0.9927091 0 0.1205372 0.9927088 0 0.3546034 0.9350169 0 0.354605 0.9350162 0 0.5680681 0.8229816 0 0.5680603 0.822987 0 0.7485143 0.6631187 0 0.7485119 0.6631214 0 0.8854607 0.4647142 0 0.885455 0.4647254 0 0.9709407 0.2393205 0 0.9709405 0.2393209 0 1 -5.31226e-6 0 1 -1.9215e-5 0 0.9709423 -0.2393139 0 1 5.31226e-6 0 1 1.9215e-5 0 0.970939 -0.2393274 0 0.8854581 -0.4647195 0 0.8854576 -0.4647201 0 0.7485143 -0.6631187 0 0.7485119 -0.6631214 0 0.354605 -0.9350163 0 0.3546034 -0.9350168 0 0.1205372 -0.9927088 0 0.1205354 -0.9927091 0 -0.1205354 -0.9927091 0 -0.1205354 -0.9927091 0 -0.3546035 -0.9350168 0 -0.3546066 -0.9350156 0 -0.748514 -0.663119 0 -0.7485077 -0.6631262 0 -0.885455 -0.4647254 0 -0.885455 -0.4647254 0 -0.9709426 -0.239313 0 -0.9709426 -0.239313 0 -1 -5.20804e-7 0 -1 -5.0647e-7 0 -0.9709426 0.2393125 0 -0.9709426 0.2393125 0 -0.8854538 0.4647275 0 -0.8854538 0.4647275 0 -0.7485061 0.6631279 0 -0.7485125 0.6631208 0 -0.3546073 0.9350153 0 -0.3546105 0.9350141 0 -0.1205395 0.9927086 0 -0.1205396 0.9927086 0 0.1205396 0.9927086 0 0.1205412 0.9927083 0 0.3546072 0.9350154 0 0.3546088 0.9350148 0 0.7485127 0.6631205 0 0.7485104 0.6631232 0 0.8854597 0.4647163 0 0.8854538 0.4647275 0 0.9709408 0.23932 0 0.9709407 0.2393204 0 1 -6.31809e-6 0 1 -2.02283e-5 0 0.9709426 -0.239313 0 1 -1.36048e-5 0 1 -1.36718e-5 0 0.9709426 -0.239313 0 0.885455 -0.4647254 0 0.885455 -0.4647254 0 0.748514 -0.663119 0 0.7485077 -0.6631262 0 0.3546035 -0.9350168 0 0.3546066 -0.9350156 0 0.1205354 -0.9927091 0 -0.1205372 -0.9927088 0 -0.3546034 -0.9350169 0 -0.354605 -0.9350162 0 -0.5680681 -0.8229816 0 -0.7485182 -0.6631143 0 -0.748508 -0.6631259 0 -0.8854576 -0.4647201 0 -0.8854581 -0.4647195 0 -0.970939 -0.2393274 0 -0.9709423 -0.2393139 0 -1 -7.67351e-6 0 -1 6.64624e-6 0 -0.9709424 0.2393134 0 -0.970939 0.239327 0 -0.8854569 0.4647216 0 -0.8854565 0.4647223 0 -0.7485064 0.6631277 0 -0.7485166 0.663116 0 -0.5680602 0.8229871 0 -0.3546072 0.9350154 0 -0.3546088 0.9350148 0 -0.1205412 0.9927083 0 0.1205395 0.9927086 0 0.3546073 0.9350153 0 0.3546105 0.9350141 0 0.5680708 0.8229798 0 0.7485125 0.6631208 0 0.7485061 0.663128 0 0.8854538 0.4647276 0 0.9709426 0.2393125 0 0.9709426 0.2393125 0 1 1.25691e-5 0 1 1.26436e-5 0 0.9709426 -0.2393125 0 1 -1.25691e-5 0 1 -1.26436e-5 0 0.9709426 -0.2393125 0 0.8854538 -0.4647275 0 0.8854538 -0.4647275 0 0.7485125 -0.6631208 0 0.7485061 -0.663128 0 0.3546105 -0.9350142 0 0.1205395 -0.9927086 0 -0.1205412 -0.9927083 0 -0.3546072 -0.9350154 0 -0.3546088 -0.9350148 0 -0.7485166 -0.663116 0 -0.7485064 -0.6631277 0 -0.8854565 -0.4647223 0 -0.8854569 -0.4647216 0 -0.970939 -0.239327 0 -0.9709424 -0.2393134 0 -1 -6.64624e-6 0 -1 7.67351e-6 0 -0.9709423 0.2393139 0 -0.970939 0.2393274 0 -0.8854581 0.4647195 0 -0.8854576 0.4647201 0 -0.748508 0.6631259 0 -0.7485182 0.6631143 0 -0.3546034 0.9350169 0 -0.354605 0.9350162 0 -0.1205372 0.9927088 0 0.1205354 0.9927091 0 0.3546035 0.9350168 0 0.3546066 0.9350156 0 0.748514 0.663119 0 0.7485077 0.6631262 0 0.885455 0.4647254 0 0.9709425 0.239313 0 0.9709426 0.239313 0 1 1.36048e-5 0 1 1.36718e-5 0 0.9709396 -0.2393245 0 1 1.82092e-5 0 1 3.36766e-6 0 0.9709433 -0.23931 0 0.8854569 -0.4647215 0 0.8854573 -0.4647207 0 0.7485161 -0.6631167 0 0.7485084 -0.6631253 0 0.5680694 -0.8229807 0 0.5680652 -0.8229836 0 0.3546043 -0.9350165 0 0.3546025 -0.9350172 0 0.1205368 -0.9927089 0 0.1205349 -0.9927091 0 -0.1205371 -0.9927089 0 -0.1205389 -0.9927087 0 -0.3546045 -0.9350165 0 -0.3546062 -0.9350159 0 -0.5680603 -0.8229869 0 -0.5680688 -0.8229811 0 -0.748505 -0.6631292 0 -0.7485118 -0.6631215 0 -0.8854536 -0.4647279 0 -0.9709451 -0.2393025 0 -0.8854569 -0.4647215 0 -0.9709416 -0.2393171 0 -1 -7.69739e-6 0 -1 7.69739e-6 0 -0.9709432 0.2393104 0 -0.970943 0.2393108 0 -0.8854532 0.4647287 0 -0.8854566 0.4647222 0 -0.7485118 0.6631215 0 -0.748505 0.6631292 0 -0.5680688 0.8229811 0 -0.5680603 0.8229869 0 -0.3546062 0.9350158 0 -0.1205371 0.9927089 0 0.1205349 0.9927091 0 0.1205368 0.9927089 0 0.3546025 0.9350172 0 0.3546043 0.9350165 0 0.5680694 0.8229807 0 0.7485127 0.6631205 0 0.5680652 0.8229837 0 0.7485119 0.6631215 0 0.970943 0.2393108 0 0.9709394 0.2393253 0 1 -1.82092e-5 0 1 -3.36766e-6 0 0.9709417 -0.2393161 0 1 -2.32384e-5 0 1 -2.32607e-5 0 0.970942 -0.2393149 0 0.8854554 -0.4647244 0 0.5680645 -0.8229842 0 0.5680651 -0.8229837 0 0.3546047 -0.9350164 0 0.3546041 -0.9350166 0 0.1205367 -0.9927089 0 -0.1205367 -0.9927089 0 -0.3546051 -0.9350162 0 -0.354605 -0.9350162 0 -0.5680654 -0.8229835 0 -0.7485105 -0.663123 0 -0.8854549 -0.4647255 0 -0.8854559 -0.4647234 0 -0.9709416 -0.2393167 0 -0.9709423 -0.239314 0 -1 1.19451e-7 0 -1 0 0 -0.9709416 0.2393168 0 -0.9709423 0.2393141 0 -0.8854551 0.464725 0 -0.8854562 0.4647229 0 -0.7485105 0.6631231 0 -0.5680655 0.8229835 0 -0.568064 0.8229845 0 -0.354605 0.9350163 0 -0.354605 0.9350163 0 -0.1205358 0.9927091 0 0.1205358 0.9927091 0 0.3546047 0.9350163 0 0.354604 0.9350166 0 0.5680646 0.822984 0 0.7485107 0.6631228 0 0.8854557 0.4647239 0 0.970942 0.2393149 0 0.9709417 0.2393163 0 1 -2.44528e-5 0 1 2.34693e-5 0 0.9709418 -0.2393161 0 1 -2.06456e-5 0 1 1.98334e-5 0 0.9709436 -0.2393087 0 0.8854548 -0.4647256 0 0.885458 -0.4647195 0 0.7485091 -0.6631247 0 0.7485128 -0.6631204 0 0.5680627 -0.8229853 0 0.5680664 -0.8229828 0 0.3546037 -0.9350168 0 0.3546071 -0.9350155 0 0.1205385 -0.9927088 0 0.1205403 -0.9927085 0 -0.1205403 -0.9927085 0 -0.1205394 -0.9927086 0 -0.3546072 -0.9350154 0 -0.3546047 -0.9350164 0 -0.568064 -0.8229845 0 -0.5680645 -0.822984 0 -0.7485089 -0.6631247 0 -0.7485128 -0.6631205 0 -0.8854548 -0.4647256 0 -0.9709416 -0.2393165 0 -0.8854563 -0.4647228 0 -0.9709417 -0.2393165 0 -1 -5.59029e-7 0 -1 -5.82919e-7 0 -0.9709414 0.2393176 0 -0.9709414 0.2393175 0 -0.8854555 0.4647243 0 -0.885454 0.4647271 0 -0.7485128 0.6631205 0 -0.7485089 0.6631247 0 -0.5680661 0.822983 0 -0.3546055 0.9350161 0 -0.5680624 0.8229855 0 -0.3546063 0.9350157 0 -0.1205394 0.9927086 0 -0.1205403 0.9927085 0 0.1205403 0.9927085 0 0.1205385 0.9927088 0 0.3546071 0.9350155 0 0.3546037 0.9350168 0 0.5680643 0.8229843 0 0.5680649 0.8229838 0 0.7485111 0.6631223 0 0.8854572 0.464721 0 0.885454 0.464727 0 0.9709433 0.2393098 0 0.9709416 0.2393171 0 1 1.95205e-5 0 1 -2.09659e-5 0 0.9709419 -0.2393153 0 1 2.29031e-5 0 1 2.02134e-5 0 0.9709423 -0.2393139 0 0.8854553 -0.4647245 0 0.8854559 -0.4647235 0 0.74851 -0.6631236 0 0.5680644 -0.8229842 0 0.5680644 -0.8229841 0 0.3546048 -0.9350163 0 0.3546051 -0.9350162 0 0.1205374 -0.9927088 0 0.120537 -0.9927089 0 -0.1205375 -0.9927088 0 -0.1205375 -0.9927089 0 -0.3546041 -0.9350166 0 -0.3546047 -0.9350164 0 -0.5680643 -0.8229843 0 -0.5680656 -0.8229833 0 -0.7485106 -0.6631228 0 -0.8854559 -0.4647235 0 -0.8854553 -0.4647245 0 -0.9709423 -0.239314 0 -1 0 0 -1 0 0 -0.9709423 0.239314 0 -0.9709423 0.2393139 0 -0.8854559 0.4647235 0 -0.8854553 0.4647245 0 -0.7485107 0.6631227 0 -0.5680662 0.822983 0 -0.5680664 0.8229827 0 -0.3546047 0.9350163 0 -0.354604 0.9350166 0 0.1205356 0.9927091 0 0.1205353 0.9927091 0 0.354605 0.9350163 0 0.5680657 0.8229833 0 0.5680658 0.8229833 0 0.74851 0.6631236 0 0.8854559 0.4647235 0 0.8854553 0.4647245 0 0.9709419 0.2393153 0 0.9709423 0.239314 0 1 -2.29031e-5 0 1 -2.02134e-5 0 0.9709416 -0.2393165 0 1 1.9826e-5 0 0.9709416 -0.2393165 0 0.8854562 -0.4647228 0 0.8854548 -0.4647256 0 0.7485128 -0.6631205 0 0.7485089 -0.6631247 0 0.5680645 -0.822984 0 0.568064 -0.8229845 0 0.3546047 -0.9350164 0 0.1205394 -0.9927086 0 -0.1205385 -0.9927088 0 -0.3546071 -0.9350155 0 -0.3546037 -0.9350168 0 -0.5680664 -0.8229828 0 -0.5680627 -0.8229853 0 -0.7485128 -0.6631204 0 -0.7485091 -0.6631247 0 -0.8854563 -0.4647227 0 -0.9709426 -0.2393125 0 -0.8854565 -0.4647223 0 -0.9709427 -0.2393123 0 -1 3.29206e-6 0 -1 -4.43401e-6 0 -0.9709416 0.2393171 0 -0.9709433 0.2393098 0 -0.885454 0.464727 0 -0.8854572 0.464721 0 -0.7485091 0.6631247 0 -0.7485128 0.6631204 0 -0.5680643 0.8229843 0 -0.3546053 0.935016 0 -0.5680649 0.8229838 0 -0.3546053 0.9350161 0 -0.1205385 0.9927088 0 0.1205394 0.9927086 0 0.3546047 0.9350164 0 0.568066 0.822983 0 0.5680624 0.8229855 0 0.885454 0.4647271 0 0.8854555 0.4647243 0 0.9709414 0.2393175 0 0.9709414 0.2393176 0 1 -2.0951e-5 0 0.9709423 -0.239314 0 1 2.44528e-5 0 1 -2.34693e-5 0 0.7485113 -0.663122 0 0.5680643 -0.8229843 0 0.5680656 -0.8229833 0 0.3546042 -0.9350166 0 0.1205375 -0.9927088 0 0.1205375 -0.9927089 0 -0.1205374 -0.9927088 0 -0.120537 -0.9927089 0 -0.3546048 -0.9350163 0 -0.5680644 -0.8229842 0 -0.5680644 -0.8229841 0 -0.74851 -0.6631236 0 -0.970942 -0.2393153 0 -0.9709419 0.2393153 0 -0.74851 0.6631236 0 -0.5680657 0.8229833 0 -0.1205356 0.9927091 0 -0.1205353 0.9927091 0 0.568067 0.8229824 0 0.9709434 -0.2393096 0 1 2.25827e-5 0 1 -1.04904e-5 0 0.8854536 -0.4647279 0 0.885457 -0.4647215 0 0.7485118 -0.6631215 0 0.748505 -0.6631292 0 0.5680688 -0.8229811 0 0.5680603 -0.8229869 0 0.3546062 -0.9350159 0 0.3546045 -0.9350165 0 0.1205389 -0.9927087 0 0.1205371 -0.9927089 0 -0.1205349 -0.9927091 0 -0.1205368 -0.9927089 0 -0.3546025 -0.9350172 0 -0.3546043 -0.9350165 0 -0.5680652 -0.8229836 0 -0.5680694 -0.8229807 0 -0.7485084 -0.6631253 0 -0.7485161 -0.6631167 0 -0.8854539 -0.4647272 0 -0.9709414 -0.2393175 0 -0.8854604 -0.4647151 0 -1 7.70218e-6 0 -1 -7.70218e-6 0 -0.9709394 0.2393253 0 -0.7485161 0.6631167 0 -0.7485084 0.6631253 0 -0.5680694 0.8229808 0 -0.3546025 0.9350172 0 -0.5680652 0.8229837 0 -0.3546043 0.9350165 0 -0.1205368 0.9927089 0 -0.1205349 0.9927091 0 0.1205371 0.9927089 0 0.3546045 0.9350165 0 0.3546062 0.9350159 0 0.5680688 0.822981 0 0.748505 0.6631291 0 0.5680603 0.8229869 0 0.8854566 0.4647222 0 0.8854532 0.4647287 0 0.9709432 0.2393104 0 1 -2.25827e-5 0 1 1.04904e-5 0 0.9709416 -0.2393167 0 1 -2.21282e-5 0 1 2.04295e-5 0 0.9709423 -0.239314 0 0.8854559 -0.4647234 0 0.8854549 -0.4647255 0 0.748512 -0.6631212 0 0.7485093 -0.6631244 0 0.5680654 -0.8229835 0 0.5680639 -0.8229846 0 0.354605 -0.9350162 0 0.3546051 -0.9350162 0 -0.3546041 -0.9350166 0 -0.3546047 -0.9350164 0 -0.5680645 -0.8229842 0 -0.5680651 -0.8229837 0 -0.8854554 -0.4647244 0 -0.970942 -0.2393149 0 -0.9709417 -0.2393162 0 -1 0 0 -1 0 0 -0.970942 0.239315 0 -0.8854557 0.4647239 0 -0.7485107 0.6631228 0 -0.5680646 0.822984 0 0.354605 0.9350163 0 0.5680655 0.8229834 0 0.568064 0.8229845 0 0.7485107 0.6631227 0 0.7485105 0.6631231 0 0.8854551 0.464725 0 0.8854562 0.4647229 0 0.9709416 0.2393168 0 0.9709423 0.2393141 0 1 2.23294e-5 0 0.9709432 -0.2393104 0 0.970943 -0.2393108 0 0.8854532 -0.4647287 0 0.8854566 -0.4647222 0 -0.9709412 -0.2393183 0 -0.8854599 -0.4647157 0 -0.9709413 -0.2393178 0 -0.9709396 0.2393245 0 -0.9709433 0.23931 0 -0.8854569 0.4647215 0 -0.8854573 0.4647207 0 0.885457 0.4647215 0 0.8854536 0.4647279 0 0.9709433 0.23931 0 0.9709434 0.2393096 0 0.9709416 -0.2393168 0 1 -2.23294e-5 0 0.9709423 -0.2393141 0 0.8854562 -0.4647229 0 0.8854551 -0.464725 0 0.7485119 -0.6631214 0 0.7485092 -0.6631245 0 0.5680655 -0.8229835 0 0.354605 -0.9350163 0 -0.354604 -0.9350166 0 -0.3546047 -0.9350163 0 -0.5680646 -0.822984 0 -0.7485107 -0.6631228 0 -0.8854563 -0.4647227 0 -0.8854557 -0.4647239 0 -0.970942 -0.239315 0 -0.9709417 -0.2393163 0 -1 -1.19451e-7 0 -1 0 0 -0.9709417 0.2393161 0 -0.970942 0.2393149 0 -0.8854554 0.4647244 0 -0.885456 0.4647232 0 -0.5680651 0.8229837 0 -0.5680645 0.8229842 0 -0.3546047 0.9350164 0 -0.3546041 0.9350166 0 -0.1205367 0.9927089 0 -0.1205367 0.9927089 0 0.1205367 0.9927089 0 0.1205367 0.9927089 0 0.354605 0.9350162 0 0.3546051 0.9350162 0 0.5680654 0.8229835 0 0.5680639 0.8229846 0 0.7485105 0.663123 0 0.8854549 0.4647254 0 0.8854559 0.4647234 0 0.9709416 0.2393167 0 0.9709423 0.239314 0 1 2.21282e-5 0 1 -2.04295e-5 0 0.9709414 -0.2393176 0 1 2.0951e-5 0 1 2.09659e-5 0 0.9709414 -0.2393175 0 0.8854555 -0.4647243 0 0.885454 -0.4647271 0 -0.8854555 -0.4647243 0 -0.9709424 -0.2393136 0 -0.8854558 -0.4647238 0 -0.9709424 -0.2393133 0 -1 4.43401e-6 0 -1 -3.29206e-6 0 -0.9709418 0.2393161 0 -0.9709436 0.2393087 0 -0.8854548 0.4647256 0 -0.885458 0.4647195 0 0.8854548 0.4647256 0 0.8854562 0.4647228 0 0.9709416 0.2393165 0 0.9709416 0.2393165 0 1 -1.9826e-5 0 1 -1.98334e-5 0 0.5680657 -0.8229833 0 0.568067 -0.8229824 0 0.3546046 -0.9350165 0 0.354604 -0.9350166 0 -0.1205356 -0.9927091 0 -0.1205353 -0.9927091 0 -0.354605 -0.9350163 0 -0.5680657 -0.8229833 0 -0.5680658 -0.8229833 0 -0.5680644 0.8229842 0 -0.5680644 0.8229841 0 -0.3546051 0.9350162 0 -0.3546048 0.9350163 0 -0.1205374 0.9927089 0 -0.120537 0.9927089 0 0.1205375 0.9927088 0 0.1205375 0.9927089 0 0.3546047 0.9350164 0 0.3546042 0.9350166 0 0.5680643 0.8229843 0 0.5680656 0.8229833 0 0.9709416 -0.2393171 0 1 -1.95205e-5 0 0.9709433 -0.2393098 0 0.885454 -0.464727 0 0.8854572 -0.464721 0 -0.885454 -0.4647271 0 -0.9709414 -0.2393176 0 -0.8854554 -0.4647243 0 -1 5.82919e-7 0 -1 5.59029e-7 0 -0.9709416 0.2393165 0 -0.9709416 0.2393165 0 -0.8854562 0.4647228 0 -0.8854548 0.4647256 0 0.885458 0.4647195 0 0.8854548 0.4647256 0 0.9709436 0.2393087 0 0.9709418 0.2393161 0 1 2.06456e-5 0 0.5680657 -0.8229833 0 0.5680658 -0.8229833 0 0.3546047 -0.9350163 0 0.1205356 -0.9927091 0 0.1205353 -0.9927091 0 -0.568067 -0.8229824 0 -0.5680648 0.8229838 0 -0.3546047 0.9350164 0 -0.3546041 0.9350166 0 -0.1205375 0.9927088 0 0.1205374 0.9927088 0 0.120537 0.9927089 0 0.3546048 0.9350163 0 0.3546051 0.9350162 0 0.5680644 0.8229842 0 0.5680644 0.8229841 0 0.9709394 -0.2393253 0 0.8854566 -0.4647222 0 0.885457 -0.4647215 0 -0.8854533 -0.4647287 0 -0.9709449 -0.2393034 0 -0.8854566 -0.4647222 0 -0.9709434 0.2393096 0 -0.8854536 0.4647279 0 -0.885457 0.4647215 0 0.8854573 0.4647207 0 0.8854569 0.4647215 0 0.9709396 0.2393245 0 0.970942 -0.239315 0 0.8854557 -0.4647239 0 0.8854563 -0.4647227 0 0.5680646 -0.8229839 0 0.5680652 -0.8229837 0 -0.354605 -0.9350163 0 -0.5680655 -0.8229834 0 -0.7485107 -0.6631227 0 -0.7485105 -0.6631231 0 -0.8854551 -0.464725 0 -0.8854562 -0.4647229 0 -0.9709416 -0.2393168 0 -0.9709423 -0.2393141 0 -1 -1.19451e-7 0 -1 0 0 -0.9709416 0.2393167 0 -0.9709423 0.239314 0 -0.8854549 0.4647254 0 -0.8854559 0.4647234 0 -0.7485108 0.6631226 0 -0.7485105 0.663123 0 -0.5680654 0.8229835 0 -0.5680639 0.8229845 0 -0.354605 0.9350162 0 0.3546047 0.9350164 0 0.3546041 0.9350166 0 0.5680645 0.8229842 0 0.5680651 0.8229837 0 0.8854554 0.4647243 0 0.885456 0.4647232 0 0.970942 0.2393148 0 0.9709417 0.2393162 0 1 2.32384e-5 0 1 2.32607e-5 0 0.9441143 -0.2327014 0.2334488 0.9709425 -0.2393128 6.35535e-6 1 8.3223e-6 -1.23371e-5 0.9723693 4.81308e-6 0.2334482 0.8651164 -0.2132306 0.4539896 0.8910065 -1.05798e-5 0.4539908 0.7383062 -0.1819761 0.6494527 0.7604084 1.12504e-5 0.6494454 0.570733 -0.1406733 0.8089962 0.5877833 -2.04891e-6 0.8090184 0.371578 -0.09158581 0.9238733 0.3826865 -8.88854e-6 0.9238783 0.189422 -0.04668855 0.9807851 -6.65337e-6 4.47035e-7 1 -2.06232e-5 0 1 0.1950941 -1.07884e-5 0.9807845 0.8609901 -0.4518829 0.2334477 0.8854582 -0.4647191 3.91901e-6 0.7889457 -0.4140721 0.4539924 0.6733025 -0.3533768 0.6494526 0.5204553 -0.2731557 0.8090194 0.3388647 -0.17785 0.9238724 0.1727311 -0.0906561 0.9807883 -1.61007e-5 1.40481e-5 1 0.7278386 -0.6448087 0.2333942 0.7485142 -0.6631187 -5.64754e-6 0.5680671 -0.8229824 -8.71718e-6 0.6669291 -0.5908467 0.4539889 0.5691697 -0.5042433 0.6494495 0.4399873 -0.3897943 0.8089942 0.2864331 -0.2537562 0.9238854 0.1460343 -0.1293749 0.9807835 -1.08182e-5 1.63391e-5 1 0.5523764 -0.8002551 0.2333928 0.3546084 -0.935015 9.55164e-6 0.5061519 -0.7332859 0.4539848 0.431957 -0.6257942 0.6494573 0.3338912 -0.4837261 0.8090277 0.2173823 -0.3149331 0.9238843 0.1108308 -0.1605668 0.9807828 -1.57058e-5 1.52141e-5 1 0.3448058 -0.9091836 0.23344 0.3159573 -0.8331143 0.4539732 0.2696412 -0.7109876 0.6494539 0.2084401 -0.5496112 0.8089995 0.1356977 -0.3578069 0.9238834 0.06918329 -0.1824226 0.9807832 -1.65775e-6 1.8239e-5 1 0.117205 -0.965272 0.2334805 0.1205407 -0.9927084 -2.0124e-5 -0.120542 -0.9927083 -2.03177e-5 0.1073992 -0.8845141 0.4539827 0.09165692 -0.7548585 0.6494519 0.07084912 -0.5834945 0.8090208 0.04612606 -0.3798857 0.9238827 0.02351695 -0.1936821 0.9807825 -7.09668e-6 1.9677e-5 1 -0.1172053 -0.9652779 0.2334561 -0.1073986 -0.8845066 0.4539976 -0.09165906 -0.7548784 0.6494284 -0.07084834 -0.5834905 0.8090238 -0.0461263 -0.3798808 0.9238848 -0.0235176 -0.1936794 0.980783 -2.53692e-6 2.05785e-5 1 -0.3448064 -0.9091808 0.2334503 -0.3546095 -0.9350146 1.42977e-5 -0.3159586 -0.8331139 0.453973 -0.2696438 -0.7109938 0.6494459 -0.2084301 -0.5495853 0.8090199 -0.1357077 -0.3578339 0.9238714 -0.06918537 -0.1824251 0.9807826 2.42144e-6 2.05114e-5 1 -0.5523702 -0.8002471 0.2334345 -0.568062 -0.8229858 4.85778e-6 -0.5061524 -0.7332891 0.453979 -0.4319587 -0.6257998 0.649451 -0.3339137 -0.4837601 0.8089981 -0.2173957 -0.3149514 0.9238749 -0.1108306 -0.1605671 0.9807828 6.53416e-6 1.83135e-5 1 -0.7278347 -0.6448085 0.2334066 -0.7485132 -0.6631199 1.52513e-5 -0.666918 -0.5908358 0.4540194 -0.5691698 -0.5042406 0.6494515 -0.4399807 -0.389784 0.8090028 -0.2864338 -0.2537578 0.9238846 -0.1460353 -0.1293762 0.9807832 1.99825e-5 1.14106e-5 1 -0.8609918 -0.4518807 0.2334461 -0.8854542 -0.4647266 -1.40816e-5 -0.9709424 -0.2393133 -2.66731e-6 -0.7889521 -0.4140726 0.4539807 -0.6733001 -0.3533775 0.6494547 -0.5204525 -0.273155 0.8090214 -0.3388425 -0.1778395 0.9238826 -0.1727542 -0.09066903 0.980783 1.65328e-5 1.40928e-5 1 -0.9441108 -0.2327049 0.2334594 -0.8651399 -0.2132377 0.4539412 -0.7383047 -0.1819754 0.6494545 -0.5707312 -0.140672 0.8089978 -0.3715516 -0.09157752 0.9238847 -0.1894358 -0.04669111 0.9807823 1.67042e-5 -8.22358e-7 1 -0.97237 0 0.2334451 -1 5.54696e-6 1.88872e-5 -0.9709425 0.2393129 2.24859e-5 -0.8910271 0 0.4539504 -0.7604079 -1.83645e-7 0.6494459 -0.5877771 0 0.8090229 -0.3826707 -9.7818e-7 0.9238849 -0.1951012 2.32401e-7 0.9807832 1.97589e-5 -4.83822e-6 1 -0.9441137 0.232703 0.2334492 -0.8854549 0.4647253 -2.06754e-5 -0.8651228 0.2132344 0.4539753 -0.7383053 0.1819776 0.6494532 -0.5707287 0.1406718 0.8089996 -0.3715494 0.09157747 0.9238857 -0.1893915 0.04668062 0.9807915 1.71587e-5 3.68804e-7 1 -0.8609911 0.4518825 0.2334447 -0.7889484 0.4140716 0.4539881 -0.6733013 0.353376 0.6494541 -0.5204526 0.273157 0.8090208 -0.3388408 0.177838 0.9238834 -0.1727532 0.09066814 0.9807832 1.55568e-5 -1.33775e-5 1 -0.7278363 0.6448072 0.2334054 -0.7485143 0.6631187 -1.4551e-5 -0.6669326 0.5908494 0.4539802 -0.569171 0.5042397 0.6494511 -0.4399846 0.3897918 0.8089968 -0.2864349 0.2537568 0.9238846 -0.1460344 0.1293742 0.9807836 1.90958e-5 -1.02296e-5 1 -0.5523647 0.8002396 0.2334739 -0.5680602 0.822987 -2.48849e-6 -0.5061555 0.7332926 0.4539699 -0.4319563 0.6257953 0.6494566 -0.3338927 0.4837274 0.8090263 -0.2173847 0.3149383 0.9238819 -0.1108321 0.1605681 0.9807824 6.28457e-6 -1.75536e-5 1 -0.3448036 0.9091757 0.2334737 -0.3546093 0.9350146 1.30013e-5 -0.1205417 0.9927083 4.84288e-6 -0.3159548 0.8331096 0.4539837 -0.2696457 0.7110056 0.6494323 -0.2084297 0.549583 0.8090214 -0.1357077 0.3578316 0.9238724 -0.06918495 0.1824238 0.9807829 1.11293e-5 -1.53258e-5 1 -0.1172068 0.9652931 0.2333923 0.1205406 0.9927084 2.90573e-6 -0.1073977 0.8845093 0.4539924 -0.09165471 0.7548461 0.6494666 -0.07085233 0.5835261 0.8089977 -0.04613006 0.3799062 0.9238741 -0.02351695 0.193682 0.9807825 7.14138e-6 -1.71289e-5 1 0.117205 0.9652709 0.2334852 0.3546084 0.935015 1.2517e-5 0.1073998 0.8845291 0.4539533 0.09165906 0.7548773 0.6494297 0.07085251 0.5835228 0.8090001 0.04612582 0.3798854 0.9238829 0.02351647 0.1936764 0.9807836 -6.72415e-6 -1.6734e-5 1 0.3448047 0.909175 0.2334749 0.568066 0.8229831 -2.11969e-5 0.3159512 0.8330993 0.4540048 0.2696442 0.7109933 0.6494464 0.2084282 0.5495849 0.8090205 0.1357059 0.3578301 0.9238731 0.0691843 0.1824247 0.9807828 -1.05612e-5 -1.40965e-5 1 0.5523709 0.800247 0.2334334 0.7485145 0.6631186 1.19954e-6 0.5061586 0.7332976 0.4539585 0.4319543 0.6257909 0.6494624 0.3339161 0.4837599 0.8089972 0.2173939 0.3149514 0.9238753 0.1108248 0.1605574 0.980785 -1.59442e-5 -1.44988e-5 1 0.7278382 0.6448081 0.2333973 0.8854572 0.464721 3.94881e-6 0.6669292 0.590848 0.4539868 0.5691668 0.5042375 0.6494565 0.4399624 0.3897743 0.8090174 0.286445 0.2537679 0.9238783 0.1460105 0.129355 0.9807897 -1.94758e-5 -1.10678e-5 1 0.8610004 0.4518879 0.2334007 0.7889471 0.414071 0.4539909 0.6733047 0.3533799 0.6494485 0.5204512 0.2731537 0.8090227 0.3388567 0.177847 0.9238759 0.1727551 0.09066915 0.9807828 -1.53556e-5 -1.35489e-5 1 0.9441252 0.2327057 0.2334004 0.9709408 0.23932 3.56883e-6 1 -8.23894e-6 -1.32173e-5 0.9723697 6.83963e-6 0.2334467 0.8910056 -1.80528e-5 0.4539924 0.8651323 0.2132361 0.4539565 0.7383061 0.1819759 0.6494528 0.7604029 -1.06469e-5 0.6494516 0.5706987 0.1406651 0.8090218 0.587783 2.09361e-6 0.8090186 0.3715574 0.09158074 0.9238822 0.3826857 1.09002e-5 0.9238787 0.1894158 0.04668676 0.9807865 0.1950931 1.15335e-5 0.9807847 -1.00633e-5 -4.04194e-7 1 1.34036e-5 -1.84029e-6 1 0.9723696 7.77096e-6 0.233447 1 -8.2691e-6 -1.33663e-5 0.9709413 0.2393181 7.52509e-7 0.9441161 -0.2327018 0.233441 0.9709408 -0.2393199 8.59052e-6 1 1.41934e-5 -1.05314e-5 0.9723703 5.04404e-6 0.2334442 0.8651434 -0.2132371 0.4539349 0.8910078 -7.95722e-6 0.4539882 0.7383016 -0.1819732 0.6494586 0.7604072 1.60038e-5 0.6494466 0.5706942 -0.1406636 0.8090254 0.5877876 5.21541e-7 0.8090153 0.3715823 -0.09158658 0.9238716 0.382685 -1.06655e-5 0.923879 0.1894342 -0.04669111 0.9807827 -1.00359e-5 1.27032e-6 1 -1.81273e-5 9.65595e-6 1 0.1950924 -1.12597e-5 0.980785 0.8610022 -0.4518893 0.2333912 0.8854581 -0.4647194 6.63102e-7 0.7485129 -0.6631203 2.00719e-5 0.7889488 -0.4140738 0.4539853 0.6733045 -0.3533781 0.6494498 0.5204443 -0.2731502 0.8090282 0.3388388 -0.1778364 0.9238845 0.1727528 -0.0906682 0.9807833 -1.56537e-5 1.35824e-5 1 0.7278302 -0.644802 0.2334388 0.6669334 -0.5908516 0.453976 0.5691677 -0.5042411 0.6494529 0.4399842 -0.3897925 0.8089967 0.2864492 -0.253772 0.9238759 0.1460314 -0.1293728 0.9807841 -2.03103e-5 1.14143e-5 1 0.5523759 -0.8002506 0.2334095 0.5680621 -0.8229858 -2.93553e-6 0.5061524 -0.7332881 0.4539806 0.4319567 -0.6257975 0.6494545 0.3338955 -0.4837307 0.8090233 0.2173987 -0.3149562 0.9238725 0.1108319 -0.160568 0.9807825 -1.59182e-5 1.432e-5 1 0.3448103 -0.9091906 0.2334059 0.354609 -0.9350147 1.86265e-7 0.1205416 -0.9927083 -7.68155e-6 0.3159562 -0.8331021 0.4539964 0.2696405 -0.7109805 0.6494618 0.2084298 -0.5495831 0.8090213 0.1357104 -0.3578369 0.9238699 0.06917482 -0.1823988 0.9807883 1.20178e-5 -1.88798e-5 1 0.1172066 -0.9652842 0.233429 0.107401 -0.8845194 0.4539718 0.09165632 -0.7548619 0.6494481 0.07085025 -0.5835066 0.8090121 0.04612654 -0.3798828 0.9238839 0.02351552 -0.1936709 0.9807847 -6.81077e-6 1.5296e-5 1 -0.1172057 -0.9652779 0.2334552 -0.1205331 -0.9927094 -2.28435e-5 -0.3546 -0.9350182 1.45435e-5 -0.1074 -0.884517 0.4539769 -0.09165579 -0.7548521 0.6494594 -0.07085216 -0.5835215 0.809001 -0.04612797 -0.3799096 0.9238728 -0.02351361 -0.193655 0.9807879 -2.01166e-6 2.41026e-5 1 -0.3448085 -0.9091884 0.2334175 -0.3159541 -0.8331034 0.4539953 -0.2696446 -0.7109948 0.6494446 -0.2084315 -0.5495881 0.8090175 -0.1356961 -0.3577973 0.9238874 -0.06918162 -0.1824178 0.9807842 -3.31178e-6 -2.29031e-5 1 -0.5523711 -0.8002465 0.2334348 -0.5680692 -0.8229808 -9.12696e-6 -0.5061574 -0.733295 0.453964 -0.4319591 -0.6258004 0.64945 -0.3338958 -0.4837316 0.8090224 -0.217396 -0.314952 0.9238747 -0.1108418 -0.1605811 0.9807792 6.20633e-6 1.69724e-5 1 -0.7278363 -0.6448063 0.233408 -0.7485145 -0.6631185 -2.07126e-5 -0.8854579 -0.4647197 -1.84551e-5 -0.6669283 -0.5908467 0.4539901 -0.5691672 -0.5042385 0.6494555 -0.4399564 -0.3897678 0.8090237 -0.2864357 -0.2537607 0.9238832 -0.1460374 -0.1293781 0.9807826 1.13547e-5 1.67489e-5 1 -0.8610002 -0.4518877 0.2334018 -0.9709408 -0.2393199 -1.8768e-5 -0.7889369 -0.4140673 0.4540122 -0.6733025 -0.3533761 0.649453 -0.520449 -0.2731518 0.8090248 -0.3388428 -0.1778384 0.9238827 -0.1727561 -0.09066957 0.9807826 2.06307e-5 5.14463e-6 1 -0.9441154 -0.2327036 0.233442 -0.8651204 -0.2132328 0.4539808 -0.7383042 -0.1819751 0.6494551 -0.5707269 -0.1406707 0.8090009 -0.3715543 -0.09158128 0.9238834 -0.1894353 -0.04669082 0.9807825 1.94907e-5 9.96981e-6 1 -0.9723804 1.7471e-7 0.2334018 -1 5.00085e-6 1.5609e-5 -0.891013 1.35013e-7 0.4539778 -0.7604028 4.97472e-7 0.6494517 -0.5877792 -1.32284e-7 0.8090215 -0.3826728 -8.6939e-7 0.923884 -0.1951029 2.89263e-7 0.9807828 2.08467e-5 -5.05336e-6 1 -0.9441146 0.2327045 0.233444 -0.9709407 0.2393205 1.49682e-5 -0.8651211 0.2132337 0.4539792 -0.7383059 0.1819752 0.6494532 -0.5707295 0.1406719 0.8089991 -0.3715503 0.0915786 0.9238852 -0.1894333 0.04669106 0.9807828 1.97887e-5 3.241e-7 1 -0.8610011 0.4518898 0.2333936 -0.8854578 0.46472 1.60784e-5 -0.7889571 0.4140766 0.4539685 -0.6733022 0.3533771 0.6494527 -0.5204493 0.2731527 0.8090242 -0.338844 0.1778394 0.923882 -0.1727555 0.09066832 0.9807828 1.54749e-5 -1.34408e-5 1 -0.7278387 0.6448078 0.2333962 -0.7485073 0.6631267 3.2559e-6 -0.5680609 0.8229865 -1.60784e-5 -0.6669329 0.5908507 0.4539781 -0.5691651 0.5042361 0.6494591 -0.439961 0.3897719 0.8090193 -0.2864564 0.2537779 0.923872 -0.1460052 0.1293495 0.9807912 1.78441e-5 -9.09716e-6 1 -0.5523625 0.8002356 0.233493 -0.3546091 0.9350147 -1.02669e-5 -0.5061547 0.7332917 0.4539723 -0.4319621 0.6258055 0.649443 -0.3338935 0.483729 0.809025 -0.2173799 0.3149279 0.9238867 -0.1108287 0.1605623 0.9807838 6.48946e-6 -1.67936e-5 1 -0.3448103 0.9091916 0.2334023 -0.3159561 0.8331071 0.4539874 -0.2696488 0.7110074 0.6494292 -0.2084263 0.5495752 0.8090276 -0.1357074 0.3578293 0.9238732 -0.06918495 0.182427 0.9807823 -1.13267e-5 1.8321e-5 1 -0.1172057 0.965282 0.2334386 -0.120541 0.9927084 -2.04667e-5 0.1205407 0.9927085 2.47359e-6 -0.1073992 0.8845116 0.4539877 -0.09165877 0.7548757 0.6494316 -0.07084912 0.583493 0.8090219 -0.04613006 0.3799206 0.9238682 -0.0235126 0.193648 0.9807894 6.83777e-6 -1.57505e-5 1 0.1172059 0.9652782 0.2334538 0.3546096 0.9350145 -1.27777e-5 0.1074013 0.884529 0.4539532 0.09165674 0.7548617 0.6494483 0.07085192 0.5835185 0.8090033 0.04612761 0.379891 0.9238805 0.02351695 0.1936759 0.9807838 2.79583e-6 -1.73673e-5 1 0.344807 0.9091798 0.2334529 0.3159531 0.8331016 0.4539995 0.2696505 0.7110098 0.6494257 0.2084312 0.5495892 0.8090169 0.1357061 0.3578323 0.9238722 0.06918466 0.1824248 0.9807827 -1.79932e-6 -1.77994e-5 1 0.5523671 0.8002396 0.2334679 0.5680606 0.8229869 -2.06083e-5 0.7485132 0.66312 -1.4618e-5 0.5061608 0.7332972 0.4539564 0.4319593 0.6258005 0.6494497 0.3338936 0.4837256 0.809027 0.2173969 0.3149514 0.9238747 0.1108334 0.1605709 0.9807819 -8.55327e-6 -2.12714e-5 1 0.7278372 0.6448074 0.2334018 0.6669294 0.5908507 0.4539831 0.5691704 0.5042404 0.6494511 0.4399582 0.3897719 0.8090209 0.2864519 0.2537725 0.9238749 0.1460385 0.1293778 0.9807825 -1.24499e-5 -1.76281e-5 1 0.8610007 0.451888 0.2333995 0.8854579 0.4647197 0 0.788951 0.414074 0.4539816 0.6733084 0.3533788 0.6494452 0.5204796 0.2731686 0.8089994 0.3388577 0.1778456 0.9238759 0.1727538 0.09066742 0.9807831 -2.00346e-5 -4.82425e-6 1 0.9441169 0.2327018 0.2334378 0.8651416 0.2132379 0.4539381 0.8910069 7.56234e-6 0.45399 0.7604056 -6.33299e-7 0.6494485 0.7383021 0.1819749 0.6494576 0.5877878 1.36644e-5 0.8090153 0.5706915 0.1406626 0.8090274 0.3826833 -1.64285e-6 0.9238796 0.3715775 0.09158504 0.9238736 0.1894146 0.04668629 0.9807867 0.1950931 1.10473e-5 0.9807847 -1.00494e-5 -1.27964e-6 1 1.39773e-5 -1.18744e-6 1 0.9723704 -1.44839e-5 0.2334436 1 -5.04614e-6 -8.02427e-6 0.9709409 0.2393198 1.24797e-5 0.9441152 -0.2327046 0.233442 0.9709407 -0.2393206 1.76206e-5 1 9.47714e-6 -4.31889e-6 0.9723711 1.3262e-6 0.2334407 0.8651223 -0.2132334 0.4539768 0.8910053 -3.94136e-6 0.4539932 0.7383047 -0.1819749 0.6494547 0.7604046 1.33738e-5 0.6494498 0.5707287 -0.1406716 0.8089995 0.5877862 -1.9297e-6 0.8090164 0.3715516 -0.09157943 0.9238845 0.3826878 -8.93697e-6 0.9238778 0.1894342 -0.04669129 0.9807827 -8.40425e-6 1.15577e-6 1 -1.93417e-5 -3.09199e-7 1 0.1950933 -1.01384e-5 0.9807847 0.8609895 -0.4518834 0.2334491 0.8854578 -0.4647198 2.1942e-5 0.7889511 -0.4140741 0.4539809 0.6732994 -0.3533751 0.6494567 0.5204482 -0.2731516 0.8090253 0.3388649 -0.1778495 0.9238724 0.1727539 -0.09066885 0.9807831 -1.56015e-5 1.38953e-5 1 0.7278226 -0.6447951 0.2334811 0.7485144 -0.6631186 -2.07201e-5 0.5680688 -0.8229811 -5.00679e-6 0.6669169 -0.5908367 0.4540196 0.569171 -0.5042416 0.6494497 0.4399849 -0.3897919 0.8089967 0.2864468 -0.2537701 0.9238772 0.1460293 -0.1293697 0.9807848 -1.35079e-5 1.86935e-5 1 0.5523686 -0.8002438 0.2334498 0.3546001 -0.9350181 -1.91331e-5 0.5061542 -0.7332904 0.4539749 0.4319738 -0.6258195 0.6494218 0.3339135 -0.4837566 0.8090003 0.2173861 -0.3149374 0.9238819 0.1108333 -0.1605699 0.980782 -1.48267e-5 1.3344e-5 1 0.3448139 -0.9091991 0.2333677 0.3159584 -0.8331078 0.4539842 0.2696443 -0.7109901 0.6494498 0.2084293 -0.5495861 0.8090195 0.1357035 -0.3578261 0.9238751 0.06917423 -0.1823981 0.9807884 1.19787e-5 -1.85594e-5 1 0.1172071 -0.9652832 0.2334329 0.1205328 -0.9927094 -2.28435e-5 -0.1205324 -0.9927094 -2.13981e-5 0.1073993 -0.8845107 0.4539893 0.09165656 -0.7548558 0.6494552 0.07085072 -0.5835103 0.8090094 0.04612857 -0.3798966 0.9238782 0.02352106 -0.1937151 0.9807759 2.36835e-6 2.02581e-5 1 -0.1172057 -0.9652765 0.2334614 -0.3545997 -0.9350183 1.61231e-5 -0.1074004 -0.8845221 0.4539667 -0.09165614 -0.7548566 0.6494542 -0.07084786 -0.5834848 0.809028 -0.04612797 -0.3799099 0.9238727 -0.02351349 -0.1936554 0.9807878 -7.75419e-6 -2.25306e-5 1 -0.3448069 -0.9091795 0.2334546 -0.3159577 -0.8331083 0.453984 -0.2696416 -0.7109877 0.6494537 -0.2084278 -0.5495833 0.8090218 -0.1356992 -0.3578137 0.9238805 -0.06918132 -0.182416 0.9807845 3.31178e-6 2.20314e-5 1 -0.5523633 -0.8002358 0.2334903 -0.5680687 -0.8229811 3.55393e-6 -0.748513 -0.6631202 2.28509e-5 -0.5061525 -0.733289 0.453979 -0.4319567 -0.6257979 0.649454 -0.3339139 -0.4837584 0.808999 -0.2173832 -0.3149323 0.9238844 -0.1108159 -0.1605442 0.9807882 6.21378e-6 1.69054e-5 1 -0.727828 -0.6447993 0.233453 -0.6669262 -0.5908435 0.4539973 -0.5691646 -0.5042371 0.6494588 -0.4399631 -0.3897728 0.8090177 -0.2864362 -0.253761 0.923883 -0.1460379 -0.1293779 0.9807826 1.92001e-5 1.04457e-5 1 -0.8610028 -0.4518907 0.2333858 -0.8854578 -0.4647198 6.78003e-7 -0.970941 -0.2393189 1.84327e-5 -0.7889545 -0.4140767 0.4539729 -0.673302 -0.353376 0.6494536 -0.520474 -0.2731655 0.8090041 -0.3388385 -0.1778367 0.9238845 -0.1727548 -0.09066891 0.9807829 2.0653e-5 5.58421e-6 1 -0.9441165 -0.232703 0.2334383 -0.8651216 -0.2132335 0.4539783 -0.7383009 -0.1819754 0.649459 -0.5706952 -0.1406621 0.8090249 -0.3715583 -0.09158098 0.9238817 -0.1894343 -0.04669207 0.9807827 2.06754e-5 9.6038e-6 1 -0.9723814 0 0.2333979 -1 5.45091e-6 2.19718e-5 -0.9709411 0.239319 1.04755e-5 -0.8910118 0 0.4539803 -0.7604021 0 0.6494526 -0.5878103 3.37139e-7 0.8089988 -0.3826735 -7.60134e-7 0.9238837 -0.1951041 6.88211e-7 0.9807826 2.20835e-5 -4.99934e-6 1 -0.9441172 0.2327021 0.2334363 -0.8651202 0.2132327 0.4539812 -0.7383318 0.1819825 0.6494217 -0.5706964 0.1406643 0.8090237 -0.3715546 0.09157931 0.9238833 -0.1894347 0.04669129 0.9807826 1.85147e-5 -9.72301e-6 1 -0.8610017 0.4518892 0.2333934 -0.8854578 0.46472 6.63847e-6 -0.7485128 0.6631205 1.42977e-5 -0.7889525 0.4140763 0.4539768 -0.6733063 0.3533789 0.6494476 -0.5204784 0.2731677 0.8090004 -0.3388392 0.1778358 0.9238844 -0.1727544 0.09066772 0.980783 1.56164e-5 -1.32248e-5 1 -0.7278294 0.6448009 0.2334445 -0.5680619 0.8229859 -2.03401e-5 -0.6669257 0.5908473 0.453993 -0.5691683 0.5042395 0.6494536 -0.4399583 0.3897716 0.809021 -0.2864359 0.2537588 0.9238837 -0.1460409 0.1293808 0.9807817 1.92448e-5 -1.02744e-5 1 -0.5523641 0.8002332 0.2334968 -0.5061581 0.7332972 0.4539595 -0.431957 0.6257968 0.6494548 -0.3338936 0.4837265 0.8090265 -0.2174007 0.3149575 0.9238716 -0.1108264 0.1605594 0.9807845 6.45965e-6 -1.65403e-5 1 -0.3448049 0.9091756 0.2334727 -0.3546089 0.9350148 1.02073e-6 -0.1205409 0.9927084 5.11855e-6 -0.3159558 0.8331074 0.453987 -0.2696384 0.7109794 0.6494641 -0.2084288 0.5495821 0.8090223 -0.1356964 0.3577995 0.9238864 -0.06918466 0.1824266 0.9807824 -1.13025e-5 1.83433e-5 1 -0.1172059 0.9652828 0.2334352 -0.1074018 0.8845314 0.4539482 -0.09165447 0.7548469 0.6494657 -0.07084828 0.5834931 0.8090218 -0.04612594 0.3798874 0.9238821 -0.02351784 0.1936883 0.9807813 6.72601e-6 -1.5974e-5 1 0.117205 0.9652693 0.2334912 0.1205409 0.9927084 -2.04667e-5 0.3546093 0.9350147 1.54674e-5 0.1074016 0.8845324 0.4539465 0.09165734 0.754862 0.6494476 0.07085174 0.5835219 0.8090009 0.04612541 0.3798772 0.9238862 0.02351725 0.1936806 0.9807828 2.70456e-6 -1.70767e-5 1 0.3448071 0.9091809 0.2334482 0.3159554 0.8331058 0.45399 0.2696399 0.7109835 0.6494588 0.2084279 0.54958 0.809024 0.1356955 0.3578039 0.9238848 0.06918466 0.1824246 0.9807828 -1.77324e-6 -1.77547e-5 1 0.5523619 0.8002341 0.2334988 0.5680692 0.8229808 -2.06456e-5 0.7485076 0.6631262 1.02744e-5 0.5061501 0.733282 0.453993 0.4319593 0.6257981 0.6494521 0.3338899 0.4837226 0.8090302 0.217383 0.3149325 0.9238843 0.1108348 0.1605717 0.9807815 -1.60188e-5 -1.46478e-5 1 0.7278289 0.6447992 0.2334505 0.6669365 0.5908541 0.4539685 0.5691721 0.5042424 0.649448 0.4399619 0.389773 0.8090184 0.2864531 0.2537737 0.9238743 0.1460368 0.1293767 0.9807829 -1.90064e-5 -1.04569e-5 1 0.8610092 0.4518926 0.2333582 0.8854576 0.4647202 2.11298e-5 0.788953 0.4140744 0.4539777 0.6733052 0.3533791 0.6494485 0.5204515 0.273154 0.8090224 0.3388397 0.1778364 0.9238842 0.1727541 0.09066784 0.9807831 -1.45584e-5 -1.30832e-5 1 0.9441258 0.2327061 0.2333975 0.8910059 -2.15396e-5 0.453992 0.8651202 0.2132328 0.4539812 0.7604084 -1.39326e-6 0.6494453 0.7383028 0.1819752 0.6494566 0.5877879 8.31485e-6 0.8090151 0.5706965 0.1406633 0.8090239 0.3715543 0.0915814 0.9238833 0.3826872 8.97795e-6 0.923878 0.1894153 0.04668688 0.9807866 0.1950933 9.03942e-6 0.9807847 -8.46954e-6 -1.17347e-6 1 1.20103e-5 8.14255e-6 1 0.9441037 -0.232701 0.2334918 0.9709428 -0.2393118 -1.4171e-5 1 9.0003e-6 -7.14266e-6 0.9723699 1.40071e-6 0.2334457 0.8651206 -0.2132329 0.4539803 0.8910053 -9.49949e-6 0.4539929 0.7383061 -0.1819761 0.6494527 0.7604051 9.88692e-6 0.6494492 0.5707285 -0.1406715 0.8089997 0.5877828 -1.86265e-6 0.8090189 0.3715723 -0.09158408 0.9238758 0.3826878 -7.86036e-6 0.9238778 0.1894234 -0.04668915 0.9807849 -3.40492e-6 -4.2934e-7 1 -1.81869e-5 0 1 0.1950936 -8.71159e-6 0.9807847 0.8609999 -0.4518875 0.2334029 0.8854548 -0.4647256 2.27392e-5 0.788951 -0.4140741 0.4539815 0.6732997 -0.3533744 0.6494568 0.5204519 -0.2731566 0.8090213 0.3388684 -0.1778521 0.9238706 0.1727713 -0.09067815 0.9807791 -1.61007e-5 1.40257e-5 1 0.7278422 -0.6448152 0.2333651 0.7485124 -0.6631209 -2.11447e-5 0.5680617 -0.822986 4.08292e-6 0.6669322 -0.5908489 0.4539814 0.5691751 -0.5042455 0.649443 0.43996 -0.3897701 0.8090207 0.2864333 -0.2537559 0.9238852 0.1460343 -0.1293743 0.9807835 0.5523645 -0.8002382 0.2334786 0.3546087 -0.9350149 2.06158e-5 0.5061546 -0.7332882 0.453978 0.4319565 -0.6257933 0.6494585 0.3339115 -0.4837535 0.8090028 0.2173828 -0.3149353 0.9238834 0.1108334 -0.1605688 0.9807822 -1.56947e-5 1.47969e-5 1 0.34481 -0.9091914 0.2334035 0.3159577 -0.8331144 0.4539727 0.2696416 -0.7109914 0.6494495 0.2084279 -0.54958 0.8090239 0.1356977 -0.3578062 0.9238836 0.0691834 -0.1824227 0.9807832 -1.10473e-5 1.48937e-5 1 0.1172053 -0.965272 0.23348 0.1205314 -0.9927096 -2.03922e-5 -0.12054 -0.9927085 -2.24411e-5 0.1073989 -0.8845144 0.4539824 0.0916562 -0.7548561 0.6494547 0.07084757 -0.583491 0.8090235 0.04612642 -0.379885 0.9238831 0.02351707 -0.1936815 0.9807826 -7.26058e-6 2.07797e-5 1 -0.1172068 -0.9652778 0.2334553 -0.1073994 -0.8845083 0.453994 -0.0916571 -0.7548555 0.6494554 -0.07085001 -0.5834938 0.8090212 -0.04612618 -0.3798809 0.9238848 -0.02351748 -0.1936797 0.9807829 -2.75858e-6 1.847e-5 1 -0.3448096 -0.9091923 0.2334005 -0.3546094 -0.9350146 3.30061e-6 -0.3159576 -0.8331117 0.4539778 -0.269653 -0.711015 0.649419 -0.2084285 -0.54958 0.8090237 -0.1357069 -0.3578312 0.9238726 -0.06918537 -0.1824256 0.9807826 1.18874e-5 1.72108e-5 1 -0.5523699 -0.8002477 0.2334331 -0.5680669 -0.8229824 -5.03659e-6 -0.5061508 -0.7332872 0.4539837 -0.4319599 -0.6258019 0.649448 -0.3338951 -0.4837314 0.809023 -0.2173917 -0.3149456 0.9238778 -0.1108288 -0.1605624 0.9807838 6.53416e-6 1.83657e-5 1 -0.7278389 -0.6448087 0.2333931 -0.7485077 -0.6631262 -1.20774e-5 -0.6669297 -0.5908474 0.453987 -0.569166 -0.5042374 0.6494573 -0.439982 -0.3897859 0.8090012 -0.2864369 -0.2537603 0.923883 -0.1460367 -0.1293774 0.9807828 1.99825e-5 1.14329e-5 1 -0.8609998 -0.4518867 0.2334048 -0.8854579 -0.4647198 1.2733e-5 -0.9709429 -0.2393112 1.8701e-5 -0.788946 -0.41407 0.4539937 -0.6733011 -0.3533763 0.6494543 -0.5204529 -0.2731552 0.8090211 -0.3388383 -0.1778372 0.9238845 -0.1727544 -0.09066861 0.9807829 1.60262e-5 1.40965e-5 1 -0.944112 -0.2327016 0.2334583 -0.8651347 -0.2132363 0.4539517 -0.7383049 -0.1819741 0.6494547 -0.5706989 -0.1406651 0.8090218 -0.3715549 -0.09157955 0.9238833 -0.1894331 -0.0466907 0.980783 1.84998e-5 9.35234e-6 1 -0.9723829 0 0.2333917 -0.9709412 0.2393185 -9.83477e-7 -0.8910078 0 0.4539882 -0.760401 -4.209e-7 0.6494538 -0.5878142 3.15718e-7 0.808996 -0.3826746 -5.54079e-7 0.9238833 -0.1951043 -5.39017e-7 0.9807825 2.25008e-5 -4.56348e-6 1 -0.944114 0.2327034 0.2334479 -0.8854575 0.4647204 3.8147e-6 -0.8651378 0.2132359 0.453946 -0.7383055 0.181976 0.6494534 -0.5707321 0.1406732 0.808997 -0.3715553 0.09158021 0.923883 -0.1894361 0.04669111 0.9807823 2.04667e-5 0 1 -0.8609996 0.4518893 0.2334005 -0.7889441 0.4140704 0.4539967 -0.6733043 0.3533774 0.6494504 -0.5204554 0.273156 0.8090192 -0.3388375 0.1778354 0.9238852 -0.1727532 0.09066766 0.9807832 1.55568e-5 -1.34073e-5 1 -0.7278318 0.6448005 0.233438 -0.7485071 0.6631268 -2.04146e-6 -0.6669288 0.5908467 0.4539894 -0.5691678 0.5042397 0.649454 -0.4399575 0.3897679 0.8090232 -0.2864345 0.2537568 0.9238846 -0.1460344 0.1293747 0.9807835 -0.5523704 0.8002486 0.2334298 -0.5680662 0.8229829 -1.81124e-5 -0.5061644 0.7333062 0.453938 -0.4319589 0.6257984 0.649452 -0.3338972 0.4837347 0.8090201 -0.2173854 0.314938 0.9238818 -0.1108302 0.1605655 0.9807831 1.45771e-5 -1.22711e-5 1 -0.344806 0.9091848 0.2334351 -0.3546087 0.9350149 1.29938e-5 -0.1205399 0.9927085 5.23031e-6 -0.3159617 0.8331301 0.4539411 -0.2696477 0.7110111 0.6494255 -0.2084298 0.5495825 0.8090218 -0.1357067 0.3578296 0.9238732 -0.06918388 0.1824218 0.9807833 1.75647e-6 -1.86563e-5 1 -0.1172057 0.9652721 0.2334794 0.1205314 0.9927095 2.66731e-6 -0.1074004 0.8845292 0.4539531 -0.09165811 0.7548703 0.6494379 -0.07085144 0.5835172 0.8090042 -0.0461291 0.3799041 0.923875 -0.02351683 0.193682 0.9807825 6.99516e-6 -1.72555e-5 1 0.1172065 0.9652813 0.2334412 0.3546089 0.9350147 1.25691e-5 0.107396 0.8845052 0.4540008 0.09165525 0.7548465 0.6494661 0.07084876 0.5834933 0.8090217 0.04612588 0.3798847 0.9238831 0.02351641 0.1936761 0.9807838 -7.25128e-6 -1.83359e-5 1 0.3448082 0.9091846 0.2334325 0.5680604 0.822987 1.49012e-6 0.3159512 0.8330996 0.4540045 0.2696449 0.7109938 0.6494455 0.2084282 0.5495857 0.8090201 0.135706 0.3578299 0.9238733 0.06918448 0.182425 0.9807828 -6.48201e-7 -1.5758e-5 1 0.5523658 0.8002401 0.2334694 0.7485141 0.663119 -1.97068e-5 0.5061526 0.7332889 0.453979 0.4319537 0.6257908 0.6494627 0.3339146 0.4837594 0.8089981 0.2173957 0.314955 0.9238737 0.1108275 0.1605613 0.9807841 -1.59442e-5 -1.44541e-5 1 0.7278438 0.6448131 0.2333655 0.8854547 0.4647258 1.89096e-5 0.6669313 0.5908496 0.4539817 0.5691686 0.5042397 0.6494532 0.439961 0.3897725 0.8090192 0.2864435 0.2537659 0.9238793 0.1460105 0.1293549 0.9807897 -1.94684e-5 -1.10455e-5 1 0.8609922 0.4518834 0.2334391 0.7889522 0.4140737 0.4539796 0.6733006 0.3533776 0.6494541 0.5204815 0.2731694 0.8089979 0.3388633 0.1778473 0.9238735 0.172755 0.09066814 0.9807829 -1.45882e-5 -1.30609e-5 1 0.9441146 0.2327049 0.2334441 0.970943 0.2393111 -1.73897e-5 1 -9.01753e-6 -5.58794e-6 0.9723696 1.30534e-5 0.2334473 0.8910046 -1.61082e-5 0.4539945 0.865119 0.2132323 0.4539834 0.7383072 0.181976 0.6494516 0.7604036 -1.00508e-5 0.649451 0.5706944 0.1406639 0.8090252 0.5877878 1.11759e-6 0.8090152 0.3715516 0.09157794 0.9238848 0.3826861 9.70438e-6 0.9238784 0.1894592 0.04669761 0.9807775 0.1950941 8.89413e-6 0.9807846 -7.20085e-6 4.21889e-7 1 1.33067e-5 7.88551e-6 1 0.9441238 -0.2327066 0.2334051 0.970943 -0.239311 -2.03028e-5 1 8.99285e-6 -5.59259e-6 0.9723697 1.43051e-6 0.2334467 0.8651204 -0.2132316 0.4539812 0.8910047 -9.43989e-6 0.4539941 0.7383074 -0.1819769 0.6494511 0.7604035 1.00657e-5 0.6494511 0.5707287 -0.1406718 0.8089996 0.5877878 -1.12504e-6 0.8090152 0.3715719 -0.09158354 0.923876 0.3826861 -9.72673e-6 0.9238785 0.1894233 -0.04668903 0.9807848 -7.18981e-6 -4.34928e-7 1 -1.71587e-5 -3.68804e-7 1 0.195092 -9.54233e-6 0.980785 0.8610004 -0.4518886 0.233399 0.885455 -0.4647253 1.17868e-5 0.7889677 -0.4140829 0.4539441 0.6733015 -0.3533756 0.6494542 0.5204526 -0.273157 0.8090208 0.3388638 -0.1778503 0.9238727 0.1727684 -0.09067553 0.9807799 -1.55568e-5 1.33775e-5 1 0.727829 -0.6448032 0.233439 0.7485115 -0.6631219 -2.08616e-5 0.5680636 -0.8229848 -8.46386e-6 0.6669348 -0.5908529 0.4539722 0.5691725 -0.5042423 0.6494479 0.4399846 -0.3897918 0.8089968 0.286433 -0.253759 0.9238845 0.1460342 -0.1293745 0.9807836 -1.90958e-5 1.02296e-5 1 0.5523717 -0.8002484 0.2334268 0.3546075 -0.9350153 -7.37607e-6 0.5061547 -0.733289 0.4539768 0.4319717 -0.6258168 0.6494258 0.3338927 -0.4837274 0.8090263 0.2173847 -0.3149383 0.9238819 0.1108322 -0.160568 0.9807824 -6.28457e-6 1.75536e-5 1 0.3448085 -0.909191 0.233407 0.3159548 -0.8331096 0.4539837 0.2696447 -0.711003 0.6494355 0.2084252 -0.5495754 0.8090277 0.1356981 -0.3578057 0.9238838 0.06918406 -0.1824242 0.9807829 -1.11293e-5 1.53258e-5 1 0.1172056 -0.9652736 0.2334733 0.1205421 -0.9927082 1.08778e-6 -0.1205403 -0.9927085 -1.98483e-5 0.1073999 -0.8845272 0.4539572 0.09165543 -0.7548487 0.6494635 0.07084906 -0.5834956 0.8090199 0.04612702 -0.3798854 0.9238827 0.02351719 -0.193682 0.9807825 -7.14138e-6 1.71289e-5 1 -0.1172078 -0.9652894 0.2334071 -0.1074001 -0.8845316 0.4539482 -0.09165859 -0.7548832 0.649423 -0.07084977 -0.5834973 0.8090187 -0.04612582 -0.3798854 0.9238829 -0.02351659 -0.1936764 0.9807836 6.72415e-6 1.6734e-5 1 -0.3448085 -0.9091934 0.2333977 -0.3546074 -0.9350153 1.78516e-5 -0.3159593 -0.8331173 0.4539663 -0.2696428 -0.7109889 0.6494517 -0.2084271 -0.5495759 0.809027 -0.1357059 -0.3578301 0.9238731 -0.06918442 -0.1824247 0.9807828 1.05612e-5 1.40965e-5 1 -0.5523604 -0.8002333 0.2335059 -0.5680687 -0.8229812 1.09971e-5 -0.5061589 -0.7332978 0.4539578 -0.4319699 -0.6258167 0.6494271 -0.3338939 -0.4837315 0.8090234 -0.2173967 -0.3149549 0.9238735 -0.1108297 -0.160564 0.9807835 1.59442e-5 1.44988e-5 1 -0.7278382 -0.6448082 0.2333968 -0.7485139 -0.6631192 6.89179e-6 -0.6669293 -0.5908483 0.4539865 -0.5691653 -0.5042371 0.6494581 -0.4399837 -0.38979 0.8089983 -0.2864354 -0.2537599 0.9238836 -0.146035 -0.1293762 0.9807832 1.94758e-5 1.10678e-5 1 -0.8609918 -0.4518831 0.2334417 -0.8854582 -0.4647188 4.76837e-7 -0.9709431 -0.2393106 1.08853e-5 -0.7889479 -0.4140717 0.453989 -0.6733053 -0.3533794 0.6494483 -0.520455 -0.2731568 0.8090192 -0.3388389 -0.1778347 0.9238848 -0.1727549 -0.09066945 0.9807828 1.53556e-5 1.35489e-5 1 -0.9441127 -0.2327029 0.2334536 -0.865136 -0.2132367 0.4539492 -0.7383067 -0.1819751 0.6494524 -0.5706999 -0.1406645 0.8090211 -0.3715571 -0.09158021 0.9238823 -0.1894352 -0.04669117 0.9807826 1.92448e-5 9.00403e-6 1 -0.9723829 -1.38345e-7 0.2333918 -1 5.36197e-6 1.88872e-5 -0.970941 0.2393192 6.48946e-6 -0.8909875 0 0.4540278 -0.7604011 -3.92523e-7 0.6494539 -0.5877772 3.48373e-7 0.8090229 -0.3826729 -7.15081e-7 0.9238839 -0.1951039 -5.96359e-7 0.9807826 2.09883e-5 -4.52064e-6 1 -0.944113 0.2327027 0.2334524 -0.8854572 0.464721 1.64062e-5 -0.8651174 0.213232 0.453987 -0.7383044 0.1819753 0.6494549 -0.570733 0.1406733 0.8089962 -0.3715569 0.09158104 0.9238823 -0.1894357 0.04669243 0.9807824 2.06232e-5 0 1 -0.8609991 0.4518882 0.2334049 -0.7889451 0.4140709 0.4539945 -0.6733027 0.3533763 0.6494526 -0.5204553 0.2731557 0.8090194 -0.3388402 0.1778369 0.9238839 -0.1727539 0.09066861 0.9807831 1.61007e-5 -1.40481e-5 1 -0.7278383 0.644808 0.2333967 -0.7485142 0.6631188 -1.09896e-5 -0.6669282 0.5908446 0.4539927 -0.5691709 0.504243 0.6494486 -0.4399873 0.3897943 0.8089942 -0.2864326 0.2537566 0.9238854 -0.1460345 0.1293745 0.9807835 1.08182e-5 -1.63391e-5 1 -0.5523697 0.8002461 0.2334395 -0.568067 0.8229823 -1.70618e-6 -0.5061517 0.7332875 0.4539825 -0.4319555 0.6257944 0.6494581 -0.3338912 0.4837261 0.8090277 -0.2173823 0.3149331 0.9238843 -0.1108307 0.1605668 0.9807828 1.57058e-5 -1.52141e-5 1 -0.3448032 0.9091757 0.2334746 -0.3546087 0.9350148 5.96046e-7 -0.1205401 0.9927086 1.5147e-5 -0.3159573 0.8331143 0.4539732 -0.2696419 0.7109907 0.6494503 -0.2084296 0.5495818 0.8090222 -0.1357066 0.357829 0.9238735 -0.06918418 0.1824223 0.9807832 1.65775e-6 -1.8239e-5 1 -0.117207 0.9652794 0.2334487 0.1205317 0.9927095 1.57654e-5 -0.1073992 0.8845114 0.4539881 -0.09165644 0.7548564 0.6494544 -0.0708484 0.5834912 0.8090233 -0.04612898 0.3799098 0.9238727 -0.02351671 0.1936822 0.9807825 7.09668e-6 -1.9677e-5 1 0.117205 0.965271 0.2334845 0.3546086 0.9350149 -7.58469e-6 0.1073985 0.8845092 0.4539924 0.09165549 0.754849 0.6494632 0.07085281 0.5835223 0.8090004 0.0461263 0.3798808 0.9238848 0.02351748 0.1936794 0.9807831 2.53692e-6 -2.05785e-5 1 0.3448073 0.9091827 0.2334408 0.5680609 0.8229866 -1.94833e-5 0.3159486 0.8330911 0.4540218 0.2696442 0.7109947 0.6494449 0.2084296 0.5495862 0.8090193 0.1357077 0.3578339 0.9238714 0.06918525 0.1824252 0.9807826 -2.42144e-6 -2.05114e-5 1 0.5523697 0.8002459 0.2334401 0.7485138 0.6631193 1.55643e-5 0.5061547 0.7332929 0.4539701 0.4319555 0.6257945 0.649458 0.3339099 0.4837516 0.8090047 0.2173913 0.314947 0.9238774 0.1108248 0.1605582 0.9807849 -6.53416e-6 -1.83135e-5 1 0.7278433 0.6448128 0.233368 0.8854548 0.4647257 -1.56611e-5 0.6669313 0.59085 0.4539812 0.5691761 0.5042458 0.649442 0.439965 0.3897746 0.8090159 0.2864426 0.2537645 0.9238801 0.1460466 0.1293861 0.9807801 -1.99825e-5 -1.14106e-5 1 0.8610097 0.4518927 0.2333567 0.7889513 0.4140738 0.4539811 0.6732956 0.353374 0.6494613 0.5204786 0.2731687 0.809 0.3388639 0.1778465 0.9238733 0.1727544 0.09066867 0.9807829 -1.65328e-5 -1.40928e-5 1 0.9441231 0.2327059 0.2334087 0.9709428 0.2393121 -2.40654e-6 1 -9.01299e-6 -7.14511e-6 0.9723698 1.30758e-5 0.2334463 0.891005 -1.60709e-5 0.4539937 0.8651177 0.213232 0.4539864 0.738305 0.181976 0.649454 0.7604048 -9.85712e-6 0.6494495 0.5706949 0.1406636 0.8090248 0.5877828 1.86265e-6 0.8090189 0.3715533 0.0915786 0.923884 0.3826876 7.89762e-6 0.9238779 0.1894164 0.0466873 0.9807863 0.1950931 8.86247e-6 0.9807847 -3.4085e-6 4.16301e-7 1 1.40965e-5 8.17329e-6 1 0.9723702 -1.45361e-5 0.2334448 1 -5.28607e-6 -2.17557e-6 0.9709408 0.2393198 1.27405e-5 0.944115 -0.2327046 0.2334426 0.9709407 -0.2393205 1.49682e-5 1 3.96371e-6 -9.18063e-6 0.9723709 1.35601e-6 0.2334418 0.8651216 -0.2132335 0.4539782 0.8910062 -4.08292e-6 0.4539911 0.7383067 -0.1819752 0.6494523 0.760407 1.32248e-5 0.649447 0.5707295 -0.1406719 0.8089991 0.5877881 -1.9446e-6 0.809015 0.3715503 -0.0915786 0.9238852 0.3826875 -8.89599e-6 0.923878 0.1894333 -0.04669106 0.9807828 -8.47131e-6 1.16322e-6 1 -1.97887e-5 -3.241e-7 1 0.1950932 -9.07294e-6 0.9807847 0.8609914 -0.4518837 0.2334417 0.8854578 -0.46472 1.60784e-5 0.788952 -0.4140743 0.4539796 0.6732989 -0.3533751 0.6494573 0.5204471 -0.2731531 0.8090256 0.3388646 -0.1778495 0.9238725 0.1727554 -0.09066843 0.9807828 -1.54749e-5 1.34408e-5 1 0.7278355 -0.6448057 0.2334122 0.7485073 -0.6631267 3.2559e-6 0.5680609 -0.8229865 -1.60784e-5 0.666927 -0.5908492 0.4539887 0.5691743 -0.5042446 0.6494445 0.4399905 -0.3897983 0.8089905 0.2864446 -0.2537664 0.9238789 0.1460617 -0.1293985 0.9807763 -1.78441e-5 9.09716e-6 1 0.5523757 -0.8002542 0.2333973 0.3546091 -0.9350147 -1.02669e-5 0.5061562 -0.7332935 0.4539677 0.4319565 -0.6257942 0.6494577 0.3339079 -0.4837488 0.8090072 0.217385 -0.3149351 0.923883 0.1108111 -0.1605368 0.9807899 -6.48946e-6 1.67936e-5 1 0.3448075 -0.9091838 0.2334368 0.3159577 -0.8331138 0.4539738 0.2696385 -0.7109804 0.6494629 0.208442 -0.5496163 0.8089956 0.1357057 -0.3578279 0.923874 0.06918692 -0.1824326 0.9807811 1.13267e-5 -1.8321e-5 1 0.1172047 -0.9652694 0.2334914 0.120541 -0.9927084 -2.04667e-5 -0.1205407 -0.9927085 2.47359e-6 0.1073986 -0.8845072 0.4539962 0.09165561 -0.7548546 0.6494566 0.07084786 -0.5834859 0.8090271 0.04612958 -0.3799055 0.9238744 0.02351707 -0.1936775 0.9807834 -6.83777e-6 1.57505e-5 1 -0.1172055 -0.9652727 0.2334771 -0.3546096 -0.9350145 -1.27777e-5 -0.107402 -0.8845366 0.4539382 -0.09166067 -0.7548828 0.6494231 -0.07084798 -0.5834913 0.8090233 -0.04612821 -0.3799076 0.9238737 -0.02351856 -0.1936949 0.9807799 -2.79583e-6 1.73673e-5 1 -0.3448072 -0.9091783 0.2334585 -0.3159626 -0.8331244 0.453951 -0.2696499 -0.71101 0.6494257 -0.2084299 -0.5495849 0.8090201 -0.135701 -0.3578166 0.9238792 -0.06918394 -0.182424 0.9807829 1.79932e-6 1.77994e-5 1 -0.552368 -0.8002427 0.2334548 -0.5680606 -0.8229869 -2.06083e-5 -0.7485132 -0.66312 -1.4618e-5 -0.5061488 -0.7332817 0.4539949 -0.4319593 -0.6258005 0.6494497 -0.3339137 -0.4837562 0.8090004 -0.2173773 -0.3149265 0.9238877 -0.1108109 -0.1605384 0.9807897 8.55327e-6 2.12714e-5 1 -0.7278308 -0.6448007 0.2334402 -0.6669332 -0.590853 0.4539746 -0.5691676 -0.5042415 0.6494526 -0.4399552 -0.3897686 0.8090241 -0.2864634 -0.2537827 0.9238685 -0.1460385 -0.1293778 0.9807825 1.24499e-5 1.76281e-5 1 -0.860992 -0.4518848 0.2334372 -0.885458 -0.4647194 6.63847e-6 -0.9709411 -0.2393188 1.39028e-5 -0.788952 -0.414075 0.4539787 -0.6733034 -0.3533764 0.6494519 -0.520477 -0.2731678 0.8090013 -0.338838 -0.1778363 0.9238849 -0.1727535 -0.0906679 0.9807831 2.00346e-5 4.82425e-6 1 -0.9441165 -0.2327029 0.2334383 -0.8651208 -0.2132334 0.4539797 -0.7383044 -0.1819759 0.6494547 -0.5706977 -0.1406641 0.8090228 -0.3715552 -0.09157896 0.9238832 -0.1894333 -0.04669183 0.9807828 1.87829e-5 8.90437e-6 1 -0.9723816 0 0.2333972 -1 5.36477e-6 2.19718e-5 -0.9709411 0.2393187 1.63987e-5 -0.8910115 0 0.4539808 -0.7604013 -1.50758e-7 0.6494536 -0.5878103 2.84199e-7 0.8089988 -0.3826741 -6.36093e-7 0.9238834 -0.1951045 6.44541e-7 0.9807825 2.24859e-5 -4.94905e-6 1 -0.9441266 0.2327045 0.233396 -0.8651201 0.2132332 0.4539813 -0.7383004 0.1819749 0.6494596 -0.5706939 0.1406623 0.8090258 -0.3715553 0.09158027 0.923883 -0.1894342 0.04669111 0.9807827 1.81273e-5 -9.65595e-6 1 -0.8610023 0.4518902 0.233389 -0.8854581 0.4647194 6.63102e-7 -0.7889522 0.4140765 0.4539768 -0.6733014 0.3533756 0.6494544 -0.5204761 0.2731672 0.8090021 -0.3388404 0.1778358 0.923884 -0.1727529 0.09066808 0.9807833 1.56537e-5 -1.35824e-5 1 -0.7278382 0.6448085 0.2333954 -0.5680617 0.822986 4.38094e-6 -0.6669169 0.5908354 0.4540215 -0.5691697 0.5042405 0.6494517 -0.4399604 0.389771 0.8090202 -0.2864394 0.2537643 0.9238811 -0.1460419 0.1293818 0.9807814 2.03103e-5 -1.14143e-5 1 -0.552371 0.8002435 0.2334454 -0.506158 0.7332966 0.4539605 -0.4319574 0.6257996 0.6494518 -0.3338946 0.4837303 0.8090238 -0.2173844 0.3149343 0.9238833 -0.1108301 0.1605653 0.9807832 1.59182e-5 -1.432e-5 1 -0.3448027 0.9091722 0.2334892 -0.354609 0.9350147 1.86265e-7 -0.1205416 0.9927083 -7.68155e-6 -0.3159602 0.8331178 0.4539648 -0.2696405 0.7109805 0.6494618 -0.2084415 0.5496174 0.8089949 -0.1357092 0.3578374 0.9238698 -0.06918585 0.1824265 0.9807823 -1.20178e-5 1.88798e-5 1 -0.1172043 0.965273 0.2334765 -0.1074006 0.8845235 0.4539641 -0.09165692 0.7548617 0.6494481 -0.07084792 0.583485 0.8090277 -0.04612499 0.3798869 0.9238823 -0.02351808 0.1936857 0.9807818 6.81077e-6 -1.5296e-5 1 0.1172073 0.9652754 0.2334651 0.1205331 0.9927094 -2.28435e-5 0.3546 0.9350182 1.45435e-5 0.1073996 0.8845096 0.4539914 0.09165954 0.7548803 0.6494262 0.07085168 0.5835107 0.8090088 0.04613035 0.379912 0.9238716 0.02351748 0.1936802 0.9807828 2.01166e-6 -2.41026e-5 1 0.3448061 0.9091799 0.2334539 0.3159568 0.8331102 0.453981 0.2696424 0.71099 0.6494508 0.2084259 0.5495743 0.8090283 0.1356959 0.3578075 0.9238833 0.06918573 0.1824279 0.980782 3.31178e-6 2.29031e-5 1 0.5523691 0.8002443 0.2334473 0.5680683 0.8229815 3.50177e-6 0.7485072 0.6631268 -1.31652e-5 0.5061535 0.733289 0.4539779 0.4319579 0.6257975 0.6494537 0.3338937 0.4837298 0.8090245 0.2173842 0.314935 0.9238832 0.1108327 0.1605686 0.9807823 -6.20633e-6 -1.69724e-5 1 0.7278356 0.6448057 0.2334118 0.666917 0.590837 0.4540193 0.5691719 0.5042425 0.649448 0.4399605 0.3897708 0.8090201 0.286452 0.2537745 0.9238743 0.1460374 0.129378 0.9807826 -1.13547e-5 -1.67489e-5 1 0.8609998 0.4518875 0.2334032 0.8854576 0.4647203 2.07722e-5 0.7889504 0.4140736 0.4539827 0.6732984 0.3533747 0.649458 0.5204464 0.2731521 0.8090263 0.3388428 0.1778384 0.9238827 0.1727563 0.09066921 0.9807826 -2.06307e-5 -5.14463e-6 1 0.9441064 0.2327015 0.2334806 0.8910058 -2.15173e-5 0.4539921 0.8651217 0.2132332 0.4539781 0.7604079 -1.50502e-6 0.6494459 0.7383034 0.181975 0.649456 0.5877871 8.18819e-6 0.8090157 0.5706968 0.1406638 0.8090234 0.3715558 0.09157884 0.923883 0.3826875 9.01148e-6 0.9238778 0.189415 0.0466867 0.9807867 0.1950937 1.00173e-5 0.9807847 -8.40248e-6 -1.16602e-6 1 1.08704e-5 7.53347e-6 1 0.9441244 -0.2327045 0.2334046 0.9709427 -0.2393122 5.73695e-7 1 8.24034e-6 -1.32162e-5 0.9723693 4.76837e-6 0.2334478 0.865135 -0.213234 0.4539524 0.8910067 -1.06692e-5 0.4539902 0.7383063 -0.1819767 0.6494523 0.7604029 1.06394e-5 0.6494519 0.5707321 -0.1406732 0.808997 0.5877835 -2.03401e-6 0.8090184 0.3715773 -0.09158521 0.9238736 0.3826858 -1.0848e-5 0.9238786 0.189423 -0.04668879 0.980785 -1.00583e-5 3.94881e-7 1 -2.04667e-5 0 1 0.1950947 -1.10399e-5 0.9807844 0.8610004 -0.4518893 0.233398 0.8854584 -0.4647187 -8.64267e-6 0.7889636 -0.4140816 0.4539526 0.6733045 -0.3533769 0.6494504 0.5204554 -0.273156 0.8090192 0.3388609 -0.1778486 0.923874 0.1727688 -0.09067624 0.9807797 -1.55568e-5 1.34073e-5 1 0.7278387 -0.644808 0.2333955 0.7485138 -0.6631193 1.26213e-5 0.5680686 -0.8229812 1.41039e-5 0.6669298 -0.5908486 0.4539854 0.5691667 -0.5042397 0.6494548 0.4399575 -0.3897679 0.8090232 0.2864643 -0.2537871 0.9238671 0.1460341 -0.129375 0.9807835 0.5523722 -0.8002495 0.233422 0.3546071 -0.9350154 -1.95354e-5 0.5061532 -0.7332879 0.4539801 0.4319597 -0.6257983 0.6494516 0.3338972 -0.4837347 0.8090201 0.2173854 -0.314938 0.9238818 0.1108303 -0.1605654 0.9807831 -1.45771e-5 1.22711e-5 1 0.3448041 -0.9091818 0.2334492 0.3159617 -0.8331301 0.4539411 0.2696463 -0.7110064 0.6494313 0.2084373 -0.549606 0.8090039 0.1356971 -0.3578045 0.9238843 0.06918293 -0.1824221 0.9807833 -1.75647e-6 1.86563e-5 1 0.1172053 -0.9652734 0.2334743 0.1205403 -0.9927085 1.40071e-6 -0.1205422 -0.9927083 -1.87457e-5 0.1074002 -0.8845269 0.4539574 0.09165853 -0.7548756 0.6494319 0.07084888 -0.5834891 0.8090248 0.0461266 -0.3798828 0.9238839 0.02351707 -0.1936819 0.9807825 -6.99516e-6 1.72555e-5 1 -0.1172052 -0.9652793 0.2334498 -0.1073961 -0.8845077 0.4539959 -0.09165751 -0.7548784 0.6494286 -0.07084971 -0.5835011 0.809016 -0.04612588 -0.3798847 0.9238831 -0.02351653 -0.193676 0.9807838 7.25128e-6 1.83359e-5 1 -0.3448093 -0.9091928 0.2333988 -0.3546078 -0.9350152 -1.52811e-5 -0.3159605 -0.8331199 0.4539606 -0.2696529 -0.7110162 0.6494178 -0.2084274 -0.5495762 0.8090267 -0.135706 -0.3578299 0.9238733 -0.0691846 -0.1824249 0.9807827 6.48201e-7 1.5758e-5 1 -0.5523722 -0.8002492 0.2334227 -0.5680637 -0.8229845 -4.48525e-6 -0.5061519 -0.7332872 0.4539828 -0.4319699 -0.6258171 0.6494267 -0.3339129 -0.4837619 0.8089974 -0.2173984 -0.314958 0.9238719 -0.1108325 -0.1605676 0.9807825 1.59442e-5 1.44541e-5 1 -0.727835 -0.6448093 0.2334036 -0.7485119 -0.6631214 8.47131e-6 -0.6669295 -0.590847 0.4539877 -0.5691678 -0.5042386 0.6494548 -0.4399821 -0.389788 0.8090001 -0.2864334 -0.2537588 0.9238844 -0.1460351 -0.1293768 0.9807831 1.94684e-5 1.10455e-5 1 -0.8609944 -0.4518831 0.2334319 -0.885455 -0.4647253 1.32248e-5 -0.9709428 -0.2393121 -1.02967e-5 -0.7889548 -0.4140748 0.4539741 -0.6733013 -0.3533783 0.649453 -0.5204527 -0.2731549 0.8090212 -0.3388436 -0.1778371 0.9238826 -0.1727548 -0.09066843 0.9807829 1.45882e-5 1.30609e-5 1 -0.9441117 -0.2327061 0.2334545 -0.8651219 -0.2132332 0.4539779 -0.7383064 -0.1819765 0.6494523 -0.5707308 -0.1406724 0.808998 -0.37155 -0.09158021 0.9238852 -0.1894347 -0.04669195 0.9807826 1.68085e-5 9.28436e-6 1 -0.9723804 -1.47586e-7 0.2334022 -0.9709423 0.2393139 -9.23872e-6 -0.8910271 0 0.4539504 -0.7604078 -2.32569e-7 0.6494459 -0.587777 0 0.8090231 -0.3826692 -1.04972e-6 0.9238854 -0.1951007 2.22281e-7 0.9807832 1.80751e-5 -4.79165e-6 1 -0.9441222 0.2327054 0.2334129 -0.8854547 0.4647256 -1.46627e-5 -0.865122 0.2132353 0.4539766 -0.7383041 0.1819769 0.6494548 -0.5707285 0.1406715 0.8089997 -0.3715509 0.09157824 0.923885 -0.1894366 0.04669177 0.9807822 1.81869e-5 0 1 -0.8610011 0.4518867 0.2334002 -0.7889505 0.4140727 0.4539836 -0.6732994 0.3533749 0.6494569 -0.5204519 0.2731566 0.8090213 -0.3388444 0.1778399 0.9238817 -0.1727551 0.09066951 0.9807827 1.61007e-5 -1.40257e-5 1 -0.727835 0.6448074 0.2334086 -0.7485139 0.6631191 1.55568e-5 -0.6669315 0.5908469 0.4539851 -0.5691761 0.5042452 0.6494423 -0.43996 0.3897701 0.8090207 -0.2864329 0.2537564 0.9238852 -0.1460346 0.129374 0.9807835 -0.5523749 0.8002531 0.2334031 -0.5680606 0.8229869 -2.02805e-5 -0.506154 0.7332901 0.4539754 -0.4319548 0.6257936 0.6494593 -0.3339115 0.4837535 0.8090028 -0.2173828 0.3149353 0.9238834 -0.1108333 0.1605689 0.9807822 1.56947e-5 -1.47969e-5 1 -0.3448042 0.909175 0.2334757 -0.3546097 0.9350145 5.96046e-7 -0.1205418 0.9927083 1.48118e-5 -0.3159577 0.8331144 0.4539727 -0.2696417 0.7109917 0.6494491 -0.2084301 0.5495848 0.8090201 -0.1357073 0.3578316 0.9238724 -0.0691843 0.1824224 0.9807832 1.10473e-5 -1.48937e-5 1 -0.1172057 0.9652797 0.2334482 0.1205406 0.9927084 1.59666e-5 -0.1073989 0.8845115 0.4539878 -0.09165626 0.7548561 0.6494547 -0.07085305 0.5835251 0.8089984 -0.0461291 0.3799051 0.9238746 -0.02351683 0.1936816 0.9807826 7.26058e-6 -2.07797e-5 1 0.1172052 0.9652708 0.233485 0.3546082 0.935015 -7.6741e-6 0.1073994 0.8845108 0.453989 0.09165531 0.7548528 0.6494588 0.07085227 0.583522 0.8090006 0.04612618 0.3798809 0.9238848 0.02351737 0.1936798 0.9807829 2.75858e-6 -1.847e-5 1 0.3448081 0.909184 0.2334347 0.5680668 0.8229826 1.98931e-6 0.3159559 0.8331099 0.4539821 0.2696436 0.7109908 0.6494494 0.2084292 0.5495834 0.8090212 0.1357069 0.3578312 0.9238726 0.06918525 0.1824256 0.9807825 -1.18874e-5 -1.72108e-5 1 0.5523704 0.8002464 0.2334367 0.7485142 0.6631189 -1.47596e-5 0.5061519 0.733289 0.4539797 0.4319738 0.6258208 0.6494204 0.3339118 0.4837539 0.8090025 0.2173885 0.3149422 0.9238797 0.1108235 0.1605559 0.9807854 -6.53416e-6 -1.83657e-5 1 0.7278382 0.6448083 0.2333965 0.8854575 0.4647207 1.88798e-5 0.6669285 0.5908471 0.4539889 0.5691494 0.5042226 0.6494834 0.4399648 0.3897752 0.8090156 0.2864442 0.2537665 0.923879 0.1460466 0.1293862 0.9807801 -1.99825e-5 -1.14329e-5 1 0.8610082 0.4518918 0.2333639 0.7889461 0.414071 0.4539926 0.6733 0.3533763 0.6494554 0.5204514 0.2731547 0.8090223 0.3388605 0.1778483 0.9238743 0.1727546 0.09066826 0.9807829 -1.60262e-5 -1.40965e-5 1 0.9441246 0.2327045 0.233404 0.9709407 0.2393207 1.10492e-5 1 -8.32509e-6 -1.23456e-5 0.9723696 6.80238e-6 0.2334471 0.8910052 -1.81198e-5 0.4539932 0.8651321 0.2132358 0.453957 0.738305 0.181976 0.6494539 0.7604083 -1.12355e-5 0.6494455 0.5706985 0.1406644 0.8090222 0.5877831 2.07126e-6 0.8090186 0.3715559 0.09158021 0.9238827 0.3826863 8.96677e-6 0.9238784 0.1894139 0.04668623 0.9807869 0.1950939 1.08425e-5 0.9807845 -6.65096e-6 -4.55417e-7 1 1.01998e-5 7.68155e-6 1 0.9723696 7.77841e-6 0.2334471 1 -8.50891e-6 -7.53254e-6 0.9709413 0.2393181 7.03335e-6 0.9441171 -0.232702 0.2334368 0.9709408 -0.2393199 0 1 1.42455e-5 -9.71893e-6 0.9723695 5.1409e-6 0.2334475 0.8651238 -0.2132325 0.4539746 0.8910063 -7.74115e-6 0.4539911 0.738333 -0.181981 0.6494209 0.7604079 1.61007e-5 0.6494459 0.5706972 -0.1406642 0.8090232 0.5877877 7.59959e-7 0.8090152 0.371582 -0.09158563 0.9238717 0.3826874 -8.85874e-6 0.9238779 0.1894347 -0.04669129 0.9807826 -1.85147e-5 9.72301e-6 1 0.8610009 -0.4518881 0.2333983 0.8854578 -0.46472 6.63847e-6 0.7485131 -0.6631201 -1.04904e-5 0.7889466 -0.4140719 0.4539912 0.6733043 -0.3533776 0.6494503 0.5204439 -0.273152 0.8090279 0.338839 -0.1778364 0.9238844 0.1727543 -0.09066784 0.980783 -1.56164e-5 1.32248e-5 1 0.7278436 -0.6448132 0.2333663 0.6669418 -0.5908595 0.4539534 0.5691639 -0.5042348 0.6494612 0.4399865 -0.3897943 0.8089947 0.286444 -0.2537652 0.9238794 0.1460623 -0.1294002 0.980776 -1.92448e-5 1.02744e-5 1 0.5523706 -0.8002413 0.2334542 0.568062 -0.8229858 6.34789e-6 0.5061457 -0.7332789 0.4540029 0.4319618 -0.6258049 0.6494438 0.3338952 -0.4837313 0.8090229 0.2173997 -0.3149588 0.9238714 0.1108334 -0.1605727 0.9807815 -6.45965e-6 1.65403e-5 1 0.344809 -0.9091845 0.2334318 0.3546089 -0.9350148 1.02073e-6 0.1205409 -0.9927084 5.11855e-6 0.3159575 -0.8331105 0.45398 0.2696384 -0.7109794 0.6494641 0.2084276 -0.5495776 0.8090256 0.1357066 -0.3578272 0.9238741 0.06917053 -0.1823897 0.9807902 1.13025e-5 -1.83433e-5 1 0.1172068 -0.9652836 0.2334317 0.1074008 -0.8845281 0.4539551 0.09165501 -0.7548469 0.6494657 0.07085192 -0.5835192 0.8090026 0.04612755 -0.3798887 0.9238814 0.02351671 -0.1936734 0.9807842 -6.72601e-6 1.5974e-5 1 -0.1172064 -0.9652819 0.2334387 -0.1205409 -0.9927084 -2.04667e-5 -0.3546093 -0.9350147 1.54674e-5 -0.1074004 -0.8845199 0.453971 -0.09165704 -0.7548625 0.6494472 -0.07084923 -0.5834916 0.8090228 -0.04612833 -0.3799113 0.9238721 -0.02351337 -0.1936554 0.9807879 -2.70456e-6 1.70767e-5 1 -0.3448063 -0.9091796 0.233455 -0.3159528 -0.8330994 0.4540038 -0.2696505 -0.7110105 0.6494249 -0.2084285 -0.5495798 0.8090239 -0.1357077 -0.3578346 0.9238712 -0.069184 -0.1824235 0.9807831 1.77324e-6 1.77547e-5 1 -0.5523688 -0.8002442 0.2334482 -0.5680611 -0.8229864 -2.07499e-5 -0.5061535 -0.7332884 0.453979 -0.4319592 -0.6258018 0.6494485 -0.3338911 -0.4837273 0.809027 -0.2173944 -0.3149484 0.9238762 -0.1108124 -0.1605395 0.9807894 1.60188e-5 1.46478e-5 1 -0.727838 -0.6448067 0.2334015 -0.7485074 -0.6631265 3.24845e-6 -0.8854578 -0.46472 1.57431e-5 -0.6669194 -0.5908387 0.4540135 -0.5691735 -0.5042442 0.6494455 -0.4399895 -0.3897963 0.8089921 -0.2864342 -0.253758 0.9238845 -0.1460368 -0.1293768 0.9807828 1.90064e-5 1.04569e-5 1 -0.8610018 -0.4518886 0.2333942 -0.9709408 -0.23932 2.0124e-5 -0.7889555 -0.4140767 0.4539712 -0.6733042 -0.3533766 0.649451 -0.5204502 -0.2731547 0.809023 -0.3388397 -0.1778364 0.9238842 -0.1727539 -0.0906682 0.9807831 1.45584e-5 1.30832e-5 1 -0.9441155 -0.2327035 0.2334417 -0.8651187 -0.2132323 0.4539842 -0.7383034 -0.1819754 0.649456 -0.5707272 -0.1406719 0.8090007 -0.3715543 -0.09158033 0.9238834 -0.1894351 -0.046691 0.9807825 1.79857e-5 9.29926e-6 1 -0.9723702 -1.46858e-7 0.2334443 -1 5.01797e-6 1.21817e-5 -0.8910118 1.29017e-7 0.4539801 -0.7604032 3.03902e-7 0.6494513 -0.5877801 -2.26086e-7 0.8090209 -0.3826717 -6.89586e-7 0.9238845 -0.1951034 5.37409e-7 0.9807827 2.12491e-5 -4.96488e-6 1 -0.9441149 0.2327046 0.2334432 -0.9709407 0.2393206 1.76206e-5 -0.8651224 0.2132338 0.4539765 -0.7383056 0.1819754 0.6494535 -0.5707287 0.1406716 0.8089995 -0.3715516 0.09157943 0.9238845 -0.1894342 0.04669129 0.9807827 1.93417e-5 3.09199e-7 1 -0.8609997 0.4518891 0.2334004 -0.8854578 0.4647198 2.1942e-5 -0.7889544 0.4140753 0.4539743 -0.6732978 0.3533746 0.6494587 -0.5204443 0.2731507 0.8090281 -0.3388414 0.1778378 0.9238833 -0.172754 0.09066873 0.9807831 1.56015e-5 -1.38953e-5 1 -0.7278519 0.6448202 0.2333209 -0.7485144 0.6631186 -2.07201e-5 -0.5680688 0.8229811 -5.00679e-6 -0.6669315 0.5908486 0.4539826 -0.5691701 0.5042413 0.6494507 -0.439958 0.3897685 0.8090226 -0.2864571 0.2537799 0.9238713 -0.1460387 0.1293792 0.9807823 1.35079e-5 -1.86935e-5 1 -0.5523649 0.8002385 0.2334769 -0.3546001 0.9350181 -1.91331e-5 -0.5061562 0.7332938 0.4539673 -0.4319593 0.6258018 0.6494485 -0.3338983 0.4837357 0.809019 -0.2173813 0.3149296 0.9238857 -0.1108318 0.1605681 0.9807825 1.48267e-5 -1.3344e-5 1 -0.3448088 0.909188 0.2334184 -0.3159537 0.8331016 0.4539989 -0.2696425 0.7109855 0.6494556 -0.2084275 0.549579 0.8090247 -0.1357052 0.3578277 0.9238742 -0.06918531 0.182426 0.9807825 -1.19787e-5 1.85594e-5 1 -0.1172056 0.9652753 0.2334665 -0.1205328 0.9927094 -2.28435e-5 0.1205324 0.9927094 -2.13981e-5 -0.1074004 0.8845235 0.4539641 -0.09165644 0.7548611 0.6494489 -0.07085198 0.5835224 0.8090003 -0.04612916 0.3799178 0.9238694 -0.02351796 0.1936847 0.980782 -2.36835e-6 -2.02581e-5 1 0.1172053 0.9652716 0.233482 0.3545997 0.9350183 1.61231e-5 0.1073985 0.8845065 0.4539975 0.09165543 0.7548508 0.6494611 0.07085061 0.5835086 0.8090105 0.04612731 0.3798874 0.9238821 0.02351737 0.1936806 0.9807828 7.75419e-6 2.25306e-5 1 0.3448069 0.9091808 0.2334492 0.3159556 0.8331043 0.4539927 0.2696422 0.710987 0.649454 0.2084291 0.5495879 0.8090182 0.1357079 0.3578357 0.9238707 0.06918549 0.182426 0.9807824 -3.31178e-6 -2.20314e-5 1 0.5523699 0.8002454 0.2334419 0.5680687 0.8229811 3.55393e-6 0.748513 0.6631202 2.28509e-5 0.5061559 0.7332939 0.4539674 0.4319567 0.6257979 0.649454 0.3339145 0.4837579 0.808999 0.2173953 0.3149504 0.9238753 0.1108315 0.1605674 0.9807826 -6.21378e-6 -1.69054e-5 1 0.7278452 0.6448151 0.2333558 0.6669298 0.5908468 0.4539876 0.5691679 0.5042391 0.6494544 0.4399662 0.3897762 0.8090144 0.2864559 0.2537789 0.9238719 0.1460379 0.1293779 0.9807826 -1.92001e-5 -1.04457e-5 1 0.8610018 0.4518886 0.2333938 0.8854579 0.4647197 -3.7998e-7 0.7889501 0.4140738 0.4539833 0.6732998 0.3533737 0.649457 0.5204753 0.2731658 0.8090031 0.3388578 0.1778461 0.9238756 0.1727551 0.09066843 0.9807828 -2.0653e-5 -5.58421e-6 1 0.9441069 0.2326994 0.2334808 0.8651227 0.2132332 0.4539762 0.8910083 7.74115e-6 0.4539873 0.7604045 -7.6741e-7 0.6494498 0.7383 0.1819747 0.6494601 0.5877864 1.34632e-5 0.8090163 0.5706906 0.1406628 0.809028 0.3826831 -1.59815e-6 0.9238798 0.3715796 0.09158647 0.9238726 0.1894593 0.04669737 0.9807775 1.24201e-5 -1.83564e-6 1 0.9709418 -0.2393162 0 1 -1.89319e-5 0 1 1.89096e-5 0 0.9709424 -0.2393135 0 0.8854557 -0.4647238 0 0.8854556 -0.4647242 0 0.7485094 -0.6631243 0 0.7485097 -0.663124 0 0.5680619 -0.822986 0 0.5680624 -0.8229857 0 0.3546024 -0.9350172 0 0.3546041 -0.9350166 0 0.1205364 -0.992709 0 0.1205369 -0.9927089 0 -0.1205364 -0.9927089 0 -0.1205376 -0.9927088 0 -0.3546047 -0.9350163 0 -0.3546035 -0.9350168 0 -0.5680611 -0.8229865 0 -0.5680618 -0.8229858 0 -0.7485091 -0.6631246 0 -0.8854568 -0.4647218 0 -0.8854557 -0.4647238 0 -0.9709423 -0.2393139 0 -1 1.27095e-6 0 -1 -1.27095e-6 0 -0.9709423 0.2393139 0 -0.8854557 0.4647238 0 -0.8854568 0.4647218 0 -0.7485091 0.6631246 0 -0.5680617 0.822986 0 -0.5680611 0.8229864 0 -0.3546047 0.9350163 0 -0.3546035 0.9350168 0 -0.1205364 0.992709 0 -0.1205376 0.9927089 0 0.1205369 0.9927089 0 0.1205364 0.992709 0 0.354603 0.935017 0 0.3546035 0.9350168 0 0.5680633 0.8229849 0 0.5680609 0.8229867 0 0.7485094 0.6631243 0 0.7485097 0.663124 0 0.8854568 0.464722 0 0.8854545 0.464726 0 0.9709412 0.2393186 0 0.970943 0.2393111 0 1 1.89319e-5 0 1 -1.89096e-5 0 1 -2.39387e-5 0 1 2.14726e-5 0 0.9709423 -0.2393139 0 0.8854557 -0.4647238 0 0.8854568 -0.4647218 0 0.7485083 -0.6631254 0 0.5680618 -0.822986 0 0.5680611 -0.8229864 0 0.3546035 -0.9350168 0 0.3546047 -0.9350163 0 0.1205364 -0.992709 0 0.1205376 -0.9927089 0 -0.1205363 -0.992709 0 -0.120537 -0.9927089 0 -0.354603 -0.935017 0 -0.5680633 -0.8229849 0 -0.5680609 -0.8229866 0 -0.7485082 -0.6631256 0 -0.8854556 -0.4647242 0 -0.8854557 -0.4647238 0 -0.9709424 -0.2393135 0 -0.9709418 -0.2393162 0 -1 5.18893e-6 0 -1 -5.18893e-6 0 -0.9709418 0.2393162 0 -0.9709424 0.2393135 0 -0.8854557 0.4647238 0 -0.8854556 0.4647242 0 -0.7485082 0.6631256 0 -0.5680619 0.822986 0 -0.5680624 0.8229857 0 -0.354603 0.935017 0 -0.1205364 0.992709 0 -0.1205369 0.9927089 0 0.1205376 0.9927089 0 0.1205364 0.992709 0 0.3546047 0.9350163 0 0.5680611 0.8229865 0 0.5680618 0.8229858 0 0.7485083 0.6631254 0 0.8854563 0.4647229 0 0.8854563 0.4647228 0 0.970942 0.2393151 0 0.970942 0.239315 0 1 2.39387e-5 0 1 -2.14726e-5 0 0.970941 -0.2393196 0 1 -1.41934e-5 0 1 1.35377e-5 0 0.9709434 -0.2393095 0 0.8854588 -0.4647179 0 0.8854547 -0.4647256 0 0.7485127 -0.6631206 0 0.7485116 -0.6631217 0 0.5680671 -0.8229823 0 0.5680614 -0.8229863 0 0.3546049 -0.9350163 0 0.3546025 -0.9350172 0 0.1205375 -0.9927088 0 0.120535 -0.9927091 0 -0.1205375 -0.9927088 0 -0.120535 -0.9927091 0 -0.3546025 -0.9350172 0 -0.3546048 -0.9350163 0 -0.5680614 -0.8229863 0 -0.5680671 -0.8229823 0 -0.7485069 -0.663127 0 -0.7485173 -0.6631153 0 -0.8854547 -0.4647256 0 -0.8854588 -0.4647179 0 -0.9709434 -0.2393095 0 -0.970941 -0.2393196 0 -1 1.05116e-5 0 -1 -1.03158e-5 0 -0.970941 0.2393195 0 -0.9709435 0.2393094 0 -0.8854587 0.4647181 0 -0.8854547 0.4647257 0 -0.7485179 0.6631147 0 -0.7485074 0.6631265 0 -0.568067 0.8229824 0 -0.5680612 0.8229863 0 -0.3546013 0.9350177 0 -0.3546037 0.9350168 0 -0.1205375 0.9927088 0 -0.120535 0.9927091 0 0.120535 0.9927091 0 0.1205375 0.9927088 0 0.3546013 0.9350177 0 0.3546037 0.9350168 0 0.5680612 0.8229864 0 0.568067 0.8229824 0 0.7485132 0.66312 0 0.748512 0.6631212 0 0.8854547 0.4647257 0 0.8854587 0.4647181 0 0.970941 0.2393195 0 1 1.43722e-5 0 1 -1.33291e-5 0 0.970941 -0.2393195 0 1 -1.43722e-5 0 1 1.33291e-5 0 0.9709435 -0.2393094 0 0.8854587 -0.4647181 0 0.8854547 -0.4647257 0 0.7485132 -0.66312 0 0.748512 -0.6631212 0 0.568067 -0.8229824 0 0.5680612 -0.8229863 0 0.3546012 -0.9350177 0 -0.3546013 -0.9350177 0 -0.3546037 -0.9350168 0 -0.5680612 -0.8229864 0 -0.568067 -0.8229824 0 -0.7485074 -0.6631265 0 -0.7485179 -0.6631147 0 -0.8854547 -0.4647257 0 -0.8854587 -0.4647181 0 -0.9709435 -0.2393094 0 -0.970941 -0.2393195 0 -1 1.03158e-5 0 -1 -1.05116e-5 0 -0.970941 0.2393196 0 -0.9709434 0.2393095 0 -0.8854588 0.4647179 0 -0.8854547 0.4647256 0 -0.7485173 0.6631153 0 -0.7485069 0.663127 0 -0.5680671 0.8229823 0 -0.5680614 0.8229863 0 -0.3546025 0.9350172 0 -0.3546048 0.9350163 0 0.3546025 0.9350172 0 0.5680614 0.8229863 0 0.5680671 0.8229823 0 0.7485127 0.6631206 0 0.7485116 0.6631217 0 0.8854547 0.4647256 0 0.8854588 0.4647179 0 0.970941 0.2393196 0 0.9709433 0.2393095 0 1 1.41934e-5 0 1 -1.35377e-5 0 -2.41516e-7 0 1 1.4207e-6 0 1 7.10331e-7 0 1 -2.41517e-7 0 1 -7.10343e-7 0 1 2.41514e-7 0 1 -7.24542e-7 0 1 -2.41517e-7 0 1 1.42067e-6 0 1 -1.42071e-6 0 1 -3.55166e-7 0 1 -1.59825e-6 0 1 3.55171e-7 0 1 -1.0655e-6 0 1 9.66056e-7 0 1 -3.55168e-7 0 1 3.55171e-7 0 1 1.77584e-7 0 1 -1.06553e-6 0 1 2.41516e-7 0 1 1 -2.36556e-5 0 0.970941 -0.2393192 0 1 -2.36928e-5 0 0.970941 -0.2393192 0 0.8854554 -0.4647246 0 0.7485145 -0.6631186 0 0.5680642 -0.8229842 0 0.5680628 -0.8229852 0 0.3546041 -0.9350165 0 0.354606 -0.9350159 0 0.1205367 -0.9927089 0 0.1205347 -0.9927091 0 -0.1205347 -0.9927091 0 -0.1205367 -0.9927089 0 -0.354606 -0.9350159 0 -0.3546041 -0.9350165 0 -0.5680674 -0.822982 0 -0.5680595 -0.8229876 0 -0.7485145 -0.6631186 0 -0.8854554 -0.4647246 0 -0.970941 -0.2393192 0 -0.970941 -0.2393192 0 -1 0 0 -1 0 0 -0.970941 0.2393192 0 -0.970941 0.2393192 0 -0.8854554 0.4647246 0 -0.7485145 0.6631186 0 -0.5680642 0.8229842 0 -0.5680628 0.8229852 0 -0.3546041 0.9350165 0 -0.354606 0.9350159 0 -0.1205367 0.9927089 0 -0.1205347 0.9927091 0 0.1205367 0.9927089 0 0.1205347 0.9927091 0 0.3546078 0.9350151 0 0.5680675 0.8229821 0 0.5680595 0.8229876 0 0.7485145 0.6631186 0 0.8854554 0.4647246 0 0.970941 0.2393192 0 0.970941 0.2393192 0 1 2.36556e-5 0 1 2.36928e-5 0 1 2.21208e-5 0 0.9709416 -0.2393167 0 1 2.262e-5 0 0.9709415 -0.2393169 0 0.8854563 -0.4647228 0 0.748511 -0.6631225 0 0.5680646 -0.822984 0 0.3546077 -0.9350152 0 0.3546077 -0.9350152 0 -0.3546077 -0.9350152 0 -0.3546077 -0.9350152 0 -0.5680646 -0.822984 0 -0.7485109 -0.6631225 0 -0.8854562 -0.464723 0 -0.9709416 -0.2393167 0 -0.9709415 -0.2393169 0 -1 -2.67569e-7 0 -1 2.67569e-7 0 -0.9709416 0.2393167 0 -0.9709415 0.2393169 0 -0.8854563 0.4647228 0 -0.7485109 0.6631225 0 -0.7485108 0.6631227 0 -0.5680646 0.822984 0 -0.3546077 0.9350152 0 -0.3546077 0.9350152 0 -0.1205384 0.9927088 0 0.1205384 0.9927088 0 0.3546077 0.9350152 0 0.3546077 0.9350152 0 0.5680646 0.822984 0 0.748511 0.6631225 0 0.8854562 0.464723 0 0.8854563 0.4647227 0 0.9709416 0.2393167 0 0.9709415 0.2393169 0 1 -2.21208e-5 0 1 -2.262e-5 0 1 -1.88872e-5 0 0.9709309 -0.2393601 0 1 -1.25915e-5 0 0.9709524 -0.2392727 0 0.8854601 -0.4647155 0 0.8854398 -0.4647541 0 0.7485278 -0.6631035 0 0.7485073 -0.6631266 0 0.5680615 -0.8229861 0 0.5680869 -0.8229686 0 0.3545965 -0.9350194 0 0.1205328 -0.9927093 0 0.1205327 -0.9927093 0 -0.1205327 -0.9927093 0 -0.1205328 -0.9927093 0 -0.3545966 -0.9350194 0 -0.3545965 -0.9350194 0 -0.5680869 -0.8229686 0 -0.5680615 -0.8229861 0 -0.7485278 -0.6631035 0 -0.7485073 -0.6631267 0 -0.8854398 -0.4647541 0 -0.8854601 -0.4647154 0 -0.970942 -0.2393152 0 -0.9709413 -0.2393177 0 -0.9709309 0.2393601 0 -0.9709524 0.2392727 0 -0.8854601 0.4647155 0 -0.8854398 0.4647541 0 -0.7485073 0.6631267 0 -0.7485278 0.6631035 0 -0.5680615 0.8229861 0 -0.5680869 0.8229686 0 -0.3545965 0.9350194 0 -0.1205328 0.9927093 0 -0.1205327 0.9927093 0 0.1205327 0.9927093 0 0.1205328 0.9927093 0 0.3545966 0.9350194 0 0.3545965 0.9350194 0 0.5680869 0.8229686 0 0.5680615 0.8229861 0 0.7485278 0.6631035 0 0.7485073 0.6631267 0 0.8854601 0.4647154 0 0.8854398 0.4647541 0 0.9709309 0.2393601 0 0.9709524 0.2392727 0 1 1.88872e-5 0 1 1.25915e-5 0 1 2.03773e-5 0 1 2.03848e-5 0 0.8854567 -0.4647222 0 0.8854566 -0.464722 0 0.7485175 -0.6631151 0 0.5680633 -0.8229849 0 0.3546014 -0.9350177 0 0.3546013 -0.9350176 0 0.1205437 -0.9927081 0 0.1205437 -0.9927081 0 -0.1205437 -0.9927081 0 -0.1205437 -0.9927081 0 -0.3546013 -0.9350177 0 -0.3546014 -0.9350176 0 -0.5680633 -0.8229849 0 -0.7485176 -0.663115 0 -0.7485174 -0.6631153 0 -0.8854566 -0.464722 0 -0.8854567 -0.4647222 0 -0.9709417 -0.2393161 0 -0.9709417 -0.2393161 0 -0.9709418 0.2393161 0 -0.8854567 0.4647222 0 -0.8854566 0.464722 0 -0.7485174 0.6631153 0 -0.7485176 0.663115 0 -0.5680633 0.8229849 0 -0.3546014 0.9350177 0 -0.3546013 0.9350176 0 -0.1205437 0.9927081 0 -0.1205437 0.9927081 0 0.1205437 0.9927081 0 0.1205437 0.9927081 0 0.3546013 0.9350177 0 0.3546014 0.9350176 0 0.5680633 0.8229849 0 0.7485176 0.663115 0 0.7485174 0.6631153 0 0.8854568 0.464722 0 1 -2.03773e-5 0 1 -2.03773e-5 0</float_array>
          <technique_common>
            <accessor source="#_65_031-00_005_23-01umm000_00-mesh-normals-array" count="4272" stride="3">
              <param name="X" type="float"/>
              <param name="Y" type="float"/>
              <param name="Z" type="float"/>
            </accessor>
          </technique_common>
        </source>
        <vertices id="_65_031-00_005_23-01umm000_00-mesh-vertices">
          <input semantic="POSITION" source="#_65_031-00_005_23-01umm000_00-mesh-positions"/>
        </vertices>
        <triangles material="mat_0-material" count="9496">
          <input semantic="VERTEX" source="#_65_031-00_005_23-01umm000_00-mesh-vertices" offset="0"/>
          <input semantic="NORMAL" source="#_65_031-00_005_23-01umm000_00-mesh-normals" offset="1"/>
          <p>628 0 15 0 14 0 628 1 627 1 15 1 626 1 15 1 627 1 629 1 628 1 14 1 549 2 16 2 15 2 550 1 549 1 15 1 524 1 523 1 14 1 548 1 16 1 549 1 522 1 14 1 523 1 625 1 15 1 626 1 551 3 550 3 15 3 525 1 524 1 14 1 525 1 14 1 13 1 630 1 629 1 14 1 547 1 16 1 548 1 521 1 14 1 522 1 552 4 551 4 15 4 526 1 525 1 13 1 624 1 15 1 625 1 546 1 16 1 547 1 520 1 14 1 521 1 631 1 630 1 14 1 553 1 552 1 15 1 527 1 526 1 13 1 623 1 553 1 15 1 623 1 15 1 624 1 545 5 16 5 546 5 519 6 14 6 520 6 519 7 631 7 14 7 632 8 631 8 519 8 554 9 553 9 623 9 528 1 527 1 13 1 622 1 554 1 623 1 544 1 16 1 545 1 518 10 632 10 519 10 633 11 632 11 518 11 555 1 554 1 622 1 529 1 528 1 13 1 621 12 555 12 622 12 543 13 17 13 16 13 543 1 16 1 544 1 517 1 633 1 518 1 556 1 555 1 621 1 530 14 529 14 13 14 634 1 633 1 517 1 542 1 17 1 543 1 516 15 634 15 517 15 620 1 556 1 621 1 531 16 13 16 12 16 531 1 530 1 13 1 557 17 556 17 620 17 635 1 634 1 516 1 541 1 17 1 542 1 515 18 635 18 516 18 619 19 557 19 620 19 558 1 557 1 619 1 532 20 531 20 12 20 636 1 635 1 515 1 540 1 17 1 541 1 514 21 636 21 515 21 618 1 558 1 619 1 533 1 558 1 618 1 507 1 532 1 12 1 611 1 636 1 514 1 513 1 611 1 514 1 617 22 534 22 533 22 617 1 533 1 618 1 612 23 513 23 512 23 612 24 611 24 513 24 616 25 535 25 534 25 616 26 534 26 617 26 160 1 159 1 18 1 264 1 263 1 11 1 262 1 11 1 263 1 158 1 18 1 159 1 161 1 160 1 18 1 265 1 264 1 11 1 157 27 19 27 18 27 157 28 18 28 158 28 261 29 12 29 11 29 261 1 11 1 262 1 266 1 265 1 11 1 162 1 161 1 18 1 156 1 19 1 157 1 260 1 12 1 261 1 267 1 266 1 11 1 163 30 18 30 17 30 163 1 162 1 18 1 155 31 19 31 156 31 259 1 12 1 260 1 268 32 267 32 11 32 164 1 163 1 17 1 154 33 19 33 155 33 258 1 12 1 259 1 165 34 17 34 540 34 165 1 164 1 17 1 10 35 269 35 268 35 10 36 268 36 11 36 153 37 19 37 154 37 257 1 507 1 12 1 257 1 12 1 258 1 166 1 540 1 539 1 166 38 165 38 540 38 270 39 269 39 10 39 152 40 19 40 153 40 256 41 508 41 507 41 256 1 507 1 257 1 167 42 166 42 539 42 271 1 270 1 10 1 151 43 19 43 152 43 55 1 271 1 10 1 134 44 133 44 19 44 134 45 19 45 151 45 56 1 55 1 10 1 132 1 19 1 133 1 54 1 271 1 55 1 54 1 272 1 271 1 135 46 151 46 150 46 135 47 134 47 151 47 57 1 56 1 10 1 131 1 19 1 132 1 53 1 247 1 272 1 53 1 272 1 54 1 136 1 135 1 150 1 58 1 57 1 10 1 130 1 20 1 19 1 130 1 19 1 131 1 52 1 247 1 53 1 137 1 150 1 149 1 137 1 136 1 150 1 59 1 58 1 10 1 129 1 20 1 130 1 51 1 247 1 52 1 51 1 248 1 247 1 138 1 137 1 149 1 138 48 149 48 148 48 60 1 59 1 10 1 128 1 20 1 129 1 50 1 249 1 248 1 50 1 248 1 51 1 139 49 148 49 147 49 139 50 138 50 148 50 127 1 20 1 128 1 49 1 250 1 249 1 49 1 249 1 50 1 140 51 139 51 147 51 140 52 147 52 146 52 126 44 20 44 127 44 48 1 251 1 250 1 48 1 250 1 49 1 141 1 140 1 146 1 141 53 146 53 145 53 47 1 251 1 48 1 142 1 141 1 145 1 9 54 61 54 60 54 9 55 62 55 61 55 9 1 60 1 10 1 939 1 613 1 612 1 939 1 612 1 512 1 965 1 535 1 616 1 966 56 616 56 615 56 966 57 965 57 616 57 940 58 512 58 511 58 940 1 939 1 512 1 964 59 535 59 965 59 964 60 536 60 535 60 938 61 614 61 613 61 938 1 613 1 939 1 941 62 511 62 510 62 941 1 940 1 511 1 967 1 966 1 615 1 963 63 537 63 536 63 963 1 536 1 964 1 942 64 510 64 509 64 942 1 941 1 510 1 962 65 538 65 537 65 962 1 537 1 963 1 1277 66 615 66 614 66 1278 67 938 67 937 67 1278 1 614 1 938 1 1278 1 1277 1 614 1 1276 1 967 1 615 1 1276 68 968 68 967 68 1276 1 615 1 1277 1 1279 69 937 69 936 69 1279 70 1278 70 937 70 943 71 509 71 508 71 943 1 942 1 509 1 1275 1 968 1 1276 1 1280 72 1279 72 936 72 961 73 539 73 538 73 961 1 538 1 962 1 1274 1 968 1 1275 1 1274 1 969 1 968 1 1281 74 936 74 935 74 1281 1 1280 1 936 1 944 1 943 1 508 1 1273 75 969 75 1274 75 1273 76 970 76 969 76 1282 77 935 77 934 77 1282 1 1281 1 935 1 1272 78 970 78 1273 78 971 1 970 1 1272 1 1283 1 1282 1 934 1 933 1 1283 1 934 1 1271 1 971 1 1272 1 1284 1 1283 1 933 1 972 79 971 79 1271 79 1270 1 972 1 1271 1 932 1 1284 1 933 1 1285 80 1284 80 932 80 973 81 972 81 1270 81 973 82 1270 82 1269 82 931 1 1285 1 932 1 931 83 1286 83 1285 83 974 84 1269 84 1268 84 974 1 973 1 1269 1 930 85 1286 85 931 85 930 86 1261 86 1286 86 949 87 974 87 1268 87 949 88 1267 88 1266 88 949 1 1268 1 1267 1 929 89 1262 89 1261 89 929 90 1263 90 1262 90 929 1 1261 1 930 1 186 40 185 40 20 40 290 1 289 1 9 1 950 91 1266 91 1265 91 950 1 949 1 1266 1 184 37 20 37 185 37 288 1 9 1 289 1 288 1 63 1 62 1 288 1 62 1 9 1 928 92 1264 92 1263 92 928 93 1263 93 929 93 187 1 20 1 126 1 187 94 126 94 125 94 187 43 186 43 20 43 291 1 290 1 9 1 951 1 1265 1 1264 1 951 95 950 95 1265 95 927 96 1264 96 928 96 183 33 20 33 184 33 287 1 63 1 288 1 287 1 64 1 63 1 952 97 1264 97 927 97 952 1 951 1 1264 1 188 1 124 1 123 1 188 98 125 98 124 98 188 1 187 1 125 1 292 99 291 99 9 99 182 100 20 100 183 100 286 1 64 1 287 1 286 1 40 1 39 1 286 1 39 1 64 1 189 1 188 1 123 1 189 101 123 101 122 101 293 1 292 1 9 1 181 1 20 1 182 1 285 1 41 1 40 1 285 1 40 1 286 1 190 102 122 102 121 102 190 1 189 1 122 1 294 1 293 1 9 1 284 1 42 1 41 1 284 1 41 1 285 1 191 103 121 103 120 103 191 104 190 104 121 104 295 105 294 105 9 105 283 1 43 1 42 1 283 1 42 1 284 1 192 1 191 1 120 1 192 106 120 106 119 106 282 1 44 1 43 1 282 1 43 1 283 1 21 107 20 107 181 107 21 108 179 108 178 108 21 109 180 109 179 109 21 110 181 110 180 110 193 111 119 111 118 111 193 112 192 112 119 112 177 1 21 1 178 1 176 1 21 1 177 1 175 1 21 1 176 1 8 1 295 1 9 1 8 1 274 1 273 1 8 113 275 113 274 113 8 1 296 1 295 1 8 1 297 1 296 1 8 114 298 114 297 114 8 1 273 1 298 1 861 115 256 115 255 115 679 116 168 116 167 116 862 1 861 1 255 1 862 117 255 117 254 117 680 118 539 118 961 118 680 119 167 119 539 119 680 1 679 1 167 1 860 1 256 1 861 1 860 120 508 120 256 120 860 1 944 1 508 1 678 1 143 1 168 1 678 121 168 121 679 121 863 1 254 1 253 1 863 122 862 122 254 122 681 123 680 123 961 123 681 124 961 124 960 124 859 125 944 125 860 125 859 126 945 126 944 126 677 127 144 127 143 127 677 1 143 1 678 1 864 1 863 1 253 1 864 128 253 128 252 128 682 129 681 129 960 129 682 130 960 130 959 130 858 131 945 131 859 131 858 132 946 132 945 132 676 1 144 1 677 1 676 1 145 1 144 1 865 133 251 133 47 133 865 134 252 134 251 134 865 1 864 1 252 1 683 135 959 135 958 135 683 1 682 1 959 1 857 1 946 1 858 1 857 136 947 136 946 136 675 1 145 1 676 1 675 1 142 1 145 1 866 1 865 1 47 1 866 137 47 137 46 137 684 138 958 138 957 138 684 1 683 1 958 1 856 139 948 139 947 139 856 1 947 1 857 1 685 140 957 140 956 140 685 141 684 141 957 141 855 142 923 142 948 142 855 1 948 1 856 1 686 1 956 1 955 1 686 1 685 1 956 1 854 143 924 143 923 143 854 144 923 144 855 144 687 145 686 145 955 145 687 146 955 146 954 146 853 147 925 147 924 147 853 1 924 1 854 1 688 148 687 148 954 148 688 149 954 149 953 149 852 150 926 150 925 150 852 1 925 1 853 1 663 151 953 151 952 151 663 1 688 1 953 1 851 152 927 152 926 152 851 1 926 1 852 1 664 153 952 153 927 153 664 1 663 1 952 1 1095 154 673 154 672 154 1173 1 869 1 868 1 1096 1 1095 1 672 1 1096 155 672 155 671 155 1174 1 868 1 867 1 1174 1 1173 1 868 1 1094 156 674 156 673 156 1094 1 673 1 1095 1 1172 1 870 1 869 1 1172 1 869 1 1173 1 1097 1 1096 1 671 1 1097 157 671 157 670 157 1175 1 1174 1 867 1 1175 1 867 1 866 1 1093 158 142 158 675 158 1093 159 674 159 1094 159 1093 160 675 160 674 160 1171 1 870 1 1172 1 1171 1 845 1 870 1 1098 161 1097 161 670 161 1176 1 1175 1 866 1 1176 1 866 1 46 1 1092 1 142 1 1093 1 1092 1 118 1 117 1 1092 1 117 1 142 1 1170 1 845 1 1171 1 1099 1 1098 1 670 1 1099 1 670 1 669 1 1177 1 1176 1 46 1 1177 1 46 1 45 1 1091 1 118 1 1092 1 1169 1 845 1 1170 1 1169 1 846 1 845 1 1100 1 1099 1 669 1 1100 162 669 162 668 162 1168 1 847 1 846 1 1168 1 846 1 1169 1 1101 163 668 163 667 163 1101 1 1100 1 668 1 1167 1 848 1 847 1 1167 1 847 1 1168 1 1102 1 1101 1 667 1 1102 164 667 164 666 164 1166 1 849 1 848 1 1166 1 848 1 1167 1 1103 1 1102 1 666 1 1103 165 666 165 665 165 1165 1 849 1 1166 1 1165 1 850 1 849 1 1104 166 665 166 664 166 1104 167 1103 167 665 167 1164 1 851 1 850 1 1164 1 850 1 1165 1 1079 168 1104 168 664 168 22 169 174 169 173 169 22 170 175 170 174 170 22 171 21 171 175 171 835 1 1180 1 1179 1 705 172 1090 172 1089 172 706 173 705 173 1089 173 706 1 1089 1 1088 1 836 1 1179 1 1178 1 836 1 835 1 1179 1 834 1 1181 1 1180 1 834 1 1180 1 835 1 704 1 1090 1 705 1 704 174 1091 174 1090 174 837 1 1177 1 45 1 837 1 836 1 1178 1 837 175 45 175 44 175 837 1 1178 1 1177 1 707 176 706 176 1088 176 707 177 1088 177 1087 177 703 1 1091 1 704 1 703 178 118 178 1091 178 703 1 193 1 118 1 833 1 1182 1 1181 1 833 1 1181 1 834 1 708 1 707 1 1087 1 708 179 1087 179 1086 179 838 1 837 1 44 1 838 180 44 180 282 180 838 181 282 181 281 181 832 1 1158 1 1157 1 832 1 1182 1 833 1 832 1 1157 1 1182 1 702 1 193 1 703 1 702 1 194 1 193 1 709 1 708 1 1086 1 709 182 1085 182 1084 182 709 1 1086 1 1085 1 839 1 838 1 281 1 839 183 281 183 280 183 701 1 194 1 702 1 701 127 169 127 194 127 831 1 1158 1 832 1 831 1 1159 1 1158 1 710 1 709 1 1084 1 710 184 1084 184 1083 184 840 1 839 1 280 1 840 1 280 1 279 1 700 1 169 1 701 1 700 1 170 1 169 1 830 1 1160 1 1159 1 830 1 1159 1 831 1 841 185 279 185 278 185 841 186 840 186 279 186 711 187 710 187 1083 187 711 1 1083 1 1082 1 699 121 170 121 700 121 699 116 171 116 170 116 829 1 1161 1 1160 1 829 1 1160 1 830 1 712 188 1082 188 1081 188 712 189 711 189 1082 189 842 1 841 1 278 1 842 190 278 190 277 190 828 1 1162 1 1161 1 828 1 1161 1 829 1 698 1 171 1 699 1 7 1 275 1 8 1 7 1 276 1 275 1 713 191 1081 191 1080 191 713 1 712 1 1081 1 843 1 842 1 277 1 827 1 1163 1 1162 1 827 1 1162 1 828 1 714 1 1079 1 664 1 714 192 1080 192 1079 192 714 1 713 1 1080 1 826 1 1163 1 827 1 826 1 1164 1 1163 1 826 1 851 1 1164 1 367 13 23 13 22 13 368 1 367 1 22 1 498 1 497 1 7 1 366 1 23 1 367 1 496 1 7 1 497 1 369 1 368 1 22 1 499 193 7 193 6 193 499 1 498 1 7 1 365 1 23 1 366 1 495 194 7 194 496 194 495 195 276 195 7 195 370 196 22 196 173 196 370 197 173 197 172 197 370 1 369 1 22 1 500 198 499 198 6 198 364 1 23 1 365 1 494 1 276 1 495 1 494 199 277 199 276 199 371 1 370 1 172 1 371 200 172 200 171 200 371 201 171 201 698 201 501 1 500 1 6 1 363 1 23 1 364 1 493 1 277 1 494 1 493 202 843 202 277 202 502 203 501 203 6 203 362 1 23 1 363 1 503 1 502 1 6 1 361 1 23 1 362 1 504 1 503 1 6 1 505 1 504 1 6 1 506 1 505 1 6 1 991 1 696 1 695 1 913 204 820 204 819 204 992 205 991 205 695 205 992 206 695 206 694 206 914 1 913 1 819 1 914 207 819 207 844 207 990 208 696 208 991 208 990 209 697 209 696 209 912 210 821 210 820 210 912 1 820 1 913 1 993 211 992 211 694 211 993 212 694 212 693 212 915 1 843 1 493 1 915 213 844 213 843 213 915 1 914 1 844 1 989 1 697 1 990 1 989 73 372 73 371 73 989 214 371 214 698 214 989 215 698 215 697 215 911 216 822 216 821 216 911 217 821 217 912 217 994 1 993 1 693 1 994 218 693 218 692 218 916 1 915 1 493 1 916 219 493 219 492 219 988 65 373 65 372 65 988 1 372 1 989 1 910 220 823 220 822 220 910 221 822 221 911 221 995 1 994 1 692 1 995 222 692 222 691 222 917 1 916 1 492 1 917 223 492 223 491 223 909 224 824 224 823 224 909 131 823 131 910 131 987 1 373 1 988 1 987 63 374 63 373 63 918 1 917 1 491 1 918 225 491 225 490 225 996 1 995 1 691 1 996 226 691 226 690 226 986 1 374 1 987 1 986 60 375 60 374 60 908 227 825 227 824 227 908 1 824 1 909 1 997 228 690 228 689 228 997 1 996 1 690 1 919 1 918 1 490 1 919 229 490 229 489 229 985 59 375 59 986 59 907 1 826 1 825 1 907 1 825 1 908 1 998 230 689 230 714 230 998 231 997 231 689 231 920 1 919 1 489 1 906 232 826 232 907 232 24 1 358 1 357 1 24 233 359 233 358 233 24 234 360 234 359 234 24 235 361 235 360 235 24 236 23 236 361 236 653 237 355 237 354 237 601 238 485 238 484 238 654 239 354 239 353 239 654 1 653 1 354 1 602 1 601 1 484 1 602 240 484 240 483 240 652 12 355 12 653 12 652 241 356 241 355 241 600 1 485 1 601 1 600 242 486 242 485 242 655 19 654 19 353 19 655 243 353 243 352 243 603 244 602 244 483 244 603 245 483 245 482 245 651 1 24 1 357 1 651 246 357 246 356 246 651 247 356 247 652 247 599 1 486 1 600 1 599 248 487 248 486 248 656 249 352 249 351 249 656 1 655 1 352 1 604 250 603 250 482 250 604 251 482 251 481 251 650 1 24 1 651 1 598 1 487 1 599 1 598 1 488 1 487 1 657 1 656 1 351 1 657 22 351 22 376 22 5 1 481 1 506 1 5 1 506 1 6 1 5 1 604 1 481 1 5 1 605 1 604 1 649 1 24 1 650 1 597 1 920 1 489 1 597 252 488 252 598 252 597 253 489 253 488 253 658 26 657 26 376 26 658 1 375 1 985 1 658 25 376 25 375 25 658 254 985 254 984 254 606 255 605 255 5 255 1199 256 979 256 978 256 1251 257 901 257 900 257 1200 1 1199 1 978 1 1200 258 978 258 977 258 1252 1 1251 1 900 1 1252 259 900 259 899 259 1198 260 979 260 1199 260 1198 1 980 1 979 1 1250 261 901 261 1251 261 1250 1 902 1 901 1 1201 262 977 262 976 262 1201 1 1200 1 977 1 1253 1 1252 1 899 1 1253 263 899 263 898 263 1197 76 981 76 980 76 1197 264 980 264 1198 264 1249 76 903 76 902 76 1249 264 902 264 1250 264 1202 265 976 265 975 265 1202 1 1201 1 976 1 1254 1 1253 1 898 1 1254 266 898 266 897 266 648 1 24 1 649 1 596 267 921 267 920 267 596 1 920 1 597 1 1196 1 982 1 981 1 1196 75 981 75 1197 75 1248 75 903 75 1249 75 1248 1 904 1 903 1 1203 1 1202 1 975 1 1255 1 1254 1 897 1 1195 1 982 1 1196 1 1247 1 904 1 1248 1 659 268 984 268 983 268 659 1 658 1 984 1 607 269 606 269 5 269 1204 1 1203 1 975 1 1204 270 975 270 1000 270 1256 271 897 271 922 271 1256 1 1255 1 897 1 1194 1 659 1 983 1 1194 272 982 272 1195 272 1194 68 983 68 982 68 1246 273 904 273 1247 273 1246 68 905 68 904 68 1205 274 1204 274 1000 274 1205 275 1000 275 999 275 1257 276 922 276 921 276 1257 274 1256 274 922 274 647 1 24 1 648 1 595 1 921 1 596 1 595 277 1257 277 921 277 1193 1 659 1 1194 1 1245 278 905 278 1246 278 1245 279 906 279 905 279 1206 1 1205 1 999 1 1206 280 999 280 998 280 1258 1 1257 1 595 1 660 281 659 281 1193 281 608 1 607 1 5 1 1192 1 660 1 1193 1 646 1 24 1 647 1 594 282 1258 282 595 282 594 283 1259 283 1258 283 609 1 608 1 5 1 610 1 609 1 5 1 887 1 1239 1 1238 1 1017 1 1187 1 1186 1 888 284 1238 284 1237 284 888 1 887 1 1238 1 1018 1 1017 1 1186 1 1018 285 1186 285 1185 285 886 286 1240 286 1239 286 886 287 1239 287 887 287 1016 287 1187 287 1017 287 1016 286 1188 286 1187 286 1019 1 1018 1 1185 1 1019 83 1185 83 1184 83 889 288 1237 288 1236 288 889 1 888 1 1237 1 1015 1 1188 1 1016 1 1015 289 1189 289 1188 289 885 1 1240 1 886 1 885 290 1241 290 1240 290 1020 86 1184 86 1183 86 1020 85 1019 85 1184 85 890 291 1236 291 1235 291 890 85 889 85 1236 85 1014 1 1190 1 1189 1 1014 292 1191 292 1190 292 1014 293 1189 293 1015 293 884 293 1241 293 885 293 884 1 1242 1 1241 1 884 294 1243 294 1242 294 1021 1 1020 1 1183 1 1021 90 1208 90 1207 90 1021 89 1183 89 1208 89 891 295 1260 295 1259 295 891 296 1235 296 1260 296 891 1 890 1 1235 1 883 297 1244 297 1243 297 883 1 1243 1 884 1 1013 297 1192 297 1191 297 1013 1 1191 1 1014 1 892 93 891 93 1259 93 892 1 1259 1 594 1 1022 93 1021 93 1207 93 1022 92 1207 92 1206 92 882 1 1245 1 1244 1 882 298 1244 298 883 298 1012 61 661 61 660 61 1012 299 1192 299 1013 299 1012 1 660 1 1192 1 1023 300 664 300 927 300 1023 301 1206 301 998 301 1023 96 1022 96 1206 96 1023 1 927 1 851 1 1023 302 714 302 664 302 1023 1 998 1 714 1 893 1 892 1 594 1 893 303 594 303 593 303 1011 1 661 1 1012 1 1011 1 662 1 661 1 881 304 906 304 1245 304 881 1 1245 1 882 1 894 305 893 305 593 305 25 1 644 1 643 1 25 306 645 306 644 306 25 307 646 307 645 307 25 308 24 308 646 308 393 309 641 309 640 309 471 310 589 310 588 310 394 311 640 311 639 311 394 15 393 15 640 15 472 1 471 1 588 1 472 312 588 312 587 312 392 313 642 313 641 313 392 1 641 1 393 1 470 314 589 314 471 314 470 315 590 315 589 315 395 1 639 1 638 1 395 18 394 18 639 18 473 1 472 1 587 1 473 316 587 316 586 316 391 10 642 10 392 10 391 8 643 8 642 8 391 7 25 7 643 7 469 1 590 1 470 1 469 317 591 317 590 317 396 318 638 318 637 318 396 21 395 21 638 21 474 1 473 1 586 1 474 319 586 319 585 319 390 1 25 1 391 1 468 1 591 1 469 1 468 1 592 1 591 1 397 320 637 320 662 320 397 1 396 1 637 1 475 1 474 1 585 1 389 1 25 1 390 1 467 321 592 321 468 321 467 322 593 322 592 322 398 323 1011 323 1010 323 398 1 662 1 1011 1 398 1 397 1 662 1 388 1 25 1 389 1 466 1 593 1 467 1 466 1 894 1 593 1 466 324 895 324 894 324 4 1 585 1 610 1 4 325 476 325 475 325 4 326 475 326 585 326 4 1 610 1 5 1 399 327 1010 327 1009 327 399 1 398 1 1010 1 477 1 476 1 4 1 387 1 25 1 388 1 465 1 895 1 466 1 465 328 896 328 895 328 400 1 399 1 1009 1 400 329 1009 329 1008 329 478 1 477 1 4 1 386 1 25 1 387 1 464 1 896 1 465 1 464 330 871 330 896 330 401 1 400 1 1008 1 401 1 1008 1 1007 1 479 1 478 1 4 1 385 1 25 1 386 1 463 331 871 331 464 331 463 332 872 332 871 332 402 1 401 1 1007 1 402 333 1007 333 1006 333 480 1 479 1 4 1 462 1 872 1 463 1 455 1 480 1 4 1 26 334 25 334 385 334 26 335 380 335 379 335 26 336 381 336 380 336 26 337 382 337 381 337 26 338 383 338 382 338 26 1 384 1 383 1 26 339 385 339 384 339 3 1 455 1 4 1 3 340 456 340 455 340 3 341 457 341 456 341 3 342 458 342 457 342 3 343 459 343 458 343 3 344 460 344 459 344 809 1 878 1 877 1 731 142 1002 142 1001 142 810 1 809 1 877 1 810 345 877 345 876 345 732 143 1001 143 1026 143 732 144 731 144 1001 144 808 346 879 346 878 346 808 347 878 347 809 347 730 1 1002 1 731 1 730 139 1003 139 1002 139 811 348 876 348 875 348 811 349 810 349 876 349 733 147 1026 147 1025 147 733 1 732 1 1026 1 807 350 879 350 808 350 807 351 880 351 879 351 729 1 1003 1 730 1 729 136 1004 136 1003 136 812 352 875 352 874 352 812 1 811 1 875 1 734 150 1025 150 1024 150 734 1 733 1 1025 1 806 353 881 353 880 353 806 1 880 1 807 1 728 1 1004 1 729 1 728 132 1005 132 1004 132 813 354 874 354 873 354 813 1 812 1 874 1 735 152 1024 152 1023 152 735 1 734 1 1024 1 735 1 1023 1 851 1 805 1 881 1 806 1 805 355 906 355 881 355 727 131 1005 131 728 131 727 126 1006 126 1005 126 814 356 813 356 873 356 814 357 873 357 872 357 726 125 1006 125 727 125 726 1 402 1 1006 1 815 358 872 358 462 358 815 359 814 359 872 359 1147 1 739 1 738 1 1121 360 803 360 802 360 1148 1 1147 1 738 1 1148 1 738 1 737 1 1122 1 1121 1 802 1 1122 155 802 155 801 155 1120 1 803 1 1121 1 1120 361 804 361 803 361 1146 1 739 1 1147 1 1146 1 740 1 739 1 1149 1 737 1 736 1 1149 1 1148 1 737 1 1123 1 1122 1 801 1 1123 157 801 157 800 157 1145 1 715 1 740 1 1145 1 740 1 1146 1 1119 159 804 159 1120 159 1119 160 805 160 804 160 1150 1 736 1 735 1 1150 1 1149 1 736 1 1124 161 1123 161 800 161 1144 1 715 1 1145 1 1118 362 805 362 1119 362 1125 1 800 1 799 1 1125 1 1124 1 800 1 1143 1 716 1 715 1 1143 1 715 1 1144 1 1126 1 1125 1 799 1 1126 162 799 162 798 162 1142 1 716 1 1143 1 1142 1 717 1 716 1 1127 1 1126 1 798 1 1127 163 798 163 797 163 1141 1 718 1 717 1 1141 1 717 1 1142 1 1128 1 1127 1 797 1 1128 363 797 363 796 363 1140 1 719 1 718 1 1140 1 718 1 1141 1 1129 1 1128 1 796 1 1129 364 796 364 795 364 1139 1 720 1 719 1 1139 1 719 1 1140 1 1130 167 1129 167 795 167 1130 166 795 166 794 166 1138 1 720 1 1139 1 27 365 26 365 379 365 27 366 378 366 377 366 27 367 379 367 378 367 783 368 1116 368 1115 368 757 1 1154 1 1153 1 784 1 1115 1 1114 1 784 369 783 369 1115 369 758 1 1153 1 1152 1 758 1 757 1 1153 1 782 174 1117 174 1116 174 782 1 1116 1 783 1 756 1 1155 1 1154 1 756 1 1154 1 757 1 785 177 1114 177 1113 177 785 176 784 176 1114 176 759 1 1152 1 1151 1 759 1 758 1 1152 1 781 370 906 370 805 370 781 371 1118 371 1117 371 781 1 1117 1 782 1 781 1 805 1 1118 1 755 1 1156 1 1155 1 755 1 1155 1 756 1 786 179 1113 179 1112 179 786 1 785 1 1113 1 760 1 851 1 826 1 760 1 1150 1 735 1 760 1 1151 1 1150 1 760 1 759 1 1151 1 760 1 735 1 851 1 754 1 1132 1 1131 1 754 1 1131 1 1156 1 754 1 1156 1 755 1 787 182 1111 182 1110 182 787 1 1112 1 1111 1 787 1 786 1 1112 1 753 1 1133 1 1132 1 753 1 1132 1 754 1 788 1 787 1 1110 1 788 184 1110 184 1109 184 2 372 460 372 3 372 2 373 461 373 460 373 752 1 1134 1 1133 1 752 1 1133 1 753 1 789 187 788 187 1109 187 789 1 1109 1 1108 1 751 1 1134 1 752 1 751 1 1135 1 1134 1 790 374 789 374 1108 374 790 375 1108 375 1107 375 750 1 1135 1 751 1 750 1 1136 1 1135 1 791 1 790 1 1107 1 791 191 1107 191 1106 191 749 1 1136 1 750 1 749 1 1137 1 1136 1 792 1 791 1 1106 1 315 1 27 1 377 1 211 1 462 1 461 1 316 120 402 120 726 120 316 376 726 376 725 376 316 1 315 1 377 1 316 41 377 41 402 41 212 377 211 377 461 377 212 378 461 378 2 378 314 1 27 1 315 1 210 379 816 379 815 379 210 380 462 380 211 380 210 381 815 381 462 381 317 382 725 382 724 382 317 383 316 383 725 383 213 1 212 1 2 1 313 1 27 1 314 1 209 384 817 384 816 384 209 385 816 385 210 385 318 386 724 386 723 386 318 1 317 1 724 1 214 1 213 1 2 1 312 1 27 1 313 1 208 387 818 387 817 387 208 1 817 1 209 1 319 388 723 388 722 388 319 1 318 1 723 1 215 1 214 1 2 1 311 1 27 1 312 1 207 389 818 389 208 389 207 1 793 1 818 1 320 1 319 1 722 1 320 1 722 1 721 1 216 1 215 1 2 1 206 1 793 1 207 1 206 1 794 1 793 1 321 1 320 1 721 1 217 1 216 1 2 1 1069 390 781 390 780 390 1043 1 761 1 760 1 1044 1 826 1 906 1 1044 391 906 391 781 391 1044 232 1043 232 760 232 1044 1 781 1 1069 1 1044 1 760 1 826 1 1070 392 1069 392 780 392 1070 393 780 393 779 393 1042 1 761 1 1043 1 1042 227 762 227 761 227 1071 394 779 394 778 394 1071 1 1070 1 779 1 1041 224 763 224 762 224 1041 1 762 1 1042 1 1072 1 1071 1 778 1 1072 395 778 395 777 395 1040 131 763 131 1041 131 1040 220 764 220 763 220 1225 396 1044 396 1069 396 1225 279 1045 279 1044 279 1225 397 1069 397 1068 397 1226 1 1225 1 1068 1 1226 398 1068 398 1067 398 1224 278 1045 278 1225 278 1224 68 1046 68 1045 68 1227 70 1226 70 1067 70 1227 399 1067 399 1066 399 1073 1 1072 1 777 1 1073 400 777 400 776 400 1223 1 1046 1 1224 1 28 401 305 401 304 401 28 1 306 1 305 1 28 402 307 402 306 402 28 403 308 403 307 403 28 404 309 404 308 404 28 405 310 405 309 405 28 406 311 406 310 406 28 407 27 407 311 407 1228 72 1227 72 1066 72 1039 221 764 221 1040 221 1039 216 765 216 764 216 1222 1 1046 1 1223 1 1222 1 1047 1 1046 1 1229 1 1228 1 1066 1 1229 408 1066 408 1065 408 1074 1 1073 1 776 1 1074 409 776 409 775 409 1221 76 1048 76 1047 76 1221 75 1047 75 1222 75 1038 210 766 210 765 210 1038 217 765 217 1039 217 1230 1 1229 1 1065 1 1230 410 1065 410 1064 410 1220 78 1048 78 1221 78 1049 1 1048 1 1220 1 1075 411 1074 411 775 411 1075 412 775 412 774 412 1231 1 1230 1 1064 1 1037 1 766 1 1038 1 1037 204 741 204 766 204 1063 1 1231 1 1064 1 1219 1 1049 1 1220 1 1232 1 1231 1 1063 1 1050 79 1049 79 1219 79 1076 413 1075 413 774 413 1076 1 774 1 773 1 1218 1 1050 1 1219 1 1036 1 741 1 1037 1 1036 207 742 207 741 207 1062 1 1232 1 1063 1 1233 414 1232 414 1062 414 1051 82 1218 82 1217 82 1051 81 1050 81 1218 81 1077 415 773 415 772 415 1077 416 1076 416 773 416 1035 213 743 213 742 213 1035 1 742 1 1036 1 1061 288 1234 288 1233 288 1061 1 1233 1 1062 1 1052 417 1217 417 1216 417 1052 1 1051 1 1217 1 1078 1 1077 1 772 1 1078 418 772 418 771 418 1060 291 1209 291 1234 291 1060 85 1234 85 1061 85 1027 419 1215 419 1214 419 1027 1 1216 1 1215 1 1027 87 1052 87 1216 87 1059 1 1209 1 1060 1 1059 296 1210 296 1209 296 1059 295 1211 295 1210 295 1028 91 1214 91 1213 91 1028 1 1027 1 1214 1 1058 93 1211 93 1059 93 1029 420 1028 420 1213 420 1 1 218 1 217 1 1 421 217 421 2 421 1 1 219 1 218 1 1 1 220 1 219 1 1 1 195 1 220 1 1 422 196 422 195 422 1 423 197 423 196 423 1 424 198 424 197 424 107 1 323 1 322 1 81 425 205 425 204 425 82 426 204 426 203 426 82 427 81 427 204 427 108 1 322 1 321 1 108 1 107 1 322 1 106 1 324 1 323 1 106 1 323 1 107 1 80 428 206 428 205 428 80 1 205 1 81 1 109 1 108 1 321 1 109 429 721 429 720 429 109 1 321 1 721 1 83 46 203 46 202 46 83 47 82 47 203 47 105 1 299 1 324 1 105 1 324 1 106 1 79 1 1105 1 1130 1 79 430 1130 430 794 430 79 1 794 1 206 1 79 1 206 1 80 1 84 1 83 1 202 1 110 431 720 431 1138 431 110 1 109 1 720 1 104 1 299 1 105 1 78 1 1105 1 79 1 111 1 110 1 1138 1 111 1 1138 1 1137 1 111 432 1137 432 749 432 85 1 202 1 201 1 85 1 84 1 202 1 103 1 299 1 104 1 103 1 300 1 299 1 77 433 1105 433 78 433 77 430 792 430 1106 430 77 1 1106 1 1105 1 112 1 111 1 749 1 112 434 749 434 748 434 86 1 85 1 201 1 86 48 201 48 200 48 102 1 300 1 103 1 102 1 301 1 300 1 87 50 86 50 200 50 87 49 200 49 199 49 101 1 301 1 102 1 88 51 87 51 199 51 29 435 101 435 100 435 29 436 303 436 302 436 29 35 304 35 303 35 29 36 28 36 304 36 29 1 301 1 101 1 29 1 97 1 96 1 29 1 98 1 97 1 29 1 99 1 98 1 29 437 302 437 301 437 29 438 100 438 99 438 0 1 88 1 199 1 0 439 198 439 1 439 0 1 66 1 65 1 0 440 67 440 66 440 0 441 68 441 67 441 0 441 89 441 88 441 0 440 90 440 89 440 0 1 65 1 90 1 0 442 199 442 198 442 341 1 114 1 113 1 237 443 76 443 75 443 342 1 113 1 112 1 342 1 341 1 113 1 342 1 112 1 748 1 238 1 237 1 75 1 238 444 75 444 74 444 340 1 114 1 341 1 340 1 115 1 114 1 236 445 76 445 237 445 236 1 792 1 77 1 236 446 77 446 76 446 236 1 767 1 792 1 343 1 342 1 748 1 343 1 748 1 747 1 239 447 238 447 74 447 239 94 74 94 73 94 339 1 116 1 115 1 339 1 115 1 340 1 235 1 768 1 767 1 235 1 767 1 236 1 344 448 747 448 746 448 344 1 343 1 747 1 240 1 239 1 73 1 240 98 73 98 72 98 338 1 91 1 116 1 338 1 116 1 339 1 338 1 92 1 91 1 234 389 768 389 235 389 234 387 769 387 768 387 345 449 746 449 745 449 345 1 344 1 746 1 241 1 240 1 72 1 241 101 71 101 70 101 241 1 72 1 71 1 337 1 92 1 338 1 337 1 93 1 92 1 233 1 769 1 234 1 233 384 770 384 769 384 346 450 745 450 744 450 346 1 345 1 745 1 242 1 241 1 70 1 242 102 70 102 69 102 336 1 93 1 337 1 336 1 94 1 93 1 232 379 771 379 770 379 232 385 770 385 233 385 347 451 346 451 744 451 347 452 744 452 743 452 243 103 69 103 68 103 243 104 242 104 69 104 243 453 68 453 0 453 244 1 243 1 0 1 30 454 330 454 329 454 30 455 331 455 330 455 30 1 332 1 331 1 30 456 333 456 332 456 30 457 334 457 333 457 30 458 335 458 334 458 30 459 336 459 335 459 30 1 29 1 96 1 30 55 95 55 94 55 30 54 96 54 95 54 30 1 94 1 336 1 38 1 222 1 221 1 38 1 223 1 222 1 38 1 224 1 223 1 38 1 225 1 224 1 38 424 245 424 244 424 38 423 246 423 245 423 38 422 221 422 246 422 38 1 244 1 0 1 575 460 1213 460 1212 460 575 277 1029 277 1213 277 576 283 1212 283 1211 283 576 461 1211 461 1058 461 576 282 575 282 1212 282 576 462 1058 462 1057 462 574 267 1030 267 1029 267 574 1 1029 1 575 1 577 463 1057 463 1056 463 577 1 576 1 1057 1 419 464 1033 464 1032 464 445 328 1055 328 1054 328 420 465 1032 465 1031 465 420 1 419 1 1032 1 446 1 445 1 1054 1 446 330 1054 330 1053 330 418 1 1033 1 419 1 418 1 1034 1 1033 1 444 1 1055 1 445 1 444 324 1056 324 1055 324 444 1 577 1 1056 1 573 1 1030 1 574 1 421 466 1031 466 1030 466 421 1 420 1 1031 1 421 1 1030 1 573 1 447 331 446 331 1053 331 447 332 1053 332 1078 332 417 1 1034 1 418 1 417 467 1035 467 1034 467 417 202 347 202 743 202 417 1 743 1 1035 1 443 322 578 322 577 322 443 1 577 1 444 1 422 1 421 1 573 1 448 468 232 468 231 468 448 1 447 1 1078 1 448 469 771 469 232 469 448 358 1078 358 771 358 572 252 422 252 573 252 416 199 348 199 347 199 416 1 347 1 417 1 442 321 578 321 443 321 579 1 578 1 442 1 423 1 422 1 572 1 449 470 231 470 230 470 449 1 448 1 231 1 571 1 423 1 572 1 415 1 348 1 416 1 441 1 579 1 442 1 580 1 579 1 441 1 424 471 423 471 571 471 31 1 326 1 325 1 31 114 327 114 326 114 31 1 328 1 327 1 31 1 329 1 328 1 31 1 30 1 329 1 31 113 350 113 349 113 31 1 325 1 350 1 570 1 424 1 571 1 440 1 580 1 441 1 581 472 580 472 440 472 425 1 424 1 570 1 569 473 425 473 570 473 439 314 581 314 440 314 426 474 425 474 569 474 582 475 581 475 439 475 438 1 582 1 439 1 568 1 426 1 569 1 37 476 226 476 225 476 37 477 227 477 226 477 37 1 228 1 227 1 37 478 229 478 228 478 37 479 230 479 229 479 37 373 450 373 449 373 37 480 225 480 38 480 37 1 449 1 230 1 427 1 426 1 568 1 583 312 582 312 438 312 437 1 583 1 438 1 567 244 427 244 568 244 428 481 427 481 567 481 584 482 583 482 437 482 436 1 584 1 437 1 566 250 428 250 567 250 403 1 428 1 566 1 559 483 584 483 436 483 435 1 559 1 436 1 32 484 348 484 415 484 32 485 412 485 411 485 32 486 413 486 412 486 32 487 414 487 413 487 32 488 415 488 414 488 32 1 31 1 349 1 32 1 349 1 348 1 36 1 450 1 37 1 36 344 451 344 450 344 36 343 452 343 451 343 36 342 453 342 452 342 36 341 454 341 453 341 36 340 429 340 454 340 33 489 405 489 404 489 33 490 406 490 405 490 33 491 407 491 406 491 33 492 408 492 407 492 33 203 409 203 408 203 33 1 410 1 409 1 33 493 411 493 410 493 33 494 32 494 411 494 35 495 430 495 429 495 35 496 431 496 430 496 35 497 432 497 431 497 35 498 433 498 432 498 35 499 434 499 433 499 35 325 435 325 434 325 35 1 429 1 36 1 35 1 560 1 559 1 35 326 559 326 435 326 34 1 404 1 403 1 34 1 403 1 566 1 34 1 561 1 560 1 34 500 562 500 561 500 34 501 563 501 562 501 34 502 564 502 563 502 34 503 565 503 564 503 34 1 566 1 565 1 34 1 33 1 404 1 34 1 560 1 35 1 1764 504 1765 504 1322 504 1790 504 1791 504 1320 504 1766 504 1322 504 1765 504 1792 504 1321 504 1320 504 1792 504 1320 504 1791 504 1763 504 1322 504 1321 504 1763 504 1764 504 1322 504 1789 504 1790 504 1320 504 1767 504 1323 504 1322 504 1767 504 1322 504 1766 504 1793 504 1321 504 1792 504 1762 504 1763 504 1321 504 1788 504 1789 504 1320 504 1742 504 1323 504 1767 504 1768 504 1321 504 1793 504 1761 504 1762 504 1321 504 1787 504 1788 504 1320 504 1787 504 1320 504 1319 504 1743 504 1323 504 1742 504 1769 504 1321 504 1768 504 1894 504 1895 504 1321 504 1786 504 1787 504 1319 504 1896 504 1761 504 1321 504 1896 504 1321 504 1895 504 1893 504 1321 504 1769 504 1893 504 1894 504 1321 504 1897 504 1761 504 1896 504 1897 504 1760 504 1761 504 1892 504 1893 504 1769 504 1872 504 1760 504 1897 504 1744 504 1323 504 1743 504 1891 504 1892 504 1769 504 1891 504 1769 504 1770 504 1873 504 1760 504 1872 504 1759 504 1760 504 1873 504 1785 504 1786 504 1319 504 1890 504 1891 504 1770 504 1874 504 1759 504 1873 504 1745 504 1323 504 1744 504 1771 504 1890 504 1770 504 1771 504 1889 504 1890 504 1875 504 1759 504 1874 504 1888 504 1889 504 1771 504 1758 504 1759 504 1875 504 1784 504 1785 504 1319 504 1876 504 1758 504 1875 504 1877 504 1758 504 1876 504 1746 504 1323 504 1745 504 1746 504 1324 504 1323 504 1772 504 1888 504 1771 504 1772 504 1887 504 1888 504 1886 504 1887 504 1772 504 1783 504 1319 504 1318 504 1783 504 1784 504 1319 504 1757 504 1877 504 1878 504 1757 504 1758 504 1877 504 1747 504 1324 504 1746 504 1773 504 1886 504 1772 504 1773 504 1884 504 1885 504 1773 504 1885 504 1886 504 1756 504 1878 504 1879 504 1756 504 1879 504 1880 504 1756 504 1757 504 1878 504 1782 504 1783 504 1318 504 1774 504 1884 504 1773 504 1774 504 1883 504 1884 504 1755 504 1756 504 1880 504 1755 504 1880 504 1881 504 1775 504 1883 504 1774 504 1775 504 1882 504 1883 504 1754 504 1755 504 1881 504 1504 504 1505 504 1325 504 1504 504 1325 504 1324 504 1582 504 1318 504 1317 504 1582 504 1583 504 1318 504 1506 504 1325 504 1505 504 1584 504 1318 504 1583 504 1503 504 1504 504 1324 504 1581 504 1582 504 1317 504 1507 504 1325 504 1506 504 1585 504 1318 504 1584 504 1502 504 1503 504 1324 504 1580 504 1581 504 1317 504 1482 504 1325 504 1507 504 1560 504 1318 504 1585 504 1501 504 1502 504 1324 504 1579 504 1580 504 1317 504 1483 504 1325 504 1482 504 1561 504 1318 504 1560 504 1500 504 1501 504 1324 504 1578 504 1579 504 1317 504 1484 504 1325 504 1483 504 1562 504 1782 504 1318 504 1562 504 1318 504 1561 504 1499 504 1324 504 1747 504 1499 504 1747 504 1748 504 1499 504 1500 504 1324 504 1577 504 1578 504 1317 504 1485 504 1325 504 1484 504 1563 504 1782 504 1562 504 1563 504 1781 504 1782 504 1498 504 1748 504 1749 504 1498 504 1499 504 1748 504 1576 504 1577 504 1317 504 1564 504 1781 504 1563 504 1564 504 1780 504 1781 504 1497 504 1498 504 1749 504 1287 504 1325 504 1485 504 1401 504 1287 504 1485 504 1401 504 1485 504 1486 504 1349 504 1576 504 1317 504 1349 504 1575 504 1576 504 1400 504 1401 504 1486 504 1400 504 1486 504 1487 504 1348 504 1349 504 1317 504 1402 504 1287 504 1401 504 1350 504 1575 504 1349 504 1350 504 1574 504 1575 504 1399 504 1400 504 1487 504 1399 504 1487 504 1488 504 1347 504 1317 504 1316 504 1347 504 1348 504 1317 504 1403 504 1287 504 1402 504 1351 504 1574 504 1350 504 1351 504 1573 504 1574 504 1398 504 1488 504 1489 504 1398 504 1399 504 1488 504 1346 504 1347 504 1316 504 1378 504 1287 504 1403 504 1326 504 1573 504 1351 504 1397 504 1398 504 1489 504 1345 504 1346 504 1316 504 1379 504 1287 504 1378 504 1327 504 1573 504 1326 504 1327 504 1572 504 1573 504 1396 504 1489 504 1490 504 1396 504 1397 504 1489 504 1344 504 1345 504 1316 504 1380 504 1287 504 1379 504 1328 504 1571 504 1572 504 1328 504 1572 504 1327 504 1395 504 1490 504 1491 504 1395 504 1396 504 1490 504 1343 504 1344 504 1316 504 1381 504 1287 504 1380 504 1329 504 1571 504 1328 504 1329 504 1570 504 1571 504 1394 504 1491 504 1492 504 1394 504 1395 504 1491 504 1342 504 1343 504 1316 504 1330 504 1570 504 1329 504 1330 504 1569 504 1570 504 1393 504 1492 504 1493 504 1393 504 1394 504 1492 504 1331 504 1569 504 1330 504 1331 504 1568 504 1569 504 2180 505 2181 505 1753 505 2180 506 1753 506 1754 506 2206 507 2207 507 1776 507 2206 508 1776 508 1777 508 2208 509 1776 509 2207 509 2208 510 1775 510 1776 510 2182 511 1753 511 2181 511 2182 512 1752 512 1753 512 2179 513 2180 513 1754 513 2205 514 2206 514 1777 514 2205 515 1777 515 1778 515 2183 516 1751 516 1752 516 2183 517 1752 517 2182 517 2204 518 2205 518 1778 518 2204 519 1778 519 1779 519 2158 520 1751 520 2183 520 2545 521 1754 521 1881 521 2545 522 1881 522 1882 522 2544 504 2208 504 2209 504 2544 523 1775 523 2208 523 2544 524 2545 524 1882 524 2544 525 1882 525 1775 525 2546 526 1754 526 2545 526 2546 527 2179 527 1754 527 2546 504 2178 504 2179 504 2543 504 2209 504 2184 504 2543 504 2544 504 2209 504 2203 528 2204 528 1779 528 2547 504 2178 504 2546 504 2542 504 2543 504 2184 504 2159 529 1751 529 2158 529 2159 530 1750 530 1751 530 2522 504 2178 504 2547 504 2522 504 2177 504 2178 504 2541 504 2184 504 2185 504 2541 504 2542 504 2184 504 2202 531 2203 531 1779 531 2202 532 1779 532 1780 532 2523 504 2177 504 2522 504 2523 504 2176 504 2177 504 2540 504 2541 504 2185 504 2540 504 2185 504 2186 504 2524 504 2176 504 2523 504 2175 504 2176 504 2524 504 2539 504 2540 504 2186 504 2187 504 2539 504 2186 504 2525 504 2175 504 2524 504 2538 504 2539 504 2187 504 2174 504 2175 504 2525 504 2526 504 2174 504 2525 504 2188 504 2538 504 2187 504 2537 504 2538 504 2188 504 2173 504 2526 504 2527 504 2173 504 2174 504 2526 504 2189 504 2536 504 2537 504 2189 504 2537 504 2188 504 2172 504 2527 504 2528 504 2172 504 2173 504 2527 504 2190 504 2536 504 2189 504 2190 504 2535 504 2536 504 2171 504 2528 504 2529 504 2171 504 2529 504 2530 504 2171 504 2172 504 2528 504 2191 504 2533 504 2534 504 2191 504 2534 504 2535 504 2191 504 2535 504 2190 504 1557 504 1342 504 1316 504 1531 504 1288 504 1287 504 1531 504 1287 504 1381 504 1556 504 1557 504 1316 504 1530 504 1531 504 1381 504 1530 504 1381 504 1382 504 2170 504 2530 504 2531 504 2170 504 2171 504 2530 504 1558 504 1341 504 1342 504 1558 504 1342 504 1557 504 1532 504 1288 504 1531 504 2192 504 2532 504 2533 504 2192 504 2533 504 2191 504 1555 504 1556 504 1316 504 1555 504 1316 504 1315 504 1529 504 1530 504 1382 504 1529 504 1382 504 1383 504 2169 504 2170 504 2531 504 2169 504 2531 504 2532 504 2193 504 2532 504 2192 504 1559 504 1341 504 1558 504 1559 504 1340 504 1341 504 1533 504 1288 504 1532 504 2168 504 2532 504 2193 504 2168 504 2169 504 2532 504 1554 504 1555 504 1315 504 1528 504 1529 504 1383 504 1528 504 1383 504 1384 504 1534 504 1340 504 1559 504 1534 504 1338 504 1339 504 1534 504 1339 504 1340 504 1508 504 1288 504 1533 504 1553 504 1554 504 1315 504 1527 504 1384 504 1385 504 1527 504 1385 504 1386 504 1527 504 1528 504 1384 504 1535 504 1338 504 1534 504 1535 504 1337 504 1338 504 1509 504 1288 504 1508 504 1552 504 1553 504 1315 504 1526 504 1527 504 1386 504 1526 504 1386 504 1387 504 1536 504 1336 504 1337 504 1536 504 1337 504 1535 504 1510 504 1288 504 1509 504 1551 504 1552 504 1315 504 1525 504 1387 504 1388 504 1525 504 1526 504 1387 504 1537 504 1336 504 1536 504 1537 504 1335 504 1336 504 1511 504 1288 504 1510 504 1550 504 1551 504 1315 504 1524 504 1388 504 1389 504 1524 504 1525 504 1388 504 1538 504 1335 504 1537 504 1538 504 1334 504 1335 504 1512 504 1288 504 1511 504 1549 504 1550 504 1315 504 1523 504 1524 504 1389 504 1539 504 1334 504 1538 504 1548 504 1549 504 1315 504 2103 533 1496 533 1497 533 2129 534 1780 534 1564 534 2129 535 1564 535 1565 535 2102 536 1749 536 1750 536 2102 537 2103 537 1497 537 2102 538 1497 538 1749 538 2128 539 2129 539 1565 539 2128 540 1565 540 1566 540 2104 541 1495 541 1496 541 2104 542 1496 542 2103 542 2130 543 1780 543 2129 543 2130 544 2202 544 1780 544 2101 545 1750 545 2159 545 2101 546 2102 546 1750 546 2101 504 2159 504 2160 504 2127 547 2128 547 1566 547 2127 548 1566 548 1567 548 2105 549 1495 549 2104 549 2105 550 1494 550 1495 550 2131 504 2201 504 2202 504 2131 504 2202 504 2130 504 2100 504 2101 504 2160 504 2100 504 2160 504 2161 504 2126 551 2127 551 1567 551 2126 552 1567 552 1568 552 2080 553 1493 553 1494 553 2080 554 1393 554 1493 554 2080 555 1494 555 2105 555 2106 504 2200 504 2201 504 2106 504 2201 504 2131 504 2099 504 2100 504 2161 504 2099 556 2161 556 2162 556 2125 557 1568 557 1331 557 2125 558 2126 558 1568 558 2081 559 1392 559 1393 559 2081 560 1393 560 2080 560 2107 504 2199 504 2200 504 2107 504 2200 504 2106 504 2098 561 2099 561 2162 561 2098 504 2162 504 2163 504 2124 562 1331 562 1332 562 2124 563 2125 563 1331 563 2108 504 2198 504 2199 504 2108 504 2199 504 2107 504 2097 564 2163 564 2164 564 2097 504 2098 504 2163 504 2109 504 2197 504 2198 504 2109 504 2198 504 2108 504 2096 504 2097 504 2164 504 2096 504 2164 504 2165 504 2110 504 2196 504 2197 504 2110 504 2197 504 2109 504 2095 504 2096 504 2165 504 2095 565 2165 565 2166 565 1289 504 1512 504 1513 504 1289 504 1513 504 1514 504 1289 504 1514 504 1515 504 1289 504 1515 504 1516 504 1289 504 1516 504 1517 504 1289 504 1288 504 1512 504 2111 504 2195 504 2196 504 2111 504 2196 504 2110 504 2094 504 2166 504 2167 504 2094 566 2095 566 2166 566 2112 504 2195 504 2111 504 2112 504 2194 504 2195 504 2093 567 2094 567 2167 567 2093 568 2167 568 2168 568 2113 504 2194 504 2112 504 2113 504 2193 504 2194 504 2092 569 2093 569 2168 569 2092 570 2168 570 2193 570 2415 571 2083 571 2084 571 2467 504 2121 504 2122 504 2414 504 2415 504 2084 504 2414 572 2084 572 2085 572 2466 504 2467 504 2122 504 2466 504 2122 504 2123 504 2416 504 2083 504 2415 504 2416 573 2082 573 2083 573 2468 504 2120 504 2121 504 2468 504 2121 504 2467 504 1314 504 1545 504 1546 504 1314 504 1546 504 1547 504 1314 504 1547 504 1548 504 1314 504 1548 504 1315 504 2413 574 2414 574 2085 574 2413 575 2085 575 2086 575 2465 504 2123 504 2124 504 2465 504 2466 504 2123 504 2417 576 1391 576 1392 576 2417 577 1392 577 2081 577 2417 504 2082 504 2416 504 2417 578 2081 578 2082 578 2469 504 2119 504 2120 504 2469 504 2120 504 2468 504 2412 504 2413 504 2086 504 2464 579 2124 579 1332 579 2464 504 2465 504 2124 504 2392 580 1391 580 2417 580 2444 504 2119 504 2469 504 2411 504 2412 504 2086 504 2411 504 2086 504 2087 504 2463 581 1332 581 1333 581 2463 582 2464 582 1332 582 2393 583 1390 583 1391 583 2393 584 1391 584 2392 584 2445 504 2119 504 2444 504 2445 504 2118 504 2119 504 2410 504 2411 504 2087 504 2410 585 2087 585 2088 585 2446 504 2117 504 2118 504 2446 504 2118 504 2445 504 2409 586 2410 586 2088 586 2409 587 2088 587 2089 587 2447 504 2117 504 2446 504 2447 504 2116 504 2117 504 2408 504 2409 504 2089 504 2408 588 2089 588 2090 588 2448 504 2115 504 2116 504 2448 504 2116 504 2447 504 2407 504 2408 504 2090 504 2407 589 2090 589 2091 589 2449 504 2114 504 2115 504 2449 504 2115 504 2448 504 2406 504 2407 504 2091 504 2406 590 2091 590 2092 590 2450 504 2113 504 2114 504 2450 504 2114 504 2449 504 2405 591 2406 591 2092 591 2077 592 2394 592 2395 592 2155 504 2460 504 2461 504 2076 593 2077 593 2395 593 2076 504 2395 504 2396 504 2154 504 2155 504 2461 504 2154 504 2461 504 2462 504 2078 504 2394 504 2077 504 2078 594 2393 594 2394 594 2156 504 2460 504 2155 504 2156 504 2459 504 2460 504 2075 595 2076 595 2396 595 2075 596 2396 596 2397 596 2153 597 2463 597 1333 597 2153 504 2154 504 2462 504 2153 598 1333 598 1334 598 2153 504 2462 504 2463 504 2079 599 1389 599 1390 599 2079 504 2393 504 2078 504 2079 600 1390 600 2393 600 2157 504 2459 504 2156 504 2157 504 2458 504 2459 504 2074 601 2397 601 2398 601 2074 504 2075 504 2397 504 2152 602 1334 602 1539 602 2152 603 2153 603 1334 603 2054 604 1522 604 1523 604 2054 605 1389 605 2079 605 2054 606 1523 606 1389 606 2132 504 2458 504 2157 504 2132 504 2456 504 2457 504 2132 504 2457 504 2458 504 2073 504 2398 504 2399 504 2073 607 2399 607 2400 607 2073 504 2074 504 2398 504 2151 608 1539 608 1540 608 2151 609 2152 609 1539 609 2055 610 1522 610 2054 610 2055 611 1521 611 1522 611 2133 504 2455 504 2456 504 2133 504 2456 504 2132 504 2072 612 2400 612 2401 612 2072 585 2073 585 2400 585 2150 548 1540 548 1541 548 2150 613 2151 613 1540 613 2056 614 1520 614 1521 614 2056 615 1521 615 2055 615 2134 504 2455 504 2133 504 2134 504 2454 504 2455 504 2071 504 2401 504 2402 504 2071 616 2072 616 2401 616 2149 617 1541 617 1542 617 2149 618 2150 618 1541 618 2057 619 1519 619 1520 619 2057 620 1520 620 2056 620 2135 504 2454 504 2134 504 2135 504 2453 504 2454 504 2070 621 2402 621 2403 621 2070 622 2071 622 2402 622 2148 623 1542 623 1543 623 2148 624 2149 624 1542 624 2058 625 1519 625 2057 625 2136 504 2453 504 2135 504 2136 504 2452 504 2453 504 2069 626 2403 626 2404 626 2069 504 2070 504 2403 504 2137 504 2452 504 2136 504 2137 504 2451 504 2452 504 2068 627 2404 627 2405 627 2068 504 2405 504 2092 504 2068 504 2069 504 2404 504 2138 504 2450 504 2451 504 2138 504 2451 504 2137 504 2138 504 2113 504 2450 504 1817 504 1314 504 1313 504 1738 504 1290 504 1289 504 1738 504 1739 504 1290 504 1816 504 1817 504 1313 504 1740 504 1290 504 1739 504 1818 504 1314 504 1817 504 1737 504 1738 504 1289 504 1737 504 1289 504 1517 504 1815 504 1816 504 1313 504 1741 504 1290 504 1740 504 1819 504 1545 504 1314 504 1819 504 1544 504 1545 504 1819 504 1314 504 1818 504 1736 504 1517 504 1518 504 1736 504 1737 504 1517 504 1814 504 1815 504 1313 504 1716 504 1290 504 1741 504 1794 504 1543 504 1544 504 1794 504 1544 504 1819 504 1735 504 1518 504 1519 504 1735 504 1736 504 1518 504 1735 628 1519 628 2058 628 1813 504 1814 504 1313 504 1717 504 1290 504 1716 504 1795 629 2148 629 1543 629 1795 504 1543 504 1794 504 1795 630 2147 630 2148 630 1734 631 1735 631 2058 631 1734 632 2058 632 2059 632 1812 504 1813 504 1313 504 1811 504 1812 504 1313 504 1291 504 1717 504 1718 504 1291 504 1718 504 1719 504 1291 504 1290 504 1717 504 1720 504 1291 504 1719 504 1721 504 1291 504 1720 504 1312 504 1808 504 1809 504 1312 504 1809 504 1810 504 1312 504 1810 504 1811 504 1312 504 1811 504 1313 504 2363 504 2060 504 2061 504 2233 504 2144 504 2145 504 2362 633 2363 633 2061 633 2362 634 2061 634 2062 634 2232 504 2233 504 2145 504 2232 504 2145 504 2146 504 2364 635 2059 635 2060 635 2364 504 2060 504 2363 504 2234 504 2143 504 2144 504 2234 504 2144 504 2233 504 2361 504 2362 504 2062 504 2361 504 2062 504 2063 504 2231 636 1795 636 1796 636 2231 504 2232 504 2146 504 2231 504 2146 504 2147 504 2231 637 2147 637 1795 637 2365 638 1734 638 2059 638 2365 639 1733 639 1734 639 2365 504 2059 504 2364 504 2235 504 2143 504 2234 504 2235 504 2142 504 2143 504 2360 504 2361 504 2063 504 2360 640 2063 640 2064 640 2230 641 2231 641 1796 641 2340 642 1733 642 2365 642 2210 504 2142 504 2235 504 2210 504 2141 504 2142 504 2359 504 2360 504 2064 504 2359 643 2064 643 2065 643 2229 644 1796 644 1797 644 2229 528 2230 528 1796 528 1807 504 1808 504 1312 504 2341 645 1732 645 1733 645 2341 646 1733 646 2340 646 2211 504 2140 504 2141 504 2211 504 2141 504 2210 504 2228 647 2229 647 1797 647 2228 648 1797 648 1798 648 2358 504 2359 504 2065 504 2358 649 2065 649 2066 649 2342 650 1731 650 1732 650 2342 651 1732 651 2341 651 2212 504 2140 504 2211 504 2212 504 2139 504 2140 504 2357 504 2358 504 2066 504 2357 652 2066 652 2067 652 2227 653 1798 653 1799 653 2227 654 2228 654 1798 654 2343 655 1731 655 2342 655 2213 504 2138 504 2139 504 2213 504 2139 504 2212 504 2356 656 2067 656 2068 656 2356 657 2357 657 2067 657 2226 658 2227 658 1799 658 2344 659 1730 659 1731 659 2344 660 1731 660 2343 660 2214 504 2138 504 2213 504 2225 661 1799 661 1800 661 2225 662 2226 662 1799 662 2345 663 1730 663 2344 663 1869 504 1725 504 1726 504 1921 504 1803 504 1804 504 1868 504 1869 504 1726 504 1920 504 1921 504 1804 504 1870 504 1725 504 1869 504 1922 504 1803 504 1921 504 1867 504 1726 504 1727 504 1867 504 1868 504 1726 504 1919 504 1804 504 1805 504 1919 504 1920 504 1804 504 1871 504 1725 504 1870 504 1871 504 1724 504 1725 504 1923 504 1802 504 1803 504 1923 504 1803 504 1922 504 1866 504 1727 504 1728 504 1866 504 1867 504 1727 504 1918 504 1805 504 1806 504 1918 504 1919 504 1805 504 1846 504 1724 504 1871 504 1898 504 1802 504 1923 504 1865 504 1866 504 1728 504 1917 504 1918 504 1806 504 1847 504 1723 504 1724 504 1847 504 1724 504 1846 504 1899 504 1801 504 1802 504 1899 504 1802 504 1898 504 1864 504 1728 504 1729 504 1864 504 1865 504 1728 504 1916 504 1807 504 1312 504 1916 504 1806 504 1807 504 1916 504 1917 504 1806 504 2519 504 2349 504 2350 504 2571 504 2219 504 2220 504 2518 504 2350 504 2351 504 2518 504 2519 504 2350 504 2570 504 2220 504 2221 504 2570 504 2571 504 2220 504 2572 504 2218 504 2219 504 2572 504 2219 504 2571 504 2520 504 2349 504 2519 504 2520 504 2348 504 2349 504 2517 504 2351 504 2352 504 2517 504 2518 504 2351 504 2569 504 2221 504 2222 504 2569 504 2570 504 2221 504 2521 504 2348 504 2520 504 2521 504 2347 504 2348 504 2573 504 2217 504 2218 504 2573 504 2218 504 2572 504 2516 504 2517 504 2352 504 2516 504 2352 504 2353 504 2568 504 2222 504 2223 504 2568 504 2569 504 2222 504 1848 504 1723 504 1847 504 1900 504 1800 504 1801 504 1900 504 1801 504 1899 504 2496 504 2347 504 2521 504 2496 504 2346 504 2347 504 2548 504 2216 504 2217 504 2548 504 2217 504 2573 504 2515 504 2516 504 2353 504 2567 504 2568 504 2223 504 2497 504 2346 504 2496 504 2549 504 2216 504 2548 504 1863 504 1864 504 1729 504 1863 504 1729 504 1730 504 1915 504 1916 504 1312 504 2514 504 2515 504 2353 504 2514 504 2353 504 2354 504 2566 504 2567 504 2223 504 2566 504 2223 504 2224 504 2498 504 2346 504 2497 504 2498 504 2345 504 2346 504 2498 664 1730 664 2345 664 2550 504 2216 504 2549 504 2550 504 2215 504 2216 504 2513 504 2514 504 2354 504 2513 504 2354 504 2355 504 2565 504 2566 504 2224 504 2565 504 2224 504 2225 504 2565 665 2225 665 1800 665 1901 666 2565 666 1800 666 1901 504 1800 504 1900 504 2499 667 1730 667 2498 667 2499 668 1863 668 1730 668 2551 504 2214 504 2215 504 2551 504 2215 504 2550 504 2512 504 2513 504 2355 504 2512 504 2355 504 2356 504 2564 669 2565 669 1901 669 1862 670 1863 670 2499 670 2500 671 1862 671 2499 671 1902 672 2564 672 1901 672 1292 504 1291 504 1721 504 1292 504 1721 504 1722 504 1292 504 1722 504 1723 504 1292 504 1848 504 1849 504 1292 504 1849 504 1850 504 1292 504 1850 504 1851 504 1292 504 1723 504 1848 504 1311 504 1912 504 1913 504 1311 504 1913 504 1914 504 1311 504 1914 504 1915 504 1311 504 1915 504 1312 504 2337 504 2505 504 2506 504 2259 504 2557 504 2558 504 2336 504 2506 504 2507 504 2336 504 2337 504 2506 504 2258 504 2558 504 2559 504 2258 504 2259 504 2558 504 2338 504 2504 504 2505 504 2338 504 2505 504 2337 504 2260 504 2556 504 2557 504 2260 504 2557 504 2259 504 2335 504 2507 504 2508 504 2335 504 2336 504 2507 504 2257 504 2258 504 2559 504 2257 504 2559 504 2560 504 2339 504 2503 504 2504 504 2339 504 2504 504 2338 504 2261 504 2555 504 2556 504 2261 504 2556 504 2260 504 2334 504 2508 504 2509 504 2334 504 2335 504 2508 504 2256 504 2560 504 2561 504 2256 504 2257 504 2560 504 2314 504 2501 504 2502 504 2314 504 2502 504 2503 504 2314 504 2503 504 2339 504 2236 504 2555 504 2261 504 2236 504 2553 504 2554 504 2236 504 2554 504 2555 504 2333 504 2509 504 2510 504 2333 504 2510 504 2511 504 2333 504 2334 504 2509 504 2255 504 2256 504 2561 504 2255 504 2561 504 2562 504 2255 504 2562 504 2563 504 1713 504 1854 504 1855 504 1713 504 1855 504 1856 504 1843 504 1906 504 1907 504 1843 504 1907 504 1908 504 1712 504 1856 504 1857 504 1712 504 1857 504 1858 504 1712 504 1713 504 1856 504 1842 504 1908 504 1909 504 1842 504 1909 504 1910 504 1842 504 1843 504 1908 504 2315 504 2500 504 2501 504 2315 504 2501 504 2314 504 2237 504 2552 504 2553 504 2237 504 2553 504 2236 504 1714 504 1854 504 1713 504 1714 504 1853 504 1854 504 1844 504 1905 504 1906 504 1844 504 1906 504 1843 504 2332 504 2511 504 2512 504 2332 504 2333 504 2511 504 2254 504 2255 504 2563 504 2316 504 2500 504 2315 504 2238 504 2551 504 2552 504 2238 504 2552 504 2237 504 1711 504 1858 504 1859 504 1711 504 1859 504 1860 504 1711 504 1712 504 1858 504 1841 504 1910 504 1911 504 1841 504 1911 504 1912 504 1841 504 1842 504 1910 504 2331 673 2092 673 2193 673 2331 504 2356 504 2068 504 2331 674 2193 674 2113 674 2331 504 2512 504 2356 504 2331 504 2332 504 2512 504 2331 504 2068 504 2092 504 2239 504 2214 504 2551 504 2239 504 2551 504 2238 504 1715 504 1853 504 1714 504 1715 504 1292 504 1851 504 1715 504 1851 504 1852 504 1715 504 1852 504 1853 504 1845 504 1903 504 1904 504 1845 504 1904 504 1905 504 1845 504 1905 504 1844 504 1710 504 1711 504 1860 504 1710 504 1860 504 1861 504 1840 504 1841 504 1912 504 1840 504 1912 504 1311 504 1690 504 1292 504 1715 504 1820 504 1902 504 1903 504 1820 504 1903 504 1845 504 1709 504 1710 504 1861 504 1709 675 1862 675 2500 675 1709 504 1861 504 1862 504 1709 676 2500 676 2316 676 1839 504 1840 504 1311 504 1691 504 1292 504 1690 504 1821 504 1902 504 1820 504 1821 677 2254 677 2563 677 1821 678 2564 678 1902 678 1821 679 2253 679 2254 679 1821 680 2563 680 2564 680 1708 681 2316 681 2317 681 1708 682 2317 682 2318 682 1708 683 1709 683 2316 683 1838 504 1839 504 1311 504 1692 504 1292 504 1691 504 1822 684 2251 684 2252 684 1822 685 2252 685 2253 685 1822 686 2253 686 1821 686 1707 687 2318 687 2319 687 1707 688 1708 688 2318 688 1837 504 1838 504 1311 504 1823 689 2251 689 1822 689 1823 690 2250 690 2251 690 1706 691 2319 691 2320 691 1706 692 1707 692 2319 692 1836 504 1837 504 1311 504 1824 693 2250 693 1823 693 1824 694 2248 694 2249 694 1824 695 2249 695 2250 695 1705 696 2320 696 2321 696 1705 697 2321 697 2322 697 1705 698 1706 698 2320 698 1293 504 1692 504 1693 504 1293 504 1693 504 1694 504 1293 504 1292 504 1692 504 1695 504 1293 504 1694 504 1825 699 2248 699 1824 699 1704 700 1705 700 2322 700 1696 504 1293 504 1695 504 1697 504 1293 504 1696 504 1310 504 1836 504 1311 504 1310 504 1832 504 1833 504 1310 504 1833 504 1834 504 1310 504 1834 504 1835 504 1310 504 1835 504 1836 504 1831 504 1832 504 1310 504 1973 504 2242 504 2243 504 2051 504 2326 504 2327 504 1972 701 2243 701 2244 701 1972 504 1973 504 2243 504 2050 504 2327 504 2328 504 2050 504 2051 504 2327 504 1974 702 2241 702 2242 702 1974 504 2242 504 1973 504 2052 504 2325 504 2326 504 2052 504 2326 504 2051 504 1971 504 2244 504 2245 504 1971 504 1972 504 2244 504 2049 504 2050 504 2328 504 2049 504 2328 504 2329 504 1975 703 2241 703 1974 703 1975 504 2240 504 2241 504 2053 504 2324 504 2325 504 2053 504 2325 504 2052 504 1970 704 2245 704 2246 704 1970 705 1971 705 2245 705 2048 504 2329 504 2330 504 2048 504 2049 504 2329 504 1950 706 2239 706 2240 706 1950 707 2240 707 1975 707 2028 504 2323 504 2324 504 2028 504 2324 504 2053 504 1969 504 2246 504 2247 504 1969 504 1970 504 2246 504 2047 504 2330 504 2331 504 2047 504 2113 504 2138 504 2047 708 2331 708 2113 708 2047 504 2048 504 2330 504 1951 709 2214 709 2239 709 1951 710 2239 710 1950 710 2029 504 2322 504 2323 504 2029 504 2323 504 2028 504 1968 504 1969 504 2247 504 1968 504 2247 504 2248 504 1968 711 2248 711 1825 711 2030 504 2322 504 2029 504 2030 712 1704 712 2322 712 1294 504 1293 504 1697 504 1294 504 1697 504 1698 504 1294 504 1698 504 1699 504 1294 504 1699 504 1700 504 1294 504 1700 504 1701 504 1967 713 1825 713 1826 713 1967 714 1968 714 1825 714 2031 715 1704 715 2030 715 1309 504 1828 504 1829 504 1309 504 1829 504 1830 504 1309 504 1830 504 1831 504 1309 504 1831 504 1310 504 2441 504 2043 504 2044 504 2389 716 1953 716 1954 716 2440 504 2441 504 2044 504 2440 504 2044 504 2045 504 2388 504 2389 504 1954 504 2388 572 1954 572 1955 572 2442 504 2042 504 2043 504 2442 504 2043 504 2441 504 2390 717 1952 717 1953 717 2390 504 1953 504 2389 504 2439 504 2440 504 2045 504 2439 504 2045 504 2046 504 2387 575 1955 575 1956 575 2387 574 2388 574 1955 574 2443 504 2041 504 2042 504 2443 504 2042 504 2442 504 2391 578 1951 578 1952 578 2391 504 1952 504 2390 504 2438 504 2046 504 2047 504 2438 504 2439 504 2046 504 2386 504 2387 504 1956 504 2418 504 2041 504 2443 504 2366 718 1951 718 2391 718 2437 504 2438 504 2047 504 2385 504 1956 504 1957 504 2385 504 2386 504 1956 504 2419 504 2041 504 2418 504 2419 504 2040 504 2041 504 2384 504 2385 504 1957 504 2384 585 1957 585 1958 585 2420 504 2040 504 2419 504 2420 504 2039 504 2040 504 2383 586 2384 586 1958 586 2383 587 1958 587 1959 587 2421 504 2039 504 2420 504 2421 504 2038 504 2039 504 2382 719 1959 719 1960 719 2382 504 2383 504 1959 504 2422 504 2038 504 2421 504 2422 504 2037 504 2038 504 2381 720 1960 720 1961 720 2381 504 2382 504 1960 504 2423 504 2037 504 2422 504 2423 504 2036 504 2037 504 2380 504 2381 504 1961 504 2380 590 1961 590 1962 590 2424 504 2036 504 2423 504 1999 721 2368 721 2369 721 2025 504 2434 504 2435 504 1998 722 1999 722 2369 722 1998 504 2369 504 2370 504 2024 504 2435 504 2436 504 2024 504 2025 504 2435 504 2026 504 2433 504 2434 504 2026 504 2434 504 2025 504 2000 504 2368 504 1999 504 2000 594 2367 594 2368 594 1997 596 2370 596 2371 596 1997 595 1998 595 2370 595 2023 504 2436 504 2437 504 2023 504 2024 504 2436 504 2027 504 2432 504 2433 504 2027 504 2433 504 2026 504 2001 504 1951 504 2366 504 2001 723 2366 723 2367 723 2001 504 2367 504 2000 504 1996 601 2371 601 2372 601 1996 504 1997 504 2371 504 2022 504 2047 504 2138 504 2022 504 2437 504 2047 504 2022 504 2023 504 2437 504 2002 504 2430 504 2431 504 2002 504 2431 504 2432 504 2002 504 2432 504 2027 504 1995 504 2372 504 2373 504 1995 607 2373 607 2374 607 1995 504 1996 504 2372 504 2003 504 2429 504 2430 504 2003 504 2430 504 2002 504 1994 612 2374 612 2375 612 1994 585 1995 585 2374 585 2004 504 2429 504 2003 504 2004 504 2428 504 2429 504 1993 616 1994 616 2375 616 1993 504 2375 504 2376 504 2005 504 2428 504 2004 504 2005 504 2427 504 2428 504 1992 724 1993 724 2376 724 1992 725 2376 725 2377 725 2006 504 2426 504 2427 504 2006 504 2427 504 2005 504 1991 504 1992 504 2377 504 1991 626 2377 626 2378 626 2007 504 2425 504 2426 504 2007 504 2426 504 2006 504 1990 504 1991 504 2378 504 1295 504 1701 504 1702 504 1295 504 1294 504 1701 504 1635 504 1702 504 1703 504 1453 504 1826 504 1827 504 1634 504 1703 504 1704 504 1634 504 1635 504 1703 504 1634 726 1704 726 2031 726 1452 504 1827 504 1828 504 1452 504 1453 504 1827 504 1452 504 1828 504 1309 504 1636 504 1702 504 1635 504 1636 504 1295 504 1702 504 1454 727 1966 727 1967 727 1454 504 1826 504 1453 504 1454 728 1967 728 1826 728 1633 729 2031 729 2032 729 1633 730 1634 730 2031 730 1451 504 1452 504 1309 504 1637 504 1295 504 1636 504 1455 731 1966 731 1454 731 1455 732 1965 732 1966 732 1632 733 2032 733 2033 733 1632 734 1633 734 2032 734 1450 504 1451 504 1309 504 1612 504 1295 504 1637 504 1430 735 1965 735 1455 735 1430 736 1964 736 1965 736 1631 737 2033 737 2034 737 1631 738 1632 738 2033 738 1613 504 1295 504 1612 504 1431 739 1963 739 1964 739 1431 740 1964 740 1430 740 1630 741 1631 741 2034 741 1630 742 2034 742 2035 742 1614 504 1295 504 1613 504 1432 743 1963 743 1431 743 1308 504 1448 504 1449 504 1308 504 1449 504 1450 504 1308 504 1450 504 1309 504 1447 504 1448 504 1308 504 1615 504 1295 504 1614 504 1446 504 1447 504 1308 504 1616 504 1295 504 1615 504 1445 504 1446 504 1308 504 1444 504 1445 504 1308 504 2311 504 2021 504 2022 504 2285 744 2001 744 1976 744 2310 745 2214 745 1951 745 2310 504 2001 504 2285 504 2310 504 1951 504 2001 504 2310 504 2311 504 2022 504 2310 746 2022 746 2138 746 2310 747 2138 747 2214 747 2284 748 2285 748 1976 748 2284 749 1976 749 1977 749 2312 504 2020 504 2021 504 2312 504 2021 504 2311 504 2283 504 2284 504 1977 504 2283 750 1977 750 1978 750 2313 504 2019 504 2020 504 2313 504 2020 504 2312 504 2282 751 2283 751 1978 751 2282 752 1978 752 1979 752 2288 504 2018 504 2019 504 2288 504 2019 504 2313 504 2493 504 2309 504 2310 504 2493 504 2310 504 2285 504 2493 504 2285 504 2286 504 2492 504 2493 504 2286 504 2492 504 2286 504 2287 504 2494 504 2308 504 2309 504 2494 504 2309 504 2493 504 2491 504 2492 504 2287 504 2491 504 2287 504 2262 504 2281 504 2282 504 1979 504 2281 753 1979 753 1980 753 2495 504 2308 504 2494 504 2490 504 2491 504 2262 504 2289 504 2017 504 2018 504 2289 504 2018 504 2288 504 2470 504 2307 504 2308 504 2470 504 2308 504 2495 504 2489 504 2490 504 2262 504 2489 504 2262 504 2263 504 2280 754 2281 754 1980 754 2280 504 1980 504 1981 504 2471 504 2306 504 2307 504 2471 504 2307 504 2470 504 2290 504 2016 504 2017 504 2290 504 2017 504 2289 504 2488 504 2489 504 2263 504 2488 504 2263 504 2264 504 2472 504 2306 504 2471 504 2279 504 2280 504 1981 504 2279 755 1981 755 1982 755 2305 504 2306 504 2472 504 2487 504 2488 504 2264 504 2265 504 2487 504 2264 504 2291 504 2015 504 2016 504 2291 504 2016 504 2290 504 2473 504 2305 504 2472 504 2486 504 2487 504 2265 504 2278 504 2279 504 1982 504 2278 504 1982 504 1983 504 2304 504 2305 504 2473 504 2474 504 2304 504 2473 504 2266 504 2486 504 2265 504 2292 504 2014 504 2015 504 2292 504 2015 504 2291 504 2485 504 2486 504 2266 504 2277 504 2278 504 1983 504 2277 756 1983 756 1984 756 2303 504 2304 504 2474 504 2303 504 2474 504 2475 504 2267 504 2485 504 2266 504 2267 504 2484 504 2485 504 2293 504 2013 504 2014 504 2293 504 2014 504 2292 504 2276 504 2277 504 1984 504 2302 504 2475 504 2476 504 2302 504 2303 504 2475 504 2268 504 2483 504 2484 504 2268 504 2484 504 2267 504 2301 504 2302 504 2476 504 2301 504 2476 504 2477 504 2301 504 2477 504 2478 504 2269 504 2481 504 2482 504 2269 504 2482 504 2483 504 2269 504 2483 504 2268 504 2300 504 2301 504 2478 504 2300 504 2478 504 2479 504 2270 504 2481 504 2269 504 2299 504 2300 504 2479 504 1427 504 1433 504 1434 504 1375 504 1627 504 1628 504 1426 504 1434 504 1435 504 1426 504 1427 504 1434 504 1374 504 1628 504 1629 504 1374 504 1375 504 1628 504 1376 504 1626 504 1627 504 1376 504 1627 504 1375 504 1428 757 1963 757 1432 757 1428 504 1432 504 1433 504 1428 758 1962 758 1963 758 1428 504 1433 504 1427 504 1373 759 1630 759 2035 759 1373 504 1629 504 1630 504 1373 760 2035 760 2036 760 1373 504 1374 504 1629 504 1425 504 1435 504 1436 504 1425 504 1426 504 1435 504 1377 504 1626 504 1376 504 1377 504 1625 504 1626 504 1429 761 2380 761 1962 761 1429 762 1962 762 1428 762 1372 763 2036 763 2424 763 1372 764 1373 764 2036 764 1424 504 1425 504 1436 504 1352 504 1625 504 1377 504 1404 765 2380 765 1429 765 1404 766 2378 766 2379 766 1404 767 2379 767 2380 767 1371 768 2424 768 2425 768 1371 768 1372 768 2424 768 1371 769 2425 769 2007 769 1423 504 1424 504 1436 504 1423 504 1436 504 1437 504 1353 504 1624 504 1625 504 1353 504 1625 504 1352 504 1405 770 1990 770 2378 770 1405 771 2378 771 1404 771 1296 504 1616 504 1617 504 1296 504 1617 504 1618 504 1296 504 1618 504 1619 504 1296 504 1619 504 1620 504 1296 504 1620 504 1621 504 1296 504 1621 504 1622 504 1296 504 1295 504 1616 504 1422 504 1437 504 1438 504 1422 504 1423 504 1437 504 1370 772 2007 772 2008 772 1370 773 1371 773 2007 773 1354 504 1623 504 1624 504 1354 504 1624 504 1353 504 1406 774 1990 774 1405 774 1406 775 1989 775 1990 775 1421 504 1438 504 1439 504 1421 504 1422 504 1438 504 1355 504 1623 504 1354 504 1355 504 1622 504 1623 504 1355 504 1296 504 1622 504 1356 504 1296 504 1355 504 1357 504 1296 504 1356 504 1307 504 1417 504 1418 504 1307 504 1418 504 1419 504 1307 504 1419 504 1420 504 1307 504 1420 504 1421 504 1307 504 1439 504 1440 504 1307 504 1440 504 1441 504 1307 504 1441 504 1442 504 1307 504 1442 504 1443 504 1307 504 1443 504 1444 504 1307 504 1444 504 1308 504 1307 504 1421 504 1439 504 1609 504 1368 504 1369 504 1479 504 1406 504 1407 504 1608 504 1609 504 1369 504 1608 504 1369 504 1370 504 1478 504 1407 504 1408 504 1478 504 1479 504 1407 504 1610 504 1368 504 1609 504 1610 504 1367 504 1368 504 1480 504 1406 504 1479 504 1480 776 1989 776 1406 776 1607 742 2008 742 2009 742 1607 777 1370 777 2008 777 1607 504 1608 504 1370 504 1477 504 1408 504 1409 504 1477 504 1478 504 1408 504 1611 504 1367 504 1610 504 1611 504 1366 504 1367 504 1481 778 1989 778 1480 778 1481 779 1988 779 1989 779 1606 780 2009 780 2010 780 1606 781 1607 781 2009 781 1476 504 1477 504 1409 504 1476 504 1409 504 1410 504 1586 504 1366 504 1611 504 1586 504 1364 504 1365 504 1586 504 1365 504 1366 504 1456 782 1988 782 1481 782 1456 783 1987 783 1988 783 1605 738 1606 738 2010 738 1605 784 2010 784 2011 784 1475 504 1410 504 1411 504 1475 504 1411 504 1412 504 1475 504 1476 504 1410 504 1587 504 1364 504 1586 504 1587 504 1363 504 1364 504 1457 785 1987 785 1456 785 1457 786 1986 786 1987 786 1604 787 2011 787 2012 787 1604 788 1605 788 2011 788 1474 504 1412 504 1413 504 1474 504 1475 504 1412 504 1588 504 1362 504 1363 504 1588 504 1363 504 1587 504 1458 789 1986 789 1457 789 1458 790 1985 790 1986 790 1603 791 1604 791 2012 791 1473 504 1474 504 1413 504 1589 504 1362 504 1588 504 1297 504 1362 504 1589 504 1297 504 1296 504 1357 504 1297 504 1357 504 1358 504 1297 504 1358 504 1359 504 1297 504 1359 504 1360 504 1297 504 1360 504 1361 504 1297 504 1361 504 1362 504 1590 504 1297 504 1589 504 1591 504 1297 504 1590 504 1306 504 1473 504 1413 504 1306 504 1413 504 1414 504 1306 504 1414 504 1415 504 1306 504 1415 504 1416 504 1306 504 1416 504 1417 504 1306 504 1417 504 1307 504 1306 504 1468 504 1469 504 1306 504 1469 504 1470 504 1306 504 1470 504 1471 504 1306 504 1471 504 1472 504 1306 504 1472 504 1473 504 1661 792 2273 792 2274 792 1687 793 2295 793 2296 793 1660 794 2274 794 2275 794 1660 795 2275 795 2276 795 1660 796 1661 796 2274 796 1686 797 2296 797 2297 797 1686 798 1687 798 2296 798 1662 799 2273 799 1661 799 1662 800 2271 800 2272 800 1662 801 2272 801 2273 801 1688 802 2295 802 1687 802 1688 803 2293 803 2294 803 1688 696 2294 696 2295 696 1659 804 2276 804 1984 804 1659 805 1660 805 2276 805 1659 806 1984 806 1985 806 1685 807 2297 807 2298 807 1685 808 2298 808 2299 808 1685 809 1686 809 2297 809 1663 810 2481 810 2270 810 1663 811 2271 811 1662 811 1663 812 2270 812 2271 812 1663 813 2480 813 2481 813 1689 814 1603 814 2012 814 1689 815 2012 815 2013 815 1689 816 2013 816 2293 816 1689 817 2293 817 1688 817 1658 504 1458 504 1459 504 1658 818 1659 818 1985 818 1658 819 1985 819 1458 819 1684 820 2299 820 2479 820 1684 821 1685 821 2299 821 1664 504 1602 504 1603 504 1664 504 1603 504 1689 504 1298 504 1591 504 1592 504 1298 504 1592 504 1593 504 1298 504 1593 504 1594 504 1298 504 1594 504 1595 504 1298 504 1595 504 1596 504 1298 504 1596 504 1597 504 1298 504 1597 504 1598 504 1298 504 1297 504 1591 504 1657 504 1658 504 1459 504 1657 504 1459 504 1460 504 1665 504 1601 504 1602 504 1665 504 1602 504 1664 504 1947 822 1684 822 2479 822 1947 823 2479 823 2480 823 1946 824 2480 824 1663 824 1946 504 1663 504 1638 504 1946 825 1947 825 2480 825 1656 504 1657 504 1460 504 1948 504 1683 504 1684 504 1948 504 1684 504 1947 504 1945 504 1638 504 1639 504 1945 504 1946 504 1638 504 1305 504 1462 504 1463 504 1305 504 1463 504 1464 504 1305 504 1464 504 1465 504 1305 504 1465 504 1466 504 1305 504 1466 504 1467 504 1305 504 1467 504 1468 504 1305 504 1468 504 1306 504 1949 504 1683 504 1948 504 1949 504 1682 504 1683 504 1944 504 1945 504 1639 504 1924 504 1682 504 1949 504 1943 504 1639 504 1640 504 1943 504 1944 504 1639 504 1925 504 1682 504 1924 504 1681 504 1682 504 1925 504 1942 504 1943 504 1640 504 1926 504 1681 504 1925 504 1641 504 1942 504 1640 504 1641 504 1941 504 1942 504 1927 504 1681 504 1926 504 1940 504 1941 504 1641 504 1680 504 1681 504 1927 504 1928 504 1680 504 1927 504 1929 504 1680 504 1928 504 1642 504 1940 504 1641 504 1642 504 1939 504 1940 504 1938 504 1939 504 1642 504 1679 504 1929 504 1930 504 1679 504 1680 504 1929 504 1299 504 1598 504 1599 504 1299 504 1599 504 1600 504 1299 504 1600 504 1601 504 1299 504 1601 504 1665 504 1299 504 1298 504 1598 504 1299 504 1665 504 1666 504 1299 504 1666 504 1667 504 1643 504 1936 504 1937 504 1643 504 1937 504 1938 504 1643 504 1938 504 1642 504 1678 504 1679 504 1930 504 1678 504 1930 504 1931 504 1678 504 1931 504 1932 504 1304 504 1462 504 1305 504 1304 504 1653 504 1654 504 1304 504 1654 504 1655 504 1304 504 1655 504 1656 504 1304 504 1460 504 1461 504 1304 504 1461 504 1462 504 1304 504 1656 504 1460 504 1644 504 1936 504 1643 504 1677 504 1678 504 1932 504 1300 504 1299 504 1667 504 1300 504 1667 504 1668 504 1300 504 1668 504 1669 504 1300 504 1669 504 1670 504 1300 504 1670 504 1671 504 1300 504 1671 504 1672 504 1300 504 1672 504 1673 504 1303 504 1648 504 1649 504 1303 504 1649 504 1650 504 1303 504 1650 504 1651 504 1303 504 1651 504 1652 504 1303 504 1652 504 1653 504 1303 504 1653 504 1304 504 1301 504 1300 504 1673 504 1301 504 1932 504 1933 504 1301 504 1673 504 1674 504 1301 504 1674 504 1675 504 1301 504 1675 504 1676 504 1301 504 1676 504 1677 504 1301 504 1677 504 1932 504 1302 504 1301 504 1933 504 1302 504 1933 504 1934 504 1302 504 1934 504 1935 504 1302 504 1935 504 1936 504 1302 504 1644 504 1645 504 1302 504 1645 504 1646 504 1302 504 1646 504 1647 504 1302 504 1647 504 1648 504 1302 504 1936 504 1644 504 1302 504 1648 504 1303 504 2612 826 2613 827 2614 828 2612 826 2614 828 2615 829 2611 830 2615 829 2616 831 2611 830 2612 826 2615 829 2610 832 2616 831 2617 833 2610 832 2611 830 2616 831 2609 834 2617 833 2618 835 2609 834 2610 832 2617 833 2608 836 2609 834 2618 835 2608 836 2618 835 2619 837 2607 838 2608 836 2619 837 2607 838 2619 837 2620 839 2606 840 2607 838 2620 839 2606 840 2620 839 2621 841 2605 842 2606 840 2621 841 2605 842 2621 841 2622 843 2604 844 2605 842 2622 843 2604 844 2622 843 2623 845 2603 846 2604 844 2623 845 2603 846 2623 845 2624 847 2602 848 2603 846 2624 847 2602 848 2624 847 2625 849 2601 850 2602 848 2625 849 2601 850 2625 849 2626 850 2600 851 2601 850 2626 850 2600 851 2626 850 2627 852 2599 853 2600 851 2627 852 2599 853 2627 852 2628 854 2598 855 2599 853 2628 854 2598 855 2628 854 2629 856 2598 855 2629 856 2630 857 2597 858 2598 855 2630 857 2596 859 2597 858 2630 857 2596 859 2630 857 2631 860 2596 859 2631 860 2632 861 2595 862 2596 859 2632 861 2594 863 2595 862 2632 861 2594 863 2632 861 2633 864 2593 865 2633 864 2634 866 2593 865 2594 863 2633 864 2592 867 2634 866 2635 868 2592 867 2593 865 2634 866 2591 869 2635 868 2636 870 2591 869 2636 870 2637 871 2591 869 2592 867 2635 868 2590 872 2591 869 2637 871 2589 873 2637 871 2638 874 2589 873 2590 872 2637 871 2588 875 2638 874 2639 876 2588 875 2589 873 2638 874 2587 877 2639 876 2640 878 2587 877 2588 875 2639 876 2586 879 2640 878 2641 879 2586 879 2587 877 2640 878 2585 880 2641 879 2642 881 2585 880 2586 879 2641 879 2584 882 2642 881 2643 883 2584 882 2585 880 2642 881 2583 884 2584 882 2643 883 2583 884 2643 883 2644 885 2582 886 2583 884 2644 885 2582 886 2644 885 2645 887 2581 888 2582 886 2645 887 2581 888 2645 887 2646 889 2580 890 2581 888 2646 889 2580 890 2646 889 2647 891 2579 892 2580 890 2647 891 2579 892 2647 891 2648 893 2578 894 2579 892 2648 893 2578 894 2648 893 2649 895 2577 896 2578 894 2649 895 2577 896 2649 895 2650 897 2576 898 2577 896 2650 897 2576 898 2650 897 2651 899 2575 900 2576 898 2651 899 2575 900 2651 899 2652 901 2575 900 2652 901 2653 902 2574 903 2575 900 2653 902 2654 904 2682 905 2681 906 2655 907 2683 908 2682 905 2655 907 2682 905 2654 904 2656 909 2683 908 2655 907 2657 910 2684 911 2683 908 2657 910 2685 912 2684 911 2657 910 2683 908 2656 909 2658 913 2685 912 2657 910 2659 914 2686 915 2685 912 2659 914 2687 916 2686 915 2659 914 2685 912 2658 913 2660 917 2687 916 2659 914 2661 918 2688 919 2687 916 2661 918 2689 920 2688 919 2661 918 2687 916 2660 917 2662 921 2689 920 2661 918 2663 922 2690 923 2689 920 2663 922 2689 920 2662 921 2664 924 2691 925 2690 923 2664 924 2692 926 2691 925 2664 924 2690 923 2663 922 2665 927 2692 926 2664 924 2666 928 2692 926 2665 927 2666 928 2693 929 2692 926 2667 930 2693 929 2666 928 2667 930 2694 931 2693 929 2668 932 2694 931 2667 930 2668 932 2695 933 2694 931 2669 934 2695 933 2668 932 2669 934 2696 935 2695 933 2670 936 2696 935 2669 934 2670 936 2697 937 2696 935 2671 938 2697 937 2670 936 2671 938 2698 939 2697 937 2671 938 2699 940 2698 939 2672 941 2699 940 2671 938 2673 942 2699 940 2672 941 2673 942 2700 943 2699 940 2674 944 2700 943 2673 942 2674 944 2701 945 2700 943 2675 946 2701 945 2674 944 2675 946 2702 947 2701 945 2676 948 2702 947 2675 946 2676 948 2703 949 2702 947 2676 948 2704 950 2703 949 2677 951 2704 950 2676 948 2678 952 2705 953 2704 950 2678 952 2704 950 2677 951 2679 954 2706 955 2705 953 2679 954 2705 953 2678 952 2680 956 2706 955 2679 954 2680 956 2707 957 2706 955 2708 904 2736 905 2735 906 2709 907 2737 908 2736 905 2709 907 2736 905 2708 904 2710 909 2737 908 2709 907 2711 910 2738 911 2737 908 2711 910 2739 912 2738 911 2711 910 2737 908 2710 909 2712 913 2739 912 2711 910 2713 914 2740 915 2739 912 2713 914 2741 916 2740 915 2713 914 2739 912 2712 913 2714 917 2741 916 2713 914 2715 918 2742 919 2741 916 2715 918 2743 920 2742 919 2715 918 2741 916 2714 917 2716 921 2743 920 2715 918 2717 922 2744 923 2743 920 2717 922 2743 920 2716 921 2718 924 2745 925 2744 923 2718 924 2746 926 2745 925 2718 924 2744 923 2717 922 2719 927 2746 926 2718 924 2720 928 2746 926 2719 927 2720 928 2747 929 2746 926 2721 930 2747 929 2720 928 2721 930 2748 931 2747 929 2722 932 2748 931 2721 930 2722 932 2749 933 2748 931 2723 934 2749 933 2722 932 2723 934 2750 935 2749 933 2724 936 2750 935 2723 934 2724 936 2751 937 2750 935 2725 938 2751 937 2724 936 2725 938 2752 939 2751 937 2725 938 2753 940 2752 939 2726 941 2753 940 2725 938 2727 942 2753 940 2726 941 2727 942 2754 943 2753 940 2728 944 2754 943 2727 942 2728 944 2755 945 2754 943 2729 946 2755 945 2728 944 2729 946 2756 947 2755 945 2730 948 2756 947 2729 946 2730 948 2757 949 2756 947 2730 948 2758 950 2757 949 2731 951 2758 950 2730 948 2732 952 2759 953 2758 950 2732 952 2758 950 2731 951 2733 954 2760 955 2759 953 2733 954 2759 953 2732 952 2734 956 2760 955 2733 954 2734 956 2761 957 2760 955 2762 904 2790 905 2789 906 2763 907 2791 908 2790 905 2763 907 2790 905 2762 904 2764 909 2791 908 2763 907 2765 910 2792 911 2791 908 2765 910 2793 912 2792 911 2765 910 2791 908 2764 909 2766 913 2793 912 2765 910 2767 914 2794 915 2793 912 2767 914 2795 916 2794 915 2767 914 2793 912 2766 913 2768 917 2795 916 2767 914 2769 918 2796 919 2795 916 2769 918 2797 920 2796 919 2769 918 2795 916 2768 917 2770 921 2797 920 2769 918 2771 922 2798 923 2797 920 2771 922 2797 920 2770 921 2772 924 2799 925 2798 923 2772 924 2800 926 2799 925 2772 924 2798 923 2771 922 2773 927 2800 926 2772 924 2774 928 2800 926 2773 927 2774 928 2801 929 2800 926 2775 930 2801 929 2774 928 2775 930 2802 931 2801 929 2776 932 2802 931 2775 930 2776 932 2803 933 2802 931 2777 934 2803 933 2776 932 2777 934 2804 935 2803 933 2778 936 2804 935 2777 934 2778 936 2805 937 2804 935 2779 938 2805 937 2778 936 2779 938 2806 939 2805 937 2779 938 2807 940 2806 939 2780 941 2807 940 2779 938 2781 942 2807 940 2780 941 2781 942 2808 943 2807 940 2782 944 2808 943 2781 942 2782 944 2809 945 2808 943 2783 946 2809 945 2782 944 2783 946 2810 947 2809 945 2784 948 2810 947 2783 946 2784 948 2811 949 2810 947 2784 948 2812 950 2811 949 2785 951 2812 950 2784 948 2786 952 2813 953 2812 950 2786 952 2812 950 2785 951 2787 954 2814 955 2813 953 2787 954 2813 953 2786 952 2788 956 2814 955 2787 954 2788 956 2815 957 2814 955 2816 904 2844 905 2843 906 2817 907 2845 908 2844 905 2817 907 2844 905 2816 904 2818 909 2845 908 2817 907 2819 910 2846 911 2845 908 2819 910 2847 912 2846 911 2819 910 2845 908 2818 909 2820 913 2847 912 2819 910 2821 914 2848 915 2847 912 2821 914 2849 916 2848 915 2821 914 2847 912 2820 913 2822 917 2849 916 2821 914 2823 918 2850 919 2849 916 2823 918 2851 920 2850 919 2823 918 2849 916 2822 917 2824 921 2851 920 2823 918 2825 922 2852 923 2851 920 2825 922 2851 920 2824 921 2826 924 2853 925 2852 923 2826 924 2854 926 2853 925 2826 924 2852 923 2825 922 2827 927 2854 926 2826 924 2828 928 2854 926 2827 927 2828 928 2855 929 2854 926 2829 930 2855 929 2828 928 2829 930 2856 931 2855 929 2830 932 2856 931 2829 930 2830 932 2857 933 2856 931 2831 934 2857 933 2830 932 2831 934 2858 935 2857 933 2832 936 2858 935 2831 934 2832 936 2859 937 2858 935 2833 938 2859 937 2832 936 2833 938 2860 939 2859 937 2833 938 2861 940 2860 939 2834 941 2861 940 2833 938 2835 942 2861 940 2834 941 2835 942 2862 943 2861 940 2836 944 2862 943 2835 942 2836 944 2863 945 2862 943 2837 946 2863 945 2836 944 2837 946 2864 947 2863 945 2838 948 2864 947 2837 946 2838 948 2865 949 2864 947 2838 948 2866 950 2865 949 2839 951 2866 950 2838 948 2840 952 2867 953 2866 950 2840 952 2866 950 2839 951 2841 954 2868 955 2867 953 2841 954 2867 953 2840 952 2842 956 2868 955 2841 954 2842 956 2869 957 2868 955 2870 958 2898 959 2897 960 2871 961 2899 962 2898 959 2871 961 2898 959 2870 958 2872 963 2899 962 2871 961 2873 964 2900 965 2899 962 2873 964 2901 966 2900 965 2873 964 2899 962 2872 963 2874 967 2901 966 2873 964 2875 968 2902 969 2901 966 2875 968 2903 970 2902 969 2875 968 2901 966 2874 967 2876 971 2903 970 2875 968 2877 972 2904 973 2903 970 2877 972 2905 974 2904 973 2877 972 2903 970 2876 971 2878 975 2905 974 2877 972 2879 976 2906 977 2905 974 2879 976 2905 974 2878 975 2880 978 2907 979 2906 977 2880 978 2908 980 2907 979 2880 978 2906 977 2879 976 2881 981 2908 980 2880 978 2882 982 2908 980 2881 981 2882 982 2909 983 2908 980 2883 984 2909 983 2882 982 2883 984 2910 985 2909 983 2884 986 2910 985 2883 984 2884 986 2911 987 2910 985 2885 988 2911 987 2884 986 2885 988 2912 989 2911 987 2886 990 2912 989 2885 988 2886 990 2913 991 2912 989 2887 992 2913 991 2886 990 2887 992 2914 993 2913 991 2887 992 2915 994 2914 993 2888 995 2915 994 2887 992 2889 996 2915 994 2888 995 2889 996 2916 997 2915 994 2890 998 2916 997 2889 996 2890 998 2917 999 2916 997 2891 1000 2917 999 2890 998 2891 1000 2918 1001 2917 999 2892 1002 2918 1001 2891 1000 2892 1002 2919 1003 2918 1001 2892 1002 2920 1004 2919 1003 2893 1005 2920 1004 2892 1002 2894 1006 2921 1007 2920 1004 2894 1006 2920 1004 2893 1005 2895 1008 2922 1009 2921 1007 2895 1008 2921 1007 2894 1006 2896 1010 2922 1009 2895 1008 2896 1010 2923 1011 2922 1009 2924 1012 2952 1013 2951 1014 2925 1015 2953 962 2952 1013 2925 1015 2952 1013 2924 1012 2926 963 2953 962 2925 1015 2927 964 2954 965 2953 962 2927 964 2955 966 2954 965 2927 964 2953 962 2926 963 2928 967 2955 966 2927 964 2929 968 2956 969 2955 966 2929 968 2957 970 2956 969 2929 968 2955 966 2928 967 2930 971 2957 970 2929 968 2931 972 2958 973 2957 970 2931 972 2959 974 2958 973 2931 972 2957 970 2930 971 2932 975 2959 974 2931 972 2933 976 2960 977 2959 974 2933 976 2959 974 2932 975 2934 978 2961 979 2960 977 2934 978 2962 980 2961 979 2934 978 2960 977 2933 976 2935 981 2962 980 2934 978 2936 1016 2962 980 2935 981 2936 1016 2963 1017 2962 980 2937 1018 2963 1017 2936 1016 2937 1018 2964 1019 2963 1017 2938 1020 2964 1019 2937 1018 2938 1020 2965 1021 2964 1019 2939 988 2965 1021 2938 1020 2939 988 2966 989 2965 1021 2940 990 2966 989 2939 988 2940 990 2967 991 2966 989 2941 992 2967 991 2940 990 2941 992 2968 993 2967 991 2941 992 2969 994 2968 993 2942 995 2969 994 2941 992 2943 996 2969 994 2942 995 2943 996 2970 997 2969 994 2944 998 2970 997 2943 996 2944 998 2971 999 2970 997 2945 1000 2971 999 2944 998 2945 1000 2972 1001 2971 999 2946 1002 2972 1001 2945 1000 2946 1002 2973 1003 2972 1001 2946 1002 2974 1004 2973 1003 2947 1005 2974 1004 2946 1002 2948 1006 2975 1007 2974 1004 2948 1006 2974 1004 2947 1005 2949 1022 2976 1023 2975 1007 2949 1022 2975 1007 2948 1006 2950 1024 2976 1023 2949 1022 2950 1024 2977 1025 2976 1023 2978 1026 3006 1027 3005 1028 2979 1029 3007 1030 3006 1027 2979 1029 3006 1027 2978 1026 2980 1031 3007 1030 2979 1029 2981 1032 3008 1033 3007 1030 2981 1032 3009 1034 3008 1033 2981 1032 3007 1030 2980 1031 2982 1035 3009 1034 2981 1032 2983 1036 3010 1037 3009 1034 2983 1036 3011 1038 3010 1037 2983 1036 3009 1034 2982 1035 2984 1039 3011 1038 2983 1036 2985 1040 3012 1041 3011 1038 2985 1040 3013 1042 3012 1041 2985 1040 3011 1038 2984 1039 2986 1043 3013 1042 2985 1040 2987 1044 3014 1045 3013 1042 2987 1044 3013 1042 2986 1043 2988 1046 3015 1047 3014 1045 2988 1046 3016 1048 3015 1047 2988 1046 3014 1045 2987 1044 2989 1049 3016 1048 2988 1046 2990 1050 3016 1048 2989 1049 2990 1050 3017 1051 3016 1048 2991 1052 3017 1051 2990 1050 2991 1052 3018 1053 3017 1051 2992 1054 3018 1053 2991 1052 2992 1054 3019 1055 3018 1053 2993 1056 3019 1055 2992 1054 2993 1056 3020 1057 3019 1055 2994 1058 3020 1057 2993 1056 2994 1058 3021 1059 3020 1057 2995 1060 3021 1059 2994 1058 2995 1060 3022 1061 3021 1059 2995 1060 3023 1062 3022 1061 2996 1063 3023 1062 2995 1060 2997 1064 3023 1062 2996 1063 2997 1064 3024 1065 3023 1062 2998 1066 3024 1065 2997 1064 2998 1066 3025 1067 3024 1065 2999 1068 3025 1067 2998 1066 2999 1068 3026 1069 3025 1067 3000 1070 3026 1069 2999 1068 3000 1070 3027 1071 3026 1069 3000 1070 3028 1072 3027 1071 3001 1073 3028 1072 3000 1070 3002 1074 3029 1075 3028 1072 3002 1074 3028 1072 3001 1073 3003 1076 3030 1077 3029 1075 3003 1076 3029 1075 3002 1074 3004 1078 3030 1077 3003 1076 3004 1078 3031 1079 3030 1077 3032 1080 3060 1081 3059 1082 3033 1029 3061 1083 3060 1081 3033 1029 3060 1081 3032 1080 3034 1084 3061 1083 3033 1029 3035 1085 3062 1086 3061 1083 3035 1085 3063 1034 3062 1086 3035 1085 3061 1083 3034 1084 3036 1035 3063 1034 3035 1085 3037 1036 3064 1037 3063 1034 3037 1036 3065 1038 3064 1037 3037 1036 3063 1034 3036 1035 3038 1039 3065 1038 3037 1036 3039 1040 3066 1041 3065 1038 3039 1040 3067 1042 3066 1041 3039 1040 3065 1038 3038 1039 3040 1043 3067 1042 3039 1040 3041 1044 3068 1045 3067 1042 3041 1044 3067 1042 3040 1043 3042 1087 3069 1088 3068 1045 3042 1087 3070 1089 3069 1088 3042 1087 3068 1045 3041 1044 3043 1090 3070 1089 3042 1087 3044 1050 3070 1089 3043 1090 3044 1050 3071 1091 3070 1089 3045 1092 3071 1091 3044 1050 3045 1092 3072 1093 3071 1091 3046 1094 3072 1093 3045 1092 3046 1094 3073 1055 3072 1093 3047 1095 3073 1055 3046 1094 3047 1095 3074 1096 3073 1055 3048 1097 3074 1096 3047 1095 3048 1097 3075 1098 3074 1096 3049 1060 3075 1098 3048 1097 3049 1060 3076 1061 3075 1098 3049 1060 3077 1062 3076 1061 3050 1063 3077 1062 3049 1060 3051 1064 3077 1062 3050 1063 3051 1064 3078 1065 3077 1062 3052 1066 3078 1065 3051 1064 3052 1066 3079 1067 3078 1065 3053 1068 3079 1067 3052 1066 3053 1068 3080 1069 3079 1067 3054 1070 3080 1069 3053 1068 3054 1070 3081 1071 3080 1069 3054 1070 3082 1099 3081 1071 3055 1100 3082 1099 3054 1070 3056 1101 3083 1102 3082 1099 3056 1101 3082 1099 3055 1100 3057 1076 3084 1103 3083 1102 3057 1076 3083 1102 3056 1101 3058 1104 3084 1103 3057 1076 3058 1104 3085 1105 3084 1103 3086 1106 3114 1107 3113 1108 3087 1109 3115 1110 3114 1107 3087 1109 3114 1107 3086 1106 3088 1111 3115 1110 3087 1109 3089 1112 3116 1113 3115 1110 3089 1112 3117 1114 3116 1113 3089 1112 3115 1110 3088 1111 3090 1115 3117 1114 3089 1112 3091 1116 3118 1117 3117 1114 3091 1116 3119 1118 3118 1117 3091 1116 3117 1114 3090 1115 3092 1119 3119 1118 3091 1116 3093 1120 3120 1121 3119 1118 3093 1120 3121 1122 3120 1121 3093 1120 3119 1118 3092 1119 3094 1123 3121 1122 3093 1120 3095 1124 3122 976 3121 1122 3095 1124 3121 1122 3094 1123 3096 1125 3123 1126 3122 976 3096 1125 3124 1127 3123 1126 3096 1125 3122 976 3095 1124 3097 1128 3124 1127 3096 1125 3098 1129 3124 1127 3097 1128 3098 1129 3125 1130 3124 1127 3099 1131 3125 1130 3098 1129 3099 1131 3126 1132 3125 1130 3100 1133 3126 1132 3099 1131 3100 1133 3127 1134 3126 1132 3101 1135 3127 1134 3100 1133 3101 1135 3128 1136 3127 1134 3102 1137 3128 1136 3101 1135 3102 1137 3129 1138 3128 1136 3103 1139 3129 1138 3102 1137 3103 1139 3130 1140 3129 1138 3103 1139 3131 1141 3130 1140 3104 1142 3131 1141 3103 1139 3105 1143 3131 1141 3104 1142 3105 1143 3132 1144 3131 1141 3106 1145 3132 1144 3105 1143 3106 1145 3133 1146 3132 1144 3107 1147 3133 1146 3106 1145 3107 1147 3134 1148 3133 1146 3108 1149 3134 1148 3107 1147 3108 1149 3135 1150 3134 1148 3108 1149 3136 1151 3135 1150 3109 1152 3136 1151 3108 1149 3110 1153 3137 1154 3136 1151 3110 1153 3136 1151 3109 1152 3111 1155 3138 1156 3137 1154 3111 1155 3137 1154 3110 1153 3112 1157 3138 1156 3111 1155 3112 1157 3139 1158 3138 1156 3140 1106 3168 1107 3167 1108 3141 1109 3169 1110 3168 1107 3141 1109 3168 1107 3140 1106 3142 1111 3169 1110 3141 1109 3143 1112 3170 1113 3169 1110 3143 1112 3171 1114 3170 1113 3143 1112 3169 1110 3142 1111 3144 1115 3171 1114 3143 1112 3145 1116 3172 1117 3171 1114 3145 1116 3173 1118 3172 1117 3145 1116 3171 1114 3144 1115 3146 1119 3173 1118 3145 1116 3147 1120 3174 1121 3173 1118 3147 1120 3175 1122 3174 1121 3147 1120 3173 1118 3146 1119 3148 1123 3175 1122 3147 1120 3149 1124 3176 976 3175 1122 3149 1124 3175 1122 3148 1123 3150 1125 3177 1126 3176 976 3150 1125 3178 1127 3177 1126 3150 1125 3176 976 3149 1124 3151 1128 3178 1127 3150 1125 3152 1129 3178 1127 3151 1128 3152 1129 3179 1130 3178 1127 3153 1131 3179 1130 3152 1129 3153 1131 3180 1132 3179 1130 3154 1133 3180 1132 3153 1131 3154 1133 3181 1134 3180 1132 3155 1135 3181 1134 3154 1133 3155 1135 3182 1136 3181 1134 3156 1137 3182 1136 3155 1135 3156 1137 3183 1138 3182 1136 3157 1139 3183 1138 3156 1137 3157 1139 3184 1140 3183 1138 3157 1139 3185 1141 3184 1140 3158 1142 3185 1141 3157 1139 3159 1143 3185 1141 3158 1142 3159 1143 3186 1144 3185 1141 3160 1145 3186 1144 3159 1143 3160 1145 3187 1146 3186 1144 3161 1147 3187 1146 3160 1145 3161 1147 3188 1148 3187 1146 3162 1149 3188 1148 3161 1147 3162 1149 3189 1150 3188 1148 3162 1149 3190 1151 3189 1150 3163 1152 3190 1151 3162 1149 3164 1153 3191 1154 3190 1151 3164 1153 3190 1151 3163 1152 3165 1155 3192 1156 3191 1154 3165 1155 3191 1154 3164 1153 3166 1157 3192 1156 3165 1155 3166 1157 3193 1158 3192 1156 3194 1106 3222 1107 3221 1108 3195 1109 3223 1110 3222 1107 3195 1109 3222 1107 3194 1106 3196 1111 3223 1110 3195 1109 3197 1112 3224 1113 3223 1110 3197 1112 3225 1114 3224 1113 3197 1112 3223 1110 3196 1111 3198 1115 3225 1114 3197 1112 3199 1116 3226 1117 3225 1114 3199 1116 3227 1118 3226 1117 3199 1116 3225 1114 3198 1115 3200 1119 3227 1118 3199 1116 3201 1120 3228 1121 3227 1118 3201 1120 3229 1122 3228 1121 3201 1120 3227 1118 3200 1119 3202 1123 3229 1122 3201 1120 3203 1124 3230 976 3229 1122 3203 1124 3229 1122 3202 1123 3204 1125 3231 1126 3230 976 3204 1125 3232 1127 3231 1126 3204 1125 3230 976 3203 1124 3205 1128 3232 1127 3204 1125 3206 1129 3232 1127 3205 1128 3206 1129 3233 1130 3232 1127 3207 1131 3233 1130 3206 1129 3207 1131 3234 1132 3233 1130 3208 1133 3234 1132 3207 1131 3208 1133 3235 1134 3234 1132 3209 1135 3235 1134 3208 1133 3209 1135 3236 1136 3235 1134 3210 1137 3236 1136 3209 1135 3210 1137 3237 1138 3236 1136 3211 1139 3237 1138 3210 1137 3211 1139 3238 1140 3237 1138 3211 1139 3239 1141 3238 1140 3212 1142 3239 1141 3211 1139 3213 1143 3239 1141 3212 1142 3213 1143 3240 1144 3239 1141 3214 1145 3240 1144 3213 1143 3214 1145 3241 1146 3240 1144 3215 1147 3241 1146 3214 1145 3215 1147 3242 1148 3241 1146 3216 1149 3242 1148 3215 1147 3216 1149 3243 1150 3242 1148 3216 1149 3244 1151 3243 1150 3217 1152 3244 1151 3216 1149 3218 1153 3245 1154 3244 1151 3218 1153 3244 1151 3217 1152 3219 1155 3246 1156 3245 1154 3219 1155 3245 1154 3218 1153 3220 1157 3246 1156 3219 1155 3220 1157 3247 1158 3246 1156 3248 1106 3276 1107 3275 1108 3249 1109 3277 1110 3276 1107 3249 1109 3276 1107 3248 1106 3250 1111 3277 1110 3249 1109 3251 1112 3278 1113 3277 1110 3251 1112 3279 1114 3278 1113 3251 1112 3277 1110 3250 1111 3252 1115 3279 1114 3251 1112 3253 1116 3280 1117 3279 1114 3253 1116 3281 1118 3280 1117 3253 1116 3279 1114 3252 1115 3254 1119 3281 1118 3253 1116 3255 1120 3282 1121 3281 1118 3255 1120 3283 1122 3282 1121 3255 1120 3281 1118 3254 1119 3256 1123 3283 1122 3255 1120 3257 1124 3284 976 3283 1122 3257 1124 3283 1122 3256 1123 3258 1125 3285 1126 3284 976 3258 1125 3286 1127 3285 1126 3258 1125 3284 976 3257 1124 3259 1128 3286 1127 3258 1125 3260 1129 3286 1127 3259 1128 3260 1129 3287 1130 3286 1127 3261 1131 3287 1130 3260 1129 3261 1131 3288 1132 3287 1130 3262 1133 3288 1132 3261 1131 3262 1133 3289 1134 3288 1132 3263 1135 3289 1134 3262 1133 3263 1135 3290 1136 3289 1134 3264 1137 3290 1136 3263 1135 3264 1137 3291 1138 3290 1136 3265 1139 3291 1138 3264 1137 3265 1139 3292 1140 3291 1138 3265 1139 3293 1141 3292 1140 3266 1142 3293 1141 3265 1139 3267 1143 3293 1141 3266 1142 3267 1143 3294 1144 3293 1141 3268 1145 3294 1144 3267 1143 3268 1145 3295 1146 3294 1144 3269 1147 3295 1146 3268 1145 3269 1147 3296 1148 3295 1146 3270 1149 3296 1148 3269 1147 3270 1149 3297 1150 3296 1148 3270 1149 3298 1151 3297 1150 3271 1152 3298 1151 3270 1149 3272 1153 3299 1154 3298 1151 3272 1153 3298 1151 3271 1152 3273 1155 3300 1156 3299 1154 3273 1155 3299 1154 3272 1153 3274 1157 3300 1156 3273 1155 3274 1157 3301 1158 3300 1156 3302 1106 3330 1107 3329 1108 3303 1109 3331 1110 3330 1107 3303 1109 3330 1107 3302 1106 3304 1111 3331 1110 3303 1109 3305 1112 3332 1113 3331 1110 3305 1112 3333 1114 3332 1113 3305 1112 3331 1110 3304 1111 3306 1115 3333 1114 3305 1112 3307 1116 3334 1117 3333 1114 3307 1116 3335 1118 3334 1117 3307 1116 3333 1114 3306 1115 3308 1119 3335 1118 3307 1116 3309 1120 3336 1121 3335 1118 3309 1120 3337 1122 3336 1121 3309 1120 3335 1118 3308 1119 3310 1123 3337 1122 3309 1120 3311 1124 3338 976 3337 1122 3311 1124 3337 1122 3310 1123 3312 1125 3339 1126 3338 976 3312 1125 3340 1127 3339 1126 3312 1125 3338 976 3311 1124 3313 1128 3340 1127 3312 1125 3314 1129 3340 1127 3313 1128 3314 1129 3341 1130 3340 1127 3315 1131 3341 1130 3314 1129 3315 1131 3342 1132 3341 1130 3316 1133 3342 1132 3315 1131 3316 1133 3343 1134 3342 1132 3317 1135 3343 1134 3316 1133 3317 1135 3344 1136 3343 1134 3318 1137 3344 1136 3317 1135 3318 1137 3345 1138 3344 1136 3319 1139 3345 1138 3318 1137 3319 1139 3346 1140 3345 1138 3319 1139 3347 1141 3346 1140 3320 1142 3347 1141 3319 1139 3321 1143 3347 1141 3320 1142 3321 1143 3348 1144 3347 1141 3322 1145 3348 1144 3321 1143 3322 1145 3349 1146 3348 1144 3323 1147 3349 1146 3322 1145 3323 1147 3350 1148 3349 1146 3324 1149 3350 1148 3323 1147 3324 1149 3351 1150 3350 1148 3324 1149 3352 1151 3351 1150 3325 1152 3352 1151 3324 1149 3326 1153 3353 1154 3352 1151 3326 1153 3352 1151 3325 1152 3327 1155 3354 1156 3353 1154 3327 1155 3353 1154 3326 1153 3328 1157 3354 1156 3327 1155 3328 1157 3355 1158 3354 1156 3356 1106 3384 1107 3383 1108 3357 1109 3385 1110 3384 1107 3357 1109 3384 1107 3356 1106 3358 1111 3385 1110 3357 1109 3359 1112 3386 1113 3385 1110 3359 1112 3387 1114 3386 1113 3359 1112 3385 1110 3358 1111 3360 1115 3387 1114 3359 1112 3361 1116 3388 1117 3387 1114 3361 1116 3389 1118 3388 1117 3361 1116 3387 1114 3360 1115 3362 1119 3389 1118 3361 1116 3363 1120 3390 1121 3389 1118 3363 1120 3391 1122 3390 1121 3363 1120 3389 1118 3362 1119 3364 1123 3391 1122 3363 1120 3365 1124 3392 976 3391 1122 3365 1124 3391 1122 3364 1123 3366 1125 3393 1126 3392 976 3366 1125 3394 1127 3393 1126 3366 1125 3392 976 3365 1124 3367 1128 3394 1127 3366 1125 3368 1129 3394 1127 3367 1128 3368 1129 3395 1130 3394 1127 3369 1131 3395 1130 3368 1129 3369 1131 3396 1132 3395 1130 3370 1133 3396 1132 3369 1131 3370 1133 3397 1134 3396 1132 3371 1135 3397 1134 3370 1133 3371 1135 3398 1136 3397 1134 3372 1137 3398 1136 3371 1135 3372 1137 3399 1138 3398 1136 3373 1139 3399 1138 3372 1137 3373 1139 3400 1140 3399 1138 3373 1139 3401 1141 3400 1140 3374 1142 3401 1141 3373 1139 3375 1143 3401 1141 3374 1142 3375 1143 3402 1144 3401 1141 3376 1145 3402 1144 3375 1143 3376 1145 3403 1146 3402 1144 3377 1147 3403 1146 3376 1145 3377 1147 3404 1148 3403 1146 3378 1149 3404 1148 3377 1147 3378 1149 3405 1150 3404 1148 3378 1149 3406 1151 3405 1150 3379 1152 3406 1151 3378 1149 3380 1153 3407 1154 3406 1151 3380 1153 3406 1151 3379 1152 3381 1155 3408 1156 3407 1154 3381 1155 3407 1154 3380 1153 3382 1157 3408 1156 3381 1155 3382 1157 3409 1158 3408 1156 3410 1106 3438 1107 3437 1108 3411 1109 3439 1110 3438 1107 3411 1109 3438 1107 3410 1106 3412 1111 3439 1110 3411 1109 3413 1112 3440 1113 3439 1110 3413 1112 3441 1114 3440 1113 3413 1112 3439 1110 3412 1111 3414 1115 3441 1114 3413 1112 3415 1116 3442 1117 3441 1114 3415 1116 3443 1118 3442 1117 3415 1116 3441 1114 3414 1115 3416 1119 3443 1118 3415 1116 3417 1120 3444 1121 3443 1118 3417 1120 3445 1122 3444 1121 3417 1120 3443 1118 3416 1119 3418 1123 3445 1122 3417 1120 3419 1124 3446 976 3445 1122 3419 1124 3445 1122 3418 1123 3420 1125 3447 1126 3446 976 3420 1125 3448 1127 3447 1126 3420 1125 3446 976 3419 1124 3421 1128 3448 1127 3420 1125 3422 1129 3448 1127 3421 1128 3422 1129 3449 1130 3448 1127 3423 1131 3449 1130 3422 1129 3423 1131 3450 1132 3449 1130 3424 1133 3450 1132 3423 1131 3424 1133 3451 1134 3450 1132 3425 1135 3451 1134 3424 1133 3425 1135 3452 1136 3451 1134 3426 1137 3452 1136 3425 1135 3426 1137 3453 1138 3452 1136 3427 1139 3453 1138 3426 1137 3427 1139 3454 1140 3453 1138 3427 1139 3455 1141 3454 1140 3428 1142 3455 1141 3427 1139 3429 1143 3455 1141 3428 1142 3429 1143 3456 1144 3455 1141 3430 1145 3456 1144 3429 1143 3430 1145 3457 1146 3456 1144 3431 1147 3457 1146 3430 1145 3431 1147 3458 1148 3457 1146 3432 1149 3458 1148 3431 1147 3432 1149 3459 1150 3458 1148 3432 1149 3460 1151 3459 1150 3433 1152 3460 1151 3432 1149 3434 1153 3461 1154 3460 1151 3434 1153 3460 1151 3433 1152 3435 1155 3462 1156 3461 1154 3435 1155 3461 1154 3434 1153 3436 1157 3462 1156 3435 1155 3436 1157 3463 1158 3462 1156 3464 1106 3492 1107 3491 1108 3465 1109 3493 1110 3492 1107 3465 1109 3492 1107 3464 1106 3466 1111 3493 1110 3465 1109 3467 1112 3494 1113 3493 1110 3467 1112 3495 1114 3494 1113 3467 1112 3493 1110 3466 1111 3468 1115 3495 1114 3467 1112 3469 1116 3496 1117 3495 1114 3469 1116 3497 1118 3496 1117 3469 1116 3495 1114 3468 1115 3470 1119 3497 1118 3469 1116 3471 1120 3498 1121 3497 1118 3471 1120 3499 1122 3498 1121 3471 1120 3497 1118 3470 1119 3472 1123 3499 1122 3471 1120 3473 1124 3500 976 3499 1122 3473 1124 3499 1122 3472 1123 3474 1125 3501 1126 3500 976 3474 1125 3502 1127 3501 1126 3474 1125 3500 976 3473 1124 3475 1128 3502 1127 3474 1125 3476 1129 3502 1127 3475 1128 3476 1129 3503 1130 3502 1127 3477 1131 3503 1130 3476 1129 3477 1131 3504 1132 3503 1130 3478 1133 3504 1132 3477 1131 3478 1133 3505 1134 3504 1132 3479 1135 3505 1134 3478 1133 3479 1135 3506 1136 3505 1134 3480 1137 3506 1136 3479 1135 3480 1137 3507 1138 3506 1136 3481 1139 3507 1138 3480 1137 3481 1139 3508 1140 3507 1138 3481 1139 3509 1141 3508 1140 3482 1142 3509 1141 3481 1139 3483 1143 3509 1141 3482 1142 3483 1143 3510 1144 3509 1141 3484 1145 3510 1144 3483 1143 3484 1145 3511 1146 3510 1144 3485 1147 3511 1146 3484 1145 3485 1147 3512 1148 3511 1146 3486 1149 3512 1148 3485 1147 3486 1149 3513 1150 3512 1148 3486 1149 3514 1151 3513 1150 3487 1152 3514 1151 3486 1149 3488 1153 3515 1154 3514 1151 3488 1153 3514 1151 3487 1152 3489 1155 3516 1156 3515 1154 3489 1155 3515 1154 3488 1153 3490 1157 3516 1156 3489 1155 3490 1157 3517 1158 3516 1156 3518 1159 3546 1160 3545 1161 3519 1162 3547 1163 3546 1160 3519 1162 3546 1160 3518 1159 3520 1164 3547 1163 3519 1162 3521 1165 3548 1166 3547 1163 3521 1165 3549 1167 3548 1166 3521 1165 3547 1163 3520 1164 3522 1168 3549 1167 3521 1165 3523 1169 3550 1170 3549 1167 3523 1169 3551 1171 3550 1170 3523 1169 3549 1167 3522 1168 3524 1172 3551 1171 3523 1169 3525 1173 3552 1174 3551 1171 3525 1173 3553 1175 3552 1174 3525 1173 3551 1171 3524 1172 3526 1176 3553 1175 3525 1173 3527 1177 3554 922 3553 1175 3527 1177 3553 1175 3526 1176 3528 1178 3555 1179 3554 922 3528 1178 3556 1180 3555 1179 3528 1178 3554 922 3527 1177 3529 1181 3556 1180 3528 1178 3530 1182 3556 1180 3529 1181 3530 1182 3557 1183 3556 1180 3531 1184 3557 1183 3530 1182 3531 1184 3558 1185 3557 1183 3532 1186 3558 1185 3531 1184 3532 1186 3559 1187 3558 1185 3533 1188 3559 1187 3532 1186 3533 1188 3560 1189 3559 1187 3534 1190 3560 1189 3533 1188 3534 1190 3561 1191 3560 1189 3535 1192 3561 1191 3534 1190 3535 1192 3562 1193 3561 1191 3535 1192 3563 1194 3562 1193 3536 1195 3563 1194 3535 1192 3537 1196 3563 1194 3536 1195 3537 1196 3564 1197 3563 1194 3538 1198 3564 1197 3537 1196 3538 1198 3565 1199 3564 1197 3539 1200 3565 1199 3538 1198 3539 1200 3566 1201 3565 1199 3540 1202 3566 1201 3539 1200 3540 1202 3567 1203 3566 1201 3540 1202 3568 1204 3567 1203 3541 1205 3568 1204 3540 1202 3542 1206 3569 1207 3568 1204 3542 1206 3568 1204 3541 1205 3543 1208 3570 1209 3569 1207 3543 1208 3569 1207 3542 1206 3544 1210 3570 1209 3543 1208 3544 1210 3571 1211 3570 1209 3572 1212 3600 1213 3599 1214 3573 1215 3601 1216 3600 1213 3573 1215 3600 1213 3572 1212 3574 1217 3601 1216 3573 1215 3575 1218 3602 1218 3601 1216 3575 1218 3603 1219 3602 1218 3575 1218 3601 1216 3574 1217 3576 1220 3603 1219 3575 1218 3577 1221 3604 1170 3603 1219 3577 1221 3605 1171 3604 1170 3577 1221 3603 1219 3576 1220 3578 1172 3605 1171 3577 1221 3579 1173 3606 1174 3605 1171 3579 1173 3607 1222 3606 1174 3579 1173 3605 1171 3578 1172 3580 1176 3607 1222 3579 1173 3581 1223 3608 1224 3607 1222 3581 1223 3607 1222 3580 1176 3582 1225 3609 1226 3608 1224 3582 1225 3610 1227 3609 1226 3582 1225 3608 1224 3581 1223 3583 1228 3610 1227 3582 1225 3584 1229 3610 1227 3583 1228 3584 1229 3611 1230 3610 1227 3585 1231 3611 1230 3584 1229 3585 1231 3612 1232 3611 1230 3586 1233 3612 1232 3585 1231 3586 1233 3613 1234 3612 1232 3587 1235 3613 1234 3586 1233 3587 1235 3614 1236 3613 1234 3588 1137 3614 1236 3587 1235 3588 1137 3615 1237 3614 1236 3589 1238 3615 1237 3588 1137 3589 1238 3616 1239 3615 1237 3589 1238 3617 1240 3616 1239 3590 1195 3617 1240 3589 1238 3591 1196 3617 1240 3590 1195 3591 1196 3618 1197 3617 1240 3592 1198 3618 1197 3591 1196 3592 1198 3619 1199 3618 1197 3593 1200 3619 1199 3592 1198 3593 1200 3620 1241 3619 1199 3594 1242 3620 1241 3593 1200 3594 1242 3621 1243 3620 1241 3594 1242 3622 1244 3621 1243 3595 1244 3622 1244 3594 1242 3596 1245 3623 1246 3622 1244 3596 1245 3622 1244 3595 1244 3597 1247 3624 1248 3623 1246 3597 1247 3623 1246 3596 1245 3598 1249 3624 1248 3597 1247 3598 1249 3625 1250 3624 1248 3626 1251 3654 1252 3653 1253 3627 1254 3655 1255 3654 1252 3627 1254 3654 1252 3626 1251 3628 1256 3655 1255 3627 1254 3629 1257 3656 1258 3655 1255 3629 1257 3657 1259 3656 1258 3629 1257 3655 1255 3628 1256 3630 1260 3657 1259 3629 1257 3631 1261 3658 1262 3657 1259 3631 1261 3659 1263 3658 1262 3631 1261 3657 1259 3630 1260 3632 1264 3659 1263 3631 1261 3633 1265 3660 1265 3659 1263 3633 1265 3661 1266 3660 1265 3633 1265 3659 1263 3632 1264 3634 1267 3661 1266 3633 1265 3635 1268 3662 1269 3661 1266 3635 1268 3661 1266 3634 1267 3636 1270 3663 1271 3662 1269 3636 1270 3664 1272 3663 1271 3636 1270 3662 1269 3635 1268 3637 1273 3664 1272 3636 1270 3638 1274 3664 1272 3637 1273 3638 1274 3665 1275 3664 1272 3639 1276 3665 1275 3638 1274 3639 1276 3666 1277 3665 1275 3640 1278 3666 1277 3639 1276 3640 1278 3667 1279 3666 1277 3641 1280 3667 1279 3640 1278 3641 1280 3668 1281 3667 1279 3642 1282 3668 1281 3641 1280 3642 1282 3669 1283 3668 1281 3643 1284 3669 1283 3642 1282 3643 1284 3670 1285 3669 1283 3643 1284 3671 1286 3670 1285 3644 1287 3671 1286 3643 1284 3645 1288 3671 1286 3644 1287 3645 1288 3672 1289 3671 1286 3646 1290 3672 1289 3645 1288 3646 1290 3673 1291 3672 1289 3647 1292 3673 1291 3646 1290 3647 1292 3674 1293 3673 1291 3648 1294 3674 1293 3647 1292 3648 1294 3675 1295 3674 1293 3648 1294 3676 1296 3675 1295 3649 1297 3676 1296 3648 1294 3650 1298 3677 1299 3676 1296 3650 1298 3676 1296 3649 1297 3651 1300 3678 1301 3677 1299 3651 1300 3677 1299 3650 1298 3652 1302 3678 1301 3651 1300 3652 1302 3679 1303 3678 1301 3680 1251 3708 1304 3707 1253 3681 1305 3709 1255 3708 1304 3681 1305 3708 1304 3680 1251 3682 1306 3709 1255 3681 1305 3683 1307 3710 1308 3709 1255 3683 1307 3711 1260 3710 1308 3683 1307 3709 1255 3682 1306 3684 1309 3711 1260 3683 1307 3685 1310 3712 1311 3711 1260 3685 1310 3713 1263 3712 1311 3685 1310 3711 1260 3684 1309 3686 1264 3713 1263 3685 1310 3687 1265 3714 1265 3713 1263 3687 1265 3715 1312 3714 1265 3687 1265 3713 1263 3686 1264 3688 1313 3715 1312 3687 1265 3689 1314 3716 1315 3715 1312 3689 1314 3715 1312 3688 1313 3690 1316 3717 1317 3716 1315 3690 1316 3718 1318 3717 1317 3690 1316 3716 1315 3689 1314 3691 1319 3718 1318 3690 1316 3692 1320 3718 1318 3691 1319 3692 1320 3719 1321 3718 1318 3693 1276 3719 1321 3692 1320 3693 1276 3720 1277 3719 1321 3694 1322 3720 1277 3693 1276 3694 1322 3721 1323 3720 1277 3695 1324 3721 1323 3694 1322 3695 1324 3722 1325 3721 1323 3696 1326 3722 1325 3695 1324 3696 1326 3723 1327 3722 1325 3697 1328 3723 1327 3696 1326 3697 1328 3724 1285 3723 1327 3697 1328 3725 1329 3724 1285 3698 1330 3725 1329 3697 1328 3699 1288 3725 1329 3698 1330 3699 1288 3726 1289 3725 1329 3700 1290 3726 1289 3699 1288 3700 1290 3727 1291 3726 1289 3701 1331 3727 1291 3700 1290 3701 1331 3728 1332 3727 1291 3702 1333 3728 1332 3701 1331 3702 1333 3729 1294 3728 1332 3702 1333 3730 1334 3729 1294 3703 1335 3730 1334 3702 1333 3704 1336 3731 1337 3730 1334 3704 1336 3730 1334 3703 1335 3705 1338 3732 1339 3731 1337 3705 1338 3731 1337 3704 1336 3706 1302 3732 1339 3705 1338 3706 1302 3733 1303 3732 1339 3734 1340 3762 1341 3761 1342 3735 1343 3763 1216 3762 1341 3735 1343 3762 1341 3734 1340 3736 1217 3763 1216 3735 1343 3737 1218 3764 1218 3763 1216 3737 1218 3765 1219 3764 1218 3737 1218 3763 1216 3736 1217 3738 1220 3765 1219 3737 1218 3739 1344 3766 1345 3765 1219 3739 1344 3767 1346 3766 1345 3739 1344 3765 1219 3738 1220 3740 1347 3767 1346 3739 1344 3741 1348 3768 1349 3767 1346 3741 1348 3769 1350 3768 1349 3741 1348 3767 1346 3740 1347 3742 1351 3769 1350 3741 1348 3743 1223 3770 1224 3769 1350 3743 1223 3769 1350 3742 1351 3744 1225 3771 1226 3770 1224 3744 1225 3772 1227 3771 1226 3744 1225 3770 1224 3743 1223 3745 1228 3772 1227 3744 1225 3746 1352 3772 1227 3745 1228 3746 1352 3773 1353 3772 1227 3747 1354 3773 1353 3746 1352 3747 1354 3774 1355 3773 1353 3748 1356 3774 1355 3747 1354 3748 1356 3775 1357 3774 1355 3749 1235 3775 1357 3748 1356 3749 1235 3776 1236 3775 1357 3750 1137 3776 1236 3749 1235 3750 1137 3777 1237 3776 1236 3751 1238 3777 1237 3750 1137 3751 1238 3778 1239 3777 1237 3751 1238 3779 1358 3778 1239 3752 1359 3779 1358 3751 1238 3753 1360 3779 1358 3752 1359 3753 1360 3780 1361 3779 1358 3754 1362 3780 1361 3753 1360 3754 1362 3781 1363 3780 1361 3755 1364 3781 1363 3754 1362 3755 1364 3782 1365 3781 1363 3756 1242 3782 1365 3755 1364 3756 1242 3783 1243 3782 1365 3756 1242 3784 1244 3783 1243 3757 1244 3784 1244 3756 1242 3758 1245 3785 1246 3784 1244 3758 1245 3784 1244 3757 1244 3759 1366 3786 1367 3785 1246 3759 1366 3785 1246 3758 1245 3760 1368 3786 1367 3759 1366 3760 1368 3787 1369 3786 1367 3788 1370 3816 1371 3815 1372 3789 1373 3817 1163 3816 1371 3789 1373 3816 1371 3788 1370 3790 1164 3817 1163 3789 1373 3791 1165 3818 1166 3817 1163 3791 1165 3819 1167 3818 1166 3791 1165 3817 1163 3790 1164 3792 1168 3819 1167 3791 1165 3793 1374 3820 1345 3819 1167 3793 1374 3821 1346 3820 1345 3793 1374 3819 1167 3792 1168 3794 1347 3821 1346 3793 1374 3795 1348 3822 1349 3821 1346 3795 1348 3823 1375 3822 1349 3795 1348 3821 1346 3794 1347 3796 1351 3823 1375 3795 1348 3797 1177 3824 922 3823 1375 3797 1177 3823 1375 3796 1351 3798 1178 3825 1179 3824 922 3798 1178 3826 1180 3825 1179 3798 1178 3824 922 3797 1177 3799 1181 3826 1180 3798 1178 3800 1376 3826 1180 3799 1181 3800 1376 3827 1377 3826 1180 3801 1378 3827 1377 3800 1376 3801 1378 3828 1379 3827 1377 3802 1380 3828 1379 3801 1378 3802 1380 3829 1381 3828 1379 3803 1188 3829 1381 3802 1380 3803 1188 3830 1189 3829 1381 3804 1190 3830 1189 3803 1188 3804 1190 3831 1191 3830 1189 3805 1192 3831 1191 3804 1190 3805 1192 3832 1193 3831 1191 3805 1192 3833 1382 3832 1193 3806 1359 3833 1382 3805 1192 3807 1360 3833 1382 3806 1359 3807 1360 3834 1361 3833 1382 3808 1362 3834 1361 3807 1360 3808 1362 3835 1363 3834 1361 3809 1364 3835 1363 3808 1362 3809 1364 3836 1383 3835 1363 3810 1202 3836 1383 3809 1364 3810 1202 3837 1203 3836 1383 3810 1202 3838 1204 3837 1203 3811 1205 3838 1204 3810 1202 3812 1206 3839 1207 3838 1204 3812 1206 3838 1204 3811 1205 3813 1384 3840 1385 3839 1207 3813 1384 3839 1207 3812 1206 3814 1386 3840 1385 3813 1384 3814 1386 3841 1387 3840 1385 3842 1251 3870 1388 3869 1253 3843 1389 3871 1390 3870 1388 3843 1389 3870 1388 3842 1251 3844 1391 3871 1390 3843 1389 3845 1392 3872 1393 3871 1390 3845 1392 3873 1394 3872 1393 3845 1392 3871 1390 3844 1391 3846 1395 3873 1394 3845 1392 3847 1396 3874 1397 3873 1394 3847 1396 3875 1264 3874 1397 3847 1396 3873 1394 3846 1395 3848 1264 3875 1264 3847 1396 3849 1398 3876 1265 3875 1264 3849 1398 3877 1399 3876 1265 3849 1398 3875 1264 3848 1264 3850 1400 3877 1399 3849 1398 3851 1401 3878 1402 3877 1399 3851 1401 3877 1399 3850 1400 3852 1403 3879 1404 3878 1402 3852 1403 3880 1405 3879 1404 3852 1403 3878 1402 3851 1401 3853 1406 3880 1405 3852 1403 3854 1407 3880 1405 3853 1406 3854 1407 3881 1408 3880 1405 3855 1276 3881 1408 3854 1407 3855 1276 3882 1277 3881 1408 3856 1409 3882 1277 3855 1276 3856 1409 3883 1410 3882 1277 3857 1411 3883 1410 3856 1409 3857 1411 3884 1412 3883 1410 3858 1413 3884 1412 3857 1411 3858 1413 3885 1414 3884 1412 3859 1415 3885 1414 3858 1413 3859 1415 3886 1416 3885 1414 3859 1415 3887 1417 3886 1416 3860 1418 3887 1417 3859 1415 3861 1419 3887 1417 3860 1418 3861 1419 3888 1289 3887 1417 3862 1290 3888 1289 3861 1419 3862 1290 3889 1420 3888 1289 3863 1421 3889 1420 3862 1290 3863 1421 3890 1422 3889 1420 3864 1423 3890 1422 3863 1421 3864 1423 3891 1424 3890 1422 3864 1423 3892 1425 3891 1424 3865 1426 3892 1425 3864 1423 3866 1427 3893 1428 3892 1425 3866 1427 3892 1425 3865 1426 3867 1429 3894 1430 3893 1428 3867 1429 3893 1428 3866 1427 3868 1302 3894 1430 3867 1429 3868 1302 3895 1303 3894 1430 3896 1251 3924 1431 3923 1253 3897 1432 3925 1433 3924 1431 3897 1432 3924 1431 3896 1251 3898 1434 3925 1433 3897 1432 3899 1435 3926 1436 3925 1433 3899 1435 3927 1437 3926 1436 3899 1435 3925 1433 3898 1434 3900 1395 3927 1437 3899 1435 3901 1438 3928 1439 3927 1437 3901 1438 3929 1264 3928 1439 3901 1438 3927 1437 3900 1395 3902 1264 3929 1264 3901 1438 3903 1398 3930 1265 3929 1264 3903 1398 3931 1440 3930 1265 3903 1398 3929 1264 3902 1264 3904 1441 3931 1440 3903 1398 3905 1442 3932 1443 3931 1440 3905 1442 3931 1440 3904 1441 3906 1444 3933 1445 3932 1443 3906 1444 3934 1405 3933 1445 3906 1444 3932 1443 3905 1442 3907 1446 3934 1405 3906 1444 3908 1447 3934 1405 3907 1446 3908 1447 3935 1448 3934 1405 3909 1276 3935 1448 3908 1447 3909 1276 3936 1277 3935 1448 3910 1449 3936 1277 3909 1276 3910 1449 3937 1450 3936 1277 3911 1451 3937 1450 3910 1449 3911 1451 3938 1452 3937 1450 3912 1453 3938 1452 3911 1451 3912 1453 3939 1454 3938 1452 3913 1455 3939 1454 3912 1453 3913 1455 3940 1455 3939 1454 3913 1455 3941 1456 3940 1455 3914 1457 3941 1456 3913 1455 3915 1419 3941 1456 3914 1457 3915 1419 3942 1289 3941 1456 3916 1290 3942 1289 3915 1419 3916 1290 3943 1420 3942 1289 3917 1458 3943 1420 3916 1290 3917 1458 3944 1459 3943 1420 3918 1460 3944 1459 3917 1458 3918 1460 3945 1424 3944 1459 3918 1460 3946 1461 3945 1424 3919 1462 3946 1461 3918 1460 3920 1463 3947 1464 3946 1461 3920 1463 3946 1461 3919 1462 3921 1465 3948 1466 3947 1464 3921 1465 3947 1464 3920 1463 3922 1302 3948 1466 3921 1465 3922 1302 3949 1303 3948 1466 3951 1467 3977 1468 3950 1469 3951 1467 3978 1470 3977 1468 3952 1471 3979 1472 3978 1470 3952 1471 3978 1470 3951 1467 3953 1473 3980 1474 3979 1472 3953 1473 3981 1475 3980 1474 3953 1473 3979 1472 3952 1471 3954 1476 3981 1475 3953 1473 3955 1477 3982 1478 3981 1475 3955 1477 3981 1475 3954 1476 3956 1479 3983 1480 3982 1478 3956 1479 3982 1478 3955 1477 3957 1481 3984 1482 3983 1480 3957 1481 3985 1483 3984 1482 3957 1481 3983 1480 3956 1479 3958 1484 3985 1483 3957 1481 3959 1485 3986 1486 3985 1483 3959 1485 3985 1483 3958 1484 3960 1487 3987 1488 3986 1486 3960 1487 3986 1486 3959 1485 3961 1489 3988 1490 3987 1488 3961 1489 3987 1488 3960 1487 3962 1491 3988 1490 3961 1489 3962 1491 3989 1492 3988 1490 3963 1493 3989 1492 3962 1491 3963 1493 3990 1494 3989 1492 3964 1495 3990 1494 3963 1493 3964 1495 3991 1496 3990 1494 3965 1497 3991 1496 3964 1495 3965 1497 3992 1498 3991 1496 3966 1499 3992 1498 3965 1497 3966 1499 3993 1500 3992 1498 3967 1192 3993 1500 3966 1499 3967 1192 3994 1501 3993 1500 3967 1192 3995 1502 3994 1501 3968 1503 3995 1502 3967 1192 3969 1504 3995 1502 3968 1503 3969 1504 3996 1505 3995 1502 3970 1506 3996 1505 3969 1504 3970 1506 3997 1507 3996 1505 3971 1508 3997 1507 3970 1506 3971 1508 3998 1509 3997 1507 3971 1508 3999 1510 3998 1509 3972 1511 3999 1510 3971 1508 3972 1511 4000 1512 3999 1510 3973 1513 4000 1512 3972 1511 3974 1514 4001 1515 4000 1512 3974 1514 4002 1516 4001 1515 3974 1514 4000 1512 3973 1513 3975 1517 4002 1516 3974 1514 3976 1518 4003 1519 4002 1516 3976 1518 4002 1516 3975 1517 4005 1520 4031 1521 4004 1522 4005 1520 4032 1523 4031 1521 4006 1524 4033 1525 4032 1523 4006 1524 4032 1523 4005 1520 4007 1526 4034 1527 4033 1525 4007 1526 4035 1475 4034 1527 4007 1526 4033 1525 4006 1524 4008 1476 4035 1475 4007 1526 4009 1528 4036 1529 4035 1475 4009 1528 4035 1475 4008 1476 4010 1530 4037 1531 4036 1529 4010 1530 4036 1529 4009 1528 4011 1532 4038 1533 4037 1531 4011 1532 4039 1534 4038 1533 4011 1532 4037 1531 4010 1530 4012 1535 4039 1534 4011 1532 4013 1485 4040 1486 4039 1534 4013 1485 4039 1534 4012 1535 4014 1536 4041 1537 4040 1486 4014 1536 4040 1486 4013 1485 4015 1538 4042 1539 4041 1537 4015 1538 4041 1537 4014 1536 4016 1540 4042 1539 4015 1538 4016 1540 4043 1541 4042 1539 4017 1542 4043 1541 4016 1540 4017 1542 4044 1543 4043 1541 4018 1544 4044 1543 4017 1542 4018 1544 4045 1545 4044 1543 4019 1546 4045 1545 4018 1544 4019 1546 4046 1547 4045 1545 4020 1548 4046 1547 4019 1546 4020 1548 4047 1549 4046 1547 4021 1192 4047 1549 4020 1548 4021 1192 4048 1501 4047 1549 4021 1192 4049 1550 4048 1501 4022 1551 4049 1550 4021 1192 4023 1552 4049 1550 4022 1551 4023 1552 4050 1553 4049 1550 4024 1554 4050 1553 4023 1552 4024 1554 4051 1555 4050 1553 4025 1556 4051 1555 4024 1554 4025 1556 4052 1557 4051 1555 4025 1556 4053 1510 4052 1557 4026 1511 4053 1510 4025 1556 4026 1511 4054 1558 4053 1510 4027 1559 4054 1558 4026 1511 4028 1560 4055 1561 4054 1558 4028 1560 4056 1562 4055 1561 4028 1560 4054 1558 4027 1559 4029 1563 4056 1562 4028 1560 4030 1564 4057 1565 4056 1562 4030 1564 4056 1562 4029 1563 4059 1566 4085 1567 4058 1568 4059 1566 4086 1569 4085 1567 4060 1570 4087 1571 4086 1569 4060 1570 4086 1569 4059 1566 4061 1572 4088 1573 4087 1571 4061 1572 4089 1219 4088 1573 4061 1572 4087 1571 4060 1570 4062 1476 4089 1219 4061 1572 4063 1574 4090 1575 4089 1219 4063 1574 4089 1219 4062 1476 4064 1576 4091 1531 4090 1575 4064 1576 4090 1575 4063 1574 4065 1577 4092 1533 4091 1531 4065 1577 4093 1578 4092 1533 4065 1577 4091 1531 4064 1576 4066 1579 4093 1578 4065 1577 4067 1580 4094 1486 4093 1578 4067 1580 4093 1578 4066 1579 4068 1581 4095 1582 4094 1486 4068 1581 4094 1486 4067 1580 4069 1583 4096 1584 4095 1582 4069 1583 4095 1582 4068 1581 4070 1585 4096 1584 4069 1583 4070 1585 4097 1586 4096 1584 4071 1587 4097 1586 4070 1585 4071 1587 4098 1588 4097 1586 4072 1589 4098 1588 4071 1587 4072 1589 4099 1590 4098 1588 4073 1591 4099 1590 4072 1589 4073 1591 4100 1592 4099 1590 4074 1593 4100 1592 4073 1591 4074 1593 4101 1594 4100 1592 4075 1595 4101 1594 4074 1593 4075 1595 4102 1501 4101 1594 4075 1595 4103 1596 4102 1501 4076 1597 4103 1596 4075 1595 4077 1598 4103 1596 4076 1597 4077 1598 4104 1553 4103 1596 4078 1554 4104 1553 4077 1598 4078 1554 4105 1599 4104 1553 4079 1600 4105 1599 4078 1554 4079 1600 4106 1601 4105 1599 4079 1600 4107 1602 4106 1601 4080 1511 4107 1602 4079 1600 4080 1511 4108 1603 4107 1602 4081 1604 4108 1603 4080 1511 4082 1605 4109 1561 4108 1603 4082 1605 4110 1606 4109 1561 4082 1605 4108 1603 4081 1604 4083 1607 4110 1606 4082 1605 4084 1608 4111 1609 4110 1606 4084 1608 4110 1606 4083 1607 4113 1610 4139 1611 4112 1612 4113 1610 4140 1613 4139 1611 4114 1614 4141 1615 4140 1613 4114 1614 4140 1613 4113 1610 4115 1616 4142 1617 4141 1615 4115 1616 4143 1219 4142 1617 4115 1616 4141 1615 4114 1614 4116 1476 4143 1219 4115 1616 4117 1438 4144 1618 4143 1219 4117 1438 4143 1219 4116 1476 4118 1619 4145 1480 4144 1618 4118 1619 4144 1618 4117 1438 4119 1620 4146 1482 4145 1480 4119 1620 4147 1621 4146 1482 4119 1620 4145 1480 4118 1619 4120 1622 4147 1621 4119 1620 4121 1580 4148 1486 4147 1621 4121 1580 4147 1621 4120 1622 4122 1623 4149 1624 4148 1486 4122 1623 4148 1486 4121 1580 4123 1625 4150 1626 4149 1624 4123 1625 4149 1624 4122 1623 4124 1627 4150 1626 4123 1625 4124 1627 4151 1628 4150 1626 4125 1629 4151 1628 4124 1627 4125 1629 4152 1630 4151 1628 4126 1631 4152 1630 4125 1629 4126 1631 4153 1632 4152 1630 4127 1633 4153 1632 4126 1631 4127 1633 4154 1634 4153 1632 4128 1635 4154 1634 4127 1633 4128 1635 4155 1636 4154 1634 4129 1595 4155 1636 4128 1635 4129 1595 4156 1501 4155 1636 4129 1595 4157 1637 4156 1501 4130 1638 4157 1637 4129 1595 4131 1639 4157 1637 4130 1638 4131 1639 4158 1505 4157 1637 4132 1506 4158 1505 4131 1639 4132 1506 4159 1640 4158 1505 4133 1641 4159 1640 4132 1506 4133 1641 4160 1642 4159 1640 4133 1641 4161 1602 4160 1642 4134 1511 4161 1602 4133 1641 4134 1511 4162 1643 4161 1602 4135 1644 4162 1643 4134 1511 4136 1645 4163 1515 4162 1643 4136 1645 4164 1646 4163 1515 4136 1645 4162 1643 4135 1644 4137 1647 4164 1646 4136 1645 4138 1648 4165 1649 4164 1646 4138 1648 4164 1646 4137 1647 4167 1650 4193 1651 4166 1652 4167 1650 4219 1653 4193 1651 4168 1654 4218 1655 4219 1653 4168 1654 4219 1653 4167 1650 4169 1656 4217 1657 4218 1655 4169 1656 4218 1655 4168 1654 4170 1658 4216 1659 4217 1657 4170 1658 4217 1657 4169 1656 4171 1660 4215 1661 4216 1659 4171 1660 4216 1659 4170 1658 4172 1662 4214 1663 4215 1661 4172 1662 4215 1661 4171 1660 4173 1664 4213 1665 4214 1663 4173 1664 4214 1663 4172 1662 4174 1666 4212 1667 4213 1665 4174 1666 4213 1665 4173 1664 4175 1668 4211 1669 4212 1667 4175 1668 4212 1667 4174 1666 4176 1670 4210 1671 4211 1669 4176 1670 4211 1669 4175 1668 4177 1672 4210 1671 4176 1670 4177 1672 4208 1673 4209 1674 4177 1672 4209 1674 4210 1671 4178 1675 4208 1673 4177 1672 4179 1676 4208 1673 4178 1675 4179 1676 4207 1677 4208 1673 4180 1678 4207 1677 4179 1676 4180 1678 4206 1679 4207 1677 4181 1680 4206 1679 4180 1678 4181 1680 4205 1681 4206 1679 4182 1682 4205 1681 4181 1680 4182 1682 4204 1683 4205 1681 4183 1684 4204 1683 4182 1682 4183 1684 4202 941 4203 1685 4183 1684 4203 1685 4204 1683 4184 1686 4202 941 4183 1684 4185 1196 4201 1687 4202 941 4185 1196 4202 941 4184 1686 4186 1688 4201 1687 4185 1196 4186 1688 4200 1689 4201 1687 4187 1690 4199 1691 4200 1689 4187 1690 4200 1689 4186 1688 4188 1692 4199 1691 4187 1690 4188 1692 4197 1693 4198 1694 4188 1692 4198 1694 4199 1691 4189 1695 4197 1693 4188 1692 4190 952 4196 1337 4197 1693 4190 952 4197 1693 4189 1695 4191 1696 4195 1697 4196 1337 4191 1696 4196 1337 4190 952 4192 1698 4194 1699 4195 1697 4192 1698 4195 1697 4191 1696 4255 504 4229 504 4230 504 4255 504 4230 504 4256 504 4257 504 4230 504 4231 504 4257 504 4256 504 4230 504 4254 504 4228 504 4229 504 4254 504 4229 504 4255 504 4258 504 4231 504 4232 504 4258 504 4257 504 4231 504 4253 504 4227 504 4228 504 4253 504 4228 504 4254 504 4259 504 4232 504 4233 504 4259 504 4258 504 4232 504 4252 504 4226 504 4227 504 4252 504 4227 504 4253 504 4260 504 4233 504 4234 504 4260 504 4259 504 4233 504 4251 504 4225 504 4226 504 4251 504 4226 504 4252 504 4224 504 4225 504 4251 504 4261 504 4234 504 4235 504 4261 504 4260 504 4234 504 4250 504 4224 504 4251 504 4262 504 4235 504 4236 504 4262 504 4261 504 4235 504 4223 504 4250 504 4249 504 4223 504 4224 504 4250 504 4263 504 4262 504 4236 504 4248 504 4223 504 4249 504 4237 504 4263 504 4236 504 4222 504 4223 504 4248 504 4222 504 4248 504 4247 504 4238 504 4263 504 4237 504 4238 504 4264 504 4263 504 4221 504 4222 504 4247 504 4239 504 4264 504 4238 504 4239 504 4265 504 4264 504 4239 504 4266 504 4265 504 4220 504 4221 504 4247 504 4220 504 4247 504 4246 504 4220 504 4246 504 4271 504 4240 504 4266 504 4239 504 4245 504 4220 504 4271 504 4241 504 4266 504 4240 504 4241 504 4267 504 4266 504 4241 504 4268 504 4267 504 4244 504 4245 504 4271 504 4244 504 4271 504 4270 504 4242 504 4269 504 4268 504 4242 504 4268 504 4241 504 4243 504 4270 504 4269 504 4243 504 4244 504 4270 504 4243 504 4269 504 4242 504 4273 1700 4299 1701 4272 1702 4273 1700 4300 1703 4299 1701 4274 1704 4301 1217 4300 1703 4274 1704 4300 1703 4273 1700 4275 1392 4302 1392 4301 1217 4275 1392 4301 1217 4274 1704 4276 1705 4303 1706 4302 1392 4276 1705 4304 1707 4303 1706 4276 1705 4302 1392 4275 1392 4277 1708 4304 1707 4276 1705 4278 1709 4305 1709 4304 1707 4278 1709 4306 1710 4305 1709 4278 1709 4304 1707 4277 1708 4279 1710 4306 1710 4278 1709 4280 1711 4307 1712 4306 1710 4280 1711 4306 1710 4279 1710 4281 1713 4308 1223 4307 1712 4281 1713 4309 1087 4308 1223 4281 1713 4307 1712 4280 1711 4282 1714 4309 1087 4281 1713 4283 1715 4309 1087 4282 1714 4283 1715 4310 1716 4309 1087 4284 1717 4310 1716 4283 1715 4284 1717 4311 1718 4310 1716 4284 1717 4312 1719 4311 1718 4285 1720 4312 1719 4284 1717 4286 1721 4312 1719 4285 1720 4286 1721 4313 1722 4312 1719 4287 1723 4313 1722 4286 1721 4287 1723 4314 1724 4313 1722 4287 1723 4315 1283 4314 1724 4288 1725 4315 1283 4287 1723 4289 1726 4315 1283 4288 1725 4289 1726 4316 1727 4315 1283 4290 1728 4316 1727 4289 1726 4290 1728 4317 1729 4316 1727 4291 1730 4317 1729 4290 1728 4291 1730 4318 1730 4317 1729 4292 1731 4318 1730 4291 1730 4292 1731 4319 1731 4318 1730 4292 1731 4320 1732 4319 1731 4293 1733 4320 1732 4292 1731 4294 1734 4320 1732 4293 1733 4294 1734 4321 1694 4320 1732 4294 1734 4322 1151 4321 1694 4295 1735 4322 1151 4294 1734 4296 1736 4323 1006 4322 1151 4296 1736 4324 1737 4323 1006 4296 1736 4322 1151 4295 1735 4297 1738 4324 1737 4296 1736 4298 1739 4325 1740 4324 1737 4298 1739 4324 1737 4297 1738 4327 1741 4353 1742 4326 1743 4327 1741 4379 1744 4353 1742 4328 1745 4378 1746 4379 1744 4328 1745 4379 1744 4327 1741 4329 1747 4377 1748 4378 1746 4329 1747 4378 1746 4328 1745 4330 1749 4376 1750 4377 1748 4330 1749 4377 1748 4329 1747 4331 1751 4375 1752 4376 1750 4331 1751 4376 1750 4330 1749 4332 1753 4374 1754 4375 1752 4332 1753 4375 1752 4331 1751 4333 1755 4373 1756 4374 1754 4333 1755 4374 1754 4332 1753 4334 1757 4372 1758 4373 1756 4334 1757 4373 1756 4333 1755 4335 1759 4371 1760 4372 1758 4335 1759 4372 1758 4334 1757 4336 1761 4370 1762 4371 1760 4336 1761 4371 1760 4335 1759 4337 1763 4370 1762 4336 1761 4337 1763 4368 1764 4369 1765 4337 1763 4369 1765 4370 1762 4338 1766 4368 1764 4337 1763 4339 1767 4368 1764 4338 1766 4339 1767 4367 1768 4368 1764 4340 1769 4367 1768 4339 1767 4340 1769 4366 1770 4367 1768 4341 1771 4366 1770 4340 1769 4341 1771 4365 1772 4366 1770 4342 1773 4365 1772 4341 1771 4342 1773 4364 1774 4365 1772 4343 1775 4364 1774 4342 1773 4343 1775 4362 1776 4363 1777 4343 1775 4363 1777 4364 1774 4344 1778 4362 1776 4343 1775 4345 1779 4361 1780 4362 1776 4345 1779 4362 1776 4344 1778 4346 1781 4361 1780 4345 1779 4346 1781 4360 1782 4361 1780 4347 1783 4359 1784 4360 1782 4347 1783 4360 1782 4346 1781 4348 1785 4359 1784 4347 1783 4348 1785 4357 1461 4358 1786 4348 1785 4358 1786 4359 1784 4349 1787 4357 1461 4348 1785 4350 1788 4356 1789 4357 1461 4350 1788 4357 1461 4349 1787 4351 1790 4355 1791 4356 1789 4351 1790 4356 1789 4350 1788 4352 1792 4354 1793 4355 1791 4352 1792 4355 1791 4351 1790 4415 504 4389 504 4390 504 4415 504 4390 504 4416 504 4417 504 4390 504 4391 504 4417 504 4416 504 4390 504 4414 504 4388 504 4389 504 4414 504 4389 504 4415 504 4418 504 4391 504 4392 504 4418 504 4417 504 4391 504 4413 504 4387 504 4388 504 4413 504 4388 504 4414 504 4419 504 4392 504 4393 504 4419 504 4418 504 4392 504 4412 504 4385 504 4386 504 4412 504 4386 504 4387 504 4412 504 4387 504 4413 504 4420 504 4393 504 4394 504 4420 504 4394 504 4395 504 4420 504 4419 504 4393 504 4411 504 4385 504 4412 504 4421 504 4420 504 4395 504 4410 504 4384 504 4385 504 4410 504 4385 504 4411 504 4396 504 4421 504 4395 504 4422 504 4421 504 4396 504 4383 504 4384 504 4410 504 4383 504 4410 504 4409 504 4397 504 4422 504 4396 504 4397 504 4423 504 4422 504 4424 504 4423 504 4397 504 4382 504 4383 504 4409 504 4382 504 4409 504 4408 504 4398 504 4424 504 4397 504 4381 504 4382 504 4408 504 4381 504 4408 504 4407 504 4399 504 4424 504 4398 504 4399 504 4425 504 4424 504 4399 504 4426 504 4425 504 4380 504 4381 504 4407 504 4380 504 4407 504 4406 504 4380 504 4406 504 4431 504 4400 504 4426 504 4399 504 4400 504 4427 504 4426 504 4405 504 4380 504 4431 504 4401 504 4427 504 4400 504 4404 504 4405 504 4431 504 4404 504 4430 504 4429 504 4404 504 4431 504 4430 504 4402 504 4428 504 4427 504 4402 504 4427 504 4401 504 4403 504 4404 504 4429 504 4403 504 4429 504 4428 504 4403 504 4428 504 4402 504 4433 1794 4459 1795 4432 1796 4433 1794 4460 1797 4459 1795 4434 1798 4461 1799 4460 1797 4434 1798 4460 1797 4433 1794 4435 1800 4462 1392 4461 1799 4435 1800 4461 1799 4434 1798 4436 1801 4463 1802 4462 1392 4436 1801 4464 1803 4463 1802 4436 1801 4462 1392 4435 1800 4437 1804 4464 1803 4436 1801 4438 1805 4465 1806 4464 1803 4438 1805 4466 1807 4465 1806 4438 1805 4464 1803 4437 1804 4439 1808 4466 1807 4438 1805 4440 1809 4467 1810 4466 1807 4440 1809 4466 1807 4439 1808 4441 1811 4468 1812 4467 1810 4441 1811 4469 1813 4468 1812 4441 1811 4467 1810 4440 1809 4442 1316 4469 1813 4441 1811 4443 1814 4469 1813 4442 1316 4443 1814 4470 1815 4469 1813 4444 1816 4470 1815 4443 1814 4444 1816 4471 1816 4470 1815 4444 1816 4472 1817 4471 1816 4445 1818 4472 1817 4444 1816 4446 1819 4472 1817 4445 1818 4446 1819 4473 1820 4472 1817 4447 1821 4473 1820 4446 1819 4447 1821 4474 1822 4473 1820 4447 1821 4475 1138 4474 1822 4448 1823 4475 1138 4447 1821 4449 1824 4475 1138 4448 1823 4449 1824 4476 1825 4475 1138 4450 1826 4476 1825 4449 1824 4450 1826 4477 1827 4476 1825 4451 1730 4477 1827 4450 1826 4451 1730 4478 1730 4477 1827 4452 1828 4478 1730 4451 1730 4452 1828 4479 1829 4478 1730 4452 1828 4480 1732 4479 1829 4453 1830 4480 1732 4452 1828 4454 1831 4480 1732 4453 1830 4454 1831 4481 1832 4480 1732 4454 1831 4482 1833 4481 1832 4455 1461 4482 1833 4454 1831 4456 1834 4483 1835 4482 1833 4456 1834 4484 1836 4483 1835 4456 1834 4482 1833 4455 1461 4457 1837 4484 1836 4456 1834 4458 1838 4485 1839 4484 1836 4458 1838 4484 1836 4457 1837 4487 1840 4513 1841 4486 1743 4487 1840 4539 1842 4513 1841 4488 1843 4538 1844 4539 1842 4488 1843 4539 1842 4487 1840 4489 1845 4537 1846 4538 1844 4489 1845 4538 1844 4488 1843 4490 1847 4536 1848 4537 1846 4490 1847 4537 1846 4489 1845 4491 1849 4535 1478 4536 1848 4491 1849 4536 1848 4490 1847 4492 1850 4534 1754 4535 1478 4492 1850 4535 1478 4491 1849 4493 1755 4533 1851 4534 1754 4493 1755 4534 1754 4492 1850 4494 1852 4532 1853 4533 1851 4494 1852 4533 1851 4493 1755 4495 1854 4531 1855 4532 1853 4495 1854 4532 1853 4494 1852 4496 1856 4530 1857 4531 1855 4496 1856 4531 1855 4495 1854 4497 1858 4530 1857 4496 1856 4497 1858 4528 1859 4529 1860 4497 1858 4529 1860 4530 1857 4498 1861 4528 1859 4497 1858 4499 1862 4528 1859 4498 1861 4499 1862 4527 1863 4528 1859 4500 1864 4527 1863 4499 1862 4500 1864 4526 1865 4527 1863 4501 1866 4526 1865 4500 1864 4501 1866 4525 1867 4526 1865 4502 1868 4525 1867 4501 1866 4502 1868 4524 1869 4525 1867 4503 1870 4524 1869 4502 1868 4503 1870 4522 1871 4523 1872 4503 1870 4523 1872 4524 1869 4504 1873 4522 1871 4503 1870 4505 1874 4521 1780 4522 1871 4505 1874 4522 1871 4504 1873 4506 1781 4521 1780 4505 1874 4506 1781 4520 1875 4521 1780 4507 1556 4519 1876 4520 1875 4507 1556 4520 1875 4506 1781 4508 1877 4519 1876 4507 1556 4508 1877 4517 1005 4518 1878 4508 1877 4518 1878 4519 1876 4509 855 4517 1005 4508 1877 4510 1879 4516 1880 4517 1005 4510 1879 4517 1005 4509 855 4511 1881 4515 1882 4516 1880 4511 1881 4516 1880 4510 1879 4512 1883 4514 1793 4515 1882 4512 1883 4515 1882 4511 1881 4575 504 4549 504 4550 504 4575 504 4550 504 4576 504 4577 504 4550 504 4551 504 4577 504 4551 504 4552 504 4577 504 4576 504 4550 504 4574 504 4548 504 4549 504 4574 504 4549 504 4575 504 4578 504 4577 504 4552 504 4573 504 4547 504 4548 504 4573 504 4548 504 4574 504 4579 504 4552 504 4553 504 4579 504 4578 504 4552 504 4572 504 4546 504 4547 504 4572 504 4547 504 4573 504 4580 504 4553 504 4554 504 4580 504 4579 504 4553 504 4571 504 4545 504 4546 504 4571 504 4546 504 4572 504 4544 504 4545 504 4571 504 4581 504 4554 504 4555 504 4581 504 4580 504 4554 504 4570 504 4544 504 4571 504 4582 504 4555 504 4556 504 4582 504 4581 504 4555 504 4569 504 4544 504 4570 504 4543 504 4544 504 4569 504 4583 504 4582 504 4556 504 4557 504 4583 504 4556 504 4584 504 4583 504 4557 504 4542 504 4543 504 4569 504 4542 504 4569 504 4568 504 4558 504 4584 504 4557 504 4558 504 4585 504 4584 504 4541 504 4542 504 4568 504 4541 504 4568 504 4567 504 4559 504 4585 504 4558 504 4540 504 4567 504 4566 504 4540 504 4541 504 4567 504 4560 504 4585 504 4559 504 4560 504 4586 504 4585 504 4565 504 4540 504 4566 504 4565 504 4566 504 4591 504 4561 504 4586 504 4560 504 4561 504 4587 504 4586 504 4564 504 4565 504 4591 504 4564 504 4590 504 4589 504 4564 504 4591 504 4590 504 4562 504 4588 504 4587 504 4562 504 4589 504 4588 504 4562 504 4587 504 4561 504 4563 504 4589 504 4562 504 4563 504 4564 504 4589 504 4593 1884 4619 1885 4592 1886 4593 1884 4620 1797 4619 1885 4594 1798 4621 1799 4620 1797 4594 1798 4620 1797 4593 1884 4595 1800 4622 1887 4621 1799 4595 1800 4621 1799 4594 1798 4596 1888 4623 1889 4622 1887 4596 1888 4624 1262 4623 1889 4596 1888 4622 1887 4595 1800 4597 1890 4624 1262 4596 1888 4598 1891 4625 1892 4624 1262 4598 1891 4626 1893 4625 1892 4598 1891 4624 1262 4597 1890 4599 1894 4626 1893 4598 1891 4600 1895 4627 1711 4626 1893 4600 1895 4626 1893 4599 1894 4601 1896 4628 1897 4627 1711 4601 1896 4629 1898 4628 1897 4601 1896 4627 1711 4600 1895 4602 1316 4629 1898 4601 1896 4603 1814 4629 1898 4602 1316 4603 1814 4630 1815 4629 1898 4604 1899 4630 1815 4603 1814 4604 1899 4631 1816 4630 1815 4604 1899 4632 1818 4631 1816 4605 1818 4632 1818 4604 1899 4606 1900 4632 1818 4605 1818 4606 1900 4633 1820 4632 1818 4607 1821 4633 1820 4606 1900 4607 1821 4634 1822 4633 1820 4607 1821 4635 1901 4634 1822 4608 1823 4635 1901 4607 1821 4609 1902 4635 1901 4608 1823 4609 1902 4636 1902 4635 1901 4610 1729 4636 1902 4609 1902 4610 1729 4637 1826 4636 1902 4611 1903 4637 1826 4610 1729 4611 1903 4638 1904 4637 1826 4612 1731 4638 1904 4611 1903 4612 1731 4639 1731 4638 1904 4612 1731 4640 1732 4639 1731 4613 1733 4640 1732 4612 1731 4614 1831 4640 1732 4613 1733 4614 1831 4641 1905 4640 1732 4614 1831 4642 856 4641 1905 4615 1461 4642 856 4614 1831 4616 1834 4643 1835 4642 856 4616 1834 4644 1837 4643 1835 4616 1834 4642 856 4615 1461 4617 1837 4644 1837 4616 1834 4618 1739 4645 1740 4644 1837 4618 1739 4644 1837 4617 1837 4647 1906 4673 1907 4646 1908 4647 1906 4699 1653 4673 1907 4648 1909 4698 1910 4699 1653 4648 1909 4699 1653 4647 1906 4649 1911 4697 1912 4698 1910 4649 1911 4698 1910 4648 1909 4650 1913 4696 1914 4697 1912 4650 1913 4697 1912 4649 1911 4651 1915 4695 1916 4696 1914 4651 1915 4696 1914 4650 1913 4652 1917 4694 1918 4695 1916 4652 1917 4695 1916 4651 1915 4653 1919 4693 1920 4694 1918 4653 1919 4694 1918 4652 1917 4654 1921 4692 1922 4693 1920 4654 1921 4693 1920 4653 1919 4655 1923 4691 1924 4692 1922 4655 1923 4692 1922 4654 1921 4656 1925 4690 1926 4691 1924 4656 1925 4691 1924 4655 1923 4657 1927 4690 1926 4656 1925 4657 1927 4688 1928 4689 1929 4657 1927 4689 1929 4690 1926 4658 1675 4688 1928 4657 1927 4659 1930 4688 1928 4658 1675 4659 1930 4687 1931 4688 1928 4660 1932 4687 1931 4659 1930 4660 1932 4686 1679 4687 1931 4661 1411 4686 1679 4660 1932 4661 1411 4685 935 4686 1679 4662 1933 4685 935 4661 1411 4662 1933 4684 1934 4685 935 4663 1935 4684 1934 4662 1933 4663 1935 4682 1936 4683 1937 4663 1935 4683 1937 4684 1934 4664 1938 4682 1936 4663 1935 4665 1939 4681 1940 4682 1936 4665 1939 4682 1936 4664 1938 4666 1941 4681 1940 4665 1939 4666 1941 4680 1199 4681 1940 4667 1942 4679 1943 4680 1199 4667 1942 4680 1199 4666 1941 4668 1944 4679 1943 4667 1942 4668 1944 4677 1945 4678 1946 4668 1944 4678 1946 4679 1943 4669 1695 4677 1945 4668 1944 4670 1947 4676 1948 4677 1945 4670 1947 4677 1945 4669 1695 4671 1696 4675 1949 4676 1948 4671 1696 4676 1948 4670 1947 4672 1950 4674 1951 4675 1949 4672 1950 4675 1949 4671 1696 4735 504 4709 504 4710 504 4735 504 4710 504 4736 504 4737 504 4710 504 4711 504 4737 504 4736 504 4710 504 4734 504 4708 504 4709 504 4734 504 4709 504 4735 504 4738 504 4711 504 4712 504 4738 504 4737 504 4711 504 4733 504 4707 504 4708 504 4733 504 4708 504 4734 504 4739 504 4712 504 4713 504 4739 504 4738 504 4712 504 4732 504 4706 504 4707 504 4732 504 4707 504 4733 504 4740 504 4713 504 4714 504 4740 504 4739 504 4713 504 4731 504 4705 504 4706 504 4731 504 4706 504 4732 504 4704 504 4705 504 4731 504 4741 504 4714 504 4715 504 4741 504 4740 504 4714 504 4730 504 4704 504 4731 504 4742 504 4715 504 4716 504 4742 504 4741 504 4715 504 4703 504 4730 504 4729 504 4703 504 4704 504 4730 504 4743 504 4742 504 4716 504 4728 504 4703 504 4729 504 4717 504 4743 504 4716 504 4702 504 4703 504 4728 504 4702 504 4728 504 4727 504 4718 504 4743 504 4717 504 4718 504 4744 504 4743 504 4701 504 4702 504 4727 504 4719 504 4744 504 4718 504 4719 504 4745 504 4744 504 4719 504 4746 504 4745 504 4700 504 4701 504 4727 504 4700 504 4727 504 4726 504 4700 504 4726 504 4751 504 4720 504 4746 504 4719 504 4725 504 4700 504 4751 504 4721 504 4746 504 4720 504 4721 504 4747 504 4746 504 4721 504 4748 504 4747 504 4724 504 4725 504 4751 504 4724 504 4751 504 4750 504 4722 504 4749 504 4748 504 4722 504 4748 504 4721 504 4723 504 4750 504 4749 504 4723 504 4724 504 4750 504 4723 504 4749 504 4722 504 4753 1952 4779 1953 4752 1954 4753 1952 4780 1955 4779 1953 4754 1956 4781 1957 4780 1955 4754 1956 4780 1955 4753 1952 4755 1958 4782 1959 4781 1957 4755 1958 4781 1957 4754 1956 4756 1960 4783 1961 4782 1959 4756 1960 4784 1962 4783 1961 4756 1960 4782 1959 4755 1958 4757 1963 4784 1962 4756 1960 4758 1709 4785 1709 4784 1962 4758 1709 4786 1710 4785 1709 4758 1709 4784 1962 4757 1963 4759 1710 4786 1710 4758 1709 4760 1964 4787 1965 4786 1710 4760 1964 4786 1710 4759 1710 4761 1966 4788 1967 4787 1965 4761 1966 4789 1316 4788 1967 4761 1966 4787 1965 4760 1964 4762 1316 4789 1316 4761 1966 4763 1181 4789 1316 4762 1316 4763 1181 4790 1968 4789 1316 4764 1969 4790 1968 4763 1181 4764 1969 4791 1970 4790 1968 4764 1969 4792 1971 4791 1970 4765 1972 4792 1971 4764 1969 4766 1380 4792 1971 4765 1972 4766 1380 4793 1973 4792 1971 4767 1974 4793 1973 4766 1380 4767 1974 4794 989 4793 1973 4767 1974 4795 1975 4794 989 4768 1975 4795 1975 4767 1974 4769 1937 4795 1975 4768 1975 4769 1937 4796 1976 4795 1975 4770 1826 4796 1976 4769 1937 4770 1826 4797 1827 4796 1976 4771 1730 4797 1827 4770 1826 4771 1730 4798 1730 4797 1827 4772 1731 4798 1730 4771 1730 4772 1731 4799 1731 4798 1730 4772 1731 4800 1977 4799 1731 4773 1830 4800 1977 4772 1731 4774 1978 4800 1977 4773 1830 4774 1978 4801 1979 4800 1977 4774 1978 4802 1980 4801 1979 4775 1981 4802 1980 4774 1978 4776 1982 4803 1983 4802 1980 4776 1982 4804 1984 4803 1983 4776 1982 4802 1980 4775 1981 4777 1985 4804 1984 4776 1982 4778 1986 4805 1839 4804 1984 4778 1986 4804 1984 4777 1985 4807 1987 4833 1907 4806 1908 4807 1987 4859 1988 4833 1907 4808 1989 4858 1990 4859 1988 4808 1989 4859 1988 4807 1987 4809 1911 4857 1912 4858 1990 4809 1911 4858 1990 4808 1989 4810 1913 4856 1914 4857 1912 4810 1913 4857 1912 4809 1911 4811 1915 4855 1916 4856 1914 4811 1915 4856 1914 4810 1913 4812 1917 4854 1918 4855 1916 4812 1917 4855 1916 4811 1915 4813 1919 4853 1920 4854 1918 4813 1919 4854 1918 4812 1917 4814 1921 4852 1922 4853 1920 4814 1921 4853 1920 4813 1919 4815 1923 4851 1924 4852 1922 4815 1923 4852 1922 4814 1921 4816 1925 4850 1926 4851 1924 4816 1925 4851 1924 4815 1923 4817 1672 4850 1926 4816 1925 4817 1672 4848 1991 4849 1992 4817 1672 4849 1992 4850 1926 4818 1993 4848 1991 4817 1672 4819 1930 4848 1991 4818 1993 4819 1930 4847 1931 4848 1991 4820 1994 4847 1931 4819 1930 4820 1994 4846 1995 4847 1931 4821 1996 4846 1995 4820 1994 4821 1996 4845 1997 4846 1995 4822 1933 4845 1997 4821 1996 4822 1933 4844 1934 4845 1997 4823 1935 4844 1934 4822 1933 4823 1935 4842 1936 4843 1937 4823 1935 4843 1937 4844 1934 4824 1938 4842 1936 4823 1935 4825 1939 4841 1940 4842 1936 4825 1939 4842 1936 4824 1938 4826 1941 4841 1940 4825 1939 4826 1941 4840 1199 4841 1940 4827 1942 4839 1943 4840 1199 4827 1942 4840 1199 4826 1941 4828 1944 4839 1943 4827 1942 4828 1944 4837 1945 4838 1946 4828 1944 4838 1946 4839 1943 4829 1695 4837 1945 4828 1944 4830 1998 4836 1999 4837 1945 4830 1998 4837 1945 4829 1695 4831 2000 4835 2001 4836 1999 4831 2000 4836 1999 4830 1998 4832 1950 4834 1951 4835 2001 4832 1950 4835 2001 4831 2000 4896 504 4870 504 4871 504 4895 504 4869 504 4870 504 4895 504 4870 504 4896 504 4897 504 4871 504 4872 504 4897 504 4896 504 4871 504 4894 504 4867 504 4868 504 4894 504 4868 504 4869 504 4894 504 4869 504 4895 504 4898 504 4897 504 4872 504 4893 504 4866 504 4867 504 4893 504 4867 504 4894 504 4899 504 4872 504 4873 504 4899 504 4898 504 4872 504 4892 504 4866 504 4893 504 4900 504 4873 504 4874 504 4900 504 4899 504 4873 504 4891 504 4865 504 4866 504 4891 504 4866 504 4892 504 4864 504 4865 504 4891 504 4901 504 4874 504 4875 504 4901 504 4900 504 4874 504 4890 504 4864 504 4891 504 4902 504 4875 504 4876 504 4902 504 4901 504 4875 504 4889 504 4864 504 4890 504 4863 504 4864 504 4889 504 4903 504 4902 504 4876 504 4877 504 4903 504 4876 504 4862 504 4863 504 4889 504 4862 504 4888 504 4887 504 4862 504 4889 504 4888 504 4878 504 4903 504 4877 504 4878 504 4904 504 4903 504 4861 504 4862 504 4887 504 4879 504 4904 504 4878 504 4879 504 4905 504 4904 504 4879 504 4906 504 4905 504 4860 504 4861 504 4887 504 4860 504 4887 504 4886 504 4860 504 4886 504 4911 504 4880 504 4906 504 4879 504 4885 504 4860 504 4911 504 4881 504 4906 504 4880 504 4881 504 4907 504 4906 504 4884 504 4885 504 4911 504 4884 504 4911 504 4910 504 4882 504 4908 504 4907 504 4882 504 4907 504 4881 504 4882 504 4909 504 4908 504 4883 504 4910 504 4909 504 4883 504 4884 504 4910 504 4883 504 4909 504 4882 504 4913 2002 4939 2003 4912 1796 4913 2002 4940 2004 4939 2003 4914 2005 4941 2006 4940 2004 4914 2005 4940 2004 4913 2002 4915 2007 4942 2008 4941 2006 4915 2007 4941 2006 4914 2005 4916 2009 4943 1848 4942 2008 4916 2009 4944 2010 4943 1848 4916 2009 4942 2008 4915 2007 4917 2010 4944 2010 4916 2009 4918 1172 4945 1172 4944 2010 4918 1172 4946 1174 4945 1172 4918 1172 4944 2010 4917 2010 4919 1174 4946 1174 4918 1172 4920 2011 4947 2012 4946 1174 4920 2011 4946 1174 4919 1174 4921 2013 4948 977 4947 2012 4921 2013 4949 1125 4948 977 4921 2013 4947 2012 4920 2011 4922 2014 4949 1125 4921 2013 4923 2015 4949 1125 4922 2014 4923 2015 4950 2016 4949 1125 4924 2017 4950 2016 4923 2015 4924 2017 4951 2018 4950 2016 4924 2017 4952 2019 4951 2018 4925 2020 4952 2019 4924 2017 4926 2021 4952 2019 4925 2020 4926 2021 4953 2022 4952 2019 4927 2023 4953 2022 4926 2021 4927 2023 4954 2024 4953 2022 4927 2023 4955 1823 4954 2024 4928 1823 4955 1823 4927 2023 4929 2025 4955 1823 4928 1823 4929 2025 4956 2026 4955 1823 4930 2027 4956 2026 4929 2025 4930 2027 4957 2028 4956 2026 4931 2029 4957 2028 4930 2027 4931 2029 4958 2030 4957 2028 4932 2031 4958 2030 4931 2029 4932 2031 4959 2032 4958 2030 4932 2031 4960 2033 4959 2032 4933 2034 4960 2033 4932 2031 4934 2035 4960 2033 4933 2034 4934 2035 4961 2036 4960 2033 4934 2035 4962 1072 4961 2036 4935 2037 4962 1072 4934 2035 4936 2038 4963 2039 4962 1072 4936 2038 4964 2040 4963 2039 4936 2038 4962 1072 4935 2037 4937 2041 4964 2040 4936 2038 4938 2042 4965 2043 4964 2040 4938 2042 4964 2040 4937 2041 4967 2044 4993 2045 4966 2046 4967 2044 5019 2047 4993 2045 4968 2048 5018 2049 5019 2047 4968 2048 5019 2047 4967 2044 4969 1845 5017 1846 5018 2049 4969 1845 5018 2049 4968 2048 4970 1847 5016 1848 5017 1846 4970 1847 5017 1846 4969 1845 4971 1849 5015 1478 5016 1848 4971 1849 5016 1848 4970 1847 4972 1850 5014 1754 5015 1478 4972 1850 5015 1478 4971 1849 4973 1755 5013 1851 5014 1754 4973 1755 5014 1754 4972 1850 4974 1852 5012 1853 5013 1851 4974 1852 5013 1851 4973 1755 4975 1854 5011 1855 5012 1853 4975 1854 5012 1853 4974 1852 4976 1856 5010 1857 5011 1855 4976 1856 5011 1855 4975 1854 4977 2050 5010 1857 4976 1856 4977 2050 5008 2051 5009 2052 4977 2050 5009 2052 5010 1857 4978 2053 5008 2051 4977 2050 4979 2054 5008 2051 4978 2053 4979 2054 5007 2055 5008 2051 4980 2056 5007 2055 4979 2054 4980 2056 5006 2057 5007 2055 4981 2058 5006 2057 4980 2056 4981 2058 5005 2059 5006 2057 4982 1868 5005 2059 4981 2058 4982 1868 5004 1869 5005 2059 4983 1870 5004 1869 4982 1868 4983 1870 5002 1871 5003 1872 4983 1870 5003 1872 5004 1869 4984 1873 5002 1871 4983 1870 4985 1874 5001 1780 5002 1871 4985 1874 5002 1871 4984 1873 4986 1781 5001 1780 4985 1874 4986 1781 5000 1875 5001 1780 4987 1556 4999 1876 5000 1875 4987 1556 5000 1875 4986 1781 4988 1877 4999 1876 4987 1556 4988 1877 4997 1005 4998 1878 4988 1877 4998 1878 4999 1876 4989 855 4997 1005 4988 1877 4990 2060 4996 2061 4997 1005 4990 2060 4997 1005 4989 855 4991 2062 4995 2063 4996 2061 4991 2062 4996 2061 4990 2060 4992 2064 4994 2065 4995 2063 4992 2064 4995 2063 4991 2062 5055 504 5029 504 5030 504 5055 504 5030 504 5056 504 5057 504 5030 504 5031 504 5057 504 5031 504 5032 504 5057 504 5056 504 5030 504 5054 504 5028 504 5029 504 5054 504 5029 504 5055 504 5058 504 5057 504 5032 504 5053 504 5027 504 5028 504 5053 504 5028 504 5054 504 5059 504 5032 504 5033 504 5059 504 5058 504 5032 504 5052 504 5026 504 5027 504 5052 504 5027 504 5053 504 5060 504 5033 504 5034 504 5060 504 5059 504 5033 504 5051 504 5025 504 5026 504 5051 504 5026 504 5052 504 5024 504 5025 504 5051 504 5061 504 5034 504 5035 504 5061 504 5060 504 5034 504 5050 504 5024 504 5051 504 5062 504 5035 504 5036 504 5062 504 5061 504 5035 504 5049 504 5024 504 5050 504 5023 504 5024 504 5049 504 5063 504 5062 504 5036 504 5037 504 5063 504 5036 504 5064 504 5063 504 5037 504 5022 504 5023 504 5049 504 5022 504 5049 504 5048 504 5038 504 5064 504 5037 504 5038 504 5065 504 5064 504 5021 504 5022 504 5048 504 5021 504 5048 504 5047 504 5039 504 5065 504 5038 504 5020 504 5047 504 5046 504 5020 504 5021 504 5047 504 5040 504 5065 504 5039 504 5040 504 5066 504 5065 504 5045 504 5020 504 5046 504 5045 504 5046 504 5071 504 5041 504 5066 504 5040 504 5041 504 5067 504 5066 504 5044 504 5045 504 5071 504 5044 504 5070 504 5069 504 5044 504 5071 504 5070 504 5042 504 5068 504 5067 504 5042 504 5069 504 5068 504 5042 504 5067 504 5041 504 5043 504 5069 504 5042 504 5043 504 5044 504 5069 504 5073 1884 5099 1885 5072 1886 5073 1884 5100 1797 5099 1885 5074 1798 5101 1799 5100 1797 5074 1798 5100 1797 5073 1884 5075 1800 5102 1887 5101 1799 5075 1800 5101 1799 5074 1798 5076 2066 5103 2067 5102 1887 5076 2066 5104 2068 5103 2067 5076 2066 5102 1887 5075 1800 5077 2069 5104 2068 5076 2066 5078 1172 5105 1172 5104 2068 5078 1172 5106 2070 5105 1172 5078 1172 5104 2068 5077 2069 5079 2071 5106 2070 5078 1172 5080 2012 5107 2072 5106 2070 5080 2012 5106 2070 5079 2071 5081 2073 5108 2074 5107 2072 5081 2073 5109 1898 5108 2074 5081 2073 5107 2072 5080 2012 5082 1316 5109 1898 5081 2073 5083 1814 5109 1898 5082 1316 5083 1814 5110 1815 5109 1898 5084 1899 5110 1815 5083 1814 5084 1899 5111 1816 5110 1815 5084 1899 5112 1818 5111 1816 5085 1818 5112 1818 5084 1899 5086 1900 5112 1818 5085 1818 5086 1900 5113 1820 5112 1818 5087 1821 5113 1820 5086 1900 5087 1821 5114 1822 5113 1820 5087 1821 5115 1901 5114 1822 5088 1823 5115 1901 5087 1821 5089 2075 5115 1901 5088 1823 5089 2075 5116 2076 5115 1901 5090 2077 5116 2076 5089 2075 5090 2077 5117 2078 5116 2076 5091 2079 5117 2078 5090 2077 5091 2079 5118 2080 5117 2078 5092 2081 5118 2080 5091 2079 5092 2081 5119 2082 5118 2080 5092 2081 5120 2083 5119 2082 5093 2084 5120 2083 5092 2081 5094 2085 5120 2083 5093 2084 5094 2085 5121 2086 5120 2083 5094 2085 5122 856 5121 2086 5095 1461 5122 856 5094 2085 5096 1834 5123 1835 5122 856 5096 1834 5124 1837 5123 1835 5096 1834 5122 856 5095 1461 5097 1837 5124 1837 5096 1834 5098 1739 5125 1740 5124 1837 5098 1739 5124 1837 5097 1837 5127 2087 5153 2088 5126 2046 5127 2087 5179 2089 5153 2088 5128 2090 5178 2091 5179 2089 5128 2090 5179 2089 5127 2087 5129 1747 5177 1748 5178 2091 5129 1747 5178 2091 5128 2090 5130 1749 5176 1750 5177 1748 5130 1749 5177 1748 5129 1747 5131 1751 5175 1752 5176 1750 5131 1751 5176 1750 5130 1749 5132 1753 5174 1754 5175 1752 5132 1753 5175 1752 5131 1751 5133 1755 5173 1756 5174 1754 5133 1755 5174 1754 5132 1753 5134 1757 5172 1758 5173 1756 5134 1757 5173 1756 5133 1755 5135 1759 5171 1760 5172 1758 5135 1759 5172 1758 5134 1757 5136 1761 5170 1762 5171 1760 5136 1761 5171 1760 5135 1759 5137 2092 5170 1762 5136 1761 5137 2092 5168 2093 5169 2094 5137 2092 5169 2094 5170 1762 5138 2093 5168 2093 5137 2092 5139 2095 5168 2093 5138 2093 5139 2095 5167 2096 5168 2093 5140 2097 5167 2096 5139 2095 5140 2097 5166 2098 5167 2096 5141 2099 5166 2098 5140 2097 5141 2099 5165 2100 5166 2098 5142 1773 5165 2100 5141 2099 5142 1773 5164 1774 5165 2100 5143 1775 5164 1774 5142 1773 5143 1775 5162 1776 5163 1777 5143 1775 5163 1777 5164 1774 5144 1778 5162 1776 5143 1775 5145 1779 5161 1780 5162 1776 5145 1779 5162 1776 5144 1778 5146 1781 5161 1780 5145 1779 5146 1781 5160 1782 5161 1780 5147 1783 5159 1784 5160 1782 5147 1783 5160 1782 5146 1781 5148 1785 5159 1784 5147 1783 5148 1785 5157 1461 5158 1786 5148 1785 5158 1786 5159 1784 5149 1787 5157 1461 5148 1785 5150 2101 5156 2102 5157 1461 5150 2101 5157 1461 5149 1787 5151 2103 5155 2104 5156 2102 5151 2103 5156 2102 5150 2101 5152 2105 5154 2065 5155 2104 5152 2105 5155 2104 5151 2103 5215 504 5189 504 5190 504 5215 504 5190 504 5216 504 5217 504 5190 504 5191 504 5217 504 5216 504 5190 504 5214 504 5188 504 5189 504 5214 504 5189 504 5215 504 5218 504 5191 504 5192 504 5218 504 5217 504 5191 504 5213 504 5187 504 5188 504 5213 504 5188 504 5214 504 5219 504 5192 504 5193 504 5219 504 5218 504 5192 504 5212 504 5185 504 5186 504 5212 504 5186 504 5187 504 5212 504 5187 504 5213 504 5220 504 5193 504 5194 504 5220 504 5194 504 5195 504 5220 504 5219 504 5193 504 5211 504 5185 504 5212 504 5221 504 5220 504 5195 504 5210 504 5184 504 5185 504 5210 504 5185 504 5211 504 5196 504 5221 504 5195 504 5222 504 5221 504 5196 504 5183 504 5184 504 5210 504 5183 504 5210 504 5209 504 5197 504 5222 504 5196 504 5197 504 5223 504 5222 504 5224 504 5223 504 5197 504 5182 504 5183 504 5209 504 5182 504 5209 504 5208 504 5198 504 5224 504 5197 504 5181 504 5182 504 5208 504 5181 504 5208 504 5207 504 5199 504 5224 504 5198 504 5199 504 5225 504 5224 504 5199 504 5226 504 5225 504 5180 504 5181 504 5207 504 5180 504 5207 504 5206 504 5180 504 5206 504 5231 504 5200 504 5226 504 5199 504 5200 504 5227 504 5226 504 5205 504 5180 504 5231 504 5201 504 5227 504 5200 504 5204 504 5205 504 5231 504 5204 504 5230 504 5229 504 5204 504 5231 504 5230 504 5202 504 5228 504 5227 504 5202 504 5227 504 5201 504 5203 504 5204 504 5229 504 5203 504 5229 504 5228 504 5203 504 5228 504 5202 504 5233 1794 5259 1795 5232 1796 5233 1794 5260 1797 5259 1795 5234 1798 5261 1799 5260 1797 5234 1798 5260 1797 5233 1794 5235 1800 5262 1392 5261 1799 5235 1800 5261 1799 5234 1798 5236 2106 5263 2107 5262 1392 5236 2106 5264 2108 5263 2107 5236 2106 5262 1392 5235 1800 5237 2010 5264 2108 5236 2106 5238 2109 5265 2110 5264 2108 5238 2109 5266 1174 5265 2110 5238 2109 5264 2108 5237 2010 5239 1174 5266 1174 5238 2109 5240 2011 5267 2012 5266 1174 5240 2011 5266 1174 5239 1174 5241 2073 5268 2111 5267 2012 5241 2073 5269 1813 5268 2111 5241 2073 5267 2012 5240 2011 5242 1316 5269 1813 5241 2073 5243 1814 5269 1813 5242 1316 5243 1814 5270 1815 5269 1813 5244 1816 5270 1815 5243 1814 5244 1816 5271 1816 5270 1815 5244 1816 5272 1817 5271 1816 5245 1818 5272 1817 5244 1816 5246 1819 5272 1817 5245 1818 5246 1819 5273 1820 5272 1817 5247 1821 5273 1820 5246 1819 5247 1821 5274 1822 5273 1820 5247 1821 5275 1138 5274 1822 5248 1823 5275 1138 5247 1821 5249 2112 5275 1138 5248 1823 5249 2112 5276 1140 5275 1138 5250 2113 5276 1140 5249 2112 5250 2113 5277 2114 5276 1140 5251 2115 5277 2114 5250 2113 5251 2115 5278 2115 5277 2114 5252 2116 5278 2115 5251 2115 5252 2116 5279 2117 5278 2115 5252 2116 5280 2118 5279 2117 5253 2119 5280 2118 5252 2116 5254 2120 5280 2118 5253 2119 5254 2120 5281 2121 5280 2118 5254 2120 5282 1833 5281 2121 5255 1461 5282 1833 5254 2120 5256 1834 5283 1835 5282 1833 5256 1834 5284 1836 5283 1835 5256 1834 5282 1833 5255 1461 5257 1837 5284 1836 5256 1834 5258 1838 5285 1839 5284 1836 5258 1838 5284 1836 5257 1837 5287 2122 5313 1651 5286 1652 5287 2122 5339 1988 5313 1651 5288 2123 5338 2124 5339 1988 5288 2123 5339 1988 5287 2122 5289 1656 5337 1657 5338 2124 5289 1656 5338 2124 5288 2123 5290 1658 5336 1659 5337 1657 5290 1658 5337 1657 5289 1656 5291 1660 5335 1661 5336 1659 5291 1660 5336 1659 5290 1658 5292 1662 5334 1663 5335 1661 5292 1662 5335 1661 5291 1660 5293 1664 5333 1665 5334 1663 5293 1664 5334 1663 5292 1662 5294 1666 5332 1667 5333 1665 5294 1666 5333 1665 5293 1664 5295 1668 5331 1669 5332 1667 5295 1668 5332 1667 5294 1666 5296 1670 5330 1671 5331 1669 5296 1670 5331 1669 5295 1668 5297 2125 5330 1671 5296 1670 5297 2125 5328 2126 5329 2127 5297 2125 5329 2127 5330 1671 5298 1993 5328 2126 5297 2125 5299 1676 5328 2126 5298 1993 5299 1676 5327 1677 5328 2126 5300 2128 5327 1677 5299 1676 5300 2128 5326 1995 5327 1677 5301 2129 5326 1995 5300 2128 5301 2129 5325 2130 5326 1995 5302 1682 5325 2130 5301 2129 5302 1682 5324 1683 5325 2130 5303 1684 5324 1683 5302 1682 5303 1684 5322 941 5323 1685 5303 1684 5323 1685 5324 1683 5304 1686 5322 941 5303 1684 5305 1196 5321 1687 5322 941 5305 1196 5322 941 5304 1686 5306 1688 5321 1687 5305 1196 5306 1688 5320 1689 5321 1687 5307 1690 5319 1691 5320 1689 5307 1690 5320 1689 5306 1688 5308 1692 5319 1691 5307 1690 5308 1692 5317 1693 5318 1694 5308 1692 5318 1694 5319 1691 5309 1695 5317 1693 5308 1692 5310 2131 5316 2132 5317 1693 5310 2131 5317 1693 5309 1695 5311 2000 5315 2133 5316 2132 5311 2000 5316 2132 5310 2131 5312 1698 5314 1699 5315 2133 5312 1698 5315 2133 5311 2000 5376 504 5350 504 5351 504 5375 504 5349 504 5350 504 5375 504 5350 504 5376 504 5377 504 5351 504 5352 504 5377 504 5376 504 5351 504 5374 504 5347 504 5348 504 5374 504 5348 504 5349 504 5374 504 5349 504 5375 504 5378 504 5377 504 5352 504 5373 504 5346 504 5347 504 5373 504 5347 504 5374 504 5379 504 5352 504 5353 504 5379 504 5378 504 5352 504 5372 504 5346 504 5373 504 5380 504 5353 504 5354 504 5380 504 5379 504 5353 504 5371 504 5345 504 5346 504 5371 504 5346 504 5372 504 5344 504 5345 504 5371 504 5381 504 5354 504 5355 504 5381 504 5380 504 5354 504 5370 504 5344 504 5371 504 5382 504 5355 504 5356 504 5382 504 5381 504 5355 504 5369 504 5344 504 5370 504 5343 504 5344 504 5369 504 5383 504 5382 504 5356 504 5357 504 5383 504 5356 504 5342 504 5343 504 5369 504 5342 504 5368 504 5367 504 5342 504 5369 504 5368 504 5358 504 5383 504 5357 504 5358 504 5384 504 5383 504 5341 504 5342 504 5367 504 5359 504 5384 504 5358 504 5359 504 5385 504 5384 504 5359 504 5386 504 5385 504 5340 504 5341 504 5367 504 5340 504 5367 504 5366 504 5340 504 5366 504 5391 504 5360 504 5386 504 5359 504 5365 504 5340 504 5391 504 5361 504 5386 504 5360 504 5361 504 5387 504 5386 504 5364 504 5365 504 5391 504 5364 504 5391 504 5390 504 5362 504 5388 504 5387 504 5362 504 5387 504 5361 504 5362 504 5389 504 5388 504 5363 504 5390 504 5389 504 5363 504 5364 504 5390 504 5363 504 5389 504 5362 504 5393 1213 5419 1885 5392 1886 5393 1213 5420 2134 5419 1885 5394 2135 5421 2136 5420 2134 5394 2135 5420 2134 5393 1213 5395 1112 5422 874 5421 2136 5395 1112 5421 2136 5394 2135 5396 2137 5423 2138 5422 874 5396 2137 5424 2068 5423 2138 5396 2137 5422 874 5395 1112 5397 2069 5424 2068 5396 2137 5398 1172 5425 1172 5424 2068 5398 1172 5426 1174 5425 1172 5398 1172 5424 2068 5397 2069 5399 1174 5426 1174 5398 1172 5400 2072 5427 2139 5426 1174 5400 2072 5426 1174 5399 1174 5401 2140 5428 1759 5427 2139 5401 2140 5429 2141 5428 1759 5401 2140 5427 2139 5400 2072 5402 2142 5429 2141 5401 2140 5403 2143 5429 2141 5402 2142 5403 2143 5430 2144 5429 2141 5404 2145 5430 2144 5403 2143 5404 2145 5431 2146 5430 2144 5404 2145 5432 2147 5431 2146 5405 2148 5432 2147 5404 2145 5406 2149 5432 2147 5405 2148 5406 2149 5433 2150 5432 2147 5407 2151 5433 2150 5406 2149 5407 2151 5434 2152 5433 2150 5407 2151 5435 2153 5434 2152 5408 2154 5435 2153 5407 2151 5409 2155 5435 2153 5408 2154 5409 2155 5436 2156 5435 2153 5410 2157 5436 2156 5409 2155 5410 2157 5437 2077 5436 2156 5411 2029 5437 2077 5410 2157 5411 2029 5438 2030 5437 2077 5412 2031 5438 2030 5411 2029 5412 2031 5439 2032 5438 2030 5412 2031 5440 2158 5439 2032 5413 2159 5440 2158 5412 2031 5414 2160 5440 2158 5413 2159 5414 2160 5441 2161 5440 2158 5414 2160 5442 1461 5441 2161 5415 1461 5442 1461 5414 2160 5416 2162 5443 2163 5442 1461 5416 2162 5444 2164 5443 2163 5416 2162 5442 1461 5415 1461 5417 2165 5444 2164 5416 2162 5418 2166 5445 2167 5444 2164 5418 2166 5444 2164 5417 2165 5512 2168 5447 2169 5446 2170 5512 2168 5446 2170 5506 2171 5513 2172 5512 2168 5506 2171 5513 2172 5506 2171 5507 2173 5514 2174 5513 2172 5507 2173 5514 2174 5507 2173 5508 2175 5515 2176 5508 2175 5509 2177 5515 2176 5514 2174 5508 2175 5516 2178 5509 2177 5510 2179 5516 2178 5515 2176 5509 2177 5517 2180 5505 2181 5504 2182 5517 2180 5510 2179 5511 2183 5517 2180 5511 2183 5505 2181 5517 2180 5516 2178 5510 2179 5518 2184 5448 2185 5447 2169 5518 2184 5447 2169 5512 2168 5519 2186 5518 2184 5512 2168 5519 2186 5512 2168 5513 2172 5520 2187 5513 2172 5514 2174 5520 2187 5519 2186 5513 2172 5520 2187 5514 2174 5515 2176 5521 2188 5520 2187 5515 2176 5522 2189 5516 2178 5517 2180 5522 2189 5515 2176 5516 2178 5522 2189 5521 2188 5515 2176 5523 2190 5517 2180 5504 2182 5523 2190 5504 2182 5503 2191 5523 2190 5522 2189 5517 2180 5524 2192 5449 2193 5448 2185 5524 2192 5450 2194 5449 2193 5524 2192 5448 2185 5518 2184 5525 2195 5524 2192 5518 2184 5525 2195 5518 2184 5519 2186 5526 2196 5525 2195 5519 2186 5526 2196 5519 2186 5520 2187 5527 2197 5526 2196 5520 2187 5527 2197 5520 2187 5521 2188 5528 2198 5521 2188 5522 2189 5528 2198 5527 2197 5521 2188 5529 2199 5522 2189 5523 2190 5529 2199 5503 2191 5502 2200 5529 2199 5528 2198 5522 2189 5529 2199 5523 2190 5503 2191 5530 2201 5451 2202 5450 2194 5530 2201 5450 2194 5524 2192 5531 2203 5530 2201 5524 2192 5531 2203 5524 2192 5525 2195 5532 2204 5531 2203 5525 2195 5532 2204 5525 2195 5526 2196 5533 2205 5526 2196 5527 2197 5533 2205 5532 2204 5526 2196 5534 2206 5527 2197 5528 2198 5534 2206 5533 2205 5527 2197 5535 2207 5502 2200 5501 2208 5535 2207 5534 2206 5528 2198 5535 2207 5528 2198 5529 2199 5535 2207 5529 2199 5502 2200 5536 2209 5451 2202 5530 2201 5537 2210 5536 2209 5530 2201 5537 2210 5530 2201 5531 2203 5538 2211 5537 2210 5531 2203 5538 2211 5531 2203 5532 2204 5539 2212 5538 2211 5532 2204 5539 2212 5532 2204 5533 2205 5540 2213 5539 2212 5533 2205 5540 2213 5533 2205 5534 2206 5541 2214 5540 2213 5534 2206 5541 2214 5535 2207 5501 2208 5541 2214 5501 2208 5500 2215 5541 2214 5534 2206 5535 2207 5542 2216 5451 2202 5536 2209 5542 2216 5536 2209 5537 2210 5542 2216 5452 2217 5451 2202 5542 2216 5453 2218 5452 2217 5543 2219 5542 2216 5537 2210 5544 2220 5537 2210 5538 2211 5544 2220 5538 2211 5539 2212 5544 2220 5543 2219 5537 2210 5545 2221 5544 2220 5539 2212 5546 2222 5539 2212 5540 2213 5546 2222 5545 2221 5539 2212 5547 2223 5546 2222 5540 2213 5547 2223 5540 2213 5541 2214 5547 2223 5541 2214 5500 2215 5547 2223 5500 2215 5499 2224 5548 2225 5453 2218 5542 2216 5549 2226 5548 2225 5542 2216 5549 2226 5542 2216 5543 2219 5550 2227 5549 2226 5543 2219 5550 2227 5543 2219 5544 2220 5550 2227 5544 2220 5545 2221 5551 2228 5550 2227 5545 2221 5552 2229 5545 2221 5546 2222 5552 2229 5551 2228 5545 2221 5553 2230 5546 2222 5547 2223 5553 2230 5547 2223 5499 2224 5553 2230 5552 2229 5546 2222 5553 2230 5499 2224 5498 2231 5554 2232 5454 2233 5453 2218 5554 2232 5453 2218 5548 2225 5555 2234 5548 2225 5549 2226 5555 2234 5554 2232 5548 2225 5556 2235 5549 2226 5550 2227 5556 2235 5555 2234 5549 2226 5557 2236 5550 2227 5551 2228 5557 2236 5556 2235 5550 2227 5558 2237 5551 2228 5552 2229 5558 2237 5557 2236 5551 2228 5559 2238 5552 2229 5553 2230 5559 2238 5498 2231 5497 2239 5559 2238 5553 2230 5498 2231 5559 2238 5558 2237 5552 2229 5560 2240 5455 2241 5454 2233 5560 2240 5554 2232 5555 2234 5560 2240 5454 2233 5554 2232 5561 2242 5560 2240 5555 2234 5562 2243 5555 2234 5556 2235 5562 2243 5561 2242 5555 2234 5563 2244 5562 2243 5556 2235 5563 2244 5556 2235 5557 2236 5563 2244 5557 2236 5558 2237 5564 2245 5563 2244 5558 2237 5565 2246 5497 2239 5496 2247 5565 2246 5559 2238 5497 2239 5565 2246 5558 2237 5559 2238 5565 2246 5564 2245 5558 2237 5566 2248 5456 2249 5455 2241 5566 2248 5455 2241 5560 2240 5567 2250 5566 2248 5560 2240 5567 2250 5560 2240 5561 2242 5568 2251 5561 2242 5562 2243 5568 2251 5567 2250 5561 2242 5569 2252 5568 2251 5562 2243 5569 2252 5562 2243 5563 2244 5570 2253 5563 2244 5564 2245 5570 2253 5569 2252 5563 2244 5571 2254 5570 2253 5564 2245 5571 2254 5496 2247 5495 2255 5571 2254 5565 2246 5496 2247 5571 2254 5564 2245 5565 2246 5572 2256 5457 2257 5456 2249 5572 2256 5458 2258 5457 2257 5572 2256 5456 2249 5566 2248 5573 2259 5572 2256 5566 2248 5573 2259 5566 2248 5567 2250 5574 2260 5573 2259 5567 2250 5574 2260 5567 2250 5568 2251 5574 2260 5568 2251 5569 2252 5575 2261 5574 2260 5569 2252 5576 2262 5569 2252 5570 2253 5576 2262 5575 2261 5569 2252 5577 2263 5571 2254 5495 2255 5577 2263 5576 2262 5570 2253 5577 2263 5495 2255 5494 2264 5577 2263 5570 2253 5571 2254 5578 2265 5458 2258 5572 2256 5579 2266 5572 2256 5573 2259 5579 2266 5578 2265 5572 2256 5580 2267 5579 2266 5573 2259 5580 2267 5573 2259 5574 2260 5581 2268 5574 2260 5575 2261 5581 2268 5580 2267 5574 2260 5582 2269 5575 2261 5576 2262 5582 2269 5581 2268 5575 2261 5583 2270 5576 2262 5577 2263 5583 2270 5577 2263 5494 2264 5583 2270 5582 2269 5576 2262 5583 2270 5494 2264 5493 2271 5584 2272 5458 2258 5578 2265 5584 2272 5459 2273 5458 2258 5584 2272 5460 2274 5459 2273 5584 2272 5578 2265 5579 2266 5585 2275 5584 2272 5579 2266 5586 2276 5579 2266 5580 2267 5586 2276 5585 2275 5579 2266 5587 2277 5580 2267 5581 2268 5587 2277 5586 2276 5580 2267 5588 2278 5581 2268 5582 2269 5588 2278 5587 2277 5581 2268 5589 2279 5582 2269 5583 2270 5589 2279 5583 2270 5493 2271 5589 2279 5493 2271 5492 2280 5589 2279 5588 2278 5582 2269 5590 2281 5461 2282 5460 2274 5590 2281 5460 2274 5584 2272 5591 2283 5590 2281 5584 2272 5591 2283 5584 2272 5585 2275 5591 2283 5585 2275 5586 2276 5592 2284 5591 2283 5586 2276 5593 2285 5586 2276 5587 2277 5593 2285 5592 2284 5586 2276 5594 2286 5587 2277 5588 2278 5594 2286 5593 2285 5587 2277 5595 2287 5492 2280 5491 2288 5595 2287 5589 2279 5492 2280 5595 2287 5588 2278 5589 2279 5595 2287 5594 2286 5588 2278 5596 2289 5461 2282 5590 2281 5596 2289 5590 2281 5591 2283 5597 2290 5596 2289 5591 2283 5598 2291 5592 2284 5593 2285 5598 2291 5591 2283 5592 2284 5598 2291 5597 2290 5591 2283 5599 2292 5598 2291 5593 2285 5600 2293 5593 2285 5594 2286 5600 2293 5599 2292 5593 2285 5601 2294 5595 2287 5491 2288 5601 2294 5491 2288 5490 2295 5601 2294 5594 2286 5595 2287 5601 2294 5600 2293 5594 2286 5602 2296 5462 2297 5461 2282 5602 2296 5461 2282 5596 2289 5603 2298 5602 2296 5596 2289 5603 2298 5596 2289 5597 2290 5604 2299 5603 2298 5597 2290 5604 2299 5597 2290 5598 2291 5605 2300 5604 2299 5598 2291 5605 2300 5598 2291 5599 2292 5606 2301 5605 2300 5599 2292 5606 2301 5599 2292 5600 2293 5607 2302 5606 2301 5600 2293 5607 2302 5490 2295 5489 2303 5607 2302 5601 2294 5490 2295 5607 2302 5600 2293 5601 2294 5608 2304 5463 2305 5462 2297 5608 2304 5462 2297 5602 2296 5609 2306 5603 2298 5604 2299 5609 2306 5608 2304 5602 2296 5609 2306 5602 2296 5603 2298 5610 2307 5609 2306 5604 2299 5611 2308 5604 2299 5605 2300 5611 2308 5610 2307 5604 2299 5612 2309 5605 2300 5606 2301 5612 2309 5611 2308 5605 2300 5613 2310 5606 2301 5607 2302 5613 2310 5607 2302 5489 2303 5613 2310 5612 2309 5606 2301 5613 2310 5489 2303 5488 2311 5614 2312 5464 2313 5463 2305 5614 2312 5465 2314 5464 2313 5614 2312 5463 2305 5608 2304 5615 2315 5614 2312 5608 2304 5615 2315 5608 2304 5609 2306 5616 2316 5615 2315 5609 2306 5616 2316 5609 2306 5610 2307 5617 2317 5610 2307 5611 2308 5617 2317 5616 2316 5610 2307 5618 2318 5611 2308 5612 2309 5618 2318 5617 2317 5611 2308 5619 2319 5612 2309 5613 2310 5619 2319 5613 2310 5488 2311 5619 2319 5618 2318 5612 2309 5619 2319 5488 2311 5487 2320 5620 2321 5465 2314 5614 2312 5620 2321 5466 2322 5465 2314 5620 2321 5614 2312 5615 2315 5621 2323 5620 2321 5615 2315 5622 2324 5615 2315 5616 2316 5622 2324 5621 2323 5615 2315 5623 2325 5616 2316 5617 2317 5623 2325 5617 2317 5618 2318 5623 2325 5622 2324 5616 2316 5624 2326 5623 2325 5618 2318 5625 2327 5487 2320 5486 2328 5625 2327 5618 2318 5619 2319 5625 2327 5619 2319 5487 2320 5625 2327 5624 2326 5618 2318 5626 2329 5467 2330 5466 2322 5626 2329 5466 2322 5620 2321 5626 2329 5620 2321 5621 2323 5627 2331 5626 2329 5621 2323 5628 2332 5621 2323 5622 2324 5628 2332 5627 2331 5621 2323 5629 2333 5622 2324 5623 2325 5629 2333 5628 2332 5622 2324 5630 2334 5623 2325 5624 2326 5630 2334 5629 2333 5623 2325 5631 2335 5486 2328 5485 2336 5631 2335 5625 2327 5486 2328 5631 2335 5624 2326 5625 2327 5631 2335 5630 2334 5624 2326 5632 2337 5468 2338 5467 2330 5632 2337 5467 2330 5626 2329 5633 2339 5632 2337 5626 2329 5633 2339 5626 2329 5627 2331 5634 2340 5627 2331 5628 2332 5634 2340 5628 2332 5629 2333 5634 2340 5633 2339 5627 2331 5635 2341 5634 2340 5629 2333 5636 2342 5629 2333 5630 2334 5636 2342 5635 2341 5629 2333 5637 2343 5485 2336 5484 2344 5637 2343 5631 2335 5485 2336 5637 2343 5630 2334 5631 2335 5637 2343 5636 2342 5630 2334 5638 2345 5469 2346 5468 2338 5638 2345 5468 2338 5632 2337 5639 2347 5638 2345 5632 2337 5639 2347 5632 2337 5633 2339 5640 2348 5639 2347 5633 2339 5640 2348 5633 2339 5634 2340 5640 2348 5634 2340 5635 2341 5641 2349 5640 2348 5635 2341 5641 2349 5635 2341 5636 2342 5642 2350 5641 2349 5636 2342 5643 2351 5636 2342 5637 2343 5643 2351 5484 2344 5483 2352 5643 2351 5637 2343 5484 2344 5643 2351 5642 2350 5636 2342 5644 2353 5470 2354 5469 2346 5644 2353 5469 2346 5638 2345 5645 2355 5638 2345 5639 2347 5645 2355 5644 2353 5638 2345 5646 2356 5639 2347 5640 2348 5646 2356 5640 2348 5641 2349 5646 2356 5645 2355 5639 2347 5647 2357 5646 2356 5641 2349 5648 2358 5641 2349 5642 2350 5648 2358 5647 2357 5641 2349 5648 2358 5642 2350 5643 2351 5649 2359 5643 2351 5483 2352 5649 2359 5648 2358 5643 2351 5649 2359 5483 2352 5482 2360 5650 2361 5644 2353 5645 2355 5650 2361 5470 2354 5644 2353 5651 2362 5645 2355 5646 2356 5651 2362 5650 2361 5645 2355 5652 2363 5651 2362 5646 2356 5653 2364 5646 2356 5647 2357 5653 2364 5647 2357 5648 2358 5653 2364 5652 2363 5646 2356 5654 2365 5653 2364 5648 2358 5655 2366 5482 2360 5481 2367 5655 2366 5648 2358 5649 2359 5655 2366 5649 2359 5482 2360 5655 2366 5654 2365 5648 2358 5656 2368 5471 2369 5470 2354 5656 2368 5470 2354 5650 2361 5656 2368 5472 2370 5471 2369 5656 2368 5473 2371 5472 2370 5656 2368 5474 2372 5473 2371 5657 2373 5650 2361 5651 2362 5657 2373 5656 2368 5650 2361 5657 2373 5474 2372 5656 2368 5658 2374 5475 2375 5474 2372 5658 2374 5651 2362 5652 2363 5658 2374 5474 2372 5657 2373 5658 2374 5657 2373 5651 2362 5659 2376 5476 2377 5475 2375 5659 2376 5652 2363 5653 2364 5659 2376 5658 2374 5652 2363 5659 2376 5475 2375 5658 2374 5660 2378 5477 2379 5476 2377 5660 2378 5653 2364 5654 2365 5660 2378 5476 2377 5659 2376 5660 2378 5659 2376 5653 2364 5661 2380 5478 2381 5477 2379 5661 2380 5479 2382 5478 2381 5661 2380 5480 2383 5479 2382 5661 2380 5655 2366 5481 2367 5661 2380 5481 2367 5480 2383 5661 2380 5654 2365 5655 2366 5661 2380 5477 2379 5660 2378 5661 2380 5660 2378 5654 2365 5689 2384 5688 2385 5687 2386 5728 2387 5663 2388 5662 2389 5728 2387 5662 2389 5722 2390 5729 2391 5728 2387 5722 2390 5729 2391 5722 2390 5723 2392 5730 2393 5729 2391 5723 2392 5730 2393 5723 2392 5724 2394 5731 2395 5724 2394 5725 2396 5731 2395 5730 2393 5724 2394 5732 2397 5725 2396 5726 2398 5732 2397 5731 2395 5725 2396 5733 2399 5721 2400 5720 2401 5733 2399 5726 2398 5727 2402 5733 2399 5727 2402 5721 2400 5733 2399 5732 2397 5726 2398 5734 2403 5664 2404 5663 2388 5734 2403 5665 2405 5664 2404 5734 2403 5728 2387 5729 2391 5734 2403 5663 2388 5728 2387 5735 2406 5734 2403 5729 2391 5736 2407 5735 2406 5729 2391 5736 2407 5729 2391 5730 2393 5737 2408 5736 2407 5730 2393 5737 2408 5731 2395 5732 2397 5737 2408 5730 2393 5731 2395 5738 2409 5737 2408 5732 2397 5739 2410 5732 2397 5733 2399 5739 2410 5733 2399 5720 2401 5739 2410 5720 2401 5719 2411 5739 2410 5738 2409 5732 2397 5740 2412 5665 2405 5734 2403 5741 2413 5735 2406 5736 2407 5741 2413 5740 2412 5734 2403 5741 2413 5734 2403 5735 2406 5742 2414 5741 2413 5736 2407 5743 2415 5736 2407 5737 2408 5743 2415 5737 2408 5738 2409 5743 2415 5742 2414 5736 2407 5744 2416 5743 2415 5738 2409 5745 2417 5738 2409 5739 2410 5745 2417 5719 2411 5718 2418 5745 2417 5739 2410 5719 2411 5745 2417 5744 2416 5738 2409 5746 2419 5666 2420 5665 2405 5746 2419 5665 2405 5740 2412 5747 2421 5740 2412 5741 2413 5747 2421 5746 2419 5740 2412 5748 2422 5741 2413 5742 2414 5748 2422 5747 2421 5741 2413 5749 2423 5742 2414 5743 2415 5749 2423 5748 2422 5742 2414 5750 2424 5743 2415 5744 2416 5750 2424 5749 2423 5743 2415 5750 2424 5744 2416 5745 2417 5751 2425 5750 2424 5745 2417 5751 2425 5718 2418 5717 2426 5751 2425 5745 2417 5718 2418 5752 2427 5667 2428 5666 2420 5752 2427 5668 2429 5667 2428 5752 2427 5666 2420 5746 2419 5753 2430 5752 2427 5746 2419 5753 2430 5746 2419 5747 2421 5753 2430 5747 2421 5748 2422 5754 2431 5753 2430 5748 2422 5755 2432 5754 2431 5748 2422 5755 2432 5749 2423 5750 2424 5755 2432 5748 2422 5749 2423 5756 2433 5755 2432 5750 2424 5756 2433 5750 2424 5751 2425 5757 2434 5756 2433 5751 2425 5757 2434 5717 2426 5716 2435 5757 2434 5751 2425 5717 2426 5758 2436 5752 2427 5753 2430 5758 2436 5668 2429 5752 2427 5759 2437 5758 2436 5753 2430 5760 2438 5753 2430 5754 2431 5760 2438 5754 2431 5755 2432 5760 2438 5759 2437 5753 2430 5761 2439 5760 2438 5755 2432 5761 2439 5755 2432 5756 2433 5762 2440 5761 2439 5756 2433 5763 2441 5762 2440 5756 2433 5763 2441 5756 2433 5757 2434 5763 2441 5757 2434 5716 2435 5763 2441 5716 2435 5715 2442 5764 2443 5668 2429 5758 2436 5764 2443 5669 2444 5668 2429 5764 2443 5670 2445 5669 2444 5765 2446 5758 2436 5759 2437 5765 2446 5764 2443 5758 2436 5766 2447 5765 2446 5759 2437 5766 2447 5759 2437 5760 2438 5767 2448 5760 2438 5761 2439 5767 2448 5766 2447 5760 2438 5768 2449 5762 2440 5763 2441 5768 2449 5761 2439 5762 2440 5768 2449 5767 2448 5761 2439 5769 2450 5763 2441 5715 2442 5769 2450 5768 2449 5763 2441 5769 2450 5715 2442 5714 2451 5770 2452 5670 2445 5764 2443 5771 2453 5764 2443 5765 2446 5771 2453 5770 2452 5764 2443 5772 2454 5765 2446 5766 2447 5772 2454 5771 2453 5765 2446 5773 2455 5772 2454 5766 2447 5773 2455 5766 2447 5767 2448 5774 2456 5767 2448 5768 2449 5774 2456 5773 2455 5767 2448 5775 2457 5768 2449 5769 2450 5775 2457 5714 2451 5713 2458 5775 2457 5769 2450 5714 2451 5775 2457 5774 2456 5768 2449 5776 2459 5671 2460 5670 2445 5776 2459 5670 2445 5770 2452 5777 2461 5776 2459 5770 2452 5777 2461 5770 2452 5771 2453 5778 2462 5771 2453 5772 2454 5778 2462 5777 2461 5771 2453 5779 2463 5778 2462 5772 2454 5779 2463 5772 2454 5773 2455 5780 2464 5773 2455 5774 2456 5780 2464 5774 2456 5775 2457 5780 2464 5779 2463 5773 2455 5781 2465 5713 2458 5712 2466 5781 2465 5775 2457 5713 2458 5781 2465 5780 2464 5775 2457 5782 2467 5672 2468 5671 2460 5782 2467 5673 2469 5672 2468 5782 2467 5671 2460 5776 2459 5783 2470 5776 2459 5777 2461 5783 2470 5782 2467 5776 2459 5784 2471 5777 2461 5778 2462 5784 2471 5783 2470 5777 2461 5785 2472 5778 2462 5779 2463 5785 2472 5784 2471 5778 2462 5786 2473 5779 2463 5780 2464 5786 2473 5785 2472 5779 2463 5787 2474 5786 2473 5780 2464 5787 2474 5712 2466 5711 2475 5787 2474 5781 2465 5712 2466 5787 2474 5780 2464 5781 2465 5788 2476 5674 2477 5673 2469 5788 2476 5673 2469 5782 2467 5789 2478 5788 2476 5782 2467 5789 2478 5782 2467 5783 2470 5790 2479 5784 2471 5785 2472 5790 2479 5783 2470 5784 2471 5790 2479 5789 2478 5783 2470 5791 2480 5790 2479 5785 2472 5792 2481 5785 2472 5786 2473 5792 2481 5791 2480 5785 2472 5793 2482 5787 2474 5711 2475 5793 2482 5792 2481 5786 2473 5793 2482 5786 2473 5787 2474 5793 2482 5711 2475 5710 2483 5794 2484 5674 2477 5788 2476 5795 2485 5794 2484 5788 2476 5795 2485 5788 2476 5789 2478 5796 2486 5789 2478 5790 2479 5796 2486 5795 2485 5789 2478 5797 2487 5796 2486 5790 2479 5797 2487 5790 2479 5791 2480 5798 2488 5797 2487 5791 2480 5798 2488 5791 2480 5792 2481 5799 2489 5792 2481 5793 2482 5799 2489 5793 2482 5710 2483 5799 2489 5798 2488 5792 2481 5799 2489 5710 2483 5709 2490 5800 2491 5674 2477 5794 2484 5800 2491 5675 2492 5674 2477 5801 2493 5794 2484 5795 2485 5801 2493 5795 2485 5796 2486 5801 2493 5800 2491 5794 2484 5802 2494 5796 2486 5797 2487 5802 2494 5801 2493 5796 2486 5803 2495 5802 2494 5797 2487 5804 2496 5797 2487 5798 2488 5804 2496 5803 2495 5797 2487 5805 2497 5798 2488 5799 2489 5805 2497 5799 2489 5709 2490 5805 2497 5709 2490 5708 2498 5805 2497 5804 2496 5798 2488 5806 2499 5676 2500 5675 2492 5806 2499 5675 2492 5800 2491 5807 2501 5806 2499 5800 2491 5807 2501 5800 2491 5801 2493 5808 2502 5807 2501 5801 2493 5808 2502 5801 2493 5802 2494 5809 2503 5802 2494 5803 2495 5809 2503 5808 2502 5802 2494 5810 2504 5803 2495 5804 2496 5810 2504 5809 2503 5803 2495 5811 2505 5708 2498 5707 2506 5811 2505 5810 2504 5804 2496 5811 2505 5805 2497 5708 2498 5811 2505 5804 2496 5805 2497 5812 2507 5677 2508 5676 2500 5812 2507 5676 2500 5806 2499 5812 2507 5806 2499 5807 2501 5813 2509 5807 2501 5808 2502 5813 2509 5812 2507 5807 2501 5814 2510 5813 2509 5808 2502 5815 2511 5808 2502 5809 2503 5815 2511 5814 2510 5808 2502 5816 2512 5815 2511 5809 2503 5816 2512 5809 2503 5810 2504 5817 2513 5707 2506 5706 2514 5817 2513 5811 2505 5707 2506 5817 2513 5810 2504 5811 2505 5817 2513 5816 2512 5810 2504 5818 2515 5678 2516 5677 2508 5818 2515 5679 2517 5678 2516 5818 2515 5812 2507 5813 2509 5818 2515 5677 2508 5812 2507 5819 2518 5818 2515 5813 2509 5820 2519 5813 2509 5814 2510 5820 2519 5814 2510 5815 2511 5820 2519 5819 2518 5813 2509 5821 2520 5820 2519 5815 2511 5822 2521 5821 2520 5815 2511 5822 2521 5815 2511 5816 2512 5823 2522 5822 2521 5816 2512 5823 2522 5706 2514 5705 2523 5823 2522 5817 2513 5706 2514 5823 2522 5816 2512 5817 2513 5824 2524 5680 2525 5679 2517 5824 2524 5679 2517 5818 2515 5824 2524 5818 2515 5819 2518 5825 2526 5824 2524 5819 2518 5826 2527 5820 2519 5821 2520 5826 2527 5819 2518 5820 2519 5826 2527 5825 2526 5819 2518 5827 2528 5826 2527 5821 2520 5827 2528 5821 2520 5822 2521 5828 2529 5827 2528 5822 2521 5829 2530 5822 2521 5823 2522 5829 2530 5823 2522 5705 2523 5829 2530 5828 2529 5822 2521 5829 2530 5705 2523 5704 2531 5830 2532 5680 2525 5824 2524 5830 2532 5824 2524 5825 2526 5831 2533 5825 2526 5826 2527 5831 2533 5830 2532 5825 2526 5832 2534 5831 2533 5826 2527 5833 2535 5826 2527 5827 2528 5833 2535 5827 2528 5828 2529 5833 2535 5832 2534 5826 2527 5834 2536 5833 2535 5828 2529 5835 2537 5828 2529 5829 2530 5835 2537 5829 2530 5704 2531 5835 2537 5834 2536 5828 2529 5835 2537 5704 2531 5703 2538 5836 2539 5681 2540 5680 2525 5836 2539 5682 2541 5681 2540 5836 2539 5680 2525 5830 2532 5837 2542 5830 2532 5831 2533 5837 2542 5836 2539 5830 2532 5838 2543 5831 2533 5832 2534 5838 2543 5837 2542 5831 2533 5839 2544 5832 2534 5833 2535 5839 2544 5838 2543 5832 2534 5840 2545 5833 2535 5834 2536 5840 2545 5839 2544 5833 2535 5841 2546 5703 2538 5702 2547 5841 2546 5834 2536 5835 2537 5841 2546 5835 2537 5703 2538 5841 2546 5840 2545 5834 2536 5842 2548 5683 2549 5682 2541 5842 2548 5682 2541 5836 2539 5842 2548 5836 2539 5837 2542 5843 2550 5842 2548 5837 2542 5844 2551 5837 2542 5838 2543 5844 2551 5838 2543 5839 2544 5844 2551 5843 2550 5837 2542 5845 2552 5839 2544 5840 2545 5845 2552 5844 2551 5839 2544 5846 2553 5845 2552 5840 2545 5847 2554 5702 2547 5701 2555 5847 2554 5841 2546 5702 2547 5847 2554 5840 2545 5841 2546 5847 2554 5846 2553 5840 2545 5848 2556 5683 2549 5842 2548 5848 2556 5842 2548 5843 2550 5849 2557 5848 2556 5843 2550 5850 2558 5843 2550 5844 2551 5850 2558 5844 2551 5845 2552 5850 2558 5849 2557 5843 2550 5851 2559 5850 2558 5845 2552 5852 2560 5845 2552 5846 2553 5852 2560 5851 2559 5845 2552 5853 2561 5701 2555 5700 2562 5853 2561 5847 2554 5701 2555 5853 2561 5846 2553 5847 2554 5853 2561 5852 2560 5846 2553 5854 2563 5684 2564 5683 2549 5854 2563 5685 2565 5684 2564 5854 2563 5683 2549 5848 2556 5855 2566 5854 2563 5848 2556 5855 2566 5848 2556 5849 2557 5856 2567 5849 2557 5850 2558 5856 2567 5855 2566 5849 2557 5857 2568 5856 2567 5850 2558 5857 2568 5850 2558 5851 2559 5857 2568 5851 2559 5852 2560 5858 2569 5857 2568 5852 2560 5859 2570 5852 2560 5853 2561 5859 2570 5700 2562 5699 2571 5859 2570 5853 2561 5700 2562 5859 2570 5858 2569 5852 2560 5860 2572 5685 2565 5854 2563 5860 2572 5854 2563 5855 2566 5861 2573 5860 2572 5855 2566 5862 2574 5855 2566 5856 2567 5862 2574 5856 2567 5857 2568 5862 2574 5861 2573 5855 2566 5863 2575 5862 2574 5857 2568 5864 2576 5863 2575 5857 2568 5864 2576 5857 2568 5858 2569 5865 2577 5864 2576 5858 2569 5865 2577 5859 2570 5699 2571 5865 2577 5699 2571 5698 2578 5865 2577 5858 2569 5859 2570 5866 2579 5860 2572 5861 2573 5866 2579 5686 2580 5685 2565 5866 2579 5685 2565 5860 2572 5867 2581 5866 2579 5861 2573 5867 2581 5861 2573 5862 2574 5868 2582 5867 2581 5862 2574 5869 2583 5862 2574 5863 2575 5869 2583 5863 2575 5864 2576 5869 2583 5868 2582 5862 2574 5870 2584 5869 2583 5864 2576 5871 2585 5864 2576 5865 2577 5871 2585 5870 2584 5864 2576 5871 2585 5698 2578 5697 2586 5871 2585 5865 2577 5698 2578 5872 2587 5687 2386 5686 2580 5872 2587 5686 2580 5866 2579 5872 2587 5689 2384 5687 2386 5873 2588 5690 2589 5689 2384 5873 2588 5866 2579 5867 2581 5873 2588 5691 2590 5690 2589 5873 2588 5689 2384 5872 2587 5873 2588 5872 2587 5866 2579 5874 2591 5692 2592 5691 2590 5874 2591 5867 2581 5868 2582 5874 2591 5873 2588 5867 2581 5874 2591 5691 2590 5873 2588 5875 2593 5693 2594 5692 2592 5875 2593 5868 2582 5869 2583 5875 2593 5692 2592 5874 2591 5875 2593 5874 2591 5868 2582 5876 2595 5869 2583 5870 2584 5876 2595 5693 2594 5875 2593 5876 2595 5875 2593 5869 2583 5877 2596 5694 2597 5693 2594 5877 2596 5695 2598 5694 2597 5877 2596 5696 2599 5695 2598 5877 2596 5697 2586 5696 2599 5877 2596 5870 2584 5871 2585 5877 2596 5871 2585 5697 2586 5877 2596 5693 2594 5876 2595 5877 2596 5876 2595 5870 2584 5905 2600 5904 2601 5903 2602 5944 2603 5879 2604 5878 2605 5944 2603 5878 2605 5938 2606 5945 2607 5944 2603 5938 2606 5945 2607 5938 2606 5939 2608 5946 2609 5945 2607 5939 2608 5946 2609 5939 2608 5940 2610 5947 2611 5940 2610 5941 2612 5947 2611 5946 2609 5940 2610 5948 2613 5941 2612 5942 2614 5948 2613 5947 2611 5941 2612 5949 2615 5937 2616 5936 2617 5949 2615 5942 2614 5943 2618 5949 2615 5943 2618 5937 2616 5949 2615 5948 2613 5942 2614 5950 2619 5880 2620 5879 2604 5950 2619 5879 2604 5944 2603 5951 2621 5950 2619 5944 2603 5951 2621 5944 2603 5945 2607 5952 2622 5945 2607 5946 2609 5952 2622 5951 2621 5945 2607 5953 2623 5952 2622 5946 2609 5953 2623 5946 2609 5947 2611 5954 2624 5947 2611 5948 2613 5954 2624 5953 2623 5947 2611 5955 2625 5948 2613 5949 2615 5955 2625 5949 2615 5936 2617 5955 2625 5936 2617 5935 2626 5955 2625 5954 2624 5948 2613 5956 2627 5881 2628 5880 2620 5956 2627 5882 2629 5881 2628 5956 2627 5880 2620 5950 2619 5957 2630 5956 2627 5950 2619 5957 2630 5950 2619 5951 2621 5958 2631 5951 2621 5952 2622 5958 2631 5957 2630 5951 2621 5959 2632 5953 2623 5954 2624 5959 2632 5958 2631 5952 2622 5959 2632 5952 2622 5953 2623 5960 2633 5959 2632 5954 2624 5961 2634 5954 2624 5955 2625 5961 2634 5955 2625 5935 2626 5961 2634 5935 2626 5934 2635 5961 2634 5960 2633 5954 2624 5962 2636 5883 2637 5882 2629 5962 2636 5882 2629 5956 2627 5963 2638 5956 2627 5957 2630 5963 2638 5957 2630 5958 2631 5963 2638 5962 2636 5956 2627 5964 2639 5963 2638 5958 2631 5965 2640 5964 2639 5958 2631 5965 2640 5958 2631 5959 2632 5966 2641 5965 2640 5959 2632 5966 2641 5959 2632 5960 2633 5966 2641 5960 2633 5961 2634 5967 2642 5934 2635 5933 2643 5967 2642 5966 2641 5961 2634 5967 2642 5961 2634 5934 2635 5968 2644 5883 2637 5962 2636 5969 2645 5968 2644 5962 2636 5969 2645 5962 2636 5963 2638 5969 2645 5963 2638 5964 2639 5970 2646 5969 2645 5964 2639 5970 2646 5964 2639 5965 2640 5971 2647 5970 2646 5965 2640 5972 2648 5971 2647 5965 2640 5972 2648 5966 2641 5967 2642 5972 2648 5965 2640 5966 2641 5973 2649 5972 2648 5967 2642 5973 2649 5933 2643 5932 2650 5973 2649 5967 2642 5933 2643 5974 2651 5884 2652 5883 2637 5974 2651 5885 2653 5884 2652 5974 2651 5883 2637 5968 2644 5975 2654 5968 2644 5969 2645 5975 2654 5974 2651 5968 2644 5976 2655 5969 2645 5970 2646 5976 2655 5975 2654 5969 2645 5977 2656 5970 2646 5971 2647 5977 2656 5976 2655 5970 2646 5978 2657 5971 2647 5972 2648 5978 2657 5977 2656 5971 2647 5979 2658 5973 2649 5932 2650 5979 2658 5978 2657 5972 2648 5979 2658 5932 2650 5931 2659 5979 2658 5972 2648 5973 2649 5980 2660 5886 2661 5885 2653 5980 2660 5885 2653 5974 2651 5981 2662 5974 2651 5975 2654 5981 2662 5980 2660 5974 2651 5981 2662 5975 2654 5976 2655 5982 2663 5981 2662 5976 2655 5983 2664 5976 2655 5977 2656 5983 2664 5982 2663 5976 2655 5984 2665 5983 2664 5977 2656 5984 2665 5977 2656 5978 2657 5984 2665 5978 2657 5979 2658 5985 2666 5979 2658 5931 2659 5985 2666 5984 2665 5979 2658 5985 2666 5931 2659 5930 2667 5986 2668 5886 2661 5980 2660 5987 2669 5986 2668 5980 2660 5987 2669 5980 2660 5981 2662 5988 2670 5987 2669 5981 2662 5988 2670 5981 2662 5982 2663 5989 2671 5988 2670 5982 2663 5989 2671 5982 2663 5983 2664 5990 2672 5983 2664 5984 2665 5990 2672 5989 2671 5983 2664 5991 2673 5984 2665 5985 2666 5991 2673 5930 2667 5929 2674 5991 2673 5985 2666 5930 2667 5991 2673 5990 2672 5984 2665 5992 2675 5887 2676 5886 2661 5992 2675 5888 2677 5887 2676 5992 2675 5886 2661 5986 2668 5992 2675 5986 2668 5987 2669 5993 2678 5992 2675 5987 2669 5994 2679 5987 2669 5988 2670 5994 2679 5993 2678 5987 2669 5995 2680 5988 2670 5989 2671 5995 2680 5989 2671 5990 2672 5995 2680 5994 2679 5988 2670 5996 2681 5990 2672 5991 2673 5996 2681 5995 2680 5990 2672 5997 2682 5929 2674 5928 2683 5997 2682 5991 2673 5929 2674 5997 2682 5996 2681 5991 2673 5998 2684 5888 2677 5992 2675 5999 2685 5998 2684 5992 2675 5999 2685 5992 2675 5993 2678 6000 2686 5999 2685 5993 2678 6000 2686 5993 2678 5994 2679 6000 2686 5994 2679 5995 2680 6001 2687 6000 2686 5995 2680 6002 2688 5995 2680 5996 2681 6002 2688 6001 2687 5995 2680 6003 2689 6002 2688 5996 2681 6003 2689 5928 2683 5927 2690 6003 2689 5997 2682 5928 2683 6003 2689 5996 2681 5997 2682 6004 2691 5889 2692 5888 2677 6004 2691 5890 2693 5889 2692 6004 2691 5888 2677 5998 2684 6005 2694 6004 2691 5998 2684 6005 2694 5998 2684 5999 2685 6006 2695 6005 2694 5999 2685 6006 2695 5999 2685 6000 2686 6007 2696 6000 2686 6001 2687 6007 2696 6006 2695 6000 2686 6008 2697 6001 2687 6002 2688 6008 2697 6007 2696 6001 2687 6009 2698 6003 2689 5927 2690 6009 2698 6008 2697 6002 2688 6009 2698 5927 2690 5926 2699 6009 2698 6002 2688 6003 2689 6010 2700 5890 2693 6004 2691 6011 2701 6010 2700 6004 2691 6011 2701 6004 2691 6005 2694 6012 2702 6006 2695 6007 2696 6012 2702 6011 2701 6005 2694 6012 2702 6005 2694 6006 2695 6013 2703 6012 2702 6007 2696 6014 2704 6013 2703 6007 2696 6014 2704 6007 2696 6008 2697 6015 2705 6008 2697 6009 2698 6015 2705 6009 2698 5926 2699 6015 2705 6014 2704 6008 2697 6015 2705 5926 2699 5925 2706 6016 2707 5891 2708 5890 2693 6016 2707 5892 2709 5891 2708 6016 2707 5890 2693 6010 2700 6017 2710 6010 2700 6011 2701 6017 2710 6016 2707 6010 2700 6018 2711 6011 2701 6012 2702 6018 2711 6017 2710 6011 2701 6019 2712 6012 2702 6013 2703 6019 2712 6018 2711 6012 2702 6020 2713 6013 2703 6014 2704 6020 2713 6019 2712 6013 2703 6021 2714 6014 2704 6015 2705 6021 2714 6015 2705 5925 2706 6021 2714 5925 2706 5924 2715 6021 2714 6020 2713 6014 2704 6022 2716 5892 2709 6016 2707 6022 2716 6016 2707 6017 2710 6023 2717 6017 2710 6018 2711 6023 2717 6022 2716 6017 2710 6024 2718 6018 2711 6019 2712 6024 2718 6023 2717 6018 2711 6025 2719 6024 2718 6019 2712 6026 2720 6019 2712 6020 2713 6026 2720 6025 2719 6019 2712 6027 2721 5924 2715 5923 2722 6027 2721 6026 2720 6020 2713 6027 2721 6021 2714 5924 2715 6027 2721 6020 2713 6021 2714 6028 2723 5893 2724 5892 2709 6028 2723 5894 2725 5893 2724 6028 2723 5892 2709 6022 2716 6029 2726 6028 2723 6022 2716 6029 2726 6022 2716 6023 2717 6030 2727 6023 2717 6024 2718 6030 2727 6029 2726 6023 2717 6031 2728 6024 2718 6025 2719 6031 2728 6030 2727 6024 2718 6032 2729 6025 2719 6026 2720 6032 2729 6031 2728 6025 2719 6033 2730 5923 2722 5922 2731 6033 2730 6027 2721 5923 2722 6033 2730 6026 2720 6027 2721 6033 2730 6032 2729 6026 2720 6034 2732 5895 2733 5894 2725 6034 2732 5894 2725 6028 2723 6035 2734 6034 2732 6028 2723 6035 2734 6028 2723 6029 2726 6036 2735 6029 2726 6030 2727 6036 2735 6030 2727 6031 2728 6036 2735 6035 2734 6029 2726 6037 2736 6036 2735 6031 2728 6038 2737 6037 2736 6031 2728 6038 2737 6031 2728 6032 2729 6039 2738 6038 2737 6032 2729 6039 2738 5922 2731 5921 2739 6039 2738 6033 2730 5922 2731 6039 2738 6032 2729 6033 2730 6040 2740 5895 2733 6034 2732 6041 2741 6035 2734 6036 2735 6041 2741 6040 2740 6034 2732 6041 2741 6034 2732 6035 2734 6042 2742 6041 2741 6036 2735 6043 2743 6042 2742 6036 2735 6043 2743 6036 2735 6037 2736 6044 2744 6037 2736 6038 2737 6044 2744 6043 2743 6037 2736 6045 2745 6038 2737 6039 2738 6045 2745 6039 2738 5921 2739 6045 2745 6044 2744 6038 2737 6045 2745 5921 2739 5920 2746 6046 2747 5896 2748 5895 2733 6046 2747 5897 2749 5896 2748 6046 2747 6040 2740 6041 2741 6046 2747 5895 2733 6040 2740 6047 2750 6041 2741 6042 2742 6047 2750 6046 2747 6041 2741 6048 2751 6047 2750 6042 2742 6049 2752 6048 2751 6042 2742 6049 2752 6042 2742 6043 2743 6050 2753 6043 2743 6044 2744 6050 2753 6049 2752 6043 2743 6051 2754 6044 2744 6045 2745 6051 2754 6045 2745 5920 2746 6051 2754 5920 2746 5919 2755 6051 2754 6050 2753 6044 2744 6052 2756 5897 2749 6046 2747 6053 2757 6046 2747 6047 2750 6053 2757 6052 2756 6046 2747 6054 2758 6048 2751 6049 2752 6054 2758 6047 2750 6048 2751 6054 2758 6053 2757 6047 2750 6055 2759 6049 2752 6050 2753 6055 2759 6054 2758 6049 2752 6056 2760 6055 2759 6050 2753 6057 2761 5919 2755 5918 2762 6057 2761 6051 2754 5919 2755 6057 2761 6050 2753 6051 2754 6057 2761 6056 2760 6050 2753 6058 2763 5898 2764 5897 2749 6058 2763 5899 2765 5898 2764 6058 2763 5897 2749 6052 2756 6058 2763 6052 2756 6053 2757 6059 2766 6058 2763 6053 2757 6060 2767 6053 2757 6054 2758 6060 2767 6059 2766 6053 2757 6061 2768 6054 2758 6055 2759 6061 2768 6055 2759 6056 2760 6061 2768 6060 2767 6054 2758 6062 2769 6061 2768 6056 2760 6063 2770 5918 2762 5917 2771 6063 2770 6057 2761 5918 2762 6063 2770 6056 2760 6057 2761 6063 2770 6062 2769 6056 2760 6064 2772 5899 2765 6058 2763 6065 2773 6058 2763 6059 2766 6065 2773 6064 2772 6058 2763 6066 2774 6059 2766 6060 2767 6066 2774 6060 2767 6061 2768 6066 2774 6065 2773 6059 2766 6067 2775 6061 2768 6062 2769 6067 2775 6066 2774 6061 2768 6068 2776 6067 2775 6062 2769 6069 2777 5917 2771 5916 2778 6069 2777 6063 2770 5917 2771 6069 2777 6062 2769 6063 2770 6069 2777 6068 2776 6062 2769 6070 2779 5900 2780 5899 2765 6070 2779 5901 2781 5900 2780 6070 2779 5899 2765 6064 2772 6070 2779 6064 2772 6065 2773 6071 2782 6070 2779 6065 2773 6072 2783 6071 2782 6065 2773 6072 2783 6065 2773 6066 2774 6072 2783 6066 2774 6067 2775 6073 2784 6072 2783 6067 2775 6073 2784 6067 2775 6068 2776 6074 2785 6073 2784 6068 2776 6075 2786 6068 2776 6069 2777 6075 2786 5916 2778 5915 2787 6075 2786 6069 2777 5916 2778 6075 2786 6074 2785 6068 2776 6076 2788 5901 2781 6070 2779 6077 2789 6070 2779 6071 2782 6077 2789 6076 2788 6070 2779 6078 2790 6071 2782 6072 2783 6078 2790 6077 2789 6071 2782 6078 2790 6072 2783 6073 2784 6079 2791 6073 2784 6074 2785 6079 2791 6078 2790 6073 2784 6080 2792 6079 2791 6074 2785 6081 2793 6075 2786 5915 2787 6081 2793 6080 2792 6074 2785 6081 2793 5915 2787 5914 2794 6081 2793 6074 2785 6075 2786 6082 2795 5901 2781 6076 2788 6082 2795 5902 2796 5901 2781 6082 2795 6076 2788 6077 2789 6083 2797 6082 2795 6077 2789 6083 2797 6077 2789 6078 2790 6084 2798 6083 2797 6078 2790 6085 2799 6078 2790 6079 2791 6085 2799 6084 2798 6078 2790 6086 2800 6079 2791 6080 2792 6086 2800 6085 2799 6079 2791 6087 2801 5914 2794 5913 2802 6087 2801 6080 2792 6081 2793 6087 2801 6081 2793 5914 2794 6087 2801 6086 2800 6080 2792 6088 2803 5903 2602 5902 2796 6088 2803 5902 2796 6082 2795 6088 2803 5906 2804 5905 2600 6088 2803 5905 2600 5903 2602 6089 2805 5907 2806 5906 2804 6089 2805 6082 2795 6083 2797 6089 2805 6088 2803 6082 2795 6089 2805 5906 2804 6088 2803 6090 2807 5908 2808 5907 2806 6090 2807 6083 2797 6084 2798 6090 2807 5907 2806 6089 2805 6090 2807 6089 2805 6083 2797 6091 2809 6084 2798 6085 2799 6091 2809 5908 2808 6090 2807 6091 2809 6090 2807 6084 2798 6092 2810 5909 2811 5908 2808 6092 2810 6085 2799 6086 2800 6092 2810 5908 2808 6091 2809 6092 2810 6091 2809 6085 2799 6093 2812 5910 2813 5909 2811 6093 2812 5911 2814 5910 2813 6093 2812 5912 2815 5911 2814 6093 2812 5913 2802 5912 2815 6093 2812 6086 2800 6087 2801 6093 2812 6087 2801 5913 2802 6093 2812 5909 2811 6092 2810 6093 2812 6092 2810 6086 2800 6160 2816 6095 2817 6094 2818 6160 2816 6094 2818 6154 2819 6161 2820 6160 2816 6154 2819 6161 2820 6154 2819 6155 2821 6162 2822 6161 2820 6155 2821 6162 2822 6155 2821 6156 2823 6163 2824 6156 2823 6157 2825 6163 2824 6162 2822 6156 2823 6164 2826 6157 2825 6158 2827 6164 2826 6163 2824 6157 2825 6165 2828 6153 2829 6152 2830 6165 2828 6158 2827 6159 2831 6165 2828 6159 2831 6153 2829 6165 2828 6164 2826 6158 2827 6166 2832 6096 2833 6095 2817 6166 2832 6095 2817 6160 2816 6167 2834 6166 2832 6160 2816 6167 2834 6160 2816 6161 2820 6168 2835 6161 2820 6162 2822 6168 2835 6167 2834 6161 2820 6168 2835 6162 2822 6163 2824 6169 2836 6168 2835 6163 2824 6170 2837 6164 2826 6165 2828 6170 2837 6163 2824 6164 2826 6170 2837 6169 2836 6163 2824 6171 2838 6165 2828 6152 2830 6171 2838 6152 2830 6151 2839 6171 2838 6170 2837 6165 2828 6172 2840 6097 2841 6096 2833 6172 2840 6098 2842 6097 2841 6172 2840 6096 2833 6166 2832 6173 2843 6172 2840 6166 2832 6173 2843 6166 2832 6167 2834 6174 2844 6173 2843 6167 2834 6174 2844 6167 2834 6168 2835 6175 2845 6174 2844 6168 2835 6175 2845 6168 2835 6169 2836 6176 2846 6169 2836 6170 2837 6176 2846 6175 2845 6169 2836 6177 2847 6170 2837 6171 2838 6177 2847 6151 2839 6150 2200 6177 2847 6176 2846 6170 2837 6177 2847 6171 2838 6151 2839 6178 2848 6099 2849 6098 2842 6178 2848 6098 2842 6172 2840 6179 2850 6178 2848 6172 2840 6179 2850 6172 2840 6173 2843 6180 2851 6179 2850 6173 2843 6180 2851 6173 2843 6174 2844 6181 2852 6174 2844 6175 2845 6181 2852 6180 2851 6174 2844 6182 2853 6175 2845 6176 2846 6182 2853 6181 2852 6175 2845 6183 2854 6150 2200 6149 2855 6183 2854 6182 2853 6176 2846 6183 2854 6176 2846 6177 2847 6183 2854 6177 2847 6150 2200 6184 2856 6099 2849 6178 2848 6185 2857 6184 2856 6178 2848 6185 2857 6178 2848 6179 2850 6186 2858 6185 2857 6179 2850 6186 2858 6179 2850 6180 2851 6187 2859 6186 2858 6180 2851 6187 2859 6180 2851 6181 2852 6188 2860 6187 2859 6181 2852 6188 2860 6181 2852 6182 2853 6189 2861 6188 2860 6182 2853 6189 2861 6183 2854 6149 2855 6189 2861 6149 2855 6148 2862 6189 2861 6182 2853 6183 2854 6190 2863 6099 2849 6184 2856 6190 2863 6184 2856 6185 2857 6190 2863 6100 2864 6099 2849 6190 2863 6101 2865 6100 2864 6191 2866 6190 2863 6185 2857 6192 2867 6185 2857 6186 2858 6192 2867 6186 2858 6187 2859 6192 2867 6191 2866 6185 2857 6193 2868 6192 2867 6187 2859 6194 2869 6187 2859 6188 2860 6194 2869 6193 2868 6187 2859 6195 2870 6194 2869 6188 2860 6195 2870 6188 2860 6189 2861 6195 2870 6189 2861 6148 2862 6195 2870 6148 2862 6147 2871 6196 2872 6101 2865 6190 2863 6197 2873 6196 2872 6190 2863 6197 2873 6190 2863 6191 2866 6198 2874 6197 2873 6191 2866 6198 2874 6191 2866 6192 2867 6198 2874 6192 2867 6193 2868 6199 2875 6198 2874 6193 2868 6200 2876 6193 2868 6194 2869 6200 2876 6199 2875 6193 2868 6201 2877 6194 2869 6195 2870 6201 2877 6195 2870 6147 2871 6201 2877 6200 2876 6194 2869 6201 2877 6147 2871 6146 2878 6202 2879 6102 2880 6101 2865 6202 2879 6101 2865 6196 2872 6203 2881 6196 2872 6197 2873 6203 2881 6202 2879 6196 2872 6204 2882 6197 2873 6198 2874 6204 2882 6203 2881 6197 2873 6205 2883 6198 2874 6199 2875 6205 2883 6204 2882 6198 2874 6206 2884 6199 2875 6200 2876 6206 2884 6205 2883 6199 2875 6207 2885 6200 2876 6201 2877 6207 2885 6146 2878 6145 2886 6207 2885 6201 2877 6146 2878 6207 2885 6206 2884 6200 2876 6208 2887 6103 2888 6102 2880 6208 2887 6202 2879 6203 2881 6208 2887 6102 2880 6202 2879 6209 2889 6208 2887 6203 2881 6210 2890 6203 2881 6204 2882 6210 2890 6209 2889 6203 2881 6211 2891 6210 2890 6204 2882 6211 2891 6204 2882 6205 2883 6211 2891 6205 2883 6206 2884 6212 2892 6211 2891 6206 2884 6213 2893 6145 2886 6144 2894 6213 2893 6207 2885 6145 2886 6213 2893 6206 2884 6207 2885 6213 2893 6212 2892 6206 2884 6214 2895 6104 2896 6103 2888 6214 2895 6103 2888 6208 2887 6215 2897 6214 2895 6208 2887 6215 2897 6208 2887 6209 2889 6216 2898 6209 2889 6210 2890 6216 2898 6215 2897 6209 2889 6217 2899 6216 2898 6210 2890 6217 2899 6210 2890 6211 2891 6218 2900 6211 2891 6212 2892 6218 2900 6217 2899 6211 2891 6219 2901 6218 2900 6212 2892 6219 2901 6144 2894 6143 2902 6219 2901 6213 2893 6144 2894 6219 2901 6212 2892 6213 2893 6220 2903 6105 2904 6104 2896 6220 2903 6106 2905 6105 2904 6220 2903 6104 2896 6214 2895 6221 2906 6220 2903 6214 2895 6221 2906 6214 2895 6215 2897 6222 2907 6221 2906 6215 2897 6222 2907 6215 2897 6216 2898 6222 2907 6216 2898 6217 2899 6223 2908 6222 2907 6217 2899 6224 2909 6217 2899 6218 2900 6224 2909 6223 2908 6217 2899 6225 2910 6219 2901 6143 2902 6225 2910 6224 2909 6218 2900 6225 2910 6143 2902 6142 2911 6225 2910 6218 2900 6219 2901 6226 2912 6106 2905 6220 2903 6227 2913 6220 2903 6221 2906 6227 2913 6226 2912 6220 2903 6228 2914 6227 2913 6221 2906 6228 2914 6221 2906 6222 2907 6229 2915 6222 2907 6223 2908 6229 2915 6228 2914 6222 2907 6230 2916 6223 2908 6224 2909 6230 2916 6229 2915 6223 2908 6231 2917 6224 2909 6225 2910 6231 2917 6225 2910 6142 2911 6231 2917 6230 2916 6224 2909 6231 2917 6142 2911 6141 2918 6232 2919 6106 2905 6226 2912 6232 2919 6107 2273 6106 2905 6232 2919 6108 2920 6107 2273 6232 2919 6226 2912 6227 2913 6233 2921 6232 2919 6227 2913 6234 2922 6227 2913 6228 2914 6234 2922 6233 2921 6227 2913 6235 2923 6228 2914 6229 2915 6235 2923 6234 2922 6228 2914 6236 2924 6229 2915 6230 2916 6236 2924 6235 2923 6229 2915 6237 2925 6230 2916 6231 2917 6237 2925 6231 2917 6141 2918 6237 2925 6141 2918 6140 2926 6237 2925 6236 2924 6230 2916 6238 2927 6109 2928 6108 2920 6238 2927 6108 2920 6232 2919 6239 2929 6238 2927 6232 2919 6239 2929 6232 2919 6233 2921 6239 2929 6233 2921 6234 2922 6240 2930 6239 2929 6234 2922 6241 2931 6234 2922 6235 2923 6241 2931 6240 2930 6234 2922 6242 2932 6235 2923 6236 2924 6242 2932 6241 2931 6235 2923 6243 2933 6140 2926 6139 2934 6243 2933 6237 2925 6140 2926 6243 2933 6236 2924 6237 2925 6243 2933 6242 2932 6236 2924 6244 2935 6109 2928 6238 2927 6244 2935 6238 2927 6239 2929 6245 2936 6244 2935 6239 2929 6246 2937 6240 2930 6241 2931 6246 2937 6239 2929 6240 2930 6246 2937 6245 2936 6239 2929 6247 2938 6246 2937 6241 2931 6248 2939 6241 2931 6242 2932 6248 2939 6247 2938 6241 2931 6249 2940 6243 2933 6139 2934 6249 2940 6139 2934 6138 2941 6249 2940 6242 2932 6243 2933 6249 2940 6248 2939 6242 2932 6250 2942 6110 2943 6109 2928 6250 2942 6109 2928 6244 2935 6251 2944 6250 2942 6244 2935 6251 2944 6244 2935 6245 2936 6252 2945 6251 2944 6245 2936 6252 2945 6245 2936 6246 2937 6253 2946 6252 2945 6246 2937 6253 2946 6246 2937 6247 2938 6254 2947 6253 2946 6247 2938 6254 2947 6247 2938 6248 2939 6255 2948 6254 2947 6248 2939 6255 2948 6138 2941 6137 2303 6255 2948 6249 2940 6138 2941 6255 2948 6248 2939 6249 2940 6256 2949 6111 2950 6110 2943 6256 2949 6110 2943 6250 2942 6257 2951 6251 2944 6252 2945 6257 2951 6256 2949 6250 2942 6257 2951 6250 2942 6251 2944 6258 2952 6257 2951 6252 2945 6259 2953 6252 2945 6253 2946 6259 2953 6258 2952 6252 2945 6260 2954 6253 2946 6254 2947 6260 2954 6259 2953 6253 2946 6261 2955 6254 2947 6255 2948 6261 2955 6255 2948 6137 2303 6261 2955 6260 2954 6254 2947 6261 2955 6137 2303 6136 2956 6262 2957 6112 2958 6111 2950 6262 2957 6113 2959 6112 2958 6262 2957 6111 2950 6256 2949 6263 2960 6262 2957 6256 2949 6263 2960 6256 2949 6257 2951 6264 2961 6263 2960 6257 2951 6264 2961 6257 2951 6258 2952 6265 2962 6258 2952 6259 2953 6265 2962 6264 2961 6258 2952 6266 2963 6259 2953 6260 2954 6266 2963 6265 2962 6259 2953 6267 2964 6260 2954 6261 2955 6267 2964 6261 2955 6136 2956 6267 2964 6266 2963 6260 2954 6267 2964 6136 2956 6135 2965 6268 2966 6113 2959 6262 2957 6268 2966 6114 2967 6113 2959 6268 2966 6262 2957 6263 2960 6269 2968 6268 2966 6263 2960 6270 2969 6263 2960 6264 2961 6270 2969 6269 2968 6263 2960 6271 2970 6264 2961 6265 2962 6271 2970 6265 2962 6266 2963 6271 2970 6270 2969 6264 2961 6272 2971 6271 2970 6266 2963 6273 2972 6135 2965 6134 2973 6273 2972 6266 2963 6267 2964 6273 2972 6267 2964 6135 2965 6273 2972 6272 2971 6266 2963 6274 2974 6115 2975 6114 2967 6274 2974 6114 2967 6268 2966 6274 2974 6268 2966 6269 2968 6275 2976 6274 2974 6269 2968 6276 2977 6269 2968 6270 2969 6276 2977 6275 2976 6269 2968 6277 2978 6270 2969 6271 2970 6277 2978 6276 2977 6270 2969 6278 2979 6271 2970 6272 2971 6278 2979 6277 2978 6271 2970 6279 2980 6134 2973 6133 2981 6279 2980 6273 2972 6134 2973 6279 2980 6272 2971 6273 2972 6279 2980 6278 2979 6272 2971 6280 2982 6116 2983 6115 2975 6280 2982 6115 2975 6274 2974 6281 2984 6280 2982 6274 2974 6281 2984 6274 2974 6275 2976 6282 2985 6275 2976 6276 2977 6282 2985 6276 2977 6277 2978 6282 2985 6281 2984 6275 2976 6283 2986 6282 2985 6277 2978 6284 2987 6277 2978 6278 2979 6284 2987 6283 2986 6277 2978 6285 2988 6133 2981 6132 2989 6285 2988 6279 2980 6133 2981 6285 2988 6278 2979 6279 2980 6285 2988 6284 2987 6278 2979 6286 2990 6117 2991 6116 2983 6286 2990 6116 2983 6280 2982 6287 2992 6286 2990 6280 2982 6287 2992 6280 2982 6281 2984 6288 2993 6287 2992 6281 2984 6288 2993 6281 2984 6282 2985 6288 2993 6282 2985 6283 2986 6289 2994 6288 2993 6283 2986 6289 2994 6283 2986 6284 2987 6290 2995 6289 2994 6284 2987 6291 2996 6284 2987 6285 2988 6291 2996 6132 2989 6131 2997 6291 2996 6285 2988 6132 2989 6291 2996 6290 2995 6284 2987 6292 2998 6118 2999 6117 2991 6292 2998 6117 2991 6286 2990 6293 3000 6286 2990 6287 2992 6293 3000 6292 2998 6286 2990 6294 3001 6287 2992 6288 2993 6294 3001 6288 2993 6289 2994 6294 3001 6293 3000 6287 2992 6295 3002 6294 3001 6289 2994 6296 3003 6289 2994 6290 2995 6296 3003 6295 3002 6289 2994 6296 3003 6290 2995 6291 2996 6297 3004 6291 2996 6131 2997 6297 3004 6296 3003 6291 2996 6297 3004 6131 2997 6130 3005 6298 3006 6292 2998 6293 3000 6298 3006 6118 2999 6292 2998 6299 3007 6293 3000 6294 3001 6299 3007 6298 3006 6293 3000 6300 3008 6299 3007 6294 3001 6301 3009 6294 3001 6295 3002 6301 3009 6295 3002 6296 3003 6301 3009 6300 3008 6294 3001 6302 3010 6301 3009 6296 3003 6303 3011 6130 3005 6129 3012 6303 3011 6296 3003 6297 3004 6303 3011 6297 3004 6130 3005 6303 3011 6302 3010 6296 3003 6304 3013 6119 3014 6118 2999 6304 3013 6118 2999 6298 3006 6304 3013 6120 3015 6119 3014 6304 3013 6121 3016 6120 3015 6304 3013 6122 3017 6121 3016 6305 3018 6298 3006 6299 3007 6305 3018 6304 3013 6298 3006 6305 3018 6122 3017 6304 3013 6306 3019 6123 3020 6122 3017 6306 3019 6299 3007 6300 3008 6306 3019 6122 3017 6305 3018 6306 3019 6305 3018 6299 3007 6307 3021 6124 3022 6123 3020 6307 3021 6300 3008 6301 3009 6307 3021 6306 3019 6300 3008 6307 3021 6123 3020 6306 3019 6308 3023 6125 3024 6124 3022 6308 3023 6301 3009 6302 3010 6308 3023 6124 3022 6307 3021 6308 3023 6307 3021 6301 3009 6309 3025 6126 3026 6125 3024 6309 3025 6127 3027 6126 3026 6309 3025 6128 3028 6127 3027 6309 3025 6303 3011 6129 3012 6309 3025 6129 3012 6128 3028 6309 3025 6302 3010 6303 3011 6309 3025 6125 3024 6308 3023 6309 3025 6308 3023 6302 3010 6376 3029 6311 3030 6310 3031 6376 3029 6310 3031 6370 3032 6377 3033 6376 3029 6370 3032 6377 3033 6370 3032 6371 3034 6378 3035 6377 3033 6371 3034 6378 3035 6371 3034 6372 3036 6379 3037 6372 3036 6373 3038 6379 3037 6378 3035 6372 3036 6380 3039 6373 3038 6374 3040 6380 3039 6379 3037 6373 3038 6381 3041 6369 3042 6368 3043 6381 3041 6374 3040 6375 3044 6381 3041 6375 3044 6369 3042 6381 3041 6380 3039 6374 3040 6382 3045 6312 3046 6311 3030 6382 3045 6311 3030 6376 3029 6383 3047 6382 3045 6376 3029 6383 3047 6376 3029 6377 3033 6384 3048 6377 3033 6378 3035 6384 3048 6383 3047 6377 3033 6384 3048 6378 3035 6379 3037 6385 3049 6384 3048 6379 3037 6386 3050 6380 3039 6381 3041 6386 3050 6379 3037 6380 3039 6386 3050 6385 3049 6379 3037 6387 3051 6381 3041 6368 3043 6387 3051 6368 3043 6367 3052 6387 3051 6386 3050 6381 3041 6388 3053 6313 3054 6312 3046 6388 3053 6314 3055 6313 3054 6388 3053 6312 3046 6382 3045 6389 3056 6388 3053 6382 3045 6389 3056 6382 3045 6383 3047 6390 3057 6389 3056 6383 3047 6390 3057 6383 3047 6384 3048 6391 3058 6390 3057 6384 3048 6391 3058 6384 3048 6385 3049 6392 3059 6385 3049 6386 3050 6392 3059 6391 3058 6385 3049 6393 3060 6386 3050 6387 3051 6393 3060 6367 3052 6366 3061 6393 3060 6392 3059 6386 3050 6393 3060 6387 3051 6367 3052 6394 3062 6315 3063 6314 3055 6394 3062 6314 3055 6388 3053 6395 3064 6394 3062 6388 3053 6395 3064 6388 3053 6389 3056 6396 3065 6395 3064 6389 3056 6396 3065 6389 3056 6390 3057 6397 3066 6390 3057 6391 3058 6397 3066 6396 3065 6390 3057 6398 3067 6391 3058 6392 3059 6398 3067 6397 3066 6391 3058 6399 3068 6366 3061 6365 3069 6399 3068 6398 3067 6392 3059 6399 3068 6392 3059 6393 3060 6399 3068 6393 3060 6366 3061 6400 3070 6315 3063 6394 3062 6401 3071 6400 3070 6394 3062 6401 3071 6394 3062 6395 3064 6402 3072 6401 3071 6395 3064 6402 3072 6395 3064 6396 3065 6403 3073 6402 3072 6396 3065 6403 3073 6396 3065 6397 3066 6404 3074 6403 3073 6397 3066 6404 3074 6397 3066 6398 3067 6405 3075 6404 3074 6398 3067 6405 3075 6399 3068 6365 3069 6405 3075 6365 3069 6364 3076 6405 3075 6398 3067 6399 3068 6406 3077 6315 3063 6400 3070 6406 3077 6400 3070 6401 3071 6406 3077 6316 3078 6315 3063 6406 3077 6317 3079 6316 3078 6407 3080 6406 3077 6401 3071 6408 3081 6401 3071 6402 3072 6408 3081 6402 3072 6403 3073 6408 3081 6407 3080 6401 3071 6409 3082 6408 3081 6403 3073 6410 3083 6403 3073 6404 3074 6410 3083 6409 3082 6403 3073 6411 3084 6410 3083 6404 3074 6411 3084 6404 3074 6405 3075 6411 3084 6405 3075 6364 3076 6411 3084 6364 3076 6363 3085 6412 3086 6317 3079 6406 3077 6413 3087 6412 3086 6406 3077 6413 3087 6406 3077 6407 3080 6414 3088 6413 3087 6407 3080 6414 3088 6407 3080 6408 3081 6414 3088 6408 3081 6409 3082 6415 3089 6414 3088 6409 3082 6416 3090 6409 3082 6410 3083 6416 3090 6415 3089 6409 3082 6417 3091 6410 3083 6411 3084 6417 3091 6411 3084 6363 3085 6417 3091 6416 3090 6410 3083 6417 3091 6363 3085 6362 3092 6418 3093 6318 3094 6317 3079 6418 3093 6317 3079 6412 3086 6419 3095 6412 3086 6413 3087 6419 3095 6418 3093 6412 3086 6420 3096 6413 3087 6414 3088 6420 3096 6419 3095 6413 3087 6421 3097 6414 3088 6415 3089 6421 3097 6420 3096 6414 3088 6422 3098 6415 3089 6416 3090 6422 3098 6421 3097 6415 3089 6423 3099 6416 3090 6417 3091 6423 3099 6362 3092 6361 3100 6423 3099 6417 3091 6362 3092 6423 3099 6422 3098 6416 3090 6424 3101 6319 3102 6318 3094 6424 3101 6418 3093 6419 3095 6424 3101 6318 3094 6418 3093 6425 3103 6424 3101 6419 3095 6426 3104 6419 3095 6420 3096 6426 3104 6425 3103 6419 3095 6427 3105 6426 3104 6420 3096 6427 3105 6420 3096 6421 3097 6427 3105 6421 3097 6422 3098 6428 3106 6427 3105 6422 3098 6429 3107 6361 3100 6360 3108 6429 3107 6423 3099 6361 3100 6429 3107 6422 3098 6423 3099 6429 3107 6428 3106 6422 3098 6430 3109 6320 3110 6319 3102 6430 3109 6319 3102 6424 3101 6431 3111 6430 3109 6424 3101 6431 3111 6424 3101 6425 3103 6432 3112 6425 3103 6426 3104 6432 3112 6431 3111 6425 3103 6433 3113 6432 3112 6426 3104 6433 3113 6426 3104 6427 3105 6434 3114 6427 3105 6428 3106 6434 3114 6433 3113 6427 3105 6435 3115 6434 3114 6428 3106 6435 3115 6360 3108 6359 3116 6435 3115 6429 3107 6360 3108 6435 3115 6428 3106 6429 3107 6436 3117 6321 3118 6320 3110 6436 3117 6322 3119 6321 3118 6436 3117 6320 3110 6430 3109 6437 3120 6436 3117 6430 3109 6437 3120 6430 3109 6431 3111 6438 3121 6437 3120 6431 3111 6438 3121 6431 3111 6432 3112 6438 3121 6432 3112 6433 3113 6439 3122 6438 3121 6433 3113 6440 3123 6433 3113 6434 3114 6440 3123 6439 3122 6433 3113 6441 3124 6435 3115 6359 3116 6441 3124 6440 3123 6434 3114 6441 3124 6359 3116 6358 3125 6441 3124 6434 3114 6435 3115 6442 3126 6322 3119 6436 3117 6443 3127 6436 3117 6437 3120 6443 3127 6442 3126 6436 3117 6444 3128 6443 3127 6437 3120 6444 3128 6437 3120 6438 3121 6445 3129 6438 3121 6439 3122 6445 3129 6444 3128 6438 3121 6446 3130 6439 3122 6440 3123 6446 3130 6445 3129 6439 3122 6447 3131 6440 3123 6441 3124 6447 3131 6441 3124 6358 3125 6447 3131 6446 3130 6440 3123 6447 3131 6358 3125 6357 3132 6448 3133 6322 3119 6442 3126 6448 3133 6323 3134 6322 3119 6448 3133 6324 3135 6323 3134 6448 3133 6442 3126 6443 3127 6449 3136 6448 3133 6443 3127 6450 3137 6443 3127 6444 3128 6450 3137 6449 3136 6443 3127 6451 3138 6444 3128 6445 3129 6451 3138 6450 3137 6444 3128 6452 3139 6445 3129 6446 3130 6452 3139 6451 3138 6445 3129 6453 3140 6446 3130 6447 3131 6453 3140 6447 3131 6357 3132 6453 3140 6357 3132 6356 3141 6453 3140 6452 3139 6446 3130 6454 3142 6325 3143 6324 3135 6454 3142 6324 3135 6448 3133 6455 3144 6454 3142 6448 3133 6455 3144 6448 3133 6449 3136 6455 3144 6449 3136 6450 3137 6456 3145 6455 3144 6450 3137 6457 3146 6450 3137 6451 3138 6457 3146 6456 3145 6450 3137 6458 3147 6451 3138 6452 3139 6458 3147 6457 3146 6451 3138 6459 3148 6356 3141 6355 3149 6459 3148 6453 3140 6356 3141 6459 3148 6452 3139 6453 3140 6459 3148 6458 3147 6452 3139 6460 3150 6325 3143 6454 3142 6460 3150 6454 3142 6455 3144 6461 3151 6460 3150 6455 3144 6462 3152 6456 3145 6457 3146 6462 3152 6455 3144 6456 3145 6462 3152 6461 3151 6455 3144 6463 3153 6462 3152 6457 3146 6464 3154 6457 3146 6458 3147 6464 3154 6463 3153 6457 3146 6465 3155 6459 3148 6355 3149 6465 3155 6355 3149 6354 3156 6465 3155 6458 3147 6459 3148 6465 3155 6464 3154 6458 3147 6466 3157 6326 3158 6325 3143 6466 3157 6325 3143 6460 3150 6467 3159 6466 3157 6460 3150 6467 3159 6460 3150 6461 3151 6468 3160 6467 3159 6461 3151 6468 3160 6461 3151 6462 3152 6469 3161 6468 3160 6462 3152 6469 3161 6462 3152 6463 3153 6470 3162 6469 3161 6463 3153 6470 3162 6463 3153 6464 3154 6471 3163 6470 3162 6464 3154 6471 3163 6354 3156 6353 3164 6471 3163 6465 3155 6354 3156 6471 3163 6464 3154 6465 3155 6472 3165 6327 3166 6326 3158 6472 3165 6326 3158 6466 3157 6473 3167 6467 3159 6468 3160 6473 3167 6472 3165 6466 3157 6473 3167 6466 3157 6467 3159 6474 3168 6473 3167 6468 3160 6475 3169 6468 3160 6469 3161 6475 3169 6474 3168 6468 3160 6476 3170 6469 3161 6470 3162 6476 3170 6475 3169 6469 3161 6477 3171 6470 3162 6471 3163 6477 3171 6471 3163 6353 3164 6477 3171 6476 3170 6470 3162 6477 3171 6353 3164 6352 3172 6478 3173 6328 3174 6327 3166 6478 3173 6329 3175 6328 3174 6478 3173 6327 3166 6472 3165 6479 3176 6478 3173 6472 3165 6479 3176 6472 3165 6473 3167 6480 3177 6479 3176 6473 3167 6480 3177 6473 3167 6474 3168 6481 3178 6474 3168 6475 3169 6481 3178 6480 3177 6474 3168 6482 3179 6475 3169 6476 3170 6482 3179 6481 3178 6475 3169 6483 3180 6476 3170 6477 3171 6483 3180 6477 3171 6352 3172 6483 3180 6482 3179 6476 3170 6483 3180 6352 3172 6351 3181 6484 3182 6329 3175 6478 3173 6484 3182 6330 3183 6329 3175 6484 3182 6478 3173 6479 3176 6485 3184 6484 3182 6479 3176 6486 3185 6479 3176 6480 3177 6486 3185 6485 3184 6479 3176 6487 3186 6480 3177 6481 3178 6487 3186 6481 3178 6482 3179 6487 3186 6486 3185 6480 3177 6488 3187 6487 3186 6482 3179 6489 3188 6351 3181 6350 3189 6489 3188 6482 3179 6483 3180 6489 3188 6483 3180 6351 3181 6489 3188 6488 3187 6482 3179 6490 3190 6331 3191 6330 3183 6490 3190 6330 3183 6484 3182 6490 3190 6484 3182 6485 3184 6491 3192 6490 3190 6485 3184 6492 3193 6485 3184 6486 3185 6492 3193 6491 3192 6485 3184 6493 3194 6486 3185 6487 3186 6493 3194 6492 3193 6486 3185 6494 3195 6487 3186 6488 3187 6494 3195 6493 3194 6487 3186 6495 3196 6350 3189 6349 3197 6495 3196 6489 3188 6350 3189 6495 3196 6488 3187 6489 3188 6495 3196 6494 3195 6488 3187 6496 3198 6332 3199 6331 3191 6496 3198 6331 3191 6490 3190 6497 3200 6496 3198 6490 3190 6497 3200 6490 3190 6491 3192 6498 3201 6491 3192 6492 3193 6498 3201 6492 3193 6493 3194 6498 3201 6497 3200 6491 3192 6499 3202 6498 3201 6493 3194 6500 3203 6493 3194 6494 3195 6500 3203 6499 3202 6493 3194 6501 3204 6349 3197 6348 3205 6501 3204 6495 3196 6349 3197 6501 3204 6494 3195 6495 3196 6501 3204 6500 3203 6494 3195 6502 3206 6333 3207 6332 3199 6502 3206 6332 3199 6496 3198 6503 3208 6502 3206 6496 3198 6503 3208 6496 3198 6497 3200 6504 3209 6503 3208 6497 3200 6504 3209 6497 3200 6498 3201 6504 3209 6498 3201 6499 3202 6505 3210 6504 3209 6499 3202 6505 3210 6499 3202 6500 3203 6506 3211 6505 3210 6500 3203 6507 3212 6500 3203 6501 3204 6507 3212 6348 3205 6347 3213 6507 3212 6501 3204 6348 3205 6507 3212 6506 3211 6500 3203 6508 3214 6334 3215 6333 3207 6508 3214 6333 3207 6502 3206 6509 3216 6502 3206 6503 3208 6509 3216 6508 3214 6502 3206 6510 3217 6503 3208 6504 3209 6510 3217 6504 3209 6505 3210 6510 3217 6509 3216 6503 3208 6511 3218 6510 3217 6505 3210 6512 3219 6505 3210 6506 3211 6512 3219 6511 3218 6505 3210 6512 3219 6506 3211 6507 3212 6513 3220 6507 3212 6347 3213 6513 3220 6512 3219 6507 3212 6513 3220 6347 3213 6346 3221 6514 3222 6508 3214 6509 3216 6514 3222 6334 3215 6508 3214 6515 3223 6509 3216 6510 3217 6515 3223 6514 3222 6509 3216 6516 3224 6515 3223 6510 3217 6517 3225 6510 3217 6511 3218 6517 3225 6511 3218 6512 3219 6517 3225 6516 3224 6510 3217 6518 3226 6517 3225 6512 3219 6519 3227 6346 3221 6345 3228 6519 3227 6512 3219 6513 3220 6519 3227 6513 3220 6346 3221 6519 3227 6518 3226 6512 3219 6520 3229 6335 3230 6334 3215 6520 3229 6334 3215 6514 3222 6520 3229 6336 3231 6335 3230 6520 3229 6337 3232 6336 3231 6520 3229 6338 3233 6337 3232 6521 3234 6514 3222 6515 3223 6521 3234 6520 3229 6514 3222 6521 3234 6338 3233 6520 3229 6522 3235 6339 3236 6338 3233 6522 3235 6515 3223 6516 3224 6522 3235 6338 3233 6521 3234 6522 3235 6521 3234 6515 3223 6523 3237 6340 3238 6339 3236 6523 3237 6516 3224 6517 3225 6523 3237 6522 3235 6516 3224 6523 3237 6339 3236 6522 3235 6524 3239 6341 3240 6340 3238 6524 3239 6517 3225 6518 3226 6524 3239 6340 3238 6523 3237 6524 3239 6523 3237 6517 3225 6525 3241 6342 3242 6341 3240 6525 3241 6343 3243 6342 3242 6525 3241 6344 3244 6343 3243 6525 3241 6519 3227 6345 3228 6525 3241 6345 3228 6344 3244 6525 3241 6518 3226 6519 3227 6525 3241 6341 3240 6524 3239 6525 3241 6524 3239 6518 3226 6553 3245 6552 3246 6551 3247 6592 3248 6527 3249 6526 3250 6592 3248 6526 3250 6586 3251 6593 3252 6592 3248 6586 3251 6593 3252 6586 3251 6587 3253 6594 3254 6593 3252 6587 3253 6594 3254 6587 3253 6588 3255 6595 3256 6588 3255 6589 3257 6595 3256 6594 3254 6588 3255 6596 3258 6589 3257 6590 3259 6596 3258 6595 3256 6589 3257 6597 3260 6585 3261 6584 3262 6597 3260 6590 3259 6591 3263 6597 3260 6591 3263 6585 3261 6597 3260 6596 3258 6590 3259 6598 3264 6528 3265 6527 3249 6598 3264 6527 3249 6592 3248 6599 3266 6598 3264 6592 3248 6599 3266 6592 3248 6593 3252 6600 3267 6593 3252 6594 3254 6600 3267 6599 3266 6593 3252 6601 3268 6600 3267 6594 3254 6601 3268 6594 3254 6595 3256 6602 3269 6595 3256 6596 3258 6602 3269 6601 3268 6595 3256 6603 3270 6596 3258 6597 3260 6603 3270 6597 3260 6584 3262 6603 3270 6584 3262 6583 3271 6603 3270 6602 3269 6596 3258 6604 3272 6529 3273 6528 3265 6604 3272 6530 3274 6529 3273 6604 3272 6528 3265 6598 3264 6605 3275 6604 3272 6598 3264 6605 3275 6598 3264 6599 3266 6606 3276 6599 3266 6600 3267 6606 3276 6605 3275 6599 3266 6607 3277 6601 3268 6602 3269 6607 3277 6606 3276 6600 3267 6607 3277 6600 3267 6601 3268 6608 3278 6607 3277 6602 3269 6609 3279 6602 3269 6603 3270 6609 3279 6603 3270 6583 3271 6609 3279 6583 3271 6582 3280 6609 3279 6608 3278 6602 3269 6610 3281 6531 3282 6530 3274 6610 3281 6530 3274 6604 3272 6611 3283 6604 3272 6605 3275 6611 3283 6605 3275 6606 3276 6611 3283 6610 3281 6604 3272 6612 3284 6611 3283 6606 3276 6613 3285 6612 3284 6606 3276 6613 3285 6606 3276 6607 3277 6614 3286 6613 3285 6607 3277 6614 3286 6607 3277 6608 3278 6614 3286 6608 3278 6609 3279 6615 3287 6582 3280 6581 3288 6615 3287 6614 3286 6609 3279 6615 3287 6609 3279 6582 3280 6616 3289 6531 3282 6610 3281 6617 3290 6616 3289 6610 3281 6617 3290 6610 3281 6611 3283 6617 3290 6611 3283 6612 3284 6618 3291 6617 3290 6612 3284 6618 3291 6612 3284 6613 3285 6619 3292 6618 3291 6613 3285 6620 3293 6619 3292 6613 3285 6620 3293 6614 3286 6615 3287 6620 3293 6613 3285 6614 3286 6621 3294 6620 3293 6615 3287 6621 3294 6581 3288 6580 3295 6621 3294 6615 3287 6581 3288 6622 3296 6532 3297 6531 3282 6622 3296 6533 3298 6532 3297 6622 3296 6531 3282 6616 3289 6623 3299 6616 3289 6617 3290 6623 3299 6622 3296 6616 3289 6624 3300 6617 3290 6618 3291 6624 3300 6623 3299 6617 3290 6625 3301 6618 3291 6619 3292 6625 3301 6624 3300 6618 3291 6626 3302 6619 3292 6620 3293 6626 3302 6625 3301 6619 3292 6627 3303 6621 3294 6580 3295 6627 3303 6626 3302 6620 3293 6627 3303 6580 3295 6579 3304 6627 3303 6620 3293 6621 3294 6628 3305 6534 3306 6533 3298 6628 3305 6533 3298 6622 3296 6629 3307 6622 3296 6623 3299 6629 3307 6628 3305 6622 3296 6629 3307 6623 3299 6624 3300 6630 3308 6629 3307 6624 3300 6631 3309 6624 3300 6625 3301 6631 3309 6630 3308 6624 3300 6632 3310 6631 3309 6625 3301 6632 3310 6625 3301 6626 3302 6632 3310 6626 3302 6627 3303 6633 3311 6627 3303 6579 3304 6633 3311 6632 3310 6627 3303 6633 3311 6579 3304 6578 3312 6634 3313 6534 3306 6628 3305 6635 3314 6634 3313 6628 3305 6635 3314 6628 3305 6629 3307 6636 3315 6635 3314 6629 3307 6636 3315 6629 3307 6630 3308 6637 3316 6636 3315 6630 3308 6637 3316 6630 3308 6631 3309 6638 3317 6631 3309 6632 3310 6638 3317 6637 3316 6631 3309 6639 3318 6632 3310 6633 3311 6639 3318 6578 3312 6577 3319 6639 3318 6633 3311 6578 3312 6639 3318 6638 3317 6632 3310 6640 3320 6535 3321 6534 3306 6640 3320 6536 3322 6535 3321 6640 3320 6534 3306 6634 3313 6640 3320 6634 3313 6635 3314 6641 3323 6640 3320 6635 3314 6642 3324 6635 3314 6636 3315 6642 3324 6641 3323 6635 3314 6643 3325 6636 3315 6637 3316 6643 3325 6637 3316 6638 3317 6643 3325 6642 3324 6636 3315 6644 3326 6638 3317 6639 3318 6644 3326 6643 3325 6638 3317 6645 3327 6577 3319 6576 3328 6645 3327 6639 3318 6577 3319 6645 3327 6644 3326 6639 3318 6646 3329 6536 3322 6640 3320 6647 3330 6646 3329 6640 3320 6647 3330 6640 3320 6641 3323 6648 3331 6647 3330 6641 3323 6648 3331 6641 3323 6642 3324 6648 3331 6642 3324 6643 3325 6649 3332 6648 3331 6643 3325 6650 3333 6643 3325 6644 3326 6650 3333 6649 3332 6643 3325 6651 3334 6650 3333 6644 3326 6651 3334 6576 3328 6575 3335 6651 3334 6645 3327 6576 3328 6651 3334 6644 3326 6645 3327 6652 3336 6537 3337 6536 3322 6652 3336 6538 3338 6537 3337 6652 3336 6536 3322 6646 3329 6653 3339 6652 3336 6646 3329 6653 3339 6646 3329 6647 3330 6654 3340 6653 3339 6647 3330 6654 3340 6647 3330 6648 3331 6655 3341 6648 3331 6649 3332 6655 3341 6654 3340 6648 3331 6656 3342 6649 3332 6650 3333 6656 3342 6655 3341 6649 3332 6657 3343 6651 3334 6575 3335 6657 3343 6656 3342 6650 3333 6657 3343 6575 3335 6574 3344 6657 3343 6650 3333 6651 3334 6658 3345 6538 3338 6652 3336 6659 3346 6658 3345 6652 3336 6659 3346 6652 3336 6653 3339 6660 3347 6654 3340 6655 3341 6660 3347 6659 3346 6653 3339 6660 3347 6653 3339 6654 3340 6661 3348 6660 3347 6655 3341 6662 3349 6661 3348 6655 3341 6662 3349 6655 3341 6656 3342 6663 3350 6656 3342 6657 3343 6663 3350 6657 3343 6574 3344 6663 3350 6662 3349 6656 3342 6663 3350 6574 3344 6573 3351 6664 3352 6539 3353 6538 3338 6664 3352 6540 3354 6539 3353 6664 3352 6538 3338 6658 3345 6665 3355 6658 3345 6659 3346 6665 3355 6664 3352 6658 3345 6666 3356 6659 3346 6660 3347 6666 3356 6665 3355 6659 3346 6667 3357 6660 3347 6661 3348 6667 3357 6666 3356 6660 3347 6668 3358 6661 3348 6662 3349 6668 3358 6667 3357 6661 3348 6669 3359 6662 3349 6663 3350 6669 3359 6663 3350 6573 3351 6669 3359 6573 3351 6572 3360 6669 3359 6668 3358 6662 3349 6670 3361 6540 3354 6664 3352 6670 3361 6664 3352 6665 3355 6671 3362 6665 3355 6666 3356 6671 3362 6670 3361 6665 3355 6672 3363 6666 3356 6667 3357 6672 3363 6671 3362 6666 3356 6673 3364 6672 3363 6667 3357 6674 3365 6667 3357 6668 3358 6674 3365 6673 3364 6667 3357 6675 3366 6572 3360 6571 3367 6675 3366 6674 3365 6668 3358 6675 3366 6669 3359 6572 3360 6675 3366 6668 3358 6669 3359 6676 3368 6541 3369 6540 3354 6676 3368 6542 2725 6541 3369 6676 3368 6540 3354 6670 3361 6677 3370 6676 3368 6670 3361 6677 3370 6670 3361 6671 3362 6678 3371 6671 3362 6672 3363 6678 3371 6677 3370 6671 3362 6679 3372 6672 3363 6673 3364 6679 3372 6678 3371 6672 3363 6680 3373 6673 3364 6674 3365 6680 3373 6679 3372 6673 3364 6681 3374 6571 3367 6570 3375 6681 3374 6675 3366 6571 3367 6681 3374 6674 3365 6675 3366 6681 3374 6680 3373 6674 3365 6682 3376 6543 3377 6542 2725 6682 3376 6542 2725 6676 3368 6683 3378 6682 3376 6676 3368 6683 3378 6676 3368 6677 3370 6684 3379 6677 3370 6678 3371 6684 3379 6678 3371 6679 3372 6684 3379 6683 3378 6677 3370 6685 3380 6684 3379 6679 3372 6686 3381 6685 3380 6679 3372 6686 3381 6679 3372 6680 3373 6687 3382 6686 3381 6680 3373 6687 3382 6570 3375 6569 3383 6687 3382 6681 3374 6570 3375 6687 3382 6680 3373 6681 3374 6688 3384 6543 3377 6682 3376 6689 3385 6683 3378 6684 3379 6689 3385 6688 3384 6682 3376 6689 3385 6682 3376 6683 3378 6690 3386 6689 3385 6684 3379 6691 3387 6690 3386 6684 3379 6691 3387 6684 3379 6685 3380 6692 3388 6685 3380 6686 3381 6692 3388 6691 3387 6685 3380 6693 3389 6686 3381 6687 3382 6693 3389 6687 3382 6569 3383 6693 3389 6692 3388 6686 3381 6693 3389 6569 3383 6568 3390 6694 3391 6544 3392 6543 3377 6694 3391 6545 3393 6544 3392 6694 3391 6688 3384 6689 3385 6694 3391 6543 3377 6688 3384 6695 3394 6689 3385 6690 3386 6695 3394 6694 3391 6689 3385 6696 3395 6695 3394 6690 3386 6697 3396 6696 3395 6690 3386 6697 3396 6690 3386 6691 3387 6698 3397 6691 3387 6692 3388 6698 3397 6697 3396 6691 3387 6699 3398 6692 3388 6693 3389 6699 3398 6693 3389 6568 3390 6699 3398 6568 3390 6567 3399 6699 3398 6698 3397 6692 3388 6700 3400 6545 3393 6694 3391 6701 3401 6694 3391 6695 3394 6701 3401 6700 3400 6694 3391 6702 3402 6696 3395 6697 3396 6702 3402 6695 3394 6696 3395 6702 3402 6701 3401 6695 3394 6703 3403 6697 3396 6698 3397 6703 3403 6702 3402 6697 3396 6704 3404 6703 3403 6698 3397 6705 3405 6567 3399 6566 3406 6705 3405 6699 3398 6567 3399 6705 3405 6698 3397 6699 3398 6705 3405 6704 3404 6698 3397 6706 3407 6546 3408 6545 3393 6706 3407 6547 3409 6546 3408 6706 3407 6545 3393 6700 3400 6706 3407 6700 3400 6701 3401 6707 3410 6706 3407 6701 3401 6708 3411 6701 3401 6702 3402 6708 3411 6707 3410 6701 3401 6709 3412 6702 3402 6703 3403 6709 3412 6703 3403 6704 3404 6709 3412 6708 3411 6702 3402 6710 3413 6709 3412 6704 3404 6711 3414 6566 3406 6565 3415 6711 3414 6705 3405 6566 3406 6711 3414 6704 3404 6705 3405 6711 3414 6710 3413 6704 3404 6712 3416 6547 3409 6706 3407 6713 3417 6706 3407 6707 3410 6713 3417 6712 3416 6706 3407 6714 3418 6707 3410 6708 3411 6714 3418 6708 3411 6709 3412 6714 3418 6713 3417 6707 3410 6715 3419 6709 3412 6710 3413 6715 3419 6714 3418 6709 3412 6716 3420 6715 3419 6710 3413 6717 3421 6565 3415 6564 3422 6717 3421 6711 3414 6565 3415 6717 3421 6710 3413 6711 3414 6717 3421 6716 3420 6710 3413 6718 3423 6548 3424 6547 3409 6718 3423 6549 3425 6548 3424 6718 3423 6547 3409 6712 3416 6718 3423 6712 3416 6713 3417 6719 3426 6718 3423 6713 3417 6720 3427 6719 3426 6713 3417 6720 3427 6713 3417 6714 3418 6720 3427 6714 3418 6715 3419 6721 3428 6720 3427 6715 3419 6721 3428 6715 3419 6716 3420 6722 3429 6721 3428 6716 3420 6723 3430 6716 3420 6717 3421 6723 3430 6564 3422 6563 3431 6723 3430 6717 3421 6564 3422 6723 3430 6722 3429 6716 3420 6724 3432 6549 3425 6718 3423 6725 3433 6718 3423 6719 3426 6725 3433 6724 3432 6718 3423 6726 3434 6719 3426 6720 3427 6726 3434 6725 3433 6719 3426 6726 3434 6720 3427 6721 3428 6727 3435 6721 3428 6722 3429 6727 3435 6726 3434 6721 3428 6728 3436 6727 3435 6722 3429 6729 3437 6723 3430 6563 3431 6729 3437 6728 3436 6722 3429 6729 3437 6563 3431 6562 3438 6729 3437 6722 3429 6723 3430 6730 3439 6549 3425 6724 3432 6730 3439 6550 3440 6549 3425 6730 3439 6724 3432 6725 3433 6731 3441 6730 3439 6725 3433 6731 3441 6725 3433 6726 3434 6732 3442 6731 3441 6726 3434 6733 3443 6726 3434 6727 3435 6733 3443 6732 3442 6726 3434 6734 3444 6727 3435 6728 3436 6734 3444 6733 3443 6727 3435 6735 3445 6562 3438 6561 3446 6735 3445 6728 3436 6729 3437 6735 3445 6729 3437 6562 3438 6735 3445 6734 3444 6728 3436 6736 3447 6551 3247 6550 3440 6736 3447 6550 3440 6730 3439 6736 3447 6554 3448 6553 3245 6736 3447 6553 3245 6551 3247 6737 3449 6555 3450 6554 3448 6737 3449 6730 3439 6731 3441 6737 3449 6736 3447 6730 3439 6737 3449 6554 3448 6736 3447 6738 3451 6556 3452 6555 3450 6738 3451 6731 3441 6732 3442 6738 3451 6555 3450 6737 3449 6738 3451 6737 3449 6731 3441 6739 3453 6732 3442 6733 3443 6739 3453 6556 3452 6738 3451 6739 3453 6738 3451 6732 3442 6740 3454 6557 3455 6556 3452 6740 3454 6733 3443 6734 3444 6740 3454 6556 3452 6739 3453 6740 3454 6739 3453 6733 3443 6741 3456 6558 3457 6557 3455 6741 3456 6559 3458 6558 3457 6741 3456 6560 3459 6559 3458 6741 3456 6561 3446 6560 3459 6741 3456 6734 3444 6735 3445 6741 3456 6735 3445 6561 3446 6741 3456 6557 3455 6740 3454 6741 3456 6740 3454 6734 3444 6808 3460 6743 3461 6742 3462 6808 3460 6742 3462 6802 3463 6809 3464 6808 3460 6802 3463 6809 3464 6802 3463 6803 3465 6810 3466 6809 3464 6803 3465 6810 3466 6803 3465 6804 3467 6811 3468 6804 3467 6805 3469 6811 3468 6810 3466 6804 3467 6812 3470 6805 3469 6806 3471 6812 3470 6811 3468 6805 3469 6813 3472 6801 3473 6800 3474 6813 3472 6806 3471 6807 3475 6813 3472 6807 3475 6801 3473 6813 3472 6812 3470 6806 3471 6814 3476 6744 3477 6743 3461 6814 3476 6743 3461 6808 3460 6815 3478 6814 3476 6808 3460 6815 3478 6808 3460 6809 3464 6816 3479 6809 3464 6810 3466 6816 3479 6815 3478 6809 3464 6816 3479 6810 3466 6811 3468 6817 3480 6816 3479 6811 3468 6818 3481 6812 3470 6813 3472 6818 3481 6811 3468 6812 3470 6818 3481 6817 3480 6811 3468 6819 3482 6813 3472 6800 3474 6819 3482 6800 3474 6799 3483 6819 3482 6818 3481 6813 3472 6820 3484 6745 3485 6744 3477 6820 3484 6746 3486 6745 3485 6820 3484 6744 3477 6814 3476 6821 3487 6820 3484 6814 3476 6821 3487 6814 3476 6815 3478 6822 3488 6821 3487 6815 3478 6822 3488 6815 3478 6816 3479 6823 3489 6822 3488 6816 3479 6823 3489 6816 3479 6817 3480 6824 3490 6817 3480 6818 3481 6824 3490 6823 3489 6817 3480 6825 3491 6818 3481 6819 3482 6825 3491 6799 3483 6798 3061 6825 3491 6824 3490 6818 3481 6825 3491 6819 3482 6799 3483 6826 3492 6747 3493 6746 3486 6826 3492 6746 3486 6820 3484 6827 3494 6826 3492 6820 3484 6827 3494 6820 3484 6821 3487 6828 3495 6827 3494 6821 3487 6828 3495 6821 3487 6822 3488 6829 3496 6822 3488 6823 3489 6829 3496 6828 3495 6822 3488 6830 3497 6823 3489 6824 3490 6830 3497 6829 3496 6823 3489 6831 3498 6798 3061 6797 3499 6831 3498 6830 3497 6824 3490 6831 3498 6824 3490 6825 3491 6831 3498 6825 3491 6798 3061 6832 3500 6747 3493 6826 3492 6833 3501 6832 3500 6826 3492 6833 3501 6826 3492 6827 3494 6834 3502 6833 3501 6827 3494 6834 3502 6827 3494 6828 3495 6835 3503 6834 3502 6828 3495 6835 3503 6828 3495 6829 3496 6836 3504 6835 3503 6829 3496 6836 3504 6829 3496 6830 3497 6837 3505 6836 3504 6830 3497 6837 3505 6831 3498 6797 3499 6837 3505 6797 3499 6796 3506 6837 3505 6830 3497 6831 3498 6838 3507 6747 3493 6832 3500 6838 3507 6832 3500 6833 3501 6838 3507 6748 3508 6747 3493 6838 3507 6749 3509 6748 3508 6839 3510 6838 3507 6833 3501 6840 3511 6833 3501 6834 3502 6840 3511 6834 3502 6835 3503 6840 3511 6839 3510 6833 3501 6841 3512 6840 3511 6835 3503 6842 3513 6835 3503 6836 3504 6842 3513 6841 3512 6835 3503 6843 3514 6842 3513 6836 3504 6843 3514 6836 3504 6837 3505 6843 3514 6837 3505 6796 3506 6843 3514 6796 3506 6795 3515 6844 3516 6749 3509 6838 3507 6845 3517 6844 3516 6838 3507 6845 3517 6838 3507 6839 3510 6846 3518 6845 3517 6839 3510 6846 3518 6839 3510 6840 3511 6846 3518 6840 3511 6841 3512 6847 3519 6846 3518 6841 3512 6848 3520 6841 3512 6842 3513 6848 3520 6847 3519 6841 3512 6849 3521 6842 3513 6843 3514 6849 3521 6843 3514 6795 3515 6849 3521 6848 3520 6842 3513 6849 3521 6795 3515 6794 3522 6850 3523 6750 3524 6749 3509 6850 3523 6749 3509 6844 3516 6851 3525 6844 3516 6845 3517 6851 3525 6850 3523 6844 3516 6852 3526 6845 3517 6846 3518 6852 3526 6851 3525 6845 3517 6853 3527 6846 3518 6847 3519 6853 3527 6852 3526 6846 3518 6854 3528 6847 3519 6848 3520 6854 3528 6853 3527 6847 3519 6855 3529 6848 3520 6849 3521 6855 3529 6794 3522 6793 3530 6855 3529 6849 3521 6794 3522 6855 3529 6854 3528 6848 3520 6856 3531 6751 3532 6750 3524 6856 3531 6850 3523 6851 3525 6856 3531 6750 3524 6850 3523 6857 3533 6856 3531 6851 3525 6858 3534 6851 3525 6852 3526 6858 3534 6857 3533 6851 3525 6859 3535 6858 3534 6852 3526 6859 3535 6852 3526 6853 3527 6859 3535 6853 3527 6854 3528 6860 3536 6859 3535 6854 3528 6861 3537 6793 3530 6792 3538 6861 3537 6855 3529 6793 3530 6861 3537 6854 3528 6855 3529 6861 3537 6860 3536 6854 3528 6862 3539 6752 3540 6751 3532 6862 3539 6751 3532 6856 3531 6863 3541 6862 3539 6856 3531 6863 3541 6856 3531 6857 3533 6864 3542 6857 3533 6858 3534 6864 3542 6863 3541 6857 3533 6865 3543 6864 3542 6858 3534 6865 3543 6858 3534 6859 3535 6866 3544 6859 3535 6860 3536 6866 3544 6865 3543 6859 3535 6867 3545 6866 3544 6860 3536 6867 3545 6792 3538 6791 3546 6867 3545 6861 3537 6792 3538 6867 3545 6860 3536 6861 3537 6868 3547 6753 3548 6752 3540 6868 3547 6754 3549 6753 3548 6868 3547 6752 3540 6862 3539 6869 3550 6868 3547 6862 3539 6869 3550 6862 3539 6863 3541 6870 3551 6869 3550 6863 3541 6870 3551 6863 3541 6864 3542 6870 3551 6864 3542 6865 3543 6871 3552 6870 3551 6865 3543 6872 3553 6865 3543 6866 3544 6872 3553 6871 3552 6865 3543 6873 3554 6867 3545 6791 3546 6873 3554 6872 3553 6866 3544 6873 3554 6791 3546 6790 3555 6873 3554 6866 3544 6867 3545 6874 3556 6754 3549 6868 3547 6875 3557 6868 3547 6869 3550 6875 3557 6874 3556 6868 3547 6876 3558 6875 3557 6869 3550 6876 3558 6869 3550 6870 3551 6877 3559 6870 3551 6871 3552 6877 3559 6876 3558 6870 3551 6878 3560 6871 3552 6872 3553 6878 3560 6877 3559 6871 3552 6879 3561 6872 3553 6873 3554 6879 3561 6873 3554 6790 3555 6879 3561 6878 3560 6872 3553 6879 3561 6790 3555 6789 3562 6880 3563 6754 3549 6874 3556 6880 3563 6755 3134 6754 3549 6880 3563 6756 3564 6755 3134 6880 3563 6874 3556 6875 3557 6881 3565 6880 3563 6875 3557 6882 3566 6875 3557 6876 3558 6882 3566 6881 3565 6875 3557 6883 3567 6876 3558 6877 3559 6883 3567 6882 3566 6876 3558 6884 3568 6877 3559 6878 3560 6884 3568 6883 3567 6877 3559 6885 3569 6878 3560 6879 3561 6885 3569 6879 3561 6789 3562 6885 3569 6789 3562 6788 3570 6885 3569 6884 3568 6878 3560 6886 3571 6757 3572 6756 3564 6886 3571 6756 3564 6880 3563 6887 3573 6886 3571 6880 3563 6887 3573 6880 3563 6881 3565 6887 3573 6881 3565 6882 3566 6888 3574 6887 3573 6882 3566 6889 3575 6882 3566 6883 3567 6889 3575 6888 3574 6882 3566 6890 3576 6883 3567 6884 3568 6890 3576 6889 3575 6883 3567 6891 3577 6788 3570 6787 3578 6891 3577 6885 3569 6788 3570 6891 3577 6884 3568 6885 3569 6891 3577 6890 3576 6884 3568 6892 3579 6757 3572 6886 3571 6892 3579 6886 3571 6887 3573 6893 3580 6892 3579 6887 3573 6894 3581 6888 3574 6889 3575 6894 3581 6887 3573 6888 3574 6894 3581 6893 3580 6887 3573 6895 3582 6894 3581 6889 3575 6896 3583 6889 3575 6890 3576 6896 3583 6895 3582 6889 3575 6897 3584 6891 3577 6787 3578 6897 3584 6787 3578 6786 3585 6897 3584 6890 3576 6891 3577 6897 3584 6896 3583 6890 3576 6898 3586 6758 3587 6757 3572 6898 3586 6757 3572 6892 3579 6899 3588 6898 3586 6892 3579 6899 3588 6892 3579 6893 3580 6900 3589 6899 3588 6893 3580 6900 3589 6893 3580 6894 3581 6901 3590 6900 3589 6894 3581 6901 3590 6894 3581 6895 3582 6902 3591 6901 3590 6895 3582 6902 3591 6895 3582 6896 3583 6903 3592 6902 3591 6896 3583 6903 3592 6786 3585 6785 3164 6903 3592 6897 3584 6786 3585 6903 3592 6896 3583 6897 3584 6904 3593 6759 3594 6758 3587 6904 3593 6758 3587 6898 3586 6905 3595 6899 3588 6900 3589 6905 3595 6904 3593 6898 3586 6905 3595 6898 3586 6899 3588 6906 3596 6905 3595 6900 3589 6907 3597 6900 3589 6901 3590 6907 3597 6906 3596 6900 3589 6908 3598 6901 3590 6902 3591 6908 3598 6907 3597 6901 3590 6909 3599 6902 3591 6903 3592 6909 3599 6903 3592 6785 3164 6909 3599 6908 3598 6902 3591 6909 3599 6785 3164 6784 3600 6910 3601 6760 3602 6759 3594 6910 3601 6761 3603 6760 3602 6910 3601 6759 3594 6904 3593 6911 3604 6910 3601 6904 3593 6911 3604 6904 3593 6905 3595 6912 3605 6911 3604 6905 3595 6912 3605 6905 3595 6906 3596 6913 3606 6906 3596 6907 3597 6913 3606 6912 3605 6906 3596 6914 3607 6907 3597 6908 3598 6914 3607 6913 3606 6907 3597 6915 3608 6908 3598 6909 3599 6915 3608 6909 3599 6784 3600 6915 3608 6914 3607 6908 3598 6915 3608 6784 3600 6783 3609 6916 3610 6761 3603 6910 3601 6916 3610 6762 3611 6761 3603 6916 3610 6910 3601 6911 3604 6917 3612 6916 3610 6911 3604 6918 3613 6911 3604 6912 3605 6918 3613 6917 3612 6911 3604 6919 3614 6912 3605 6913 3606 6919 3614 6913 3606 6914 3607 6919 3614 6918 3613 6912 3605 6920 3615 6919 3614 6914 3607 6921 3616 6783 3609 6782 3617 6921 3616 6914 3607 6915 3608 6921 3616 6915 3608 6783 3609 6921 3616 6920 3615 6914 3607 6922 3618 6763 3619 6762 3611 6922 3618 6762 3611 6916 3610 6922 3618 6916 3610 6917 3612 6923 3620 6922 3618 6917 3612 6924 3621 6917 3612 6918 3613 6924 3621 6923 3620 6917 3612 6925 3622 6918 3613 6919 3614 6925 3622 6924 3621 6918 3613 6926 3623 6919 3614 6920 3615 6926 3623 6925 3622 6919 3614 6927 3624 6782 3617 6781 3625 6927 3624 6921 3616 6782 3617 6927 3624 6920 3615 6921 3616 6927 3624 6926 3623 6920 3615 6928 3626 6764 3627 6763 3619 6928 3626 6763 3619 6922 3618 6929 3628 6928 3626 6922 3618 6929 3628 6922 3618 6923 3620 6930 3629 6923 3620 6924 3621 6930 3629 6924 3621 6925 3622 6930 3629 6929 3628 6923 3620 6931 3630 6930 3629 6925 3622 6932 3631 6925 3622 6926 3623 6932 3631 6931 3630 6925 3622 6933 3632 6781 3625 6780 3633 6933 3632 6927 3624 6781 3625 6933 3632 6926 3623 6927 3624 6933 3632 6932 3631 6926 3623 6934 3634 6765 3635 6764 3627 6934 3634 6764 3627 6928 3626 6935 3636 6934 3634 6928 3626 6935 3636 6928 3626 6929 3628 6936 3637 6935 3636 6929 3628 6936 3637 6929 3628 6930 3629 6936 3637 6930 3629 6931 3630 6937 3638 6936 3637 6931 3630 6937 3638 6931 3630 6932 3631 6938 3639 6937 3638 6932 3631 6939 3640 6932 3631 6933 3632 6939 3640 6780 3633 6779 3641 6939 3640 6933 3632 6780 3633 6939 3640 6938 3639 6932 3631 6940 3642 6766 3643 6765 3635 6940 3642 6765 3635 6934 3634 6941 3644 6934 3634 6935 3636 6941 3644 6940 3642 6934 3634 6942 3645 6935 3636 6936 3637 6942 3645 6936 3637 6937 3638 6942 3645 6941 3644 6935 3636 6943 3646 6942 3645 6937 3638 6944 3647 6937 3638 6938 3639 6944 3647 6943 3646 6937 3638 6944 3647 6938 3639 6939 3640 6945 3648 6939 3640 6779 3641 6945 3648 6944 3647 6939 3640 6945 3648 6779 3641 6778 3649 6946 3650 6940 3642 6941 3644 6946 3650 6766 3643 6940 3642 6947 3651 6941 3644 6942 3645 6947 3651 6946 3650 6941 3644 6948 3652 6947 3651 6942 3645 6949 3653 6942 3645 6943 3646 6949 3653 6943 3646 6944 3647 6949 3653 6948 3652 6942 3645 6950 3654 6949 3653 6944 3647 6951 3655 6778 3649 6777 3656 6951 3655 6944 3647 6945 3648 6951 3655 6945 3648 6778 3649 6951 3655 6950 3654 6944 3647 6952 3657 6767 3658 6766 3643 6952 3657 6766 3643 6946 3650 6952 3657 6768 3659 6767 3658 6952 3657 6769 3660 6768 3659 6952 3657 6770 3661 6769 3660 6953 3662 6946 3650 6947 3651 6953 3662 6952 3657 6946 3650 6953 3662 6770 3661 6952 3657 6954 3663 6771 3664 6770 3661 6954 3663 6947 3651 6948 3652 6954 3663 6770 3661 6953 3662 6954 3663 6953 3662 6947 3651 6955 3665 6772 3666 6771 3664 6955 3665 6948 3652 6949 3653 6955 3665 6954 3663 6948 3652 6955 3665 6771 3664 6954 3663 6956 3667 6773 3668 6772 3666 6956 3667 6949 3653 6950 3654 6956 3667 6772 3666 6955 3665 6956 3667 6955 3665 6949 3653 6957 3669 6774 3670 6773 3668 6957 3669 6775 3671 6774 3670 6957 3669 6776 3672 6775 3671 6957 3669 6951 3655 6777 3656 6957 3669 6777 3656 6776 3672 6957 3669 6950 3654 6951 3655 6957 3669 6773 3668 6956 3667 6957 3669 6956 3667 6950 3654 6985 3673 6984 3674 6983 3675 7024 3676 6959 3677 6958 3678 7024 3676 6958 3678 7018 3679 7025 3680 7024 3676 7018 3679 7025 3680 7018 3679 7019 3681 7026 3682 7025 3680 7019 3681 7026 3682 7019 3681 7020 3683 7027 3684 7020 3683 7021 3685 7027 3684 7026 3682 7020 3683 7028 3686 7021 3685 7022 3687 7028 3686 7027 3684 7021 3685 7029 3688 7017 2400 7016 3689 7029 3688 7022 3687 7023 2402 7029 3688 7023 2402 7017 2400 7029 3688 7028 3686 7022 3687 7030 3690 6960 3691 6959 3677 7030 3690 6961 3692 6960 3691 7030 3690 7024 3676 7025 3680 7030 3690 6959 3677 7024 3676 7031 3693 7030 3690 7025 3680 7032 3694 7031 3693 7025 3680 7032 3694 7025 3680 7026 3682 7033 3695 7032 3694 7026 3682 7033 3695 7027 3684 7028 3686 7033 3695 7026 3682 7027 3684 7034 3696 7033 3695 7028 3686 7035 3697 7028 3686 7029 3688 7035 3697 7029 3688 7016 3689 7035 3697 7016 3689 7015 3698 7035 3697 7034 3696 7028 3686 7036 3699 6961 3692 7030 3690 7037 3700 7031 3693 7032 3694 7037 3700 7036 3699 7030 3690 7037 3700 7030 3690 7031 3693 7038 3701 7037 3700 7032 3694 7039 3702 7032 3694 7033 3695 7039 3702 7033 3695 7034 3696 7039 3702 7038 3701 7032 3694 7040 3703 7039 3702 7034 3696 7041 3704 7034 3696 7035 3697 7041 3704 7015 3698 7014 3705 7041 3704 7035 3697 7015 3698 7041 3704 7040 3703 7034 3696 7042 3706 6962 3707 6961 3692 7042 3706 6961 3692 7036 3699 7043 3708 7036 3699 7037 3700 7043 3708 7042 3706 7036 3699 7044 3709 7037 3700 7038 3701 7044 3709 7043 3708 7037 3700 7045 3710 7038 3701 7039 3702 7045 3710 7044 3709 7038 3701 7046 3711 7039 3702 7040 3703 7046 3711 7045 3710 7039 3702 7046 3711 7040 3703 7041 3704 7047 3712 7046 3711 7041 3704 7047 3712 7014 3705 7013 3713 7047 3712 7041 3704 7014 3705 7048 3714 6963 3715 6962 3707 7048 3714 6964 3716 6963 3715 7048 3714 6962 3707 7042 3706 7049 3717 7048 3714 7042 3706 7049 3717 7042 3706 7043 3708 7049 3717 7043 3708 7044 3709 7050 3718 7049 3717 7044 3709 7051 3719 7050 3718 7044 3709 7051 3719 7045 3710 7046 3711 7051 3719 7044 3709 7045 3710 7052 3720 7051 3719 7046 3711 7052 3720 7046 3711 7047 3712 7053 3721 7052 3720 7047 3712 7053 3721 7013 3713 7012 3722 7053 3721 7047 3712 7013 3713 7054 3723 7048 3714 7049 3717 7054 3723 6964 3716 7048 3714 7055 3724 7054 3723 7049 3717 7056 3725 7049 3717 7050 3718 7056 3725 7050 3718 7051 3719 7056 3725 7055 3724 7049 3717 7057 3726 7056 3725 7051 3719 7057 3726 7051 3719 7052 3720 7058 3727 7057 3726 7052 3720 7059 3728 7058 3727 7052 3720 7059 3728 7052 3720 7053 3721 7059 3728 7053 3721 7012 3722 7059 3728 7012 3722 7011 3729 7060 3730 6964 3716 7054 3723 7060 3730 6965 3731 6964 3716 7060 3730 6966 3732 6965 3731 7061 3733 7054 3723 7055 3724 7061 3733 7060 3730 7054 3723 7062 3734 7061 3733 7055 3724 7062 3734 7055 3724 7056 3725 7063 3735 7056 3725 7057 3726 7063 3735 7062 3734 7056 3725 7064 3736 7058 3727 7059 3728 7064 3736 7057 3726 7058 3727 7064 3736 7063 3735 7057 3726 7065 3737 7059 3728 7011 3729 7065 3737 7064 3736 7059 3728 7065 3737 7011 3729 7010 3738 7066 3739 6966 3732 7060 3730 7067 3740 7060 3730 7061 3733 7067 3740 7066 3739 7060 3730 7068 3741 7061 3733 7062 3734 7068 3741 7067 3740 7061 3733 7069 3742 7068 3741 7062 3734 7069 3742 7062 3734 7063 3735 7070 3743 7063 3735 7064 3736 7070 3743 7069 3742 7063 3735 7071 3744 7064 3736 7065 3737 7071 3744 7010 3738 7009 3745 7071 3744 7065 3737 7010 3738 7071 3744 7070 3743 7064 3736 7072 3746 6967 3747 6966 3732 7072 3746 6966 3732 7066 3739 7073 3748 7072 3746 7066 3739 7073 3748 7066 3739 7067 3740 7074 3749 7067 3740 7068 3741 7074 3749 7073 3748 7067 3740 7075 3750 7074 3749 7068 3741 7075 3750 7068 3741 7069 3742 7076 3751 7069 3742 7070 3743 7076 3751 7070 3743 7071 3744 7076 3751 7075 3750 7069 3742 7077 3752 7009 3745 7008 3753 7077 3752 7071 3744 7009 3745 7077 3752 7076 3751 7071 3744 7078 3754 6968 3755 6967 3747 7078 3754 6969 3756 6968 3755 7078 3754 6967 3747 7072 3746 7079 3757 7072 3746 7073 3748 7079 3757 7078 3754 7072 3746 7080 3758 7073 3748 7074 3749 7080 3758 7079 3757 7073 3748 7081 3759 7074 3749 7075 3750 7081 3759 7080 3758 7074 3749 7082 3760 7075 3750 7076 3751 7082 3760 7081 3759 7075 3750 7083 3761 7082 3760 7076 3751 7083 3761 7008 3753 7007 3762 7083 3761 7077 3752 7008 3753 7083 3761 7076 3751 7077 3752 7084 3763 6970 3764 6969 3756 7084 3763 6969 3756 7078 3754 7085 3765 7084 3763 7078 3754 7085 3765 7078 3754 7079 3757 7086 3766 7080 3758 7081 3759 7086 3766 7079 3757 7080 3758 7086 3766 7085 3765 7079 3757 7087 3767 7086 3766 7081 3759 7088 3768 7081 3759 7082 3760 7088 3768 7087 3767 7081 3759 7089 3769 7083 3761 7007 3762 7089 3769 7088 3768 7082 3760 7089 3769 7082 3760 7083 3761 7089 3769 7007 3762 7006 3770 7090 3771 6970 3764 7084 3763 7091 3772 7090 3771 7084 3763 7091 3772 7084 3763 7085 3765 7092 3773 7085 3765 7086 3766 7092 3773 7091 3772 7085 3765 7093 3774 7092 3773 7086 3766 7093 3774 7086 3766 7087 3767 7094 3775 7093 3774 7087 3767 7094 3775 7087 3767 7088 3768 7095 3776 7088 3768 7089 3769 7095 3776 7089 3769 7006 3770 7095 3776 7094 3775 7088 3768 7095 3776 7006 3770 7005 3777 7096 3778 6970 3764 7090 3771 7096 3778 6971 3779 6970 3764 7097 3780 7090 3771 7091 3772 7097 3780 7091 3772 7092 3773 7097 3780 7096 3778 7090 3771 7098 3781 7092 3773 7093 3774 7098 3781 7097 3780 7092 3773 7099 3782 7098 3781 7093 3774 7100 3783 7093 3774 7094 3775 7100 3783 7099 3782 7093 3774 7101 3784 7094 3775 7095 3776 7101 3784 7095 3776 7005 3777 7101 3784 7005 3777 7004 3785 7101 3784 7100 3783 7094 3775 7102 3786 6972 3787 6971 3779 7102 3786 6971 3779 7096 3778 7103 3788 7102 3786 7096 3778 7103 3788 7096 3778 7097 3780 7104 3789 7103 3788 7097 3780 7104 3789 7097 3780 7098 3781 7105 3790 7098 3781 7099 3782 7105 3790 7104 3789 7098 3781 7106 3791 7099 3782 7100 3783 7106 3791 7105 3790 7099 3782 7107 3792 7004 3785 7003 3793 7107 3792 7106 3791 7100 3783 7107 3792 7101 3784 7004 3785 7107 3792 7100 3783 7101 3784 7108 3794 6973 3795 6972 3787 7108 3794 6972 3787 7102 3786 7108 3794 7102 3786 7103 3788 7109 3796 7103 3788 7104 3789 7109 3796 7108 3794 7103 3788 7110 3797 7109 3796 7104 3789 7111 3798 7104 3789 7105 3790 7111 3798 7110 3797 7104 3789 7112 3799 7111 3798 7105 3790 7112 3799 7105 3790 7106 3791 7113 3800 7003 3793 7002 3801 7113 3800 7107 3792 7003 3793 7113 3800 7106 3791 7107 3792 7113 3800 7112 3799 7106 3791 7114 3802 6974 3803 6973 3795 7114 3802 6975 3804 6974 3803 7114 3802 7108 3794 7109 3796 7114 3802 6973 3795 7108 3794 7115 3805 7114 3802 7109 3796 7116 3806 7109 3796 7110 3797 7116 3806 7110 3797 7111 3798 7116 3806 7115 3805 7109 3796 7117 3807 7116 3806 7111 3798 7118 3808 7117 3807 7111 3798 7118 3808 7111 3798 7112 3799 7119 3809 7118 3808 7112 3799 7119 3809 7002 3801 7001 3810 7119 3809 7113 3800 7002 3801 7119 3809 7112 3799 7113 3800 7120 3811 6976 3812 6975 3804 7120 3811 6975 3804 7114 3802 7120 3811 7114 3802 7115 3805 7121 3813 7120 3811 7115 3805 7122 3814 7116 3806 7117 3807 7122 3814 7115 3805 7116 3806 7122 3814 7121 3813 7115 3805 7123 3815 7122 3814 7117 3807 7123 3815 7117 3807 7118 3808 7124 3816 7123 3815 7118 3808 7125 3817 7118 3808 7119 3809 7125 3817 7119 3809 7001 3810 7125 3817 7124 3816 7118 3808 7125 3817 7001 3810 7000 3818 7126 3819 6976 3812 7120 3811 7126 3819 7120 3811 7121 3813 7127 3820 7121 3813 7122 3814 7127 3820 7126 3819 7121 3813 7128 3821 7127 3820 7122 3814 7129 3822 7122 3814 7123 3815 7129 3822 7123 3815 7124 3816 7129 3822 7128 3821 7122 3814 7130 3823 7129 3822 7124 3816 7131 3824 7124 3816 7125 3817 7131 3824 7125 3817 7000 3818 7131 3824 7130 3823 7124 3816 7131 3824 7000 3818 6999 3825 7132 3826 6977 3827 6976 3812 7132 3826 6978 3828 6977 3827 7132 3826 6976 3812 7126 3819 7133 3829 7126 3819 7127 3820 7133 3829 7132 3826 7126 3819 7134 3830 7127 3820 7128 3821 7134 3830 7133 3829 7127 3820 7135 3831 7128 3821 7129 3822 7135 3831 7134 3830 7128 3821 7136 3832 7129 3822 7130 3823 7136 3832 7135 3831 7129 3822 7137 3833 6999 3825 6998 3834 7137 3833 7130 3823 7131 3824 7137 3833 7131 3824 6999 3825 7137 3833 7136 3832 7130 3823 7138 3835 6979 3836 6978 3828 7138 3835 6978 3828 7132 3826 7138 3835 7132 3826 7133 3829 7139 3837 7138 3835 7133 3829 7140 3838 7133 3829 7134 3830 7140 3838 7134 3830 7135 3831 7140 3838 7139 3837 7133 3829 7141 3839 7135 3831 7136 3832 7141 3839 7140 3838 7135 3831 7142 3840 7141 3839 7136 3832 7143 3841 6998 3834 6997 3842 7143 3841 7137 3833 6998 3834 7143 3841 7136 3832 7137 3833 7143 3841 7142 3840 7136 3832 7144 3843 6979 3836 7138 3835 7144 3843 7138 3835 7139 3837 7145 3844 7144 3843 7139 3837 7146 3845 7139 3837 7140 3838 7146 3845 7140 3838 7141 3839 7146 3845 7145 3844 7139 3837 7147 3846 7146 3845 7141 3839 7148 3847 7141 3839 7142 3840 7148 3847 7147 3846 7141 3839 7149 3848 6997 3842 6996 3849 7149 3848 7143 3841 6997 3842 7149 3848 7142 3840 7143 3841 7149 3848 7148 3847 7142 3840 7150 3850 6980 3851 6979 3836 7150 3850 6981 3852 6980 3851 7150 3850 6979 3836 7144 3843 7151 3853 7150 3850 7144 3843 7151 3853 7144 3843 7145 3844 7152 3854 7145 3844 7146 3845 7152 3854 7151 3853 7145 3844 7153 3855 7152 3854 7146 3845 7153 3855 7146 3845 7147 3846 7153 3855 7147 3846 7148 3847 7154 3856 7153 3855 7148 3847 7155 3857 7148 3847 7149 3848 7155 3857 6996 3849 6995 3858 7155 3857 7149 3848 6996 3849 7155 3857 7154 3856 7148 3847 7156 3859 6981 3852 7150 3850 7156 3859 7150 3850 7151 3853 7157 3860 7156 3859 7151 3853 7158 3861 7151 3853 7152 3854 7158 3861 7152 3854 7153 3855 7158 3861 7157 3860 7151 3853 7159 3862 7158 3861 7153 3855 7160 3863 7159 3862 7153 3855 7160 3863 7153 3855 7154 3856 7161 3864 7160 3863 7154 3856 7161 3864 7155 3857 6995 3858 7161 3864 6995 3858 6994 3865 7161 3864 7154 3856 7155 3857 7162 3866 7156 3859 7157 3860 7162 3866 6982 3867 6981 3852 7162 3866 6981 3852 7156 3859 7163 3868 7162 3866 7157 3860 7163 3868 7157 3860 7158 3861 7164 3869 7163 3868 7158 3861 7165 3870 7158 3861 7159 3862 7165 3870 7159 3862 7160 3863 7165 3870 7164 3869 7158 3861 7166 3871 7165 3870 7160 3863 7167 3872 7160 3863 7161 3864 7167 3872 7166 3871 7160 3863 7167 3872 6994 3865 6993 3873 7167 3872 7161 3864 6994 3865 7168 3874 6983 3675 6982 3867 7168 3874 6982 3867 7162 3866 7168 3874 6985 3673 6983 3675 7169 3875 6986 3876 6985 3673 7169 3875 7162 3866 7163 3868 7169 3875 6987 3877 6986 3876 7169 3875 6985 3673 7168 3874 7169 3875 7168 3874 7162 3866 7170 3878 6988 3879 6987 3877 7170 3878 7163 3868 7164 3869 7170 3878 7169 3875 7163 3868 7170 3878 6987 3877 7169 3875 7171 3880 6989 3881 6988 3879 7171 3880 7164 3869 7165 3870 7171 3880 6988 3879 7170 3878 7171 3880 7170 3878 7164 3869 7172 3882 7165 3870 7166 3871 7172 3882 6989 3881 7171 3880 7172 3882 7171 3880 7165 3870 7173 3883 6990 2597 6989 3881 7173 3883 6991 2598 6990 2597 7173 3883 6992 3884 6991 2598 7173 3883 6993 3873 6992 3884 7173 3883 7166 3871 7167 3872 7173 3883 7167 3872 6993 3873 7173 3883 6989 3881 7172 3882 7173 3883 7172 3882 7166 3871 7175 3885 7201 3886 7174 3887 7175 3885 7202 3888 7201 3886 7176 3889 7203 3890 7202 3888 7176 3889 7202 3888 7175 3885 7177 3891 7204 3892 7203 3890 7177 3891 7205 3893 7204 3892 7177 3891 7203 3890 7176 3889 7178 3894 7205 3893 7177 3891 7179 3895 7206 3896 7205 3893 7179 3895 7205 3893 7178 3894 7180 3897 7207 3898 7206 3896 7180 3897 7206 3896 7179 3895 7181 3899 7208 3900 7207 3898 7181 3899 7209 3901 7208 3900 7181 3899 7207 3898 7180 3897 7182 3902 7209 3901 7181 3899 7183 3903 7210 3904 7209 3901 7183 3903 7209 3901 7182 3902 7184 3905 7211 1761 7210 3904 7184 3905 7210 3904 7183 3903 7185 3906 7212 3907 7211 1761 7185 3906 7211 1761 7184 3905 7186 3908 7212 3907 7185 3906 7186 3908 7213 1183 7212 3907 7187 3909 7213 1183 7186 3908 7187 3909 7214 3910 7213 1183 7188 1380 7214 3910 7187 3909 7188 1380 7215 3911 7214 3910 7189 3912 7215 3911 7188 1380 7189 3912 7216 3913 7215 3911 7190 1774 7216 3913 7189 3912 7190 1774 7217 3914 7216 3913 7191 3915 7217 3914 7190 1774 7191 3915 7218 3916 7217 3914 7191 3915 7219 3917 7218 3916 7192 3918 7219 3917 7191 3915 7193 3919 7219 3917 7192 3918 7193 3919 7220 3920 7219 3917 7194 3921 7220 3920 7193 3919 7194 3921 7221 3922 7220 3920 7195 3923 7221 3922 7194 3921 7195 3923 7222 3924 7221 3922 7195 3923 7223 3925 7222 3924 7196 3926 7223 3925 7195 3923 7196 3926 7224 3927 7223 3925 7197 3928 7224 3927 7196 3926 7198 3929 7225 3930 7224 3927 7198 3929 7226 3931 7225 3930 7198 3929 7224 3927 7197 3928 7199 3932 7226 3931 7198 3929 7200 3933 7227 3934 7226 3931 7200 3933 7226 3931 7199 3932 7229 1213 7255 3935 7228 3936 7229 1213 7256 3937 7255 3935 7230 3938 7257 3939 7256 3937 7230 3938 7256 3937 7229 1213 7231 3940 7258 3892 7257 3939 7231 3940 7259 3941 7258 3892 7231 3940 7257 3939 7230 3938 7232 3942 7259 3941 7231 3940 7233 3943 7260 3944 7259 3941 7233 3943 7259 3941 7232 3942 7234 3945 7261 3946 7260 3944 7234 3945 7260 3944 7233 3943 7235 3947 7262 3948 7261 3946 7235 3947 7263 3949 7262 3948 7235 3947 7261 3946 7234 3945 7236 3902 7263 3949 7235 3947 7237 3950 7264 3951 7263 3949 7237 3950 7263 3949 7236 3902 7238 1270 7265 3952 7264 3951 7238 1270 7264 3951 7237 3950 7239 3953 7266 3954 7265 3952 7239 3953 7265 3952 7238 1270 7240 3955 7266 3954 7239 3953 7240 3955 7267 3956 7266 3954 7241 3957 7267 3956 7240 3955 7241 3957 7268 3958 7267 3956 7242 3959 7268 3958 7241 3957 7242 3959 7269 3960 7268 3958 7243 3961 7269 3960 7242 3959 7243 3961 7270 3962 7269 3960 7244 3963 7270 3962 7243 3961 7244 3963 7271 1327 7270 3962 7245 3964 7271 1327 7244 3963 7245 3964 7272 3965 7271 1327 7245 3964 7273 3966 7272 3965 7246 3918 7273 3966 7245 3964 7247 3967 7273 3966 7246 3918 7247 3967 7274 3968 7273 3966 7248 3969 7274 3968 7247 3967 7248 3969 7275 3970 7274 3968 7249 3971 7275 3970 7248 3969 7249 3971 7276 3924 7275 3970 7249 3971 7277 3972 7276 3924 7250 3973 7277 3972 7249 3971 7250 3973 7278 3974 7277 3972 7251 3928 7278 3974 7250 3973 7252 3975 7279 3976 7278 3974 7252 3975 7280 3977 7279 3976 7252 3975 7278 3974 7251 3928 7253 3978 7280 3977 7252 3975 7254 3979 7281 3980 7280 3977 7254 3979 7280 3977 7253 3978 7283 3885 7309 3886 7282 3887 7283 3885 7310 3888 7309 3886 7284 3889 7311 3890 7310 3888 7284 3889 7310 3888 7283 3885 7285 3891 7312 3892 7311 3890 7285 3891 7313 3893 7312 3892 7285 3891 7311 3890 7284 3889 7286 3894 7313 3893 7285 3891 7287 3895 7314 3896 7313 3893 7287 3895 7313 3893 7286 3894 7288 3897 7315 3898 7314 3896 7288 3897 7314 3896 7287 3895 7289 3899 7316 3900 7315 3898 7289 3899 7317 3901 7316 3900 7289 3899 7315 3898 7288 3897 7290 3902 7317 3901 7289 3899 7291 3903 7318 3904 7317 3901 7291 3903 7317 3901 7290 3902 7292 3905 7319 1761 7318 3904 7292 3905 7318 3904 7291 3903 7293 3906 7320 3907 7319 1761 7293 3906 7319 1761 7292 3905 7294 3908 7320 3907 7293 3906 7294 3908 7321 1183 7320 3907 7295 3909 7321 1183 7294 3908 7295 3909 7322 3910 7321 1183 7296 1380 7322 3910 7295 3909 7296 1380 7323 3911 7322 3910 7297 3912 7323 3911 7296 1380 7297 3912 7324 3913 7323 3911 7298 1774 7324 3913 7297 3912 7298 1774 7325 3914 7324 3913 7299 3915 7325 3914 7298 1774 7299 3915 7326 3916 7325 3914 7299 3915 7327 3917 7326 3916 7300 3918 7327 3917 7299 3915 7301 3919 7327 3917 7300 3918 7301 3919 7328 3920 7327 3917 7302 3921 7328 3920 7301 3919 7302 3921 7329 3922 7328 3920 7303 3923 7329 3922 7302 3921 7303 3923 7330 3924 7329 3922 7303 3923 7331 3925 7330 3924 7304 3926 7331 3925 7303 3923 7304 3926 7332 3927 7331 3925 7305 3928 7332 3927 7304 3926 7306 3929 7333 3930 7332 3927 7306 3929 7334 3931 7333 3930 7306 3929 7332 3927 7305 3928 7307 3932 7334 3931 7306 3929 7308 3933 7335 3934 7334 3931 7308 3933 7334 3931 7307 3932 7337 1213 7363 3935 7336 3936 7337 1213 7364 3937 7363 3935 7338 3938 7365 3939 7364 3937 7338 3938 7364 3937 7337 1213 7339 3940 7366 3892 7365 3939 7339 3940 7367 3941 7366 3892 7339 3940 7365 3939 7338 3938 7340 3942 7367 3941 7339 3940 7341 3943 7368 3944 7367 3941 7341 3943 7367 3941 7340 3942 7342 3945 7369 3946 7368 3944 7342 3945 7368 3944 7341 3943 7343 3947 7370 3948 7369 3946 7343 3947 7371 3949 7370 3948 7343 3947 7369 3946 7342 3945 7344 3902 7371 3949 7343 3947 7345 3950 7372 3951 7371 3949 7345 3950 7371 3949 7344 3902 7346 1270 7373 3952 7372 3951 7346 1270 7372 3951 7345 3950 7347 3953 7374 3954 7373 3952 7347 3953 7373 3952 7346 1270 7348 3955 7374 3954 7347 3953 7348 3955 7375 3956 7374 3954 7349 3957 7375 3956 7348 3955 7349 3957 7376 3958 7375 3956 7350 3959 7376 3958 7349 3957 7350 3959 7377 3960 7376 3958 7351 3961 7377 3960 7350 3959 7351 3961 7378 3962 7377 3960 7352 3963 7378 3962 7351 3961 7352 3963 7379 1327 7378 3962 7353 3964 7379 1327 7352 3963 7353 3964 7380 3965 7379 1327 7353 3964 7381 3966 7380 3965 7354 3918 7381 3966 7353 3964 7355 3967 7381 3966 7354 3918 7355 3967 7382 3968 7381 3966 7356 3969 7382 3968 7355 3967 7356 3969 7383 3970 7382 3968 7357 3971 7383 3970 7356 3969 7357 3971 7384 3924 7383 3970 7357 3971 7385 3972 7384 3924 7358 3973 7385 3972 7357 3971 7358 3973 7386 3974 7385 3972 7359 3928 7386 3974 7358 3973 7360 3975 7387 3976 7386 3974 7360 3975 7388 3977 7387 3976 7360 3975 7386 3974 7359 3928 7361 3978 7388 3977 7360 3975 7362 3979 7389 3980 7388 3977 7362 3979 7388 3977 7361 3978 7391 3981 7417 3982 7390 3983 7391 3981 7418 3984 7417 3982 7392 3985 7419 3986 7418 3984 7392 3985 7418 3984 7391 3981 7393 3987 7420 3988 7419 3986 7393 3987 7421 3989 7420 3988 7393 3987 7419 3986 7392 3985 7394 3990 7421 3989 7393 3987 7395 3991 7422 3992 7421 3989 7395 3991 7421 3989 7394 3990 7396 3993 7423 3994 7422 3992 7396 3993 7422 3992 7395 3991 7397 3995 7424 3996 7423 3994 7397 3995 7425 3997 7424 3996 7397 3995 7423 3994 7396 3993 7398 3998 7425 3997 7397 3995 7399 3999 7426 4000 7425 3997 7399 3999 7425 3997 7398 3998 7400 4001 7427 4002 7426 4000 7400 4001 7426 4000 7399 3999 7401 4003 7428 4004 7427 4002 7401 4003 7427 4002 7400 4001 7402 4005 7428 4004 7401 4003 7402 4005 7429 4006 7428 4004 7403 4007 7429 4006 7402 4005 7403 4007 7430 4008 7429 4006 7404 4009 7430 4008 7403 4007 7404 4009 7431 4010 7430 4008 7405 4011 7431 4010 7404 4009 7405 4011 7432 4012 7431 4010 7406 4013 7432 4012 7405 4011 7406 4013 7433 4014 7432 4012 7407 4015 7433 4014 7406 4013 7407 4015 7434 4016 7433 4014 7407 4015 7435 4017 7434 4016 7408 4018 7435 4017 7407 4015 7409 4019 7435 4017 7408 4018 7409 4019 7436 4020 7435 4017 7410 4021 7436 4020 7409 4019 7410 4021 7437 4022 7436 4020 7411 4023 7437 4022 7410 4021 7411 4023 7438 4024 7437 4022 7411 4023 7439 4025 7438 4024 7412 4026 7439 4025 7411 4023 7412 4026 7440 4027 7439 4025 7413 4028 7440 4027 7412 4026 7414 4029 7441 4030 7440 4027 7414 4029 7442 4031 7441 4030 7414 4029 7440 4027 7413 4028 7415 1155 7442 4031 7414 4029 7416 4032 7443 4033 7442 4031 7416 4032 7442 4031 7415 1155 7445 4034 7471 4035 7444 4036 7445 4034 7472 4037 7471 4035 7446 4038 7473 4039 7472 4037 7446 4038 7472 4037 7445 4034 7447 4040 7474 4041 7473 4039 7447 4040 7475 4042 7474 4041 7447 4040 7473 4039 7446 4038 7448 4043 7475 4042 7447 4040 7449 1751 7476 4044 7475 4042 7449 1751 7475 4042 7448 4043 7450 3993 7477 3994 7476 4044 7450 3993 7476 4044 7449 1751 7451 3995 7478 3996 7477 3994 7451 3995 7479 4045 7478 3996 7451 3995 7477 3994 7450 3993 7452 4046 7479 4045 7451 3995 7453 4047 7480 4048 7479 4045 7453 4047 7479 4045 7452 4046 7454 4049 7481 4050 7480 4048 7454 4049 7480 4048 7453 4047 7455 4051 7482 4052 7481 4050 7455 4051 7481 4050 7454 4049 7456 4053 7482 4052 7455 4051 7456 4053 7483 4054 7482 4052 7457 4055 7483 4054 7456 4053 7457 4055 7484 4056 7483 4054 7458 4057 7484 4056 7457 4055 7458 4057 7485 4058 7484 4056 7459 4059 7485 4058 7458 4057 7459 4059 7486 4060 7485 4058 7460 4061 7486 4060 7459 4059 7460 4061 7487 4062 7486 4060 7461 4063 7487 4062 7460 4061 7461 4063 7488 4064 7487 4062 7461 4063 7489 4065 7488 4064 7462 4066 7489 4065 7461 4063 7463 4019 7489 4065 7462 4066 7463 4019 7490 4020 7489 4065 7464 4021 7490 4020 7463 4019 7464 4021 7491 4022 7490 4020 7465 4067 7491 4022 7464 4021 7465 4067 7492 1365 7491 4022 7465 4067 7493 4068 7492 1365 7466 4069 7493 4068 7465 4067 7466 4069 7494 4070 7493 4068 7467 4071 7494 4070 7466 4069 7468 4072 7495 4073 7494 4070 7468 4072 7496 4074 7495 4073 7468 4072 7494 4070 7467 4071 7469 4075 7496 4074 7468 4072 7470 4076 7497 4077 7496 4074 7470 4076 7496 4074 7469 4075 7499 3981 7525 3982 7498 3983 7499 3981 7526 3984 7525 3982 7500 3985 7527 3986 7526 3984 7500 3985 7526 3984 7499 3981 7501 3987 7528 3988 7527 3986 7501 3987 7529 3989 7528 3988 7501 3987 7527 3986 7500 3985 7502 3990 7529 3989 7501 3987 7503 3991 7530 3992 7529 3989 7503 3991 7529 3989 7502 3990 7504 3993 7531 3994 7530 3992 7504 3993 7530 3992 7503 3991 7505 3995 7532 3996 7531 3994 7505 3995 7533 3997 7532 3996 7505 3995 7531 3994 7504 3993 7506 3998 7533 3997 7505 3995 7507 3999 7534 4000 7533 3997 7507 3999 7533 3997 7506 3998 7508 4001 7535 4002 7534 4000 7508 4001 7534 4000 7507 3999 7509 4003 7536 4004 7535 4002 7509 4003 7535 4002 7508 4001 7510 4005 7536 4004 7509 4003 7510 4005 7537 4006 7536 4004 7511 4007 7537 4006 7510 4005 7511 4007 7538 4008 7537 4006 7512 4009 7538 4008 7511 4007 7512 4009 7539 4010 7538 4008 7513 4011 7539 4010 7512 4009 7513 4011 7540 4012 7539 4010 7514 4013 7540 4012 7513 4011 7514 4013 7541 4014 7540 4012 7515 4015 7541 4014 7514 4013 7515 4015 7542 4016 7541 4014 7515 4015 7543 4017 7542 4016 7516 4018 7543 4017 7515 4015 7517 4019 7543 4017 7516 4018 7517 4019 7544 4020 7543 4017 7518 4021 7544 4020 7517 4019 7518 4021 7545 4022 7544 4020 7519 4023 7545 4022 7518 4021 7519 4023 7546 4024 7545 4022 7519 4023 7547 4025 7546 4024 7520 4026 7547 4025 7519 4023 7520 4026 7548 4027 7547 4025 7521 4028 7548 4027 7520 4026 7522 4029 7549 4030 7548 4027 7522 4029 7550 4031 7549 4030 7522 4029 7548 4027 7521 4028 7523 1155 7550 4031 7522 4029 7524 4032 7551 4033 7550 4031 7524 4032 7550 4031 7523 1155 7553 4034 7579 4035 7552 4036 7553 4034 7580 4037 7579 4035 7554 4038 7581 4039 7580 4037 7554 4038 7580 4037 7553 4034 7555 4040 7582 4041 7581 4039 7555 4040 7583 4042 7582 4041 7555 4040 7581 4039 7554 4038 7556 4043 7583 4042 7555 4040 7557 1751 7584 4044 7583 4042 7557 1751 7583 4042 7556 4043 7558 3993 7585 3994 7584 4044 7558 3993 7584 4044 7557 1751 7559 3995 7586 3996 7585 3994 7559 3995 7587 4045 7586 3996 7559 3995 7585 3994 7558 3993 7560 4046 7587 4045 7559 3995 7561 4047 7588 4048 7587 4045 7561 4047 7587 4045 7560 4046 7562 4049 7589 4050 7588 4048 7562 4049 7588 4048 7561 4047 7563 4051 7590 4052 7589 4050 7563 4051 7589 4050 7562 4049 7564 4053 7590 4052 7563 4051 7564 4053 7591 4054 7590 4052 7565 4055 7591 4054 7564 4053 7565 4055 7592 4056 7591 4054 7566 4057 7592 4056 7565 4055 7566 4057 7593 4058 7592 4056 7567 4059 7593 4058 7566 4057 7567 4059 7594 4060 7593 4058 7568 4061 7594 4060 7567 4059 7568 4061 7595 4062 7594 4060 7569 4063 7595 4062 7568 4061 7569 4063 7596 4064 7595 4062 7569 4063 7597 4065 7596 4064 7570 4066 7597 4065 7569 4063 7571 4019 7597 4065 7570 4066 7571 4019 7598 4020 7597 4065 7572 4021 7598 4020 7571 4019 7572 4021 7599 4022 7598 4020 7573 4067 7599 4022 7572 4021 7573 4067 7600 1365 7599 4022 7573 4067 7601 4068 7600 1365 7574 4069 7601 4068 7573 4067 7574 4069 7602 4070 7601 4068 7575 4071 7602 4070 7574 4069 7576 4072 7603 4073 7602 4070 7576 4072 7604 4074 7603 4073 7576 4072 7602 4070 7575 4071 7577 4075 7604 4074 7576 4072 7578 4076 7605 4077 7604 4074 7578 4076 7604 4074 7577 4075 7648 4078 7616 4078 7617 4078 7649 504 7615 504 7616 504 7649 4079 7616 4079 7648 4079 7647 4080 7648 4080 7617 4080 7650 4081 7614 4081 7615 4081 7650 504 7615 504 7649 504 7646 504 7617 504 7618 504 7646 504 7618 504 7619 504 7646 4082 7647 4082 7617 4082 7651 4083 7613 4083 7614 4083 7651 504 7614 504 7650 504 7645 504 7619 504 7620 504 7645 504 7646 504 7619 504 7652 504 7612 504 7613 504 7652 504 7613 504 7651 504 7644 504 7620 504 7621 504 7644 504 7645 504 7620 504 7653 4084 7611 4084 7612 4084 7653 504 7612 504 7652 504 7643 504 7644 504 7621 504 7654 4085 7610 4085 7611 4085 7654 4086 7611 4086 7653 4086 7642 4080 7643 4080 7621 4080 7642 4078 7621 4078 7622 4078 7655 4087 7610 4087 7654 4087 7609 504 7610 504 7655 504 7641 4079 7642 4079 7622 4079 7623 504 7641 504 7622 504 7608 504 7609 504 7655 504 7608 4088 7655 4088 7656 4088 7624 504 7641 504 7623 504 7624 4089 7640 4089 7641 4089 7607 504 7608 504 7656 504 7607 4090 7656 4090 7657 4090 7625 4091 7639 4091 7640 4091 7625 4092 7640 4092 7624 4092 7606 504 7632 504 7633 504 7606 504 7607 504 7657 504 7606 504 7657 504 7632 504 7626 504 7638 504 7639 504 7626 504 7639 504 7625 504 7631 504 7606 504 7633 504 7627 4093 7637 4093 7638 4093 7627 504 7638 504 7626 504 7630 4094 7633 4094 7634 4094 7630 4088 7634 4088 7635 4088 7630 504 7631 504 7633 504 7628 4095 7636 4095 7637 4095 7628 504 7637 504 7627 504 7629 4096 7635 4096 7636 4096 7629 4097 7630 4097 7635 4097 7629 504 7636 504 7628 504 7684 4098 7686 4099 7685 4100 7683 4101 7687 4102 7686 4099 7683 4101 7686 4099 7684 4098 7682 4102 7688 4103 7687 4102 7682 4102 7687 4102 7683 4101 7681 874 7689 4104 7688 4103 7681 874 7688 4103 7682 4102 7680 4105 7690 4106 7689 4104 7680 4105 7689 4104 7681 874 7679 4107 7691 4108 7690 4106 7679 4107 7690 4106 7680 4105 7678 4109 7692 4110 7691 4108 7678 4109 7691 4108 7679 4107 7677 4111 7693 4112 7692 4110 7677 4111 7692 4110 7678 4109 7676 4113 7694 4114 7693 4112 7676 4113 7693 4112 7677 4111 7675 4115 7694 4114 7676 4113 7674 2014 7695 4116 7694 4114 7674 2014 7696 4117 7695 4116 7674 2014 7694 4114 7675 4115 7673 4117 7696 4117 7674 2014 7672 4118 7696 4117 7673 4117 7672 4118 7697 4119 7696 4117 7672 4118 7698 4120 7697 4119 7671 4121 7698 4120 7672 4118 7671 4121 7699 4122 7698 4120 7670 4123 7699 4122 7671 4121 7669 4124 7699 4122 7670 4123 7669 4124 7700 4124 7699 4122 7668 1975 7700 4124 7669 4124 7668 1975 7701 4125 7700 4124 7668 1975 7702 4126 7701 4125 7667 4127 7702 4126 7668 1975 7667 4127 7703 4128 7702 4126 7666 4129 7703 4128 7667 4127 7666 4129 7704 4130 7703 4128 7665 4131 7704 4130 7666 4129 7664 4132 7704 4130 7665 4131 7664 4132 7705 4133 7704 4130 7664 4132 7706 1458 7705 4133 7663 4134 7706 1458 7664 4132 7662 4135 7706 1458 7663 4134 7662 4135 7707 4136 7706 1458 7662 4135 7708 1735 7707 4136 7661 4137 7708 1735 7662 4135 7661 4137 7709 4138 7708 1735 7660 4138 7709 4138 7661 4137 7659 4139 7710 4140 7709 4138 7659 4139 7711 4141 7710 4140 7659 4139 7709 4138 7660 4138 7658 4142 7711 4141 7659 4139 7754 4078 7722 4078 7723 4078 7755 504 7721 504 7722 504 7755 4079 7722 4079 7754 4079 7753 4080 7754 4080 7723 4080 7756 4081 7720 4081 7721 4081 7756 504 7721 504 7755 504 7752 504 7723 504 7724 504 7752 504 7724 504 7725 504 7752 4082 7753 4082 7723 4082 7757 4083 7719 4083 7720 4083 7757 504 7720 504 7756 504 7751 504 7725 504 7726 504 7751 504 7752 504 7725 504 7758 504 7718 504 7719 504 7758 504 7719 504 7757 504 7750 504 7726 504 7727 504 7750 504 7751 504 7726 504 7759 4084 7717 4084 7718 4084 7759 504 7718 504 7758 504 7749 504 7750 504 7727 504 7760 4085 7716 4085 7717 4085 7760 4086 7717 4086 7759 4086 7748 4080 7749 4080 7727 4080 7748 4078 7727 4078 7728 4078 7761 4087 7716 4087 7760 4087 7715 504 7716 504 7761 504 7747 4079 7748 4079 7728 4079 7729 504 7747 504 7728 504 7714 504 7715 504 7761 504 7714 4088 7761 4088 7762 4088 7730 504 7747 504 7729 504 7730 4089 7746 4089 7747 4089 7713 504 7714 504 7762 504 7713 4090 7762 4090 7763 4090 7731 4091 7745 4091 7746 4091 7731 4092 7746 4092 7730 4092 7712 504 7738 504 7739 504 7712 504 7713 504 7763 504 7712 504 7763 504 7738 504 7732 504 7744 504 7745 504 7732 504 7745 504 7731 504 7737 504 7712 504 7739 504 7733 4093 7743 4093 7744 4093 7733 504 7744 504 7732 504 7736 4094 7739 4094 7740 4094 7736 4088 7740 4088 7741 4088 7736 504 7737 504 7739 504 7734 4095 7742 4095 7743 4095 7734 504 7743 504 7733 504 7735 4096 7741 4096 7742 4096 7735 4097 7736 4097 7741 4097 7735 504 7742 504 7734 504 7790 4098 7792 4099 7791 4100 7789 4101 7793 4102 7792 4099 7789 4101 7792 4099 7790 4098 7788 4102 7794 4103 7793 4102 7788 4102 7793 4102 7789 4101 7787 874 7795 4104 7794 4103 7787 874 7794 4103 7788 4102 7786 4105 7796 4106 7795 4104 7786 4105 7795 4104 7787 874 7785 4107 7797 4108 7796 4106 7785 4107 7796 4106 7786 4105 7784 4109 7798 4110 7797 4108 7784 4109 7797 4108 7785 4107 7783 4111 7799 4112 7798 4110 7783 4111 7798 4110 7784 4109 7782 4113 7800 4114 7799 4112 7782 4113 7799 4112 7783 4111 7781 4115 7800 4114 7782 4113 7780 2014 7801 4116 7800 4114 7780 2014 7802 4117 7801 4116 7780 2014 7800 4114 7781 4115 7779 4117 7802 4117 7780 2014 7778 4118 7802 4117 7779 4117 7778 4118 7803 4119 7802 4117 7778 4118 7804 4120 7803 4119 7777 4121 7804 4120 7778 4118 7777 4121 7805 4122 7804 4120 7776 4123 7805 4122 7777 4121 7775 4124 7805 4122 7776 4123 7775 4124 7806 4124 7805 4122 7774 1975 7806 4124 7775 4124 7774 1975 7807 4125 7806 4124 7774 1975 7808 4126 7807 4125 7773 4127 7808 4126 7774 1975 7773 4127 7809 4128 7808 4126 7772 4129 7809 4128 7773 4127 7772 4129 7810 4130 7809 4128 7771 4131 7810 4130 7772 4129 7770 4132 7810 4130 7771 4131 7770 4132 7811 4133 7810 4130 7770 4132 7812 1458 7811 4133 7769 4134 7812 1458 7770 4132 7768 4135 7812 1458 7769 4134 7768 4135 7813 4136 7812 1458 7768 4135 7814 1735 7813 4136 7767 4137 7814 1735 7768 4135 7767 4137 7815 4138 7814 1735 7766 4138 7815 4138 7767 4137 7765 4139 7816 4140 7815 4138 7765 4139 7817 4141 7816 4140 7765 4139 7815 4138 7766 4138 7764 4142 7817 4141 7765 4139 7860 504 7828 504 7829 504 7861 504 7827 504 7828 504 7861 504 7828 504 7860 504 7859 504 7829 504 7830 504 7859 504 7860 504 7829 504 7862 504 7826 504 7827 504 7862 504 7827 504 7861 504 7858 504 7830 504 7831 504 7858 504 7859 504 7830 504 7863 504 7825 504 7826 504 7863 504 7826 504 7862 504 7857 504 7831 504 7832 504 7857 504 7858 504 7831 504 7864 504 7824 504 7825 504 7864 504 7825 504 7863 504 7856 504 7857 504 7832 504 7865 504 7823 504 7824 504 7865 504 7824 504 7864 504 7855 504 7832 504 7833 504 7855 504 7856 504 7832 504 7866 504 7822 504 7823 504 7866 504 7823 504 7865 504 7834 504 7855 504 7833 504 7854 504 7855 504 7834 504 7867 504 7822 504 7866 504 7821 504 7822 504 7867 504 7835 504 7853 504 7854 504 7835 504 7854 504 7834 504 7820 504 7821 504 7867 504 7820 504 7867 504 7868 504 7836 504 7853 504 7835 504 7836 504 7852 504 7853 504 7819 504 7820 504 7868 504 7819 504 7868 504 7869 504 7837 504 7851 504 7852 504 7837 504 7852 504 7836 504 7818 504 7819 504 7869 504 7818 504 7869 504 7844 504 7838 504 7850 504 7851 504 7838 504 7851 504 7837 504 7843 504 7818 504 7844 504 7843 504 7844 504 7845 504 7843 504 7845 504 7846 504 7839 504 7850 504 7838 504 7839 504 7849 504 7850 504 7842 504 7843 504 7846 504 7840 504 7848 504 7849 504 7840 504 7849 504 7839 504 7841 504 7846 504 7847 504 7841 504 7847 504 7848 504 7841 504 7842 504 7846 504 7841 504 7848 504 7840 504 7896 4143 7898 4144 7897 4145 7895 4146 7899 4147 7898 4144 7895 4146 7898 4144 7896 4143 7894 2005 7900 4148 7899 4147 7894 2005 7899 4147 7895 4146 7893 1435 7901 4149 7900 4148 7893 1435 7900 4148 7894 2005 7892 4149 7902 4150 7901 4149 7892 4149 7901 4149 7893 1435 7891 4151 7903 971 7902 4150 7891 4151 7902 4150 7892 4149 7890 971 7904 973 7903 971 7890 971 7903 971 7891 4151 7889 973 7905 4152 7904 973 7889 973 7904 973 7890 971 7888 4153 7906 4154 7905 4152 7888 4153 7905 4152 7889 973 7887 4154 7906 4154 7888 4153 7886 4155 7907 1087 7906 4154 7886 4155 7908 4156 7907 1087 7886 4155 7906 4154 7887 4154 7885 1858 7908 4156 7886 4155 7884 4157 7908 4156 7885 1858 7884 4157 7909 4158 7908 4156 7884 4157 7910 4159 7909 4158 7883 4160 7910 4159 7884 4157 7883 4160 7911 4161 7910 4159 7882 4162 7911 4161 7883 4160 7881 4163 7911 4161 7882 4162 7881 4163 7912 1724 7911 4161 7880 4164 7912 1724 7881 4163 7880 4164 7913 4165 7912 1724 7880 4164 7914 4166 7913 4165 7879 4166 7914 4166 7880 4164 7879 4166 7915 4167 7914 4166 7878 4168 7915 4167 7879 4166 7878 4168 7916 4169 7915 4167 7877 4169 7916 4169 7878 4168 7876 4170 7916 4169 7877 4169 7876 4170 7917 4170 7916 4169 7876 4170 7918 4171 7917 4170 7875 4172 7918 4171 7876 4170 7874 4173 7918 4171 7875 4172 7874 4173 7919 4173 7918 4171 7874 4173 7920 1425 7919 4173 7873 4174 7920 1425 7874 4173 7873 4174 7921 4175 7920 1425 7872 4176 7921 4175 7873 4174 7871 4177 7922 4178 7921 4175 7871 4177 7923 4179 7922 4178 7871 4177 7921 4175 7872 4176 7870 4180 7923 4179 7871 4177 7966 504 7934 504 7935 504 7967 504 7933 504 7934 504 7967 504 7934 504 7966 504 7965 504 7935 504 7936 504 7965 504 7966 504 7935 504 7968 504 7932 504 7933 504 7968 504 7933 504 7967 504 7964 504 7936 504 7937 504 7964 504 7965 504 7936 504 7969 504 7931 504 7932 504 7969 504 7932 504 7968 504 7963 504 7937 504 7938 504 7963 504 7964 504 7937 504 7970 504 7930 504 7931 504 7970 504 7931 504 7969 504 7962 504 7963 504 7938 504 7971 504 7929 504 7930 504 7971 504 7930 504 7970 504 7961 504 7938 504 7939 504 7961 504 7962 504 7938 504 7972 504 7928 504 7929 504 7972 504 7929 504 7971 504 7940 504 7961 504 7939 504 7960 504 7961 504 7940 504 7973 504 7928 504 7972 504 7927 504 7928 504 7973 504 7941 504 7959 504 7960 504 7941 504 7960 504 7940 504 7926 504 7927 504 7973 504 7926 504 7973 504 7974 504 7942 504 7959 504 7941 504 7942 504 7958 504 7959 504 7925 504 7926 504 7974 504 7925 504 7974 504 7975 504 7943 504 7957 504 7958 504 7943 504 7958 504 7942 504 7924 504 7925 504 7975 504 7924 504 7975 504 7950 504 7944 504 7956 504 7957 504 7944 504 7957 504 7943 504 7949 504 7924 504 7950 504 7949 504 7950 504 7951 504 7949 504 7951 504 7952 504 7945 504 7956 504 7944 504 7945 504 7955 504 7956 504 7948 504 7949 504 7952 504 7946 504 7954 504 7955 504 7946 504 7955 504 7945 504 7947 504 7952 504 7953 504 7947 504 7953 504 7954 504 7947 504 7948 504 7952 504 7947 504 7954 504 7946 504 8002 4143 8004 4144 8003 4145 8001 4146 8005 4147 8004 4144 8001 4146 8004 4144 8002 4143 8000 2005 8006 4148 8005 4147 8000 2005 8005 4147 8001 4146 7999 1435 8007 4149 8006 4148 7999 1435 8006 4148 8000 2005 7998 4149 8008 4150 8007 4149 7998 4149 8007 4149 7999 1435 7997 4151 8009 971 8008 4150 7997 4151 8008 4150 7998 4149 7996 971 8010 973 8009 971 7996 971 8009 971 7997 4151 7995 973 8011 4152 8010 973 7995 973 8010 973 7996 971 7994 4153 8012 4154 8011 4152 7994 4153 8011 4152 7995 973 7993 4154 8012 4154 7994 4153 7992 4155 8013 1087 8012 4154 7992 4155 8014 4156 8013 1087 7992 4155 8012 4154 7993 4154 7991 1858 8014 4156 7992 4155 7990 4157 8014 4156 7991 1858 7990 4157 8015 4158 8014 4156 7990 4157 8016 4159 8015 4158 7989 4160 8016 4159 7990 4157 7989 4160 8017 4161 8016 4159 7988 4162 8017 4161 7989 4160 7987 4163 8017 4161 7988 4162 7987 4163 8018 1724 8017 4161 7986 4164 8018 1724 7987 4163 7986 4164 8019 4165 8018 1724 7986 4164 8020 4166 8019 4165 7985 4166 8020 4166 7986 4164 7985 4166 8021 4167 8020 4166 7984 4168 8021 4167 7985 4166 7984 4168 8022 4169 8021 4167 7983 4169 8022 4169 7984 4168 7982 4170 8022 4169 7983 4169 7982 4170 8023 4170 8022 4169 7982 4170 8024 4171 8023 4170 7981 4172 8024 4171 7982 4170 7980 4173 8024 4171 7981 4172 7980 4173 8025 4173 8024 4171 7980 4173 8026 1425 8025 4173 7979 4174 8026 1425 7980 4173 7979 4174 8027 4175 8026 1425 7978 4176 8027 4175 7979 4174 7977 4177 8028 4178 8027 4175 7977 4177 8029 4179 8028 4178 7977 4177 8027 4175 7978 4176 7976 4180 8029 4179 7977 4177 8030 4181 8058 4182 8057 4183 8031 4184 8058 4182 8030 4181 8032 4185 8059 4186 8058 4182 8032 4185 8058 4182 8031 4184 8033 4187 8060 4188 8059 4186 8033 4187 8061 4189 8060 4188 8033 4187 8059 4186 8032 4185 8034 4190 8061 4189 8033 4187 8035 4191 8062 4191 8061 4189 8035 4191 8061 4189 8034 4190 8036 4192 8063 4193 8062 4191 8036 4192 8062 4191 8035 4191 8037 4194 8064 4195 8063 4193 8037 4194 8065 4196 8064 4195 8037 4194 8063 4193 8036 4192 8038 4197 8065 4196 8037 4194 8039 4198 8066 4199 8065 4196 8039 4198 8065 4196 8038 4197 8040 4200 8067 4201 8066 4199 8040 4200 8066 4199 8039 4198 8041 4202 8068 4203 8067 4201 8041 4202 8067 4201 8040 4200 8042 4204 8068 4203 8041 4202 8042 4204 8069 4205 8068 4203 8043 1818 8069 4205 8042 4204 8043 1818 8070 1818 8069 4205 8043 1818 8071 4206 8070 1818 8044 4207 8071 4206 8043 1818 8045 4208 8071 4206 8044 4207 8045 4208 8072 4209 8071 4206 8046 4210 8072 4209 8045 4208 8046 4210 8073 4211 8072 4209 8047 4212 8073 4211 8046 4210 8047 4212 8074 4213 8073 4211 8048 4214 8074 4213 8047 4212 8048 4214 8075 4214 8074 4213 8049 4215 8075 4214 8048 4214 8049 4215 8076 4216 8075 4214 8050 4217 8076 4216 8049 4215 8050 4217 8077 4218 8076 4216 8050 4217 8078 4219 8077 4218 8051 4220 8078 4219 8050 4217 8052 4221 8078 4219 8051 4220 8052 4221 8079 4222 8078 4219 8053 4223 8079 4222 8052 4221 8053 4223 8080 4224 8079 4222 8054 4225 8081 4226 8080 4224 8054 4225 8080 4224 8053 4223 8054 4225 8082 4227 8081 4226 8055 4228 8082 4227 8054 4225 8056 4229 8083 4230 8082 4227 8056 4229 8082 4227 8055 4228 8084 4231 8112 1215 8111 4232 8085 1015 8112 1215 8084 4231 8086 4233 8113 4234 8112 1215 8086 4233 8112 1215 8085 1015 8087 4235 8114 1257 8113 4234 8087 4235 8115 4236 8114 1257 8087 4235 8113 4234 8086 4233 8088 1220 8115 4236 8087 4235 8089 4237 8116 4238 8115 4236 8089 4237 8115 4236 8088 1220 8090 4239 8117 4240 8116 4238 8090 4239 8116 4238 8089 4237 8091 4241 8118 4242 8117 4240 8091 4241 8119 4243 8118 4242 8091 4241 8117 4240 8090 4239 8092 4244 8119 4243 8091 4241 8093 922 8120 4245 8119 4243 8093 922 8119 4243 8092 4244 8094 4246 8121 4247 8120 4245 8094 4246 8120 4245 8093 922 8095 4248 8122 4249 8121 4247 8095 4248 8121 4247 8094 4246 8096 4250 8122 4249 8095 4248 8096 4250 8123 4251 8122 4249 8097 1818 8123 4251 8096 4250 8097 1818 8124 1818 8123 4251 8097 1818 8125 4252 8124 1818 8098 987 8125 4252 8097 1818 8099 4253 8125 4252 8098 987 8099 4253 8126 4254 8125 4252 8100 4255 8126 4254 8099 4253 8100 4255 8127 4256 8126 4254 8101 4257 8127 4256 8100 4255 8101 4257 8128 1193 8127 4256 8102 4258 8128 1193 8101 4257 8102 4258 8129 4259 8128 1193 8103 4260 8129 4259 8102 4258 8103 4260 8130 4261 8129 4259 8104 4262 8130 4261 8103 4260 8104 4262 8131 4263 8130 4261 8104 4262 8132 4264 8131 4263 8105 4265 8132 4264 8104 4262 8106 1243 8132 4264 8105 4265 8106 1243 8133 4266 8132 4264 8107 4267 8133 4266 8106 1243 8107 4267 8134 4268 8133 4266 8108 4269 8135 1947 8134 4268 8108 4269 8134 4268 8107 4267 8108 4269 8136 1366 8135 1947 8109 1008 8136 1366 8108 4269 8110 4270 8137 4271 8136 1366 8110 4270 8136 1366 8109 1008 8138 4181 8166 4182 8165 4183 8139 4184 8166 4182 8138 4181 8140 4185 8167 4186 8166 4182 8140 4185 8166 4182 8139 4184 8141 4187 8168 4188 8167 4186 8141 4187 8169 4189 8168 4188 8141 4187 8167 4186 8140 4185 8142 4190 8169 4189 8141 4187 8143 4191 8170 4191 8169 4189 8143 4191 8169 4189 8142 4190 8144 4192 8171 4193 8170 4191 8144 4192 8170 4191 8143 4191 8145 4194 8172 4195 8171 4193 8145 4194 8173 4196 8172 4195 8145 4194 8171 4193 8144 4192 8146 4197 8173 4196 8145 4194 8147 4198 8174 4199 8173 4196 8147 4198 8173 4196 8146 4197 8148 4200 8175 4201 8174 4199 8148 4200 8174 4199 8147 4198 8149 4202 8176 4203 8175 4201 8149 4202 8175 4201 8148 4200 8150 4204 8176 4203 8149 4202 8150 4204 8177 4205 8176 4203 8151 1818 8177 4205 8150 4204 8151 1818 8178 1818 8177 4205 8151 1818 8179 4206 8178 1818 8152 4207 8179 4206 8151 1818 8153 4208 8179 4206 8152 4207 8153 4208 8180 4209 8179 4206 8154 4210 8180 4209 8153 4208 8154 4210 8181 4211 8180 4209 8155 4212 8181 4211 8154 4210 8155 4212 8182 4213 8181 4211 8156 4214 8182 4213 8155 4212 8156 4214 8183 4214 8182 4213 8157 4215 8183 4214 8156 4214 8157 4215 8184 4216 8183 4214 8158 4217 8184 4216 8157 4215 8158 4217 8185 4218 8184 4216 8158 4217 8186 4219 8185 4218 8159 4220 8186 4219 8158 4217 8160 4221 8186 4219 8159 4220 8160 4221 8187 4222 8186 4219 8161 4223 8187 4222 8160 4221 8161 4223 8188 4224 8187 4222 8162 4225 8189 4226 8188 4224 8162 4225 8188 4224 8161 4223 8162 4225 8190 4227 8189 4226 8163 4228 8190 4227 8162 4225 8164 4229 8191 4230 8190 4227 8164 4229 8190 4227 8163 4228 8192 4231 8220 1215 8219 4232 8193 1015 8220 1215 8192 4231 8194 4233 8221 4234 8220 1215 8194 4233 8220 1215 8193 1015 8195 4235 8222 1257 8221 4234 8195 4235 8223 4236 8222 1257 8195 4235 8221 4234 8194 4233 8196 1220 8223 4236 8195 4235 8197 4237 8224 4238 8223 4236 8197 4237 8223 4236 8196 1220 8198 4239 8225 4240 8224 4238 8198 4239 8224 4238 8197 4237 8199 4241 8226 4242 8225 4240 8199 4241 8227 4243 8226 4242 8199 4241 8225 4240 8198 4239 8200 4244 8227 4243 8199 4241 8201 922 8228 4245 8227 4243 8201 922 8227 4243 8200 4244 8202 4246 8229 4247 8228 4245 8202 4246 8228 4245 8201 922 8203 4248 8230 4249 8229 4247 8203 4248 8229 4247 8202 4246 8204 4250 8230 4249 8203 4248 8204 4250 8231 4251 8230 4249 8205 1818 8231 4251 8204 4250 8205 1818 8232 1818 8231 4251 8205 1818 8233 4252 8232 1818 8206 987 8233 4252 8205 1818 8207 4253 8233 4252 8206 987 8207 4253 8234 4254 8233 4252 8208 4255 8234 4254 8207 4253 8208 4255 8235 4256 8234 4254 8209 4257 8235 4256 8208 4255 8209 4257 8236 1193 8235 4256 8210 4258 8236 1193 8209 4257 8210 4258 8237 4259 8236 1193 8211 4260 8237 4259 8210 4258 8211 4260 8238 4261 8237 4259 8212 4262 8238 4261 8211 4260 8212 4262 8239 4263 8238 4261 8212 4262 8240 4264 8239 4263 8213 4265 8240 4264 8212 4262 8214 1243 8240 4264 8213 4265 8214 1243 8241 4266 8240 4264 8215 4267 8241 4266 8214 1243 8215 4267 8242 4268 8241 4266 8216 4269 8243 1947 8242 4268 8216 4269 8242 4268 8215 4267 8216 4269 8244 1366 8243 1947 8217 1008 8244 1366 8216 4269 8218 4270 8245 4271 8244 1366 8218 4270 8244 1366 8217 1008</p>
        </triangles>
      </mesh>
    </geometry>
  </library_geometries>
  <library_visual_scenes>
    <visual_scene id="Scene" name="Scene">
      <node id="_65_031-00_005_23-01umm000_00" name="865.031-00.005.23-01umm000~00" type="NODE">
        <matrix sid="transform">9.99987e-4 0 0 0 0 9.99987e-4 0 0 0 0 9.99987e-4 0.035 0 0 0 1</matrix>
        <instance_geometry url="#_65_031-00_005_23-01umm000_00-mesh" name="865.031-00.005.23-01umm000~00">
          <bind_material>
            <technique_common>
              <instance_material symbol="mat_0-material" target="#mat_0-material"/>
            </technique_common>
          </bind_material>
        </instance_geometry>
      </node>
    </visual_scene>
  </library_visual_scenes>
  <scene>
    <instance_visual_scene url="#Scene"/>
  </scene>
</COLLADA>